# key	value	pos
aaa	aaa	固有名詞
aah	aah	固有名詞
aahed	aahed	固有名詞
aahing	aahing	固有名詞
aahs	aahs	固有名詞
aal	aal	固有名詞
aalii	aalii	固有名詞
aaliis	aaliis	固有名詞
aals	aals	固有名詞
aam	aam	固有名詞
aani	aani	固有名詞
aargh	aargh	固有名詞
aaron	aaron	固有名詞
aarrgh	aarrgh	固有名詞
aaru	aaru	固有名詞
aas	aas	固有名詞
aba	aba	固有名詞
ababua	ababua	固有名詞
abac	abac	固有名詞
abaca	abaca	固有名詞
abacas	abacas	固有名詞
abacay	abacay	固有名詞
abaci	abaci	固有名詞
aback	aback	固有名詞
abacli	abacli	固有名詞
abacot	abacot	固有名詞
abacus	abacus	固有名詞
abada	abada	固有名詞
abadia	abadia	固有名詞
abaff	abaff	固有名詞
abaft	abaft	固有名詞
abaka	abaka	固有名詞
abakas	abakas	固有名詞
abama	abama	固有名詞
abamp	abamp	固有名詞
abamps	abamps	固有名詞
aband	aband	固有名詞
abanet	abanet	固有名詞
abanga	abanga	固有名詞
abanic	abanic	固有名詞
abaris	abaris	固有名詞
abas	abas	固有名詞
abase	abase	固有名詞
abased	abased	固有名詞
abaser	abaser	固有名詞
abases	abases	固有名詞
abasgi	abasgi	固有名詞
abash	abash	固有名詞
abasia	abasia	固有名詞
abasic	abasic	固有名詞
abasio	abasio	固有名詞
abask	abask	固有名詞
abassi	abassi	固有名詞
abate	abate	固有名詞
abated	abated	固有名詞
abater	abater	固有名詞
abates	abates	固有名詞
abatic	abatic	固有名詞
abatis	abatis	固有名詞
abaton	abaton	固有名詞
abator	abator	固有名詞
abattu	abattu	固有名詞
abatua	abatua	固有名詞
abaue	abaue	固有名詞
abave	abave	固有名詞
abay	abay	固有名詞
abayah	abayah	固有名詞
abaze	abaze	固有名詞
abb	abb	固有名詞
abba	abba	固有名詞
abbacy	abbacy	固有名詞
abbas	abbas	固有名詞
abbasi	abbasi	固有名詞
abbate	abbate	固有名詞
abbaye	abbaye	固有名詞
abbe	abbe	固有名詞
abbes	abbes	固有名詞
abbess	abbess	固有名詞
abbest	abbest	固有名詞
abbey	abbey	固有名詞
abbeys	abbeys	固有名詞
abbie	abbie	固有名詞
abbot	abbot	固有名詞
abbots	abbots	固有名詞
abbott	abbott	固有名詞
abbr	abbr	固有名詞
abbrev	abbrev	固有名詞
abby	abby	固有名詞
abc	abc	固有名詞
abcess	abcess	固有名詞
abd	abd	固有名詞
abdal	abdal	固有名詞
abdali	abdali	固有名詞
abdat	abdat	固有名詞
abdest	abdest	固有名詞
abdiel	abdiel	固有名詞
abdom	abdom	固有名詞
abduce	abduce	固有名詞
abduct	abduct	固有名詞
abe	abe	固有名詞
abeam	abeam	固有名詞
abear	abear	固有名詞
abed	abed	固有名詞
abede	abede	固有名詞
abedge	abedge	固有名詞
abegge	abegge	固有名詞
abeigh	abeigh	固有名詞
abel	abel	固有名詞
abele	abele	固有名詞
abeles	abeles	固有名詞
abelia	abelia	固有名詞
abend	abend	固有名詞
abends	abends	固有名詞
aberia	aberia	固有名詞
aberr	aberr	固有名詞
abesse	abesse	固有名詞
abet	abet	固有名詞
abets	abets	固有名詞
abey	abey	固有名詞
abhor	abhor	固有名詞
abhors	abhors	固有名詞
abib	abib	固有名詞
abidal	abidal	固有名詞
abide	abide	固有名詞
abided	abided	固有名詞
abider	abider	固有名詞
abides	abides	固有名詞
abidi	abidi	固有名詞
abie	abie	固有名詞
abiegh	abiegh	固有名詞
abient	abient	固有名詞
abies	abies	固有名詞
abigei	abigei	固有名詞
abilao	abilao	固有名詞
abilla	abilla	固有名詞
abilo	abilo	固有名詞
abime	abime	固有名詞
abipon	abipon	固有名詞
abir	abir	固有名詞
abit	abit	固有名詞
abject	abject	固有名詞
abjure	abjure	固有名詞
abkar	abkar	固有名詞
abkari	abkari	固有名詞
abkary	abkary	固有名詞
abkhas	abkhas	固有名詞
abl	abl	固有名詞
ablach	ablach	固有名詞
ablare	ablare	固有名詞
ablate	ablate	固有名詞
ablaut	ablaut	固有名詞
ablaze	ablaze	固有名詞
able	able	固有名詞
abled	abled	固有名詞
ablend	ablend	固有名詞
abler	abler	固有名詞
ables	ables	固有名詞
ablest	ablest	固有名詞
ablet	ablet	固有名詞
ablins	ablins	固有名詞
ablock	ablock	固有名詞
abloom	abloom	固有名詞
ablow	ablow	固有名詞
ablude	ablude	固有名詞
ablush	ablush	固有名詞
ablute	ablute	固有名詞
ably	ably	固有名詞
abmho	abmho	固有名詞
abmhos	abmhos	固有名詞
abn	abn	固有名詞
abnaki	abnaki	固有名詞
abner	abner	固有名詞
abnet	abnet	固有名詞
abo	abo	固有名詞
aboard	aboard	固有名詞
abobra	abobra	固有名詞
abodah	abodah	固有名詞
abode	abode	固有名詞
aboded	aboded	固有名詞
abodes	abodes	固有名詞
abody	abody	固有名詞
abohm	abohm	固有名詞
abohms	abohms	固有名詞
aboil	aboil	固有名詞
abolla	abolla	固有名詞
aboma	aboma	固有名詞
abomas	abomas	固有名詞
abongo	abongo	固有名詞
abonne	abonne	固有名詞
aboon	aboon	固有名詞
aborad	aborad	固有名詞
aboral	aboral	固有名詞
abord	abord	固有名詞
abort	abort	固有名詞
aborts	aborts	固有名詞
abos	abos	固有名詞
abote	abote	固有名詞
abound	abound	固有名詞
about	about	固有名詞
abouts	abouts	固有名詞
above	above	固有名詞
aboves	aboves	固有名詞
abow	abow	固有名詞
abox	abox	固有名詞
abp	abp	固有名詞
abr	abr	固有名詞
abrade	abrade	固有名詞
abraid	abraid	固有名詞
abram	abram	固有名詞
abrase	abrase	固有名詞
abrash	abrash	固有名詞
abraum	abraum	固有名詞
abray	abray	固有名詞
abrazo	abrazo	固有名詞
abreed	abreed	固有名詞
abrege	abrege	固有名詞
abreid	abreid	固有名詞
abret	abret	固有名詞
abri	abri	固有名詞
abrico	abrico	固有名詞
abrim	abrim	固有名詞
abrin	abrin	固有名詞
abrine	abrine	固有名詞
abris	abris	固有名詞
abroad	abroad	固有名詞
abroma	abroma	固有名詞
abrood	abrood	固有名詞
abrook	abrook	固有名詞
abrupt	abrupt	固有名詞
abrus	abrus	固有名詞
abs	abs	固有名詞
abscam	abscam	固有名詞
absee	absee	固有名詞
abseil	abseil	固有名詞
absent	absent	固有名詞
absey	absey	固有名詞
absi	absi	固有名詞
absis	absis	固有名詞
absist	absist	固有名詞
absit	absit	固有名詞
absmho	absmho	固有名詞
absohm	absohm	固有名詞
absoil	absoil	固有名詞
absorb	absorb	固有名詞
abstr	abstr	固有名詞
absume	absume	固有名詞
absurd	absurd	固有名詞
abt	abt	固有名詞
abu	abu	固有名詞
abucco	abucco	固有名詞
abulia	abulia	固有名詞
abulic	abulic	固有名詞
abuna	abuna	固有名詞
abune	abune	固有名詞
abura	abura	固有名詞
aburst	aburst	固有名詞
abuse	abuse	固有名詞
abused	abused	固有名詞
abusee	abusee	固有名詞
abuser	abuser	固有名詞
abuses	abuses	固有名詞
abush	abush	固有名詞
abut	abut	固有名詞
abuta	abuta	固有名詞
abuts	abuts	固有名詞
abuzz	abuzz	固有名詞
abv	abv	固有名詞
abvolt	abvolt	固有名詞
abwab	abwab	固有名詞
abwatt	abwatt	固有名詞
aby	aby	固有名詞
abye	abye	固有名詞
abyes	abyes	固有名詞
abying	abying	固有名詞
abys	abys	固有名詞
abysm	abysm	固有名詞
abysms	abysms	固有名詞
abyss	abyss	固有名詞
abyssa	abyssa	固有名詞
acacia	acacia	固有名詞
acacin	acacin	固有名詞
acad	acad	固有名詞
acadia	acadia	固有名詞
acadie	acadie	固有名詞
acaena	acaena	固有名詞
acajou	acajou	固有名詞
acale	acale	固有名詞
acamar	acamar	固有名詞
acana	acana	固有名詞
acanth	acanth	固有名詞
acapu	acapu	固有名詞
acara	acara	固有名詞
acari	acari	固有名詞
acarid	acarid	固有名詞
acarol	acarol	固有名詞
acarus	acarus	固有名詞
acast	acast	固有名詞
acate	acate	固有名詞
acater	acater	固有名詞
acates	acates	固有名詞
acc	acc	固有名詞
acca	acca	固有名詞
acce	acce	固有名詞
accede	accede	固有名詞
accel	accel	固有名詞
accend	accend	固有名詞
accent	accent	固有名詞
accept	accept	固有名詞
access	access	固有名詞
accise	accise	固有名詞
accite	accite	固有名詞
accloy	accloy	固有名詞
accoil	accoil	固有名詞
accoll	accoll	固有名詞
accord	accord	固有名詞
accost	accost	固有名詞
accoy	accoy	固有名詞
accra	accra	固有名詞
accrue	accrue	固有名詞
acct	acct	固有名詞
accts	accts	固有名詞
accum	accum	固有名詞
accumb	accumb	固有名詞
accupy	accupy	固有名詞
accur	accur	固有名詞
accus	accus	固有名詞
accuse	accuse	固有名詞
ace	ace	固有名詞
aced	aced	固有名詞
acedia	acedia	固有名詞
acedy	acedy	固有名詞
aceite	aceite	固有名詞
acer	acer	固有名詞
acerae	acerae	固有名詞
acerb	acerb	固有名詞
aceric	aceric	固有名詞
acerin	acerin	固有名詞
acerli	acerli	固有名詞
acerra	acerra	固有名詞
aces	aces	固有名詞
aceta	aceta	固有名詞
acetal	acetal	固有名詞
acetic	acetic	固有名詞
acetin	acetin	固有名詞
acetla	acetla	固有名詞
acetol	acetol	固有名詞
acetum	acetum	固有名詞
acetyl	acetyl	固有名詞
ach	ach	固有名詞
achafe	achafe	固有名詞
achage	achage	固有名詞
achape	achape	固有名詞
achar	achar	固有名詞
achate	achate	固有名詞
ache	ache	固有名詞
acheat	acheat	固有名詞
achech	achech	固有名詞
acheck	acheck	固有名詞
ached	ached	固有名詞
acheer	acheer	固有名詞
achen	achen	固有名詞
achene	achene	固有名詞
acher	acher	固有名詞
aches	aches	固有名詞
achete	achete	固有名詞
achier	achier	固有名詞
achill	achill	固有名詞
achime	achime	固有名詞
aching	aching	固有名詞
achira	achira	固有名詞
achkan	achkan	固有名詞
achoke	achoke	固有名詞
achoo	achoo	固有名詞
achor	achor	固有名詞
achras	achras	固有名詞
achree	achree	固有名詞
achtel	achtel	固有名詞
achter	achter	固有名詞
achuas	achuas	固有名詞
achy	achy	固有名詞
acid	acid	固有名詞
acider	acider	固有名詞
acidic	acidic	固有名詞
acidly	acidly	固有名詞
acids	acids	固有名詞
acidy	acidy	固有名詞
acidyl	acidyl	固有名詞
acier	acier	固有名詞
acies	acies	固有名詞
acinar	acinar	固有名詞
acing	acing	固有名詞
acini	acini	固有名詞
acinic	acinic	固有名詞
acinus	acinus	固有名詞
acis	acis	固有名詞
ack	ack	固有名詞
ackee	ackee	固有名詞
ackees	ackees	固有名詞
acker	acker	固有名詞
ackey	ackey	固有名詞
ackeys	ackeys	固有名詞
ackman	ackman	固有名詞
ackmen	ackmen	固有名詞
acknew	acknew	固有名詞
acknow	acknow	固有名詞
ackton	ackton	固有名詞
acle	acle	固有名詞
acloud	acloud	固有名詞
aclu	aclu	固有名詞
aclys	aclys	固有名詞
acmaea	acmaea	固有名詞
acme	acme	固有名詞
acmes	acmes	固有名詞
acmic	acmic	固有名詞
acmite	acmite	固有名詞
acne	acne	固有名詞
acned	acned	固有名詞
acnes	acnes	固有名詞
acnida	acnida	固有名詞
acnode	acnode	固有名詞
acoasm	acoasm	固有名詞
acock	acock	固有名詞
acoela	acoela	固有名詞
acoin	acoin	固有名詞
acoine	acoine	固有名詞
acold	acold	固有名詞
acoma	acoma	固有名詞
acomia	acomia	固有名詞
acone	acone	固有名詞
aconic	aconic	固有名詞
aconin	aconin	固有名詞
acool	acool	固有名詞
acop	acop	固有名詞
acopic	acopic	固有名詞
acopon	acopon	固有名詞
acor	acor	固有名詞
acorea	acorea	固有名詞
acoria	acoria	固有名詞
acorn	acorn	固有名詞
acorns	acorns	固有名詞
acorus	acorus	固有名詞
acost	acost	固有名詞
acoup	acoup	固有名詞
acoupa	acoupa	固有名詞
acoupe	acoupe	固有名詞
acpt	acpt	固有名詞
acquit	acquit	固有名詞
acrab	acrab	固有名詞
acracy	acracy	固有名詞
acrasy	acrasy	固有名詞
acrawl	acrawl	固有名詞
acraze	acraze	固有名詞
acre	acre	固有名詞
acreak	acreak	固有名詞
acream	acream	固有名詞
acred	acred	固有名詞
acres	acres	固有名詞
acrid	acrid	固有名詞
acrisy	acrisy	固有名詞
acrita	acrita	固有名詞
acrite	acrite	固有名詞
acrity	acrity	固有名詞
acroa	acroa	固有名詞
acrock	acrock	固有名詞
acron	acron	固有名詞
acrook	acrook	固有名詞
acrose	acrose	固有名詞
across	across	固有名詞
acrux	acrux	固有名詞
acryl	acryl	固有名詞
act	act	固有名詞
acta	acta	固有名詞
actaea	actaea	固有名詞
acted	acted	固有名詞
actg	actg	固有名詞
actiad	actiad	固有名詞
actian	actian	固有名詞
actify	actify	固有名詞
actin	actin	固有名詞
actine	actine	固有名詞
acting	acting	固有名詞
actins	actins	固有名詞
action	action	固有名詞
actium	actium	固有名詞
active	active	固有名詞
acton	acton	固有名詞
actor	actor	固有名詞
actors	actors	固有名詞
actory	actory	固有名詞
actos	actos	固有名詞
acts	acts	固有名詞
actu	actu	固有名詞
actual	actual	固有名詞
acture	acture	固有名詞
actus	actus	固有名詞
acuan	acuan	固有名詞
acuate	acuate	固有名詞
acuchi	acuchi	固有名詞
acuity	acuity	固有名詞
aculea	aculea	固有名詞
aculei	aculei	固有名詞
acumen	acumen	固有名詞
acus	acus	固有名詞
acute	acute	固有名詞
acuter	acuter	固有名詞
acutes	acutes	固有名詞
acy	acy	固有名詞
acyl	acyl	固有名詞
acylal	acylal	固有名詞
acyls	acyls	固有名詞
ada	ada	固有名詞
adad	adad	固有名詞
adage	adage	固有名詞
adages	adages	固有名詞
adagio	adagio	固有名詞
adagy	adagy	固有名詞
adai	adai	固有名詞
adaize	adaize	固有名詞
adalat	adalat	固有名詞
adalid	adalid	固有名詞
adam	adam	固有名詞
adamas	adamas	固有名詞
adamic	adamic	固有名詞
adams	adams	固有名詞
adance	adance	固有名詞
adapa	adapa	固有名詞
adapid	adapid	固有名詞
adapis	adapis	固有名詞
adapt	adapt	固有名詞
adapts	adapts	固有名詞
adar	adar	固有名詞
adarme	adarme	固有名詞
adat	adat	固有名詞
adati	adati	固有名詞
adatis	adatis	固有名詞
adatom	adatom	固有名詞
adaty	adaty	固有名詞
adaunt	adaunt	固有名詞
adaw	adaw	固有名詞
adawe	adawe	固有名詞
adawn	adawn	固有名詞
aday	aday	固有名詞
adays	adays	固有名詞
adc	adc	固有名詞
adcon	adcon	固有名詞
adcons	adcons	固有名詞
add	add	固有名詞
adda	adda	固有名詞
addax	addax	固有名詞
addda	addda	固有名詞
added	added	固有名詞
addeem	addeem	固有名詞
addend	addend	固有名詞
adder	adder	固有名詞
adders	adders	固有名詞
addice	addice	固有名詞
addict	addict	固有名詞
addie	addie	固有名詞
adding	adding	固有名詞
addio	addio	固有名詞
addis	addis	固有名詞
addita	addita	固有名詞
addle	addle	固有名詞
addled	addled	固有名詞
addles	addles	固有名詞
addn	addn	固有名詞
addnl	addnl	固有名詞
addoom	addoom	固有名詞
addr	addr	固有名詞
adds	adds	固有名詞
addu	addu	固有名詞
adduce	adduce	固有名詞
adduct	adduct	固有名詞
addy	addy	固有名詞
ade	ade	固有名詞
adead	adead	固有名詞
adeem	adeem	固有名詞
adeems	adeems	固有名詞
adeep	adeep	固有名詞
adela	adela	固有名詞
adelea	adelea	固有名詞
adelia	adelia	固有名詞
adempt	adempt	固有名詞
aden	aden	固有名詞
adenia	adenia	固有名詞
adenin	adenin	固有名詞
adenyl	adenyl	固有名詞
adeona	adeona	固有名詞
adeps	adeps	固有名詞
adept	adept	固有名詞
adepts	adepts	固有名詞
adesmy	adesmy	固有名詞
adeste	adeste	固有名詞
adet	adet	固有名詞
adfix	adfix	固有名詞
adhaka	adhaka	固有名詞
adhara	adhara	固有名詞
adhere	adhere	固有名詞
adhort	adhort	固有名詞
adiate	adiate	固有名詞
adib	adib	固有名詞
adicea	adicea	固有名詞
adiel	adiel	固有名詞
adient	adient	固有名詞
adieu	adieu	固有名詞
adieus	adieus	固有名詞
adieux	adieux	固有名詞
adigei	adigei	固有名詞
adighe	adighe	固有名詞
adight	adight	固有名詞
adin	adin	固有名詞
adion	adion	固有名詞
adios	adios	固有名詞
adipic	adipic	固有名詞
adipsy	adipsy	固有名詞
adipyl	adipyl	固有名詞
adit	adit	固有名詞
adital	adital	固有名詞
aditio	aditio	固有名詞
adits	adits	固有名詞
aditus	aditus	固有名詞
adj	adj	固有名詞
adjag	adjag	固有名詞
adject	adject	固有名詞
adjiga	adjiga	固有名詞
adjoin	adjoin	固有名詞
adjt	adjt	固有名詞
adjure	adjure	固有名詞
adjust	adjust	固有名詞
adjute	adjute	固有名詞
adlai	adlai	固有名詞
adlay	adlay	固有名詞
adless	adless	固有名詞
adlet	adlet	固有名詞
adm	adm	固有名詞
adman	adman	固有名詞
admass	admass	固有名詞
admen	admen	固有名詞
admi	admi	固有名詞
admin	admin	固有名詞
admire	admire	固有名詞
admit	admit	固有名詞
admits	admits	固有名詞
admix	admix	固有名詞
admixt	admixt	固有名詞
admov	admov	固有名詞
admove	admove	固有名詞
admrx	admrx	固有名詞
adnate	adnate	固有名詞
adnex	adnex	固有名詞
adnexa	adnexa	固有名詞
adnoun	adnoun	固有名詞
ado	ado	固有名詞
adobe	adobe	固有名詞
adobes	adobes	固有名詞
adobo	adobo	固有名詞
adobos	adobos	固有名詞
adod	adod	固有名詞
adolf	adolf	固有名詞
adolph	adolph	固有名詞
adon	adon	固有名詞
adonai	adonai	固有名詞
adonia	adonia	固有名詞
adonic	adonic	固有名詞
adonin	adonin	固有名詞
adonis	adonis	固有名詞
adoors	adoors	固有名詞
adopt	adopt	固有名詞
adopts	adopts	固有名詞
ador	ador	固有名詞
adoral	adoral	固有名詞
adore	adore	固有名詞
adored	adored	固有名詞
adorer	adorer	固有名詞
adores	adores	固有名詞
adorn	adorn	固有名詞
adorno	adorno	固有名詞
adorns	adorns	固有名詞
ados	ados	固有名詞
adown	adown	固有名詞
adoxa	adoxa	固有名詞
adoxy	adoxy	固有名詞
adoze	adoze	固有名詞
adp	adp	固有名詞
adpao	adpao	固有名詞
adrad	adrad	固有名詞
adread	adread	固有名詞
adream	adream	固有名詞
adreno	adreno	固有名詞
adrent	adrent	固有名詞
adret	adret	固有名詞
adrian	adrian	固有名詞
adrift	adrift	固有名詞
adrip	adrip	固有名詞
adroit	adroit	固有名詞
adroop	adroop	固有名詞
adrop	adrop	固有名詞
adrue	adrue	固有名詞
adry	adry	固有名詞
ads	ads	固有名詞
adsbud	adsbud	固有名詞
adsorb	adsorb	固有名詞
adsum	adsum	固有名詞
aduana	aduana	固有名詞
adular	adular	固有名詞
adulce	adulce	固有名詞
adult	adult	固有名詞
adults	adults	固有名詞
adunc	adunc	固有名詞
adure	adure	固有名詞
adusk	adusk	固有名詞
adust	adust	固有名詞
adv	adv	固有名詞
advect	advect	固有名詞
advena	advena	固有名詞
advene	advene	固有名詞
advent	advent	固有名詞
adverb	adverb	固有名詞
advert	advert	固有名詞
advice	advice	固有名詞
advise	advise	固有名詞
adviso	adviso	固有名詞
advisy	advisy	固有名詞
advoke	advoke	固有名詞
advt	advt	固有名詞
adward	adward	固有名詞
ady	ady	固有名詞
adyta	adyta	固有名詞
adyton	adyton	固有名詞
adytta	adytta	固有名詞
adytum	adytum	固有名詞
adz	adz	固有名詞
adze	adze	固有名詞
adzer	adzer	固有名詞
adzes	adzes	固有名詞
aeacus	aeacus	固有名詞
aeaean	aeaean	固有名詞
aecia	aecia	固有名詞
aecial	aecial	固有名詞
aecium	aecium	固有名詞
aedegi	aedegi	固有名詞
aedes	aedes	固有名詞
aedile	aedile	固有名詞
aedine	aedine	固有名詞
aefald	aefald	固有名詞
aegean	aegean	固有名詞
aeger	aeger	固有名詞
aegina	aegina	固有名詞
aegir	aegir	固有名詞
aegis	aegis	固有名詞
aegle	aegle	固有名詞
aenach	aenach	固有名詞
aenean	aenean	固有名詞
aeneas	aeneas	固有名詞
aeneid	aeneid	固有名詞
aeneus	aeneus	固有名詞
aeolia	aeolia	固有名詞
aeolic	aeolic	固有名詞
aeolid	aeolid	固有名詞
aeolis	aeolis	固有名詞
aeolus	aeolus	固有名詞
aeon	aeon	固有名詞
aeonic	aeonic	固有名詞
aeons	aeons	固有名詞
aeq	aeq	固有名詞
aequi	aequi	固有名詞
aequor	aequor	固有名詞
aer	aer	固有名詞
aerage	aerage	固有名詞
aerate	aerate	固有名詞
aerial	aerial	固有名詞
aeric	aeric	固有名詞
aerie	aerie	固有名詞
aeried	aeried	固有名詞
aerier	aerier	固有名詞
aeries	aeries	固有名詞
aerify	aerify	固有名詞
aerily	aerily	固有名詞
aero	aero	固有名詞
aerobe	aerobe	固有名詞
aeron	aeron	固有名詞
aerope	aerope	固有名詞
aerose	aerose	固有名詞
aerugo	aerugo	固有名詞
aery	aery	固有名詞
aes	aes	固有名詞
aesc	aesc	固有名詞
aesir	aesir	固有名詞
aesop	aesop	固有名詞
aestii	aestii	固有名詞
aestus	aestus	固有名詞
aet	aet	固有名詞
aetat	aetat	固有名詞
aether	aether	固有名詞
aethon	aethon	固有名詞
aetian	aetian	固有名詞
aevia	aevia	固有名詞
aevum	aevum	固有名詞
aface	aface	固有名詞
afaced	afaced	固有名詞
afaint	afaint	固有名詞
afar	afar	固有名詞
afara	afara	固有名詞
afars	afars	固有名詞
afb	afb	固有名詞
afd	afd	固有名詞
afear	afear	固有名詞
afeard	afeard	固有名詞
afenil	afenil	固有名詞
afer	afer	固有名詞
afetal	afetal	固有名詞
aff	aff	固有名詞
affa	affa	固有名詞
affair	affair	固有名詞
affect	affect	固有名詞
affeer	affeer	固有名詞
affeir	affeir	固有名詞
affere	affere	固有名詞
affich	affich	固有名詞
affied	affied	固有名詞
affies	affies	固有名詞
affile	affile	固有名詞
affine	affine	固有名詞
affing	affing	固有名詞
affirm	affirm	固有名詞
affix	affix	固有名詞
affixt	affixt	固有名詞
afflue	afflue	固有名詞
afflux	afflux	固有名詞
afford	afford	固有名詞
affrap	affrap	固有名詞
affray	affray	固有名詞
affret	affret	固有名詞
afft	afft	固有名詞
affuse	affuse	固有名詞
affy	affy	固有名詞
afghan	afghan	固有名詞
afgod	afgod	固有名詞
afield	afield	固有名詞
afifi	afifi	固有名詞
afire	afire	固有名詞
aflame	aflame	固有名詞
aflare	aflare	固有名詞
aflat	aflat	固有名詞
afley	afley	固有名詞
afloat	afloat	固有名詞
aflow	aflow	固有名詞
aflush	aflush	固有名詞
afoam	afoam	固有名詞
afocal	afocal	固有名詞
afoot	afoot	固有名詞
afore	afore	固有名詞
afoul	afoul	固有名詞
afraid	afraid	固有名詞
afray	afray	固有名詞
afreet	afreet	固有名詞
afresh	afresh	固有名詞
afret	afret	固有名詞
afrete	afrete	固有名詞
afric	afric	固有名詞
africa	africa	固有名詞
afridi	afridi	固有名詞
afrit	afrit	固有名詞
afrite	afrite	固有名詞
afrits	afrits	固有名詞
afro	afro	固有名詞
afront	afront	固有名詞
afros	afros	固有名詞
afrown	afrown	固有名詞
afshah	afshah	固有名詞
afshar	afshar	固有名詞
aft	aft	固有名詞
aftaba	aftaba	固有名詞
after	after	固有名詞
afters	afters	固有名詞
aftosa	aftosa	固有名詞
aga	aga	固有名詞
agaces	agaces	固有名詞
agad	agad	固有名詞
agada	agada	固有名詞
agade	agade	固有名詞
agadic	agadic	固有名詞
agag	agag	固有名詞
again	again	固有名詞
agal	agal	固有名詞
agalma	agalma	固有名詞
agama	agama	固有名詞
agamae	agamae	固有名詞
agamas	agamas	固有名詞
agami	agami	固有名詞
agamic	agamic	固有名詞
agamid	agamid	固有名詞
agamis	agamis	固有名詞
agamy	agamy	固有名詞
agao	agao	固有名詞
agapae	agapae	固有名詞
agapai	agapai	固有名詞
agape	agape	固有名詞
agar	agar	固有名詞
agaric	agaric	固有名詞
agars	agars	固有名詞
agarum	agarum	固有名詞
agas	agas	固有名詞
agasp	agasp	固有名詞
agast	agast	固有名詞
agata	agata	固有名詞
agate	agate	固有名詞
agates	agates	固有名詞
agatha	agatha	固有名詞
agaty	agaty	固有名詞
agau	agau	固有名詞
agave	agave	固有名詞
agaves	agaves	固有名詞
agawam	agawam	固有名詞
agaz	agaz	固有名詞
agaze	agaze	固有名詞
agazed	agazed	固有名詞
agba	agba	固有名詞
agcy	agcy	固有名詞
age	age	固有名詞
aged	aged	固有名詞
agedly	agedly	固有名詞
agee	agee	固有名詞
ageing	ageing	固有名詞
ageism	ageism	固有名詞
ageist	ageist	固有名詞
agen	agen	固有名詞
agena	agena	固有名詞
agency	agency	固有名詞
agend	agend	固有名詞
agenda	agenda	固有名詞
agene	agene	固有名詞
agenes	agenes	固有名詞
agent	agent	固有名詞
agents	agents	固有名詞
ager	ager	固有名詞
agers	agers	固有名詞
ages	ages	固有名詞
aget	aget	固有名詞
agete	agete	固有名詞
agger	agger	固有名詞
aggers	aggers	固有名詞
aggest	aggest	固有名詞
aggie	aggie	固有名詞
aggies	aggies	固有名詞
aggro	aggro	固有名詞
aggros	aggros	固有名詞
aggry	aggry	固有名詞
aggur	aggur	固有名詞
agha	agha	固有名詞
aghan	aghan	固有名詞
aghas	aghas	固有名詞
aghast	aghast	固有名詞
aghori	aghori	固有名詞
agib	agib	固有名詞
agible	agible	固有名詞
agiel	agiel	固有名詞
agile	agile	固有名詞
agin	agin	固有名詞
aging	aging	固有名詞
agings	agings	固有名詞
agio	agio	固有名詞
agios	agios	固有名詞
agism	agism	固有名詞
agisms	agisms	固有名詞
agist	agist	固有名詞
agists	agists	固有名詞
agit	agit	固有名詞
agla	agla	固有名詞
aglaia	aglaia	固有名詞
aglaos	aglaos	固有名詞
aglare	aglare	固有名詞
agleaf	agleaf	固有名詞
agleam	agleam	固有名詞
aglee	aglee	固有名詞
aglet	aglet	固有名詞
aglets	aglets	固有名詞
agley	agley	固有名詞
aglint	aglint	固有名詞
aglow	aglow	固有名詞
agly	agly	固有名詞
agma	agma	固有名詞
agmas	agmas	固有名詞
agnail	agnail	固有名詞
agname	agname	固有名詞
agnat	agnat	固有名詞
agnate	agnate	固有名詞
agnean	agnean	固有名詞
agneau	agneau	固有名詞
agnel	agnel	固有名詞
agnes	agnes	固有名詞
agnize	agnize	固有名詞
agnosy	agnosy	固有名詞
agnus	agnus	固有名詞
ago	ago	固有名詞
agog	agog	固有名詞
agoge	agoge	固有名詞
agogic	agogic	固有名詞
agoho	agoho	固有名詞
agoing	agoing	固有名詞
agon	agon	固有名詞
agonal	agonal	固有名詞
agone	agone	固有名詞
agones	agones	固有名詞
agonia	agonia	固有名詞
agonic	agonic	固有名詞
agons	agons	固有名詞
agony	agony	固有名詞
agora	agora	固有名詞
agorae	agorae	固有名詞
agoras	agoras	固有名詞
agorot	agorot	固有名詞
agos	agos	固有名詞
agouta	agouta	固有名詞
agouti	agouti	固有名詞
agouty	agouty	固有名詞
agr	agr	固有名詞
agra	agra	固有名詞
agrace	agrace	固有名詞
agrafe	agrafe	固有名詞
agrah	agrah	固有名詞
agral	agral	固有名詞
agre	agre	固有名詞
agreat	agreat	固有名詞
agree	agree	固有名詞
agreed	agreed	固有名詞
agreer	agreer	固有名詞
agrees	agrees	固有名詞
agrege	agrege	固有名詞
agrest	agrest	固有名詞
agria	agria	固有名詞
agrias	agrias	固有名詞
agric	agric	固有名詞
agrief	agrief	固有名詞
agrin	agrin	固有名詞
agriot	agriot	固有名詞
agrise	agrise	固有名詞
agrito	agrito	固有名詞
agroan	agroan	固有名詞
agrom	agrom	固有名詞
agron	agron	固有名詞
agroof	agroof	固有名詞
agrope	agrope	固有名詞
agrote	agrote	固有名詞
agrufe	agrufe	固有名詞
agruif	agruif	固有名詞
agsam	agsam	固有名詞
agst	agst	固有名詞
agt	agt	固有名詞
agua	agua	固有名詞
aguada	aguada	固有名詞
aguaji	aguaji	固有名詞
aguara	aguara	固有名詞
ague	ague	固有名詞
agues	agues	固有名詞
aguey	aguey	固有名詞
aguilt	aguilt	固有名詞
aguise	aguise	固有名詞
aguish	aguish	固有名詞
agujon	agujon	固有名詞
agunah	agunah	固有名詞
agura	agura	固有名詞
agush	agush	固有名詞
agust	agust	固有名詞
agy	agy	固有名詞
agynic	agynic	固有名詞
agyria	agyria	固有名詞
aha	aha	固有名詞
ahab	ahab	固有名詞
ahchoo	ahchoo	固有名詞
ahead	ahead	固有名詞
aheap	aheap	固有名詞
ahem	ahem	固有名詞
ahems	ahems	固有名詞
ahet	ahet	固有名詞
ahey	ahey	固有名詞
ahi	ahi	固有名詞
ahimsa	ahimsa	固有名詞
ahind	ahind	固有名詞
ahint	ahint	固有名詞
ahir	ahir	固有名詞
ahmadi	ahmadi	固有名詞
ahmed	ahmed	固有名詞
ahmedi	ahmedi	固有名詞
ahmet	ahmet	固有名詞
aho	aho	固有名詞
ahold	ahold	固有名詞
aholds	aholds	固有名詞
aholt	aholt	固有名詞
ahom	ahom	固有名詞
ahong	ahong	固有名詞
ahorse	ahorse	固有名詞
ahoy	ahoy	固有名詞
ahs	ahs	固有名詞
ahsan	ahsan	固有名詞
aht	aht	固有名詞
ahtena	ahtena	固有名詞
ahu	ahu	固有名詞
ahuaca	ahuaca	固有名詞
ahull	ahull	固有名詞
ahum	ahum	固有名詞
ahunt	ahunt	固有名詞
ahura	ahura	固有名詞
ahush	ahush	固有名詞
ahuula	ahuula	固有名詞
ahwal	ahwal	固有名詞
aias	aias	固有名詞
aid	aid	固有名詞
aidant	aidant	固有名詞
aide	aide	固有名詞
aided	aided	固有名詞
aidenn	aidenn	固有名詞
aider	aider	固有名詞
aiders	aiders	固有名詞
aides	aides	固有名詞
aidful	aidful	固有名詞
aiding	aiding	固有名詞
aidman	aidman	固有名詞
aidmen	aidmen	固有名詞
aids	aids	固有名詞
aiel	aiel	固有名詞
aiery	aiery	固有名詞
aiger	aiger	固有名詞
aiglet	aiglet	固有名詞
aigre	aigre	固有名詞
aigret	aigret	固有名詞
aik	aik	固有名詞
aikane	aikane	固有名詞
aikido	aikido	固有名詞
aikona	aikona	固有名詞
ail	ail	固有名詞
aile	aile	固有名詞
ailed	ailed	固有名詞
aileen	aileen	固有名詞
ailie	ailie	固有名詞
ailing	ailing	固有名詞
aillt	aillt	固有名詞
ails	ails	固有名詞
ailuro	ailuro	固有名詞
aim	aim	固有名詞
aimak	aimak	固有名詞
aimara	aimara	固有名詞
aimed	aimed	固有名詞
aimee	aimee	固有名詞
aimer	aimer	固有名詞
aimers	aimers	固有名詞
aimful	aimful	固有名詞
aiming	aiming	固有名詞
aimore	aimore	固有名詞
aims	aims	固有名詞
ain	ain	固有名詞
aine	aine	固有名詞
ainee	ainee	固有名詞
ainhum	ainhum	固有名詞
ainoi	ainoi	固有名詞
ains	ains	固有名詞
aint	aint	固有名詞
ainu	ainu	固有名詞
ainus	ainus	固有名詞
aioli	aioli	固有名詞
aiolis	aiolis	固有名詞
aion	aion	固有名詞
air	air	固有名詞
aira	aira	固有名詞
airan	airan	固有名詞
airbag	airbag	固有名詞
airbnb	Airbnb	固有名詞
airbus	airbus	固有名詞
aire	aire	固有名詞
aired	aired	固有名詞
airer	airer	固有名詞
airers	airers	固有名詞
airest	airest	固有名詞
airier	airier	固有名詞
airify	airify	固有名詞
airily	airily	固有名詞
airing	airing	固有名詞
airish	airish	固有名詞
airman	airman	固有名詞
airmen	airmen	固有名詞
airn	airn	固有名詞
airns	airns	固有名詞
airs	airs	固有名詞
airt	airt	固有名詞
airted	airted	固有名詞
airth	airth	固有名詞
airths	airths	固有名詞
airts	airts	固有名詞
airway	airway	固有名詞
airy	airy	固有名詞
ais	ais	固有名詞
aisle	aisle	固有名詞
aisled	aisled	固有名詞
aisles	aisles	固有名詞
aissor	aissor	固有名詞
ait	ait	固有名詞
aitch	aitch	固有名詞
aith	aith	固有名詞
aition	aition	固有名詞
aitis	aitis	固有名詞
aits	aits	固有名詞
aiver	aiver	固有名詞
aivers	aivers	固有名詞
aivr	aivr	固有名詞
aiwain	aiwain	固有名詞
aiwan	aiwan	固有名詞
aix	aix	固有名詞
aizle	aizle	固有名詞
aizoon	aizoon	固有名詞
ajaja	ajaja	固有名詞
ajar	ajar	固有名詞
ajari	ajari	固有名詞
ajava	ajava	固有名詞
ajax	ajax	固有名詞
ajee	ajee	固有名詞
ajenjo	ajenjo	固有名詞
ajhar	ajhar	固有名詞
ajimez	ajimez	固有名詞
ajiva	ajiva	固有名詞
ajivas	ajivas	固有名詞
ajog	ajog	固有名詞
ajoint	ajoint	固有名詞
ajoure	ajoure	固有名詞
ajowan	ajowan	固有名詞
ajuga	ajuga	固有名詞
ajugas	ajugas	固有名詞
aka	aka	固有名詞
akal	akal	固有名詞
akala	akala	固有名詞
akali	akali	固有名詞
akamai	akamai	固有名詞
akan	akan	固有名詞
akania	akania	固有名詞
akaroa	akaroa	固有名詞
akasa	akasa	固有名詞
akasha	akasha	固有名詞
akawai	akawai	固有名詞
akazga	akazga	固有名詞
akcheh	akcheh	固有名詞
ake	ake	固有名詞
akeake	akeake	固有名詞
akebi	akebi	固有名詞
akebia	akebia	固有名詞
aked	aked	固有名詞
akee	akee	固有名詞
akees	akees	固有名詞
akeki	akeki	固有名詞
akela	akela	固有名詞
akelas	akelas	固有名詞
akeley	akeley	固有名詞
akene	akene	固有名詞
akenes	akenes	固有名詞
aker	aker	固有名詞
aketon	aketon	固有名詞
akey	akey	固有名詞
akha	akha	固有名詞
akhara	akhara	固有名詞
akhrot	akhrot	固有名詞
akhund	akhund	固有名詞
akia	akia	固有名詞
akim	akim	固有名詞
akimbo	akimbo	固有名詞
akin	akin	固有名詞
aking	aking	固有名詞
akka	akka	固有名詞
akkad	akkad	固有名詞
akmite	akmite	固有名詞
aknee	aknee	固有名詞
aknow	aknow	固有名詞
ako	ako	固有名詞
akoasm	akoasm	固有名詞
akonge	akonge	固有名詞
akov	akov	固有名詞
akpek	akpek	固有名詞
akra	akra	固有名詞
akre	akre	固有名詞
akron	akron	固有名詞
aku	aku	固有名詞
akule	akule	固有名詞
akund	akund	固有名詞
ala	ala	固有名詞
alacha	alacha	固有名詞
alack	alack	固有名詞
alada	alada	固有名詞
alae	alae	固有名詞
alagao	alagao	固有名詞
alagau	alagau	固有名詞
alahee	alahee	固有名詞
alai	alai	固有名詞
alaihi	alaihi	固有名詞
alain	alain	固有名詞
alaite	alaite	固有名詞
alaki	alaki	固有名詞
alala	alala	固有名詞
alalia	alalia	固有名詞
alaloi	alaloi	固有名詞
alalus	alalus	固有名詞
alamo	alamo	固有名詞
alamos	alamos	固有名詞
alan	alan	固有名詞
aland	aland	固有名詞
alands	alands	固有名詞
alane	alane	固有名詞
alang	alang	固有名詞
alange	alange	固有名詞
alani	alani	固有名詞
alanin	alanin	固有名詞
alans	alans	固有名詞
alant	alant	固有名詞
alants	alants	固有名詞
alanyl	alanyl	固有名詞
alap	alap	固有名詞
alapa	alapa	固有名詞
alar	alar	固有名詞
alares	alares	固有名詞
alarge	alarge	固有名詞
alaria	alaria	固有名詞
alaric	alaric	固有名詞
alarm	alarm	固有名詞
alarms	alarms	固有名詞
alarum	alarum	固有名詞
alary	alary	固有名詞
alas	alas	固有名詞
alasas	alasas	固有名詞
alaska	alaska	固有名詞
alate	alate	固有名詞
alated	alated	固有名詞
alauda	alauda	固有名詞
alaund	alaund	固有名詞
alaunt	alaunt	固有名詞
alawi	alawi	固有名詞
alay	alay	固有名詞
alazor	alazor	固有名詞
alb	alb	固有名詞
alba	alba	固有名詞
alban	alban	固有名詞
albany	albany	固有名詞
albas	albas	固有名詞
albata	albata	固有名詞
albe	albe	固有名詞
albedo	albedo	固有名詞
albee	albee	固有名詞
albeit	albeit	固有名詞
albert	albert	固有名詞
albi	albi	固有名詞
albian	albian	固有名詞
albify	albify	固有名詞
albin	albin	固有名詞
albino	albino	固有名詞
albion	albion	固有名詞
albite	albite	固有名詞
alboin	alboin	固有名詞
albs	albs	固有名詞
albuca	albuca	固有名詞
albugo	albugo	固有名詞
album	album	固有名詞
albums	albums	固有名詞
alburn	alburn	固有名詞
albus	albus	固有名詞
albyn	albyn	固有名詞
alc	alc	固有名詞
alca	alca	固有名詞
alcade	alcade	固有名詞
alcae	alcae	固有名詞
alcaic	alcaic	固有名詞
alcaid	alcaid	固有名詞
alcali	alcali	固有名詞
alce	alce	固有名詞
alcedo	alcedo	固有名詞
alces	alces	固有名詞
alchem	alchem	固有名詞
alcid	alcid	固有名詞
alcids	alcids	固有名詞
alcine	alcine	固有名詞
alclad	alclad	固有名詞
alco	alco	固有名詞
alcor	alcor	固有名詞
alcove	alcove	固有名詞
alcumy	alcumy	固有名詞
alcyon	alcyon	固有名詞
ald	ald	固有名詞
aldane	aldane	固有名詞
alday	alday	固有名詞
aldea	aldea	固有名詞
aldeia	aldeia	固有名詞
alden	alden	固有名詞
alder	alder	固有名詞
aldern	aldern	固有名詞
alders	alders	固有名詞
aldide	aldide	固有名詞
aldim	aldim	固有名詞
aldime	aldime	固有名詞
aldine	aldine	固有名詞
aldm	aldm	固有名詞
aldol	aldol	固有名詞
aldols	aldols	固有名詞
aldose	aldose	固有名詞
aldrin	aldrin	固有名詞
aldus	aldus	固有名詞
ale	ale	固有名詞
alea	alea	固有名詞
aleak	aleak	固有名詞
alec	alec	固有名詞
aleck	aleck	固有名詞
alecs	alecs	固有名詞
alecup	alecup	固有名詞
alee	alee	固有名詞
alef	alef	固有名詞
alefs	alefs	固有名詞
aleft	aleft	固有名詞
alegar	alegar	固有名詞
aleger	aleger	固有名詞
alem	alem	固有名詞
alen	alen	固有名詞
alenge	alenge	固有名詞
alenu	alenu	固有名詞
aleph	aleph	固有名詞
alephs	alephs	固有名詞
alepot	alepot	固有名詞
aleppo	aleppo	固有名詞
alerce	alerce	固有名詞
alerse	alerse	固有名詞
alert	alert	固有名詞
alerta	alerta	固有名詞
alerts	alerts	固有名詞
ales	ales	固有名詞
alesan	alesan	固有名詞
aletap	aletap	固有名詞
alette	alette	固有名詞
aleut	aleut	固有名詞
alevin	alevin	固有名詞
alew	alew	固有名詞
alex	alex	固有名詞
alexas	alexas	固有名詞
alexia	alexia	固有名詞
alexic	alexic	固有名詞
alexin	alexin	固有名詞
alexis	alexis	固有名詞
alezan	alezan	固有名詞
alf	alf	固有名詞
alfa	alfa	固有名詞
alfaje	alfaje	固有名詞
alfaki	alfaki	固有名詞
alfas	alfas	固有名詞
alfet	alfet	固有名詞
alfin	alfin	固有名詞
alfirk	alfirk	固有名詞
alfred	alfred	固有名詞
alfur	alfur	固有名詞
alfuro	alfuro	固有名詞
alg	alg	固有名詞
alga	alga	固有名詞
algae	algae	固有名詞
algal	algal	固有名詞
algas	algas	固有名詞
algate	algate	固有名詞
algedi	algedi	固有名詞
algedo	algedo	固有名詞
algic	algic	固有名詞
algid	algid	固有名詞
algin	algin	固有名詞
algine	algine	固有名詞
algins	algins	固有名詞
algist	algist	固有名詞
algoid	algoid	固有名詞
algol	algol	固有名詞
algor	algor	固有名詞
algors	algors	固有名詞
algous	algous	固有名詞
algum	algum	固有名詞
algums	algums	固有名詞
algy	algy	固有名詞
alhagi	alhagi	固有名詞
alhena	alhena	固有名詞
alhet	alhet	固有名詞
alia	alia	固有名詞
alias	alias	固有名詞
alibi	alibi	固有名詞
alibis	alibis	固有名詞
alible	alible	固有名詞
alice	alice	固有名詞
alicia	alicia	固有名詞
alick	alick	固有名詞
alida	alida	固有名詞
alidad	alidad	固有名詞
alids	alids	固有名詞
alien	alien	固有名詞
aliene	aliene	固有名詞
aliens	aliens	固有名詞
aliet	aliet	固有名詞
alif	alif	固有名詞
alife	alife	固有名詞
alifs	alifs	固有名詞
alight	alight	固有名詞
align	align	固有名詞
aligns	aligns	固有名詞
alii	alii	固有名詞
alike	alike	固有名詞
alima	alima	固有名詞
alin	alin	固有名詞
aline	aline	固有名詞
alined	alined	固有名詞
aliner	aliner	固有名詞
alines	alines	固有名詞
alinit	alinit	固有名詞
alioth	alioth	固有名詞
aliped	aliped	固有名詞
alipin	alipin	固有名詞
alish	alish	固有名詞
alisma	alisma	固有名詞
aliso	aliso	固有名詞
alison	alison	固有名詞
alisos	alisos	固有名詞
alisp	alisp	固有名詞
alist	alist	固有名詞
alit	alit	固有名詞
alite	alite	固有名詞
aliter	aliter	固有名詞
ality	ality	固有名詞
alive	alive	固有名詞
alives	alives	固有名詞
alix	alix	固有名詞
aliya	aliya	固有名詞
aliyah	aliyah	固有名詞
aliyas	aliyas	固有名詞
aliyos	aliyos	固有名詞
aljama	aljama	固有名詞
aljoba	aljoba	固有名詞
alk	alk	固有名詞
alkaid	alkaid	固有名詞
alkali	alkali	固有名詞
alkane	alkane	固有名詞
alkene	alkene	固有名詞
alkes	alkes	固有名詞
alkide	alkide	固有名詞
alkies	alkies	固有名詞
alkin	alkin	固有名詞
alkine	alkine	固有名詞
alkool	alkool	固有名詞
alkoxy	alkoxy	固有名詞
alky	alky	固有名詞
alkyd	alkyd	固有名詞
alkyds	alkyds	固有名詞
alkyl	alkyl	固有名詞
alkyls	alkyls	固有名詞
alkyne	alkyne	固有名詞
all	all	固有名詞
allah	allah	固有名詞
allan	allan	固有名詞
allay	allay	固有名詞
allays	allays	固有名詞
alle	alle	固有名詞
allect	allect	固有名詞
allege	allege	固有名詞
allele	allele	固有名詞
allen	allen	固有名詞
allene	allene	固有名詞
aller	aller	固有名詞
alleve	alleve	固有名詞
alley	alley	固有名詞
alleys	alleys	固有名詞
allez	allez	固有名詞
allice	allice	固有名詞
allie	allie	固有名詞
allied	allied	固有名詞
allies	allies	固有名詞
allis	allis	固有名詞
allium	allium	固有名詞
allo	allo	固有名詞
allod	allod	固有名詞
allods	allods	固有名詞
allody	allody	固有名詞
alloo	alloo	固有名詞
allose	allose	固有名詞
allot	allot	固有名詞
allots	allots	固有名詞
allow	allow	固有名詞
allows	allows	固有名詞
alloxy	alloxy	固有名詞
alloy	alloy	固有名詞
alloys	alloys	固有名詞
alls	alls	固有名詞
alltud	alltud	固有名詞
allude	allude	固有名詞
allure	allure	固有名詞
ally	ally	固有名詞
allyic	allyic	固有名詞
allyl	allyl	固有名詞
allyls	allyls	固有名詞
allyou	allyou	固有名詞
alma	alma	固有名詞
almach	almach	固有名詞
almah	almah	固有名詞
almahs	almahs	固有名詞
almain	almain	固有名詞
alman	alman	固有名詞
almas	almas	固有名詞
alme	alme	固有名詞
almeh	almeh	固有名詞
almehs	almehs	固有名詞
almery	almery	固有名詞
almes	almes	固有名詞
almice	almice	固有名詞
almida	almida	固有名詞
almira	almira	固有名詞
almner	almner	固有名詞
almoin	almoin	固有名詞
almon	almon	固有名詞
almond	almond	固有名詞
almose	almose	固有名詞
almost	almost	固有名詞
almous	almous	固有名詞
alms	alms	固有名詞
almuce	almuce	固有名詞
almud	almud	固有名詞
almude	almude	固有名詞
almuds	almuds	固有名詞
almug	almug	固有名詞
almugs	almugs	固有名詞
almury	almury	固有名詞
aln	aln	固有名詞
alnage	alnage	固有名詞
alnath	alnath	固有名詞
alnein	alnein	固有名詞
alnico	alnico	固有名詞
alnuin	alnuin	固有名詞
alnus	alnus	固有名詞
alo	alo	固有名詞
alod	alod	固有名詞
alodia	alodia	固有名詞
alody	alody	固有名詞
aloe	aloe	固有名詞
aloed	aloed	固有名詞
aloes	aloes	固有名詞
aloft	aloft	固有名詞
alogia	alogia	固有名詞
alogy	alogy	固有名詞
aloha	aloha	固有名詞
alohas	alohas	固有名詞
aloid	aloid	固有名詞
aloin	aloin	固有名詞
aloins	aloins	固有名詞
alois	alois	固有名詞
aloma	aloma	固有名詞
alone	alone	固有名詞
along	along	固有名詞
alonso	alonso	固有名詞
alonzo	alonzo	固有名詞
aloof	aloof	固有名詞
aloofe	aloofe	固有名詞
aloose	aloose	固有名詞
alop	alop	固有名詞
alosa	alosa	固有名詞
alose	alose	固有名詞
aloud	aloud	固有名詞
alout	alout	固有名詞
alow	alow	固有名詞
alowe	alowe	固有名詞
aloyau	aloyau	固有名詞
alp	alp	固有名詞
alpaca	alpaca	固有名詞
alpax	alpax	固有名詞
alpeen	alpeen	固有名詞
alpen	alpen	固有名詞
alpha	alpha	固有名詞
alphas	alphas	固有名詞
alphin	alphin	固有名詞
alphol	alphol	固有名詞
alphos	alphos	固有名詞
alphyl	alphyl	固有名詞
alphyn	alphyn	固有名詞
alpian	alpian	固有名詞
alpid	alpid	固有名詞
alpieu	alpieu	固有名詞
alpine	alpine	固有名詞
alpist	alpist	固有名詞
alps	alps	固有名詞
alraun	alraun	固有名詞
alroot	alroot	固有名詞
alruna	alruna	固有名詞
alrune	alrune	固有名詞
als	als	固有名詞
alsike	alsike	固有名詞
alsine	alsine	固有名詞
also	also	固有名詞
alsoon	alsoon	固有名詞
alt	alt	固有名詞
altaic	altaic	固有名詞
altaid	altaid	固有名詞
altair	altair	固有名詞
altar	altar	固有名詞
altars	altars	固有名詞
alter	alter	固有名詞
altern	altern	固有名詞
alters	alters	固有名詞
alteza	alteza	固有名詞
althea	althea	固有名詞
altho	altho	固有名詞
altica	altica	固有名詞
altify	altify	固有名詞
altin	altin	固有名詞
alto	alto	固有名詞
altos	altos	固有名詞
altoun	altoun	固有名詞
alts	alts	固有名詞
altun	altun	固有名詞
alture	alture	固有名詞
altus	altus	固有名詞
aluco	aluco	固有名詞
aludel	aludel	固有名詞
aludra	aludra	固有名詞
alula	alula	固有名詞
alulae	alulae	固有名詞
alular	alular	固有名詞
alulet	alulet	固有名詞
alulim	alulim	固有名詞
alum	alum	固有名詞
alumel	alumel	固有名詞
alumen	alumen	固有名詞
alumic	alumic	固有名詞
alumin	alumin	固有名詞
alumna	alumna	固有名詞
alumni	alumni	固有名詞
alums	alums	固有名詞
alupag	alupag	固有名詞
alur	alur	固有名詞
alure	alure	固有名詞
aluta	aluta	固有名詞
alvah	alvah	固有名詞
alvan	alvan	固有名詞
alvar	alvar	固有名詞
alveus	alveus	固有名詞
alvia	alvia	固有名詞
alvin	alvin	固有名詞
alvina	alvina	固有名詞
alvine	alvine	固有名詞
alvite	alvite	固有名詞
alvus	alvus	固有名詞
alw	alw	固有名詞
alway	alway	固有名詞
always	always	固有名詞
alwise	alwise	固有名詞
alwite	alwite	固有名詞
aly	aly	固有名詞
alya	alya	固有名詞
alypin	alypin	固有名詞
alypum	alypum	固有名詞
alytes	alytes	固有名詞
ama	ama	固有名詞
amaas	amaas	固有名詞
amabel	amabel	固有名詞
amable	amable	固有名詞
amadan	amadan	固有名詞
amadi	amadi	固有名詞
amadis	amadis	固有名詞
amadou	amadou	固有名詞
amaga	amaga	固有名詞
amah	amah	固有名詞
amahs	amahs	固有名詞
amain	amain	固有名詞
amaine	amaine	固有名詞
amaist	amaist	固有名詞
amal	amal	固有名詞
amala	amala	固有名詞
amalg	amalg	固有名詞
amalic	amalic	固有名詞
amamau	amamau	固有名詞
amanda	amanda	固有名詞
amande	amande	固有名詞
amang	amang	固有名詞
amani	amani	固有名詞
amania	amania	固有名詞
amant	amant	固有名詞
amante	amante	固有名詞
amapa	amapa	固有名詞
amar	amar	固有名詞
amara	amara	固有名詞
amarin	amarin	固有名詞
amarna	amarna	固有名詞
amarth	amarth	固有名詞
amas	amas	固有名詞
amass	amass	固有名詞
amasta	amasta	固有名詞
amasty	amasty	固有名詞
amate	amate	固有名詞
amated	amated	固有名詞
amati	amati	固有名詞
amatol	amatol	固有名詞
amaut	amaut	固有名詞
amay	amay	固有名詞
amaze	amaze	固有名詞
amazed	amazed	固有名詞
amazer	amazer	固有名詞
amazes	amazes	固有名詞
amazia	amazia	固有名詞
amazon	amazon	固有名詞
amb	amb	固有名詞
amba	amba	固有名詞
ambach	ambach	固有名詞
ambage	ambage	固有名詞
amban	amban	固有名詞
ambar	ambar	固有名詞
ambari	ambari	固有名詞
ambary	ambary	固有名詞
ambas	ambas	固有名詞
ambash	ambash	固有名詞
ambay	ambay	固有名詞
ambe	ambe	固有名詞
ambeer	ambeer	固有名詞
amber	amber	固有名詞
ambers	ambers	固有名詞
ambery	ambery	固有名詞
ambier	ambier	固有名詞
ambigu	ambigu	固有名詞
ambit	ambit	固有名詞
ambits	ambits	固有名詞
amble	amble	固有名詞
ambled	ambled	固有名詞
ambler	ambler	固有名詞
ambles	ambles	固有名詞
ambo	ambo	固有名詞
ambon	ambon	固有名詞
ambos	ambos	固有名詞
ambry	ambry	固有名詞
ambury	ambury	固有名詞
ambush	ambush	固有名詞
amd	AMD	固有名詞
amdahl	amdahl	固有名詞
amdt	amdt	固有名詞
ame	ame	固有名詞
ameba	ameba	固有名詞
amebae	amebae	固有名詞
ameban	ameban	固有名詞
amebas	amebas	固有名詞
amebic	amebic	固有名詞
amebid	amebid	固有名詞
amedeo	amedeo	固有名詞
ameed	ameed	固有名詞
ameen	ameen	固有名詞
ameer	ameer	固有名詞
ameers	ameers	固有名詞
ameiva	ameiva	固有名詞
amel	amel	固有名詞
amelet	amelet	固有名詞
amelia	amelia	固有名詞
amelu	amelu	固有名詞
amelus	amelus	固有名詞
amen	amen	固有名詞
amend	amend	固有名詞
amende	amende	固有名詞
amends	amends	固有名詞
amene	amene	固有名詞
amenia	amenia	固有名詞
amens	amens	固有名詞
ament	ament	固有名詞
amenta	amenta	固有名詞
aments	aments	固有名詞
amenty	amenty	固有名詞
amerce	amerce	固有名詞
amess	amess	固有名詞
amex	amex	固有名詞
amgarn	amgarn	固有名詞
amhar	amhar	固有名詞
amhran	amhran	固有名詞
ami	ami	固有名詞
amia	amia	固有名詞
amiant	amiant	固有名詞
amias	amias	固有名詞
amic	amic	固有名詞
amical	amical	固有名詞
amice	amice	固有名詞
amiced	amiced	固有名詞
amices	amices	固有名詞
amici	amici	固有名詞
amicus	amicus	固有名詞
amid	amid	固有名詞
amide	amide	固有名詞
amides	amides	固有名詞
amidic	amidic	固有名詞
amidid	amidid	固有名詞
amidin	amidin	固有名詞
amido	amido	固有名詞
amidol	amidol	固有名詞
amidon	amidon	固有名詞
amids	amids	固有名詞
amidst	amidst	固有名詞
amie	amie	固有名詞
amies	amies	固有名詞
amiga	amiga	固有名詞
amigas	amigas	固有名詞
amigo	amigo	固有名詞
amigos	amigos	固有名詞
amil	amil	固有名詞
amiles	amiles	固有名詞
amimia	amimia	固有名詞
amin	amin	固有名詞
amine	amine	固有名詞
amines	amines	固有名詞
amini	amini	固有名詞
aminic	aminic	固有名詞
amino	amino	固有名詞
amins	amins	固有名詞
aminta	aminta	固有名詞
amir	amir	固有名詞
amiral	amiral	固有名詞
amiray	amiray	固有名詞
amire	amire	固有名詞
amirs	amirs	固有名詞
amis	amis	固有名詞
amish	amish	固有名詞
amiss	amiss	固有名詞
amit	amit	固有名詞
amita	amita	固有名詞
amitie	amitie	固有名詞
amity	amity	固有名詞
amixia	amixia	固有名詞
amla	amla	固有名詞
amlet	amlet	固有名詞
amli	amli	固有名詞
amlong	amlong	固有名詞
amma	amma	固有名詞
amman	amman	固有名詞
ammeos	ammeos	固有名詞
ammer	ammer	固有名詞
ammi	ammi	固有名詞
ammine	ammine	固有名詞
ammino	ammino	固有名詞
ammo	ammo	固有名詞
ammono	ammono	固有名詞
ammos	ammos	固有名詞
ammu	ammu	固有名詞
amnia	amnia	固有名詞
amniac	amniac	固有名詞
amnic	amnic	固有名詞
amnion	amnion	固有名詞
amnios	amnios	固有名詞
amober	amober	固有名詞
amobyr	amobyr	固有名詞
amoeba	amoeba	固有名詞
amok	amok	固有名詞
amoke	amoke	固有名詞
amoks	amoks	固有名詞
amole	amole	固有名詞
amoles	amoles	固有名詞
amomal	amomal	固有名詞
amomis	amomis	固有名詞
amomum	amomum	固有名詞
among	among	固有名詞
amor	amor	固有名詞
amora	amora	固有名詞
amoral	amoral	固有名詞
amores	amores	固有名詞
amoret	amoret	固有名詞
amorph	amorph	固有名詞
amort	amort	固有名詞
amorua	amorua	固有名詞
amos	amos	固有名詞
amotus	amotus	固有名詞
amouli	amouli	固有名詞
amount	amount	固有名詞
amour	amour	固有名詞
amours	amours	固有名詞
amove	amove	固有名詞
amoved	amoved	固有名詞
amowt	amowt	固有名詞
amoy	amoy	固有名詞
amoyan	amoyan	固有名詞
amp	amp	固有名詞
amparo	amparo	固有名詞
amper	amper	固有名詞
ampere	ampere	固有名詞
ampery	ampery	固有名詞
amphi	amphi	固有名詞
amphib	amphib	固有名詞
amphid	amphid	固有名詞
ample	ample	固有名詞
ampler	ampler	固有名詞
amplex	amplex	固有名詞
amply	amply	固有名詞
amps	amps	固有名詞
ampul	ampul	固有名詞
ampule	ampule	固有名詞
ampuls	ampuls	固有名詞
ampyx	ampyx	固有名詞
amra	amra	固有名詞
amrit	amrit	固有名詞
amrita	amrita	固有名詞
amsath	amsath	固有名詞
amsel	amsel	固有名詞
amt	amt	固有名詞
amtman	amtman	固有名詞
amtmen	amtmen	固有名詞
amtrac	amtrac	固有名詞
amtrak	amtrak	固有名詞
amu	amu	固有名詞
amuck	amuck	固有名詞
amucks	amucks	固有名詞
amugis	amugis	固有名詞
amula	amula	固有名詞
amulae	amulae	固有名詞
amulas	amulas	固有名詞
amulet	amulet	固有名詞
amulla	amulla	固有名詞
amunam	amunam	固有名詞
amurca	amurca	固有名詞
amurru	amurru	固有名詞
amus	amus	固有名詞
amuse	amuse	固有名詞
amused	amused	固有名詞
amusee	amusee	固有名詞
amuser	amuser	固有名詞
amuses	amuses	固有名詞
amusgo	amusgo	固有名詞
amusia	amusia	固有名詞
amuyon	amuyon	固有名詞
amuze	amuze	固有名詞
amvis	amvis	固有名詞
amy	amy	固有名詞
amydon	amydon	固有名詞
amyl	amyl	固有名詞
amylan	amylan	固有名詞
amylic	amylic	固有名詞
amylin	amylin	固有名詞
amylo	amylo	固有名詞
amylom	amylom	固有名詞
amylon	amylon	固有名詞
amyls	amyls	固有名詞
amylum	amylum	固有名詞
amyous	amyous	固有名詞
amyrin	amyrin	固有名詞
amyris	amyris	固有名詞
amyrol	amyrol	固有名詞
amytal	amytal	固有名詞
amzel	amzel	固有名詞
ana	ana	固有名詞
anabas	anabas	固有名詞
anabia	anabia	固有名詞
anabo	anabo	固有名詞
anaces	anaces	固有名詞
anacid	anacid	固有名詞
anack	anack	固有名詞
anadem	anadem	固有名詞
anagap	anagap	固有名詞
anagep	anagep	固有名詞
anagua	anagua	固有名詞
anahao	anahao	固有名詞
anahau	anahau	固有名詞
anakes	anakes	固有名詞
anal	anal	固有名詞
analav	analav	固有名詞
anally	anally	固有名詞
analog	analog	固有名詞
analyt	analyt	固有名詞
anam	anam	固有名詞
anama	anama	固有名詞
anan	anan	固有名詞
anana	anana	固有名詞
ananas	ananas	固有名詞
ananda	ananda	固有名詞
ananke	ananke	固有名詞
anansi	anansi	固有名詞
ananta	ananta	固有名詞
ananym	ananym	固有名詞
anapes	anapes	固有名詞
anaphe	anaphe	固有名詞
anaqua	anaqua	固有名詞
anarch	anarch	固有名詞
anarya	anarya	固有名詞
anas	anas	固有名詞
anasa	anasa	固有名詞
anat	anat	固有名詞
anatox	anatox	固有名詞
anatta	anatta	固有名詞
anatto	anatto	固有名詞
anatum	anatum	固有名詞
anax	anax	固有名詞
anaxon	anaxon	固有名詞
anay	anay	固有名詞
anba	anba	固有名詞
anbury	anbury	固有名詞
anc	anc	固有名詞
ancha	ancha	固有名詞
anchat	anchat	固有名詞
anchor	anchor	固有名詞
ancien	ancien	固有名詞
ancile	ancile	固有名詞
ancle	ancle	固有名詞
ancoly	ancoly	固有名詞
ancome	ancome	固有名詞
ancon	ancon	固有名詞
ancona	ancona	固有名詞
ancone	ancone	固有名詞
ancony	ancony	固有名詞
ancor	ancor	固有名詞
ancora	ancora	固有名詞
ancre	ancre	固有名詞
and	and	固有名詞
anda	anda	固有名詞
ande	ande	固有名詞
andean	andean	固有名詞
anders	anders	固有名詞
andes	andes	固有名詞
andevo	andevo	固有名詞
andhra	andhra	固有名詞
andi	andi	固有名詞
andia	andia	固有名詞
andian	andian	固有名詞
andine	andine	固有名詞
anding	anding	固有名詞
andira	andira	固有名詞
andoke	andoke	固有名詞
andor	andor	固有名詞
andre	andre	固有名詞
andrea	andrea	固有名詞
andrew	andrew	固有名詞
andria	andria	固有名詞
andric	andric	固有名詞
android	Android	固有名詞
androl	androl	固有名詞
andron	andron	固有名詞
ands	ands	固有名詞
andy	andy	固有名詞
ane	ane	固有名詞
anear	anear	固有名詞
anears	anears	固有名詞
aneath	aneath	固有名詞
anele	anele	固有名詞
aneled	aneled	固有名詞
aneles	aneles	固有名詞
anemia	anemia	固有名詞
anemic	anemic	固有名詞
anend	anend	固有名詞
anenst	anenst	固有名詞
anent	anent	固有名詞
anepia	anepia	固有名詞
anergy	anergy	固有名詞
anerly	anerly	固有名詞
anes	anes	固有名詞
anesis	anesis	固有名詞
anet	anet	固有名詞
anetic	anetic	固有名詞
aneuch	aneuch	固有名詞
anew	anew	固有名詞
anezeh	anezeh	固有名詞
anga	anga	固有名詞
angami	angami	固有名詞
angara	angara	固有名詞
angary	angary	固有名詞
angas	angas	固有名詞
angel	angel	固有名詞
angela	angela	固有名詞
angelo	angelo	固有名詞
angels	angels	固有名詞
anger	anger	固有名詞
angers	angers	固有名詞
angia	angia	固有名詞
angico	angico	固有名詞
angie	angie	固有名詞
angild	angild	固有名詞
angili	angili	固有名詞
angilo	angilo	固有名詞
angina	angina	固有名詞
angka	angka	固有名詞
angle	angle	固有名詞
angled	angled	固有名詞
angler	angler	固有名詞
angles	angles	固有名詞
anglic	anglic	固有名詞
anglo	anglo	固有名詞
anglos	anglos	固有名詞
ango	ango	固有名詞
angola	angola	固有名詞
angor	angor	固有名詞
angora	angora	固有名詞
angry	angry	固有名詞
angst	angst	固有名詞
angsts	angsts	固有名詞
anguid	anguid	固有名詞
anguis	anguis	固有名詞
angula	angula	固有名詞
angule	angule	固有名詞
angus	angus	固有名詞
angust	angust	固有名詞
anhang	anhang	固有名詞
anhele	anhele	固有名詞
anhima	anhima	固有名詞
anhyd	anhyd	固有名詞
ani	ani	固有名詞
aniba	aniba	固有名詞
anicca	anicca	固有名詞
anice	anice	固有名詞
anicut	anicut	固有名詞
anigh	anigh	固有名詞
anight	anight	固有名詞
anil	anil	固有名詞
anilao	anilao	固有名詞
anilau	anilau	固有名詞
anile	anile	固有名詞
anilic	anilic	固有名詞
anilid	anilid	固有名詞
anilin	anilin	固有名詞
anilla	anilla	固有名詞
anils	anils	固有名詞
anim	anim	固有名詞
anima	anima	固有名詞
animal	animal	固有名詞
animas	animas	固有名詞
anime	anime	固有名詞
animes	animes	固有名詞
animi	animi	固有名詞
animis	animis	固有名詞
animo	animo	固有名詞
animus	animus	固有名詞
anion	anion	固有名詞
anions	anions	固有名詞
anis	anis	固有名詞
anisal	anisal	固有名詞
anise	anise	固有名詞
anises	anises	固有名詞
anisic	anisic	固有名詞
anisil	anisil	固有名詞
anisol	anisol	固有名詞
anisum	anisum	固有名詞
anisyl	anisyl	固有名詞
anita	anita	固有名詞
anitos	anitos	固有名詞
anjan	anjan	固有名詞
anjou	anjou	固有名詞
ankara	ankara	固有名詞
ankee	ankee	固有名詞
anker	anker	固有名詞
ankh	ankh	固有名詞
ankhs	ankhs	固有名詞
ankle	ankle	固有名詞
ankles	ankles	固有名詞
anklet	anklet	固有名詞
ankoli	ankoli	固有名詞
ankou	ankou	固有名詞
ankus	ankus	固有名詞
ankush	ankush	固有名詞
anlace	anlace	固有名詞
anlage	anlage	固有名詞
anlas	anlas	固有名詞
anlaut	anlaut	固有名詞
anlet	anlet	固有名詞
anlia	anlia	固有名詞
anmia	anmia	固有名詞
ann	ann	固有名詞
anna	anna	固有名詞
annal	annal	固有名詞
annale	annale	固有名詞
annals	annals	固有名詞
annaly	annaly	固有名詞
annam	annam	固有名詞
annard	annard	固有名詞
annary	annary	固有名詞
annas	annas	固有名詞
annat	annat	固有名詞
annats	annats	固有名詞
anne	anne	固有名詞
anneal	anneal	固有名詞
annect	annect	固有名詞
annet	annet	固有名詞
annex	annex	固有名詞
annexa	annexa	固有名詞
annexe	annexe	固有名詞
anni	anni	固有名詞
annie	annie	固有名詞
annist	annist	固有名詞
annite	annite	固有名詞
anniv	anniv	固有名詞
anno	anno	固有名詞
annona	annona	固有名詞
annot	annot	固有名詞
annoy	annoy	固有名詞
annoys	annoys	固有名詞
annual	annual	固有名詞
annul	annul	固有名詞
annule	annule	固有名詞
annuli	annuli	固有名詞
annuls	annuls	固有名詞
annum	annum	固有名詞
annus	annus	固有名詞
anoa	anoa	固有名詞
anoas	anoas	固有名詞
anodal	anodal	固有名詞
anode	anode	固有名詞
anodes	anodes	固有名詞
anodic	anodic	固有名詞
anodon	anodon	固有名詞
anodos	anodos	固有名詞
anogra	anogra	固有名詞
anoia	anoia	固有名詞
anoil	anoil	固有名詞
anoine	anoine	固有名詞
anoint	anoint	固有名詞
anole	anole	固有名詞
anoles	anoles	固有名詞
anoli	anoli	固有名詞
anolis	anolis	固有名詞
anomal	anomal	固有名詞
anomer	anomer	固有名詞
anomia	anomia	固有名詞
anomic	anomic	固有名詞
anomie	anomie	固有名詞
anomy	anomy	固有名詞
anon	anon	固有名詞
anonad	anonad	固有名詞
anonol	anonol	固有名詞
anonym	anonym	固有名詞
anopia	anopia	固有名詞
anopla	anopla	固有名詞
anopsy	anopsy	固有名詞
anorak	anorak	固有名詞
anorn	anorn	固有名詞
anorth	anorth	固有名詞
anosia	anosia	固有名詞
anotia	anotia	固有名詞
anotta	anotta	固有名詞
anotto	anotto	固有名詞
anotus	anotus	固有名詞
anour	anour	固有名詞
anoura	anoura	固有名詞
anoure	anoure	固有名詞
anous	anous	固有名詞
anova	anova	固有名詞
anoxia	anoxia	固有名詞
anoxic	anoxic	固有名詞
anre	anre	固有名詞
ans	ans	固有名詞
ansa	ansa	固有名詞
ansae	ansae	固有名詞
ansar	ansar	固有名詞
ansate	ansate	固有名詞
anseis	anseis	固有名詞
ansel	ansel	固有名詞
anselm	anselm	固有名詞
anser	anser	固有名詞
ansi	ansi	固有名詞
ansu	ansu	固有名詞
answer	answer	固有名詞
ant	ant	固有名詞
anta	anta	固有名詞
antae	antae	固有名詞
antal	antal	固有名詞
antar	antar	固有名詞
antara	antara	固有名詞
antas	antas	固有名詞
antdom	antdom	固有名詞
ante	ante	固有名詞
anteal	anteal	固有名詞
anted	anted	固有名詞
anteed	anteed	固有名詞
anteri	anteri	固有名詞
antes	antes	固有名詞
anteva	anteva	固有名詞
anthem	anthem	固有名詞
anther	anther	固有名詞
anthol	anthol	固有名詞
anthos	anthos	固有名詞
anthus	anthus	固有名詞
anti	anti	固有名詞
antiae	antiae	固有名詞
antiar	antiar	固有名詞
antic	antic	固有名詞
antica	antica	固有名詞
antick	antick	固有名詞
antics	antics	固有名詞
anting	anting	固有名詞
antiq	antiq	固有名詞
antis	antis	固有名詞
antisi	antisi	固有名詞
antjar	antjar	固有名詞
antler	antler	固有名詞
antlia	antlia	固有名詞
antlid	antlid	固有名詞
anton	anton	固有名詞
antony	antony	固有名詞
antra	antra	固有名詞
antral	antral	固有名詞
antre	antre	固有名詞
antres	antres	固有名詞
antrin	antrin	固有名詞
antrum	antrum	固有名詞
ants	ants	固有名詞
antsy	antsy	固有名詞
antu	antu	固有名詞
antum	antum	固有名詞
anubin	anubin	固有名詞
anubis	anubis	固有名詞
anukit	anukit	固有名詞
anura	anura	固有名詞
anural	anural	固有名詞
anuran	anuran	固有名詞
anuria	anuria	固有名詞
anuric	anuric	固有名詞
anury	anury	固有名詞
anus	anus	固有名詞
anuses	anuses	固有名詞
anusim	anusim	固有名詞
anvil	anvil	固有名詞
anvils	anvils	固有名詞
any	any	固有名詞
anyhow	anyhow	固有名詞
anyone	anyone	固有名詞
anyway	anyway	固有名詞
anywhy	anywhy	固有名詞
anzac	anzac	固有名詞
aob	aob	固有名詞
aogiri	aogiri	固有名詞
aoife	aoife	固有名詞
aoli	aoli	固有名詞
aonach	aonach	固有名詞
aonian	aonian	固有名詞
aor	aor	固有名詞
aorist	aorist	固有名詞
aorta	aorta	固有名詞
aortae	aortae	固有名詞
aortal	aortal	固有名詞
aortas	aortas	固有名詞
aortic	aortic	固有名詞
aosmic	aosmic	固有名詞
aotea	aotea	固有名詞
aotes	aotes	固有名詞
aotus	aotus	固有名詞
aouad	aouad	固有名詞
aouads	aouads	固有名詞
aoudad	aoudad	固有名詞
aoul	aoul	固有名詞
apa	apa	固有名詞
apace	apace	固有名詞
apache	apache	固有名詞
apaid	apaid	固有名詞
apair	apair	固有名詞
apaise	apaise	固有名詞
apalit	apalit	固有名詞
apama	apama	固有名詞
apar	apar	固有名詞
aparai	aparai	固有名詞
apart	apart	固有名詞
apass	apass	固有名詞
apast	apast	固有名詞
apatan	apatan	固有名詞
apathy	apathy	固有名詞
apay	apay	固有名詞
apayao	apayao	固有名詞
ape	ape	固有名詞
apeak	apeak	固有名詞
aped	aped	固有名詞
apedom	apedom	固有名詞
apeek	apeek	固有名詞
apelet	apelet	固有名詞
apeman	apeman	固有名詞
apepsy	apepsy	固有名詞
aper	aper	固有名詞
aperch	aperch	固有名詞
apercu	apercu	固有名詞
aperea	aperea	固有名詞
apers	apers	固有名詞
apert	apert	固有名詞
aperu	aperu	固有名詞
apery	apery	固有名詞
apes	apes	固有名詞
apex	apex	固有名詞
apexed	apexed	固有名詞
apexes	apexes	固有名詞
aph	aph	固有名詞
apheta	apheta	固有名詞
aphid	aphid	固有名詞
aphids	aphids	固有名詞
aphis	aphis	固有名詞
aphodi	aphodi	固有名詞
aphony	aphony	固有名詞
aphra	aphra	固有名詞
aphtha	aphtha	固有名詞
api	API	固有名詞
apiaca	apiaca	固有名詞
apian	apian	固有名詞
apiary	apiary	固有名詞
apicad	apicad	固有名詞
apical	apical	固有名詞
apices	apices	固有名詞
apidae	apidae	固有名詞
apiece	apiece	固有名詞
apii	apii	固有名詞
apiin	apiin	固有名詞
apili	apili	固有名詞
apina	apina	固有名詞
apinae	apinae	固有名詞
apinch	apinch	固有名詞
aping	aping	固有名詞
apio	apio	固有名詞
apioid	apioid	固有名詞
apiol	apiol	固有名詞
apiole	apiole	固有名詞
apios	apios	固有名詞
apiose	apiose	固有名詞
apis	apis	固有名詞
apish	apish	固有名詞
apism	apism	固有名詞
apium	apium	固有名詞
apl	apl	固有名詞
aplace	aplace	固有名詞
aplite	aplite	固有名詞
aplomb	aplomb	固有名詞
aplome	aplome	固有名詞
apluda	apluda	固有名詞
apnea	apnea	固有名詞
apneal	apneal	固有名詞
apneas	apneas	固有名詞
apneic	apneic	固有名詞
apnoea	apnoea	固有名詞
apocha	apocha	固有名詞
apod	apod	固有名詞
apoda	apoda	固有名詞
apodal	apodal	固有名詞
apodan	apodan	固有名詞
apodes	apodes	固有名詞
apodia	apodia	固有名詞
apods	apods	固有名詞
apogee	apogee	固有名詞
apogon	apogon	固有名詞
apoise	apoise	固有名詞
apolar	apolar	固有名詞
apollo	apollo	固有名詞
apolog	apolog	固有名詞
aponia	aponia	固有名詞
aponic	aponic	固有名詞
apoop	apoop	固有名詞
aporia	aporia	固有名詞
aport	aport	固有名詞
aposia	aposia	固有名詞
apout	apout	固有名詞
apozem	apozem	固有名詞
app	app	固有名詞
appair	appair	固有名詞
appal	appal	固有名詞
appale	appale	固有名詞
appall	appall	固有名詞
appals	appals	固有名詞
appar	appar	固有名詞
appast	appast	固有名詞
appay	appay	固有名詞
appd	appd	固有名詞
appeal	appeal	固有名詞
appear	appear	固有名詞
appel	appel	固有名詞
appels	appels	固有名詞
append	append	固有名詞
appere	appere	固有名詞
appert	appert	固有名詞
appet	appet	固有名詞
appete	appete	固有名詞
appius	appius	固有名詞
appl	appl	固有名詞
apple	apple	固有名詞
appled	appled	固有名詞
apples	apples	固有名詞
applot	applot	固有名詞
apply	apply	固有名詞
appmt	appmt	固有名詞
apport	apport	固有名詞
appose	appose	固有名詞
appro	appro	固有名詞
approx	approx	固有名詞
appt	appt	固有名詞
apptd	apptd	固有名詞
appui	appui	固有名詞
apr	apr	固有名詞
apres	apres	固有名詞
april	april	固有名詞
apron	apron	固有名詞
aprons	aprons	固有名詞
aprowl	aprowl	固有名詞
apse	apse	固有名詞
apses	apses	固有名詞
apsid	apsid	固有名詞
apsis	apsis	固有名詞
apt	apt	固有名詞
aptal	aptal	固有名詞
aptate	aptate	固有名詞
apter	apter	固有名詞
aptera	aptera	固有名詞
aptest	aptest	固有名詞
aptian	aptian	固有名詞
aptly	aptly	固有名詞
aptote	aptote	固有名詞
apts	apts	固有名詞
apulse	apulse	固有名詞
apus	apus	固有名詞
apx	apx	固有名詞
aqua	aqua	固有名詞
aquae	aquae	固有名詞
aquage	aquage	固有名詞
aquake	aquake	固有名詞
aquas	aquas	固有名詞
aquate	aquate	固有名詞
aquila	aquila	固有名詞
aquo	aquo	固有名詞
aquose	aquose	固有名詞
ara	ara	固有名詞
arab	arab	固有名詞
araba	araba	固有名詞
araban	araban	固有名詞
arabia	arabia	固有名詞
arabic	arabic	固有名詞
arabin	arabin	固有名詞
arabis	arabis	固有名詞
arabit	arabit	固有名詞
arable	arable	固有名詞
arabs	arabs	固有名詞
araby	araby	固有名詞
araca	araca	固有名詞
arace	arace	固有名詞
arach	arach	固有名詞
arache	arache	固有名詞
arad	arad	固有名詞
aradid	aradid	固有名詞
arado	arado	固有名詞
arage	arage	固有名詞
arain	arain	固有名詞
arains	arains	固有名詞
araire	araire	固有名詞
araise	araise	固有名詞
arak	arak	固有名詞
arake	arake	固有名詞
araks	araks	固有名詞
arales	arales	固有名詞
aralia	aralia	固有名詞
aralie	aralie	固有名詞
aramid	aramid	固有名詞
aramis	aramis	固有名詞
aramu	aramu	固有名詞
aramus	aramus	固有名詞
aranea	aranea	固有名詞
aranga	aranga	固有名詞
arango	arango	固有名詞
arank	arank	固有名詞
arar	arar	固有名詞
arara	arara	固有名詞
ararao	ararao	固有名詞
araru	araru	固有名詞
arase	arase	固有名詞
arati	arati	固有名詞
araua	araua	固有名詞
arauan	arauan	固有名詞
arauna	arauna	固有名詞
arawa	arawa	固有名詞
arawak	arawak	固有名詞
arayne	arayne	固有名詞
arb	arb	固有名詞
arba	arba	固有名詞
arbalo	arbalo	固有名詞
arbela	arbela	固有名詞
arber	arber	固有名詞
arbith	arbith	固有名詞
arbor	arbor	固有名詞
arbors	arbors	固有名詞
arbory	arbory	固有名詞
arbota	arbota	固有名詞
arbour	arbour	固有名詞
arbs	arbs	固有名詞
arbtrn	arbtrn	固有名詞
arbust	arbust	固有名詞
arbute	arbute	固有名詞
arc	arc	固有名詞
arca	arca	固有名詞
arcade	arcade	固有名詞
arcady	arcady	固有名詞
arcae	arcae	固有名詞
arcana	arcana	固有名詞
arcane	arcane	固有名詞
arcate	arcate	固有名詞
arcato	arcato	固有名詞
arccos	arccos	固有名詞
arced	arced	固有名詞
arces	arces	固有名詞
arch	Arch	固有名詞
archae	archae	固有名詞
archai	archai	固有名詞
archd	archd	固有名詞
arche	arche	固有名詞
arched	arched	固有名詞
archer	archer	固有名詞
arches	arches	固有名詞
archie	archie	固有名詞
archil	archil	固有名詞
archin	archin	固有名詞
archit	archit	固有名詞
archly	archly	固有名詞
archon	archon	固有名詞
archt	archt	固有名詞
archy	archy	固有名詞
arcing	arcing	固有名詞
arcite	arcite	固有名詞
arcked	arcked	固有名詞
arco	arco	固有名詞
arcos	arcos	固有名詞
arcose	arcose	固有名詞
arcs	arcs	固有名詞
arcsin	arcsin	固有名詞
arctan	arctan	固有名詞
arctia	arctia	固有名詞
arctic	arctic	固有名詞
arctos	arctos	固有名詞
arcual	arcual	固有名詞
arcula	arcula	固有名詞
arcus	arcus	固有名詞
ardass	ardass	固有名詞
ardea	ardea	固有名詞
ardeae	ardeae	固有名詞
ardeb	ardeb	固有名詞
ardebs	ardebs	固有名詞
ardeid	ardeid	固有名詞
ardent	ardent	固有名詞
arder	arder	固有名詞
ardish	ardish	固有名詞
arditi	arditi	固有名詞
ardito	ardito	固有名詞
ardor	ardor	固有名詞
ardors	ardors	固有名詞
ardour	ardour	固有名詞
ardri	ardri	固有名詞
ardu	ardu	固有名詞
ardure	ardure	固有名詞
are	are	固有名詞
area	area	固有名詞
areach	areach	固有名詞
aread	aread	固有名詞
aready	aready	固有名詞
areae	areae	固有名詞
areal	areal	固有名詞
arean	arean	固有名詞
arear	arear	固有名詞
areas	areas	固有名詞
areca	areca	固有名詞
arecas	arecas	固有名詞
areche	areche	固有名詞
ared	ared	固有名詞
areek	areek	固有名詞
areel	areel	固有名詞
arefy	arefy	固有名詞
areg	areg	固有名詞
areic	areic	固有名詞
areito	areito	固有名詞
aren	aren	固有名詞
arena	arena	固有名詞
arenae	arenae	固有名詞
arenas	arenas	固有名詞
arend	arend	固有名詞
areng	areng	固有名詞
arenga	arenga	固有名詞
arenig	arenig	固有名詞
arent	arent	固有名詞
areola	areola	固有名詞
areole	areole	固有名詞
arere	arere	固有名詞
ares	ares	固有名詞
arest	arest	固有名詞
aret	aret	固有名詞
arete	arete	固有名詞
aretes	aretes	固有名詞
arette	arette	固有名詞
arew	arew	固有名詞
arf	arf	固有名詞
arg	arg	固有名詞
argal	argal	固有名詞
argala	argala	固有名詞
argali	argali	固有名詞
argals	argals	固有名詞
argan	argan	固有名詞
argand	argand	固有名詞
argans	argans	固有名詞
argas	argas	固有名詞
argean	argean	固有名詞
argel	argel	固有名詞
argema	argema	固有名詞
argent	argent	固有名詞
argh	argh	固有名詞
arghan	arghan	固有名詞
arghel	arghel	固有名詞
argid	argid	固有名詞
argify	argify	固有名詞
argil	argil	固有名詞
argils	argils	固有名詞
argin	argin	固有名詞
argine	argine	固有名詞
argive	argive	固有名詞
argle	argle	固有名詞
argled	argled	固有名詞
argles	argles	固有名詞
argo	argo	固有名詞
argoan	argoan	固有名詞
argol	argol	固有名詞
argols	argols	固有名詞
argon	argon	固有名詞
argons	argons	固有名詞
argos	argos	固有名詞
argosy	argosy	固有名詞
argot	argot	固有名詞
argots	argots	固有名詞
argue	argue	固有名詞
argued	argued	固有名詞
arguer	arguer	固有名詞
argues	argues	固有名詞
argufy	argufy	固有名詞
argus	argus	固有名詞
arguta	arguta	固有名詞
argute	argute	固有名詞
argyle	argyle	固有名詞
argyll	argyll	固有名詞
arhar	arhar	固有名詞
arhat	arhat	固有名詞
arhats	arhats	固有名詞
aria	aria	固有名詞
arian	arian	固有名詞
ariana	ariana	固有名詞
arias	arias	固有名詞
aribin	aribin	固有名詞
aricin	aricin	固有名詞
arid	arid	固有名詞
arided	arided	固有名詞
arider	arider	固有名詞
aridge	aridge	固有名詞
aridly	aridly	固有名詞
ariel	ariel	固有名詞
ariels	ariels	固有名詞
aries	aries	固有名詞
aright	aright	固有名詞
arigue	arigue	固有名詞
ariki	ariki	固有名詞
aril	aril	固有名詞
ariled	ariled	固有名詞
arilli	arilli	固有名詞
arils	arils	固有名詞
arioi	arioi	固有名詞
ariole	ariole	固有名詞
arion	arion	固有名詞
ariose	ariose	固有名詞
ariosi	ariosi	固有名詞
arioso	arioso	固有名詞
ariot	ariot	固有名詞
arise	arise	固有名詞
arised	arised	固有名詞
arisen	arisen	固有名詞
ariser	ariser	固有名詞
arises	arises	固有名詞
arish	arish	固有名詞
arist	arist	固有名詞
arista	arista	固有名詞
ariste	ariste	固有名詞
aristo	aristo	固有名詞
arite	arite	固有名詞
arith	arith	固有名詞
arius	arius	固有名詞
arjun	arjun	固有名詞
ark	ark	固有名詞
arkab	arkab	固有名詞
arkie	arkie	固有名詞
arkite	arkite	固有名詞
arkose	arkose	固有名詞
arks	arks	固有名詞
arle	arle	固有名詞
arlene	arlene	固有名詞
arleng	arleng	固有名詞
arles	arles	固有名詞
arless	arless	固有名詞
arline	arline	固有名詞
arling	arling	固有名詞
arloup	arloup	固有名詞
arm	arm	固有名詞
armada	armada	固有名詞
armado	armado	固有名詞
armary	armary	固有名詞
armata	armata	固有名詞
armed	armed	固有名詞
armer	armer	固有名詞
armers	armers	固有名詞
armet	armet	固有名詞
armets	armets	固有名詞
armful	armful	固有名詞
armida	armida	固有名詞
armied	armied	固有名詞
armies	armies	固有名詞
armil	armil	固有名詞
armill	armill	固有名詞
armine	armine	固有名詞
arming	arming	固有名詞
armit	armit	固有名詞
armlet	armlet	固有名詞
armor	armor	固有名詞
armors	armors	固有名詞
armory	armory	固有名詞
armour	armour	固有名詞
armpad	armpad	固有名詞
armpit	armpit	固有名詞
arms	arms	固有名詞
armure	armure	固有名詞
army	army	固有名詞
arn	arn	固有名詞
arna	arna	固有名詞
arnaut	arnaut	固有名詞
arne	arne	固有名詞
arneb	arneb	固有名詞
arnee	arnee	固有名詞
arni	arni	固有名詞
arnica	arnica	固有名詞
arnold	arnold	固有名詞
arnut	arnut	固有名詞
aro	aro	固有名詞
aroar	aroar	固有名詞
aroast	aroast	固有名詞
arock	arock	固有名詞
aroid	aroid	固有名詞
aroids	aroids	固有名詞
aroint	aroint	固有名詞
arolia	arolia	固有名詞
arolla	arolla	固有名詞
aroma	aroma	固有名詞
aromal	aromal	固有名詞
aromas	aromas	固有名詞
aronia	aronia	固有名詞
aroon	aroon	固有名詞
aroph	aroph	固有名詞
aroras	aroras	固有名詞
arose	arose	固有名詞
around	around	固有名詞
arouse	arouse	固有名詞
arow	arow	固有名詞
aroxyl	aroxyl	固有名詞
aroynt	aroynt	固有名詞
arpen	arpen	固有名詞
arpens	arpens	固有名詞
arpent	arpent	固有名詞
arr	arr	固有名詞
arrace	arrace	固有名詞
arrach	arrach	固有名詞
arrack	arrack	固有名詞
arrage	arrage	固有名詞
arrah	arrah	固有名詞
arrame	arrame	固有名詞
arrand	arrand	固有名詞
arrant	arrant	固有名詞
arras	arras	固有名詞
arrau	arrau	固有名詞
array	array	固有名詞
arrays	arrays	固有名詞
arrear	arrear	固有名詞
arrect	arrect	固有名詞
arrent	arrent	固有名詞
arrest	arrest	固有名詞
arret	arret	固有名詞
arrgt	arrgt	固有名詞
arrha	arrha	固有名詞
arrhal	arrhal	固有名詞
arri	arri	固有名詞
arriba	arriba	固有名詞
arride	arride	固有名詞
arrie	arrie	固有名詞
arriet	arriet	固有名詞
arris	arris	固有名詞
arrish	arrish	固有名詞
arrive	arrive	固有名詞
arroba	arroba	固有名詞
arrode	arrode	固有名詞
arrope	arrope	固有名詞
arrow	arrow	固有名詞
arrows	arrows	固有名詞
arrowy	arrowy	固有名詞
arroya	arroya	固有名詞
arroyo	arroyo	固有名詞
arroz	arroz	固有名詞
arrtez	arrtez	固有名詞
arry	arry	固有名詞
ars	ars	固有名詞
arse	arse	固有名詞
arseno	arseno	固有名詞
arses	arses	固有名詞
arshin	arshin	固有名詞
arsine	arsine	固有名詞
arsino	arsino	固有名詞
arsis	arsis	固有名詞
arsle	arsle	固有名詞
arson	arson	固有名詞
arsono	arsono	固有名詞
arsons	arsons	固有名詞
arsyl	arsyl	固有名詞
art	art	固有名詞
artaba	artaba	固有名詞
artabe	artabe	固有名詞
artal	artal	固有名詞
artar	artar	固有名詞
arte	arte	固有名詞
artel	artel	固有名詞
artels	artels	固有名詞
arter	arter	固有名詞
artery	artery	固有名詞
artful	artful	固有名詞
artgum	artgum	固有名詞
artha	artha	固有名詞
arthel	arthel	固有名詞
arthra	arthra	固有名詞
arthur	arthur	固有名詞
artiad	artiad	固有名詞
artic	artic	固有名詞
artie	artie	固有名詞
artier	artier	固有名詞
artily	artily	固有名詞
artist	artist	固有名詞
artize	artize	固有名詞
artlet	artlet	固有名詞
artly	artly	固有名詞
artou	artou	固有名詞
arts	arts	固有名詞
artsy	artsy	固有名詞
artus	artus	固有名詞
arty	arty	固有名詞
aru	aru	固有名詞
aruac	aruac	固有名詞
arui	arui	固有名詞
aruke	aruke	固有名詞
arulo	arulo	固有名詞
arum	arum	固有名詞
arumin	arumin	固有名詞
arums	arums	固有名詞
arundo	arundo	固有名詞
arunta	arunta	固有名詞
arupa	arupa	固有名詞
arusa	arusa	固有名詞
arusha	arusha	固有名詞
arval	arval	固有名詞
arvel	arvel	固有名詞
arvo	arvo	固有名詞
arvos	arvos	固有名詞
arx	arx	固有名詞
ary	ary	固有名詞
arya	arya	固有名詞
aryan	aryan	固有名詞
aryans	aryans	固有名詞
aryl	aryl	固有名詞
aryls	aryls	固有名詞
arzan	arzan	固有名詞
arzava	arzava	固有名詞
arzawa	arzawa	固有名詞
arzun	arzun	固有名詞
asa	asa	固有名詞
asahel	asahel	固有名詞
asak	asak	固有名詞
asale	asale	固有名詞
asana	asana	固有名詞
asap	asap	固有名詞
asaph	asaph	固有名詞
asarh	asarh	固有名詞
asarin	asarin	固有名詞
asaron	asaron	固有名詞
asarta	asarta	固有名詞
asarum	asarum	固有名詞
asb	asb	固有名詞
asbest	asbest	固有名詞
ascan	ascan	固有名詞
ascape	ascape	固有名詞
ascare	ascare	固有名詞
ascebc	ascebc	固有名詞
ascend	ascend	固有名詞
ascent	ascent	固有名詞
ascham	ascham	固有名詞
ascher	ascher	固有名詞
asci	asci	固有名詞
ascian	ascian	固有名詞
ascii	ASCII	固有名詞
ascill	ascill	固有名詞
ascitb	ascitb	固有名詞
ascite	ascite	固有名詞
ascoma	ascoma	固有名詞
ascon	ascon	固有名詞
ascot	ascot	固有名詞
ascots	ascots	固有名詞
ascry	ascry	固有名詞
ascula	ascula	固有名詞
ascus	ascus	固有名詞
asdic	asdic	固有名詞
asdics	asdics	固有名詞
ase	ase	固有名詞
asea	asea	固有名詞
aseity	aseity	固有名詞
aselar	aselar	固有名詞
aselli	aselli	固有名詞
asem	asem	固有名詞
asemia	asemia	固有名詞
asemic	asemic	固有名詞
asfast	asfast	固有名詞
asg	asg	固有名詞
asgard	asgard	固有名詞
asgd	asgd	固有名詞
asgmt	asgmt	固有名詞
ash	ash	固有名詞
asha	asha	固有名詞
ashake	ashake	固有名詞
ashame	ashame	固有名詞
ashcan	ashcan	固有名詞
ashed	ashed	固有名詞
ashen	ashen	固有名詞
asher	asher	固有名詞
ashery	ashery	固有名詞
ashes	ashes	固有名詞
ashet	ashet	固有名詞
ashier	ashier	固有名詞
ashily	ashily	固有名詞
ashine	ashine	固有名詞
ashing	ashing	固有名詞
ashir	ashir	固有名詞
ashkey	ashkey	固有名詞
ashlar	ashlar	固有名詞
ashler	ashler	固有名詞
ashman	ashman	固有名詞
ashmen	ashmen	固有名詞
ashore	ashore	固有名詞
ashot	ashot	固有名詞
ashpan	ashpan	固有名詞
ashpit	ashpit	固有名詞
ashraf	ashraf	固有名詞
ashram	ashram	固有名詞
ashur	ashur	固有名詞
ashy	ashy	固有名詞
asia	asia	固有名詞
asian	asian	固有名詞
asians	asians	固有名詞
aside	aside	固有名詞
asiden	asiden	固有名詞
asides	asides	固有名詞
asideu	asideu	固有名詞
asilid	asilid	固有名詞
asilus	asilus	固有名詞
asimen	asimen	固有名詞
asitia	asitia	固有名詞
ask	ask	固有名詞
askant	askant	固有名詞
askar	askar	固有名詞
askari	askari	固有名詞
asked	asked	固有名詞
asker	asker	固有名詞
askers	askers	固有名詞
askew	askew	固有名詞
askile	askile	固有名詞
asking	asking	固有名詞
askip	askip	固有名詞
askoi	askoi	固有名詞
askos	askos	固有名詞
askoye	askoye	固有名詞
askr	askr	固有名詞
asks	asks	固有名詞
aslake	aslake	固有名詞
aslant	aslant	固有名詞
asleep	asleep	固有名詞
aslop	aslop	固有名詞
aslope	aslope	固有名詞
asmack	asmack	固有名詞
asmear	asmear	固有名詞
asmile	asmile	固有名詞
asmoke	asmoke	固有名詞
asnort	asnort	固有名詞
asoak	asoak	固有名詞
asok	asok	固有名詞
asoka	asoka	固有名詞
asonia	asonia	固有名詞
asop	asop	固有名詞
asor	asor	固有名詞
asouth	asouth	固有名詞
asp	asp	固有名詞
aspace	aspace	固有名詞
aspca	aspca	固有名詞
aspect	aspect	固有名詞
aspen	aspen	固有名詞
aspens	aspens	固有名詞
asper	asper	固有名詞
aspern	aspern	固有名詞
aspers	aspers	固有名詞
aspic	aspic	固有名詞
aspics	aspics	固有名詞
aspide	aspide	固有名詞
aspire	aspire	固有名詞
aspis	aspis	固有名詞
aspish	aspish	固有名詞
asport	asport	固有名詞
aspout	aspout	固有名詞
asps	asps	固有名詞
aspy	aspy	固有名詞
asquat	asquat	固有名詞
asrama	asrama	固有名詞
ass	ass	固有名詞
assacu	assacu	固有名詞
assahy	assahy	固有名詞
assai	assai	固有名詞
assail	assail	固有名詞
assais	assais	固有名詞
assam	assam	固有名詞
assart	assart	固有名詞
assary	assary	固有名詞
assate	assate	固有名詞
assaut	assaut	固有名詞
assay	assay	固有名詞
assays	assays	固有名詞
assbaa	assbaa	固有名詞
asse	asse	固有名詞
asseal	asseal	固有名詞
asself	asself	固有名詞
assent	assent	固有名詞
assert	assert	固有名詞
asses	asses	固有名詞
assess	assess	固有名詞
asset	asset	固有名詞
asseth	asseth	固有名詞
assets	assets	固有名詞
assi	assi	固有名詞
assify	assify	固有名詞
assign	assign	固有名詞
assis	assis	固有名詞
assisa	assisa	固有名詞
assise	assise	固有名詞
assish	assish	固有名詞
assisi	assisi	固有名詞
assist	assist	固有名詞
assith	assith	固有名詞
assize	assize	固有名詞
assman	assman	固有名詞
assn	assn	固有名詞
assoc	assoc	固有名詞
assoil	assoil	固有名詞
assoin	assoin	固有名詞
assort	assort	固有名詞
assot	assot	固有名詞
asst	asst	固有名詞
assume	assume	固有名詞
assurd	assurd	固有名詞
assure	assure	固有名詞
assyth	assyth	固有名詞
ast	ast	固有名詞
asta	asta	固有名詞
astalk	astalk	固有名詞
astare	astare	固有名詞
astart	astart	固有名詞
astate	astate	固有名詞
astay	astay	固有名詞
asteam	asteam	固有名詞
asteep	asteep	固有名詞
asteer	asteer	固有名詞
astel	astel	固有名詞
astely	astely	固有名詞
aster	aster	固有名詞
astern	astern	固有名詞
asters	asters	固有名詞
astert	astert	固有名詞
asthma	asthma	固有名詞
astian	astian	固有名詞
astint	astint	固有名詞
astir	astir	固有名詞
astite	astite	固有名詞
astond	astond	固有名詞
astone	astone	固有名詞
astony	astony	固有名詞
astoop	astoop	固有名詞
astor	astor	固有名詞
astore	astore	固有名詞
astr	astr	固有名詞
astral	astral	固有名詞
astray	astray	固有名詞
astre	astre	固有名詞
astrer	astrer	固有名詞
astrid	astrid	固有名詞
astrol	astrol	固有名詞
astron	astron	固有名詞
astrut	astrut	固有名詞
astur	astur	固有名詞
astute	astute	固有名詞
asuang	asuang	固有名詞
asuri	asuri	固有名詞
aswail	aswail	固有名詞
aswarm	aswarm	固有名詞
aswash	aswash	固有名詞
asway	asway	固有名詞
asweat	asweat	固有名詞
aswell	aswell	固有名詞
asweve	asweve	固有名詞
aswim	aswim	固有名詞
aswing	aswing	固有名詞
aswirl	aswirl	固有名詞
aswoon	aswoon	固有名詞
asyla	asyla	固有名詞
asyle	asyle	固有名詞
asylum	asylum	固有名詞
async	async	固有名詞
ata	ata	固有名詞
atabal	atabal	固有名詞
atabeg	atabeg	固有名詞
atabek	atabek	固有名詞
atake	atake	固有名詞
atalan	atalan	固有名詞
ataman	ataman	固有名詞
atame	atame	固有名詞
atap	atap	固有名詞
atar	atar	固有名詞
ataunt	ataunt	固有名詞
atavi	atavi	固有名詞
atavic	atavic	固有名詞
atavus	atavus	固有名詞
ataxia	ataxia	固有名詞
ataxic	ataxic	固有名詞
ataxy	ataxy	固有名詞
atazir	atazir	固有名詞
atbash	atbash	固有名詞
ate	ate	固有名詞
ateba	ateba	固有名詞
ated	ated	固有名詞
atees	atees	固有名詞
atef	atef	固有名詞
ateles	ateles	固有名詞
atelic	atelic	固有名詞
atelo	atelo	固有名詞
ately	ately	固有名詞
aten	aten	固有名詞
ates	ates	固有名詞
athar	athar	固有名詞
athel	athel	固有名詞
athena	athena	固有名詞
athens	athens	固有名詞
athing	athing	固有名詞
athink	athink	固有名詞
athold	athold	固有名詞
athort	athort	固有名詞
athrob	athrob	固有名詞
athymy	athymy	固有名詞
ati	ati	固有名詞
atik	atik	固有名詞
atilt	atilt	固有名詞
atimon	atimon	固有名詞
atimy	atimy	固有名詞
ating	ating	固有名詞
atinga	atinga	固有名詞
atip	atip	固有名詞
atis	atis	固有名詞
atka	atka	固有名詞
atlas	atlas	固有名詞
atlatl	atlatl	固有名詞
atle	atle	固有名詞
atlee	atlee	固有名詞
atli	atli	固有名詞
atloid	atloid	固有名詞
atm	atm	固有名詞
atma	atma	固有名詞
atman	atman	固有名詞
atmans	atmans	固有名詞
atmas	atmas	固有名詞
atmid	atmid	固有名詞
atmo	atmo	固有名詞
atmos	atmos	固有名詞
atnah	atnah	固有名詞
atocha	atocha	固有名詞
atocia	atocia	固有名詞
atokal	atokal	固有名詞
atoke	atoke	固有名詞
atole	atole	固有名詞
atoll	atoll	固有名詞
atolls	atolls	固有名詞
atom	atom	固有名詞
atomic	atomic	固有名詞
atoms	atoms	固有名詞
atomy	atomy	固有名詞
atonal	atonal	固有名詞
atone	atone	固有名詞
atoned	atoned	固有名詞
atoner	atoner	固有名詞
atones	atones	固有名詞
atonia	atonia	固有名詞
atonic	atonic	固有名詞
atony	atony	固有名詞
atop	atop	固有名詞
atopen	atopen	固有名詞
atopic	atopic	固有名詞
atopy	atopy	固有名詞
atorai	atorai	固有名詞
atossa	atossa	固有名詞
atour	atour	固有名詞
atoxic	atoxic	固有名詞
atoxyl	atoxyl	固有名詞
atrail	atrail	固有名詞
atrede	atrede	固有名詞
atren	atren	固有名詞
atresy	atresy	固有名詞
atreus	atreus	固有名詞
atria	atria	固有名詞
atrial	atrial	固有名詞
atrip	atrip	固有名詞
atrium	atrium	固有名詞
atroce	atroce	固有名詞
atropa	atropa	固有名詞
atrous	atrous	固有名詞
atry	atry	固有名詞
atrypa	atrypa	固有名詞
atsara	atsara	固有名詞
att	att	固有名詞
atta	atta	固有名詞
attach	attach	固有名詞
attack	attack	固有名詞
attain	attain	固有名詞
attal	attal	固有名詞
attame	attame	固有名詞
attar	attar	固有名詞
attars	attars	固有名詞
attask	attask	固有名詞
atte	atte	固有名詞
atteal	atteal	固有名詞
attend	attend	固有名詞
attent	attent	固有名詞
atter	atter	固有名詞
attern	attern	固有名詞
atterr	atterr	固有名詞
attery	attery	固有名詞
attest	attest	固有名詞
attic	attic	固有名詞
attice	attice	固有名詞
attics	attics	固有名詞
attid	attid	固有名詞
attila	attila	固有名詞
attire	attire	固有名詞
attle	attle	固有名詞
attn	attn	固有名詞
attomy	attomy	固有名詞
attorn	attorn	固有名詞
attour	attour	固有名詞
attrap	attrap	固有名詞
attrib	attrib	固有名詞
attry	attry	固有名詞
attune	attune	固有名詞
atturn	atturn	固有名詞
atty	atty	固有名詞
atua	atua	固有名詞
atuami	atuami	固有名詞
atule	atule	固有名詞
atune	atune	固有名詞
atveen	atveen	固有名詞
atwain	atwain	固有名詞
atweel	atweel	固有名詞
atween	atween	固有名詞
atwin	atwin	固有名詞
atwind	atwind	固有名詞
atwirl	atwirl	固有名詞
atwist	atwist	固有名詞
atwite	atwite	固有名詞
atwixt	atwixt	固有名詞
atwo	atwo	固有名詞
atypic	atypic	固有名詞
atypy	atypy	固有名詞
aubade	aubade	固有名詞
aubain	aubain	固有名詞
aube	aube	固有名詞
aubin	aubin	固有名詞
aubrey	aubrey	固有名詞
auburn	auburn	固有名詞
auca	auca	固有名詞
aucan	aucan	固有名詞
aucht	aucht	固有名詞
auctor	auctor	固有名詞
aucuba	aucuba	固有名詞
aud	aud	固有名詞
audace	audace	固有名詞
audad	audad	固有名詞
audads	audads	固有名詞
audian	audian	固有名詞
audile	audile	固有名詞
auding	auding	固有名詞
audio	audio	固有名詞
audion	audion	固有名詞
audios	audios	固有名詞
audit	audit	固有名詞
audits	audits	固有名詞
audrey	audrey	固有名詞
aueto	aueto	固有名詞
auf	auf	固有名詞
aufait	aufait	固有名詞
aug	aug	固有名詞
auge	auge	固有名詞
augean	augean	固有名詞
augen	augen	固有名詞
augend	augend	固有名詞
auger	auger	固有名詞
augers	augers	固有名詞
auget	auget	固有名詞
augh	augh	固有名詞
aught	aught	固有名詞
aughts	aughts	固有名詞
augite	augite	固有名詞
augrim	augrim	固有名詞
augur	augur	固有名詞
augure	augure	固有名詞
augurs	augurs	固有名詞
augury	augury	固有名詞
august	august	固有名詞
auh	auh	固有名詞
auhuhu	auhuhu	固有名詞
auk	auk	固有名詞
auklet	auklet	固有名詞
auks	auks	固有名詞
aul	aul	固有名詞
aula	aula	固有名詞
aulae	aulae	固有名詞
aulas	aulas	固有名詞
auld	auld	固有名詞
aulder	aulder	固有名詞
aulete	aulete	固有名詞
aulic	aulic	固有名詞
aullay	aullay	固有名詞
auloi	auloi	固有名詞
aulos	aulos	固有名詞
aulu	aulu	固有名詞
aum	aum	固有名詞
aumaga	aumaga	固有名詞
aumail	aumail	固有名詞
aumbry	aumbry	固有名詞
aumery	aumery	固有名詞
aumil	aumil	固有名詞
aumous	aumous	固有名詞
aumrie	aumrie	固有名詞
auncel	auncel	固有名詞
aune	aune	固有名詞
aunt	aunt	固有名詞
aunter	aunter	固有名詞
auntie	auntie	固有名詞
auntly	auntly	固有名詞
auntre	auntre	固有名詞
aunts	aunts	固有名詞
aunty	aunty	固有名詞
aupaka	aupaka	固有名詞
aura	aura	固有名詞
aurae	aurae	固有名詞
aural	aural	固有名詞
aurang	aurang	固有名詞
aurar	aurar	固有名詞
auras	auras	固有名詞
aurata	aurata	固有名詞
aurate	aurate	固有名詞
aureal	aureal	固有名詞
aurei	aurei	固有名詞
aurene	aurene	固有名詞
aures	aures	固有名詞
aureus	aureus	固有名詞
auric	auric	固有名詞
auride	auride	固有名詞
aurify	aurify	固有名詞
auriga	auriga	固有名詞
aurigo	aurigo	固有名詞
aurin	aurin	固有名詞
aurine	aurine	固有名詞
aurir	aurir	固有名詞
auris	auris	固有名詞
aurist	aurist	固有名詞
aurite	aurite	固有名詞
auroch	auroch	固有名詞
aurora	aurora	固有名詞
aurore	aurore	固有名詞
aurous	aurous	固有名詞
aurum	aurum	固有名詞
aurums	aurums	固有名詞
aurung	aurung	固有名詞
aurure	aurure	固有名詞
auryl	auryl	固有名詞
aus	aus	固有名詞
aushar	aushar	固有名詞
auspex	auspex	固有名詞
aussie	aussie	固有名詞
auster	auster	固有名詞
austin	austin	固有名詞
ausu	ausu	固有名詞
ausubo	ausubo	固有名詞
aute	aute	固有名詞
autecy	autecy	固有名詞
autem	autem	固有名詞
autere	autere	固有名詞
auteur	auteur	固有名詞
auth	auth	固有名詞
author	author	固有名詞
autism	autism	固有名詞
autist	autist	固有名詞
auto	auto	固有名詞
autoed	autoed	固有名詞
automa	automa	固有名詞
autor	autor	固有名詞
autos	autos	固有名詞
autota	autota	固有名詞
autre	autre	固有名詞
autumn	autumn	固有名詞
aux	aux	固有名詞
auxil	auxil	固有名詞
auxin	auxin	固有名詞
auxins	auxins	固有名詞
ava	ava	固有名詞
avahi	avahi	固有名詞
avail	avail	固有名詞
avails	avails	固有名詞
aval	aval	固有名詞
avale	avale	固有名詞
avalon	avalon	固有名詞
avance	avance	固有名詞
avania	avania	固有名詞
avant	avant	固有名詞
avanti	avanti	固有名詞
avanyu	avanyu	固有名詞
avar	avar	固有名詞
avaram	avaram	固有名詞
avars	avars	固有名詞
avast	avast	固有名詞
avatar	avatar	固有名詞
avaunt	avaunt	固有名詞
avdp	avdp	固有名詞
ave	ave	固有名詞
avell	avell	固有名詞
aveloz	aveloz	固有名詞
avena	avena	固有名詞
avener	avener	固有名詞
avenge	avenge	固有名詞
avenin	avenin	固有名詞
avens	avens	固有名詞
avenue	avenue	固有名詞
aveny	aveny	固有名詞
aver	aver	固有名詞
avera	avera	固有名詞
averah	averah	固有名詞
averia	averia	固有名詞
averil	averil	固有名詞
averin	averin	固有名詞
avern	avern	固有名詞
avers	avers	固有名詞
averse	averse	固有名詞
avert	avert	固有名詞
averts	averts	固有名詞
avery	avery	固有名詞
aves	aves	固有名詞
avesta	avesta	固有名詞
avg	avg	固有名詞
avgas	avgas	固有名詞
avian	avian	固有名詞
avians	avians	固有名詞
aviary	aviary	固有名詞
aviate	aviate	固有名詞
avichi	avichi	固有名詞
avick	avick	固有名詞
avid	avid	固有名詞
avidin	avidin	固有名詞
avidly	avidly	固有名詞
avidya	avidya	固有名詞
avie	avie	固有名詞
aview	aview	固有名詞
avijja	avijja	固有名詞
avikom	avikom	固有名詞
avile	avile	固有名詞
avine	avine	固有名詞
avion	avion	固有名詞
avions	avions	固有名詞
avis	avis	固有名詞
aviso	aviso	固有名詞
avisos	avisos	固有名詞
avital	avital	固有名詞
avitic	avitic	固有名詞
avives	avives	固有名詞
avn	avn	固有名詞
avo	avo	固有名詞
avocat	avocat	固有名詞
avocet	avocet	固有名詞
avoid	avoid	固有名詞
avoids	avoids	固有名詞
avoir	avoir	固有名詞
avoke	avoke	固有名詞
avos	avos	固有名詞
avoset	avoset	固有名詞
avouch	avouch	固有名詞
avoue	avoue	固有名詞
avour	avour	固有名詞
avoure	avoure	固有名詞
avow	avow	固有名詞
avowal	avowal	固有名詞
avowe	avowe	固有名詞
avowed	avowed	固有名詞
avower	avower	固有名詞
avowry	avowry	固有名詞
avows	avows	固有名詞
avoy	avoy	固有名詞
avoyer	avoyer	固有名詞
avshar	avshar	固有名詞
avulse	avulse	固有名詞
avys	avys	固有名詞
awa	awa	固有名詞
awabi	awabi	固有名詞
awacs	awacs	固有名詞
awadhi	awadhi	固有名詞
awaft	awaft	固有名詞
awag	awag	固有名詞
await	await	固有名詞
awaits	awaits	固有名詞
awake	awake	固有名詞
awaked	awaked	固有名詞
awaken	awaken	固有名詞
awakes	awakes	固有名詞
awald	awald	固有名詞
awalim	awalim	固有名詞
awalt	awalt	固有名詞
awan	awan	固有名詞
awane	awane	固有名詞
awanyu	awanyu	固有名詞
award	award	固有名詞
awards	awards	固有名詞
aware	aware	固有名詞
awarn	awarn	固有名詞
awash	awash	固有名詞
awaste	awaste	固有名詞
awat	awat	固有名詞
awatch	awatch	固有名詞
awater	awater	固有名詞
awave	awave	固有名詞
away	away	固有名詞
aways	aways	固有名詞
awber	awber	固有名詞
awd	awd	固有名詞
awe	awe	固有名詞
aweary	aweary	固有名詞
awed	awed	固有名詞
awedly	awedly	固有名詞
awee	awee	固有名詞
aweek	aweek	固有名詞
aweel	aweel	固有名詞
aweigh	aweigh	固有名詞
aweing	aweing	固有名詞
awes	awes	固有名詞
awest	awest	固有名詞
aweto	aweto	固有名詞
awfu	awfu	固有名詞
awful	awful	固有名詞
awhape	awhape	固有名詞
awheel	awheel	固有名詞
awheft	awheft	固有名詞
awhet	awhet	固有名詞
awhile	awhile	固有名詞
awhir	awhir	固有名詞
awhirl	awhirl	固有名詞
awide	awide	固有名詞
awin	awin	固有名詞
awing	awing	固有名詞
awink	awink	固有名詞
awiwi	awiwi	固有名詞
awk	awk	固有名詞
awkly	awkly	固有名詞
awl	awl	固有名詞
awless	awless	固有名詞
awls	awls	固有名詞
awm	awm	固有名詞
awmous	awmous	固有名詞
awn	awn	固有名詞
awned	awned	固有名詞
awner	awner	固有名詞
awning	awning	固有名詞
awns	awns	固有名詞
awny	awny	固有名詞
awoke	awoke	固有名詞
awoken	awoken	固有名詞
awol	awol	固有名詞
awols	awols	固有名詞
awork	awork	固有名詞
aworry	aworry	固有名詞
aworth	aworth	固有名詞
awreak	awreak	固有名詞
awreck	awreck	固有名詞
awrist	awrist	固有名詞
awrong	awrong	固有名詞
awry	awry	固有名詞
aws	AWS	固有名詞
awshar	awshar	固有名詞
axal	axal	固有名詞
axe	axe	固有名詞
axed	axed	固有名詞
axel	axel	固有名詞
axels	axels	固有名詞
axeman	axeman	固有名詞
axemen	axemen	固有名詞
axenic	axenic	固有名詞
axer	axer	固有名詞
axers	axers	固有名詞
axes	axes	固有名詞
axhead	axhead	固有名詞
axial	axial	固有名詞
axiate	axiate	固有名詞
axil	axil	固有名詞
axile	axile	固有名詞
axilla	axilla	固有名詞
axils	axils	固有名詞
axin	axin	固有名詞
axine	axine	固有名詞
axing	axing	固有名詞
axiom	axiom	固有名詞
axioms	axioms	固有名詞
axion	axion	固有名詞
axis	axis	固有名詞
axised	axised	固有名詞
axises	axises	固有名詞
axite	axite	固有名詞
axites	axites	固有名詞
axle	axle	固有名詞
axled	axled	固有名詞
axles	axles	固有名詞
axlike	axlike	固有名詞
axman	axman	固有名詞
axmen	axmen	固有名詞
axoid	axoid	固有名詞
axon	axon	固有名詞
axonal	axonal	固有名詞
axone	axone	固有名詞
axones	axones	固有名詞
axonia	axonia	固有名詞
axonic	axonic	固有名詞
axons	axons	固有名詞
axseed	axseed	固有名詞
axtree	axtree	固有名詞
axunge	axunge	固有名詞
axweed	axweed	固有名詞
axwise	axwise	固有名詞
axwort	axwort	固有名詞
ayah	ayah	固有名詞
ayahs	ayahs	固有名詞
aye	aye	固有名詞
ayelp	ayelp	固有名詞
ayen	ayen	固有名詞
ayens	ayens	固有名詞
ayenst	ayenst	固有名詞
ayes	ayes	固有名詞
ayield	ayield	固有名詞
ayin	ayin	固有名詞
ayins	ayins	固有名詞
ayless	ayless	固有名詞
aylet	aylet	固有名詞
ayllu	ayllu	固有名詞
aymara	aymara	固有名詞
ayme	ayme	固有名詞
aymoro	aymoro	固有名詞
ayne	ayne	固有名詞
ayond	ayond	固有名詞
ayont	ayont	固有名詞
ayous	ayous	固有名詞
ayre	ayre	固有名詞
ays	ays	固有名詞
aythya	aythya	固有名詞
ayu	ayu	固有名詞
ayuyu	ayuyu	固有名詞
azalea	azalea	固有名詞
azan	azan	固有名詞
azande	azande	固有名詞
azans	azans	固有名詞
azazel	azazel	固有名詞
azha	azha	固有名詞
azide	azide	固有名詞
azides	azides	固有名詞
azido	azido	固有名詞
azilut	azilut	固有名詞
azimin	azimin	固有名詞
azine	azine	固有名詞
azines	azines	固有名詞
aziola	aziola	固有名詞
azlon	azlon	固有名詞
azlons	azlons	固有名詞
azo	azo	固有名詞
azoch	azoch	固有名詞
azofy	azofy	固有名詞
azoic	azoic	固有名詞
azole	azole	固有名詞
azoles	azoles	固有名詞
azolla	azolla	固有名詞
azon	azon	固有名詞
azonal	azonal	固有名詞
azonic	azonic	固有名詞
azons	azons	固有名詞
azores	azores	固有名詞
azote	azote	固有名詞
azotea	azotea	固有名詞
azoted	azoted	固有名詞
azotes	azotes	固有名詞
azoth	azoth	固有名詞
azoths	azoths	固有名詞
azotic	azotic	固有名詞
azotin	azotin	固有名詞
azox	azox	固有名詞
azoxy	azoxy	固有名詞
azrael	azrael	固有名詞
aztec	aztec	固有名詞
azteca	azteca	固有名詞
aztecs	aztecs	固有名詞
azure	Azure	固有名詞
azured	azured	固有名詞
azures	azures	固有名詞
azury	azury	固有名詞
azygos	azygos	固有名詞
azyme	azyme	固有名詞
baa	baa	固有名詞
baaed	baaed	固有名詞
baaing	baaing	固有名詞
baal	baal	固有名詞
baalim	baalim	固有名詞
baals	baals	固有名詞
baar	baar	固有名詞
baas	baas	固有名詞
bab	bab	固有名詞
baba	baba	固有名詞
babai	babai	固有名詞
babas	babas	固有名詞
babasu	babasu	固有名詞
babbie	babbie	固有名詞
babbit	babbit	固有名詞
babble	babble	固有名詞
babbly	babbly	固有名詞
babby	babby	固有名詞
babe	babe	固有名詞
babel	babel	固有名詞
babels	babels	固有名詞
babery	babery	固有名詞
babes	babes	固有名詞
babhan	babhan	固有名詞
babi	babi	固有名詞
babied	babied	固有名詞
babies	babies	固有名詞
babine	babine	固有名詞
babion	babion	固有名詞
babis	babis	固有名詞
babish	babish	固有名詞
babism	babism	固有名詞
babist	babist	固有名詞
babite	babite	固有名詞
babka	babka	固有名詞
babkas	babkas	固有名詞
bablah	bablah	固有名詞
bable	bable	固有名詞
babloh	babloh	固有名詞
baboen	baboen	固有名詞
baboo	baboo	固有名詞
babool	babool	固有名詞
baboon	baboon	固有名詞
baboos	baboos	固有名詞
baboot	baboot	固有名詞
babs	babs	固有名詞
babu	babu	固有名詞
babua	babua	固有名詞
babul	babul	固有名詞
babuls	babuls	固有名詞
babuma	babuma	固有名詞
baburd	baburd	固有名詞
babus	babus	固有名詞
baby	baby	固有名詞
bac	bac	固有名詞
bacaba	bacaba	固有名詞
bacach	bacach	固有名詞
bacao	bacao	固有名詞
bacca	bacca	固有名詞
baccae	baccae	固有名詞
baccar	baccar	固有名詞
baccy	baccy	固有名詞
bach	bach	固有名詞
bache	bache	固有名詞
bached	bached	固有名詞
bachel	bachel	固有名詞
baches	baches	固有名詞
bacile	bacile	固有名詞
bacin	bacin	固有名詞
bacis	bacis	固有名詞
back	back	固有名詞
backed	backed	固有名詞
backen	backen	固有名詞
backer	backer	固有名詞
backet	backet	固有名詞
backie	backie	固有名詞
backs	backs	固有名詞
backup	backup	固有名詞
backus	backus	固有名詞
backy	backy	固有名詞
baclin	baclin	固有名詞
bacon	bacon	固有名詞
bacons	bacons	固有名詞
bacony	bacony	固有名詞
bacopa	bacopa	固有名詞
bact	bact	固有名詞
bacula	bacula	固有名詞
bacule	bacule	固有名詞
baculi	baculi	固有名詞
bacury	bacury	固有名詞
bad	bad	固有名詞
badaga	badaga	固有名詞
badan	badan	固有名詞
badass	badass	固有名詞
badaud	badaud	固有名詞
badawi	badawi	固有名詞
badaxe	badaxe	固有名詞
badder	badder	固有名詞
baddie	baddie	固有名詞
baddy	baddy	固有名詞
bade	bade	固有名詞
badge	badge	固有名詞
badged	badged	固有名詞
badger	badger	固有名詞
badges	badges	固有名詞
badgir	badgir	固有名詞
badhan	badhan	固有名詞
badian	badian	固有名詞
badju	badju	固有名詞
badly	badly	固有名詞
badman	badman	固有名詞
badmen	badmen	固有名詞
badon	badon	固有名詞
bads	bads	固有名詞
bae	bae	固有名詞
bael	bael	固有名詞
baeria	baeria	固有名詞
baetyl	baetyl	固有名詞
bafaro	bafaro	固有名詞
baff	baff	固有名詞
baffed	baffed	固有名詞
baffle	baffle	固有名詞
baffs	baffs	固有名詞
baffy	baffy	固有名詞
baft	baft	固有名詞
bafta	bafta	固有名詞
baftah	baftah	固有名詞
bafyot	bafyot	固有名詞
bag	bag	固有名詞
baga	baga	固有名詞
bagani	bagani	固有名詞
bagass	bagass	固有名詞
bagdad	bagdad	固有名詞
bagdi	bagdi	固有名詞
bagel	bagel	固有名詞
bagels	bagels	固有名詞
bagful	bagful	固有名詞
bagge	bagge	固有名詞
bagged	bagged	固有名詞
bagger	bagger	固有名詞
baggie	baggie	固有名詞
baggit	baggit	固有名詞
baggy	baggy	固有名詞
bagh	bagh	固有名詞
baghla	baghla	固有名詞
bagie	bagie	固有名詞
bagio	bagio	固有名詞
bagios	bagios	固有名詞
bagle	bagle	固有名詞
bagman	bagman	固有名詞
bagmen	bagmen	固有名詞
bagne	bagne	固有名詞
bagnes	bagnes	固有名詞
bagnet	bagnet	固有名詞
bagnio	bagnio	固有名詞
bagnut	bagnut	固有名詞
bago	bago	固有名詞
bagobo	bagobo	固有名詞
bagong	bagong	固有名詞
bagpod	bagpod	固有名詞
bagre	bagre	固有名詞
bags	bags	固有名詞
baguet	baguet	固有名詞
baguio	baguio	固有名詞
bagwig	bagwig	固有名詞
bagwyn	bagwyn	固有名詞
bah	bah	固有名詞
bahada	bahada	固有名詞
bahai	bahai	固有名詞
baham	baham	固有名詞
bahama	bahama	固有名詞
bahan	bahan	固有名詞
bahar	bahar	固有名詞
bahay	bahay	固有名詞
bahera	bahera	固有名詞
bahima	bahima	固有名詞
baho	baho	固有名詞
bahoe	bahoe	固有名詞
bahoo	bahoo	固有名詞
baht	baht	固有名詞
bahts	bahts	固有名詞
bahuma	bahuma	固有名詞
bahur	bahur	固有名詞
bahut	bahut	固有名詞
bahuts	bahuts	固有名詞
bahutu	bahutu	固有名詞
bai	bai	固有名詞
baidak	baidak	固有名詞
baidar	baidar	固有名詞
baidya	baidya	固有名詞
baiera	baiera	固有名詞
baign	baign	固有名詞
baikie	baikie	固有名詞
bail	bail	固有名詞
baile	baile	固有名詞
bailed	bailed	固有名詞
bailee	bailee	固有名詞
bailer	bailer	固有名詞
bailey	bailey	固有名詞
bailie	bailie	固有名詞
bailli	bailli	固有名詞
bailo	bailo	固有名詞
bailor	bailor	固有名詞
bails	bails	固有名詞
bain	bain	固有名詞
bainie	bainie	固有名詞
baioc	baioc	固有名詞
bairam	bairam	固有名詞
bairdi	bairdi	固有名詞
bairn	bairn	固有名詞
bairns	bairns	固有名詞
bais	bais	固有名詞
bait	bait	固有名詞
baited	baited	固有名詞
baiter	baiter	固有名詞
baith	baith	固有名詞
baits	baits	固有名詞
baiza	baiza	固有名詞
baizas	baizas	固有名詞
baize	baize	固有名詞
baized	baized	固有名詞
baizes	baizes	固有名詞
baja	baja	固有名詞
bajada	bajada	固有名詞
bajan	bajan	固有名詞
bajau	bajau	固有名詞
bajra	bajra	固有名詞
bajree	bajree	固有名詞
bajri	bajri	固有名詞
bajury	bajury	固有名詞
baka	baka	固有名詞
bakal	bakal	固有名詞
bake	bake	固有名詞
baked	baked	固有名詞
baken	baken	固有名詞
baker	baker	固有名詞
bakers	bakers	固有名詞
bakery	bakery	固有名詞
bakes	bakes	固有名詞
bakie	bakie	固有名詞
baking	baking	固有名詞
bakli	bakli	固有名詞
bakra	bakra	固有名詞
bakshi	bakshi	固有名詞
baktun	baktun	固有名詞
baku	baku	固有名詞
bakuba	bakuba	固有名詞
bakula	bakula	固有名詞
bakutu	bakutu	固有名詞
bal	bal	固有名詞
bala	bala	固有名詞
balaam	balaam	固有名詞
balada	balada	固有名詞
balafo	balafo	固有名詞
balai	balai	固有名詞
balaic	balaic	固有名詞
balak	balak	固有名詞
balan	balan	固有名詞
balant	balant	固有名詞
balao	balao	固有名詞
balaos	balaos	固有名詞
balas	balas	固有名詞
balat	balat	固有名詞
balata	balata	固有名詞
balate	balate	固有名詞
balau	balau	固有名詞
balawa	balawa	固有名詞
balawu	balawu	固有名詞
balboa	balboa	固有名詞
balche	balche	固有名詞
balcon	balcon	固有名詞
bald	bald	固有名詞
balded	balded	固有名詞
balden	balden	固有名詞
balder	balder	固有名詞
baldie	baldie	固有名詞
baldly	baldly	固有名詞
balds	balds	固有名詞
baldy	baldy	固有名詞
bale	bale	固有名詞
baled	baled	固有名詞
baleen	baleen	固有名詞
balei	balei	固有名詞
baler	baler	固有名詞
balers	balers	固有名詞
bales	bales	固有名詞
balete	balete	固有名詞
baleys	baleys	固有名詞
bali	bali	固有名詞
balian	balian	固有名詞
balija	balija	固有名詞
baline	baline	固有名詞
baling	baling	固有名詞
balita	balita	固有名詞
baliti	baliti	固有名詞
balize	balize	固有名詞
balk	balk	固有名詞
balkan	balkan	固有名詞
balkar	balkar	固有名詞
balked	balked	固有名詞
balker	balker	固有名詞
balkis	balkis	固有名詞
balks	balks	固有名詞
balky	balky	固有名詞
ball	ball	固有名詞
ballad	ballad	固有名詞
ballam	ballam	固有名詞
ballan	ballan	固有名詞
ballas	ballas	固有名詞
ballat	ballat	固有名詞
balled	balled	固有名詞
baller	baller	固有名詞
ballet	ballet	固有名詞
balli	balli	固有名詞
ballo	ballo	固有名詞
ballon	ballon	固有名詞
ballot	ballot	固有名詞
ballow	ballow	固有名詞
balls	balls	固有名詞
ballsy	ballsy	固有名詞
ballup	ballup	固有名詞
bally	bally	固有名詞
balm	balm	固有名詞
balms	balms	固有名詞
balmy	balmy	固有名詞
balnea	balnea	固有名詞
baloch	baloch	固有名詞
balolo	balolo	固有名詞
balon	balon	固有名詞
baloo	baloo	固有名詞
balor	balor	固有名詞
balow	balow	固有名詞
balr	balr	固有名詞
bals	bals	固有名詞
balsa	balsa	固有名詞
balsam	balsam	固有名詞
balsas	balsas	固有名詞
balt	balt	固有名詞
baltei	baltei	固有名詞
balter	balter	固有名詞
balti	balti	固有名詞
baltic	baltic	固有名詞
baltis	baltis	固有名詞
balu	balu	固有名詞
baluba	baluba	固有名詞
baluch	baluch	固有名詞
baluga	baluga	固有名詞
balun	balun	固有名詞
balut	balut	固有名詞
balza	balza	固有名詞
bam	bam	固有名詞
bamah	bamah	固有名詞
bamban	bamban	固有名詞
bamboo	bamboo	固有名詞
bambos	bambos	固有名詞
bambuk	bambuk	固有名詞
bammed	bammed	固有名詞
bamoth	bamoth	固有名詞
bams	bams	固有名詞
ban	ban	固有名詞
bana	bana	固有名詞
banaba	banaba	固有名詞
banago	banago	固有名詞
banak	banak	固有名詞
banal	banal	固有名詞
banana	banana	固有名詞
banat	banat	固有名詞
banate	banate	固有名詞
banba	banba	固有名詞
banc	banc	固有名詞
banca	banca	固有名詞
bancal	bancal	固有名詞
bancha	bancha	固有名詞
banchi	banchi	固有名詞
banco	banco	固有名詞
bancos	bancos	固有名詞
bancus	bancus	固有名詞
band	band	固有名詞
banda	banda	固有名詞
bandar	bandar	固有名詞
bande	bande	固有名詞
banded	banded	固有名詞
bandel	bandel	固有名詞
bander	bander	固有名詞
bandh	bandh	固有名詞
bandhu	bandhu	固有名詞
bandi	bandi	固有名詞
bandie	bandie	固有名詞
bandit	bandit	固有名詞
bandle	bandle	固有名詞
bando	bando	固有名詞
bandog	bandog	固有名詞
bandon	bandon	固有名詞
bandor	bandor	固有名詞
bandos	bandos	固有名詞
bands	bands	固有名詞
bandy	bandy	固有名詞
bane	bane	固有名詞
baned	baned	固有名詞
banes	banes	固有名詞
banff	banff	固有名詞
bang	bang	固有名詞
banga	banga	固有名詞
bange	bange	固有名詞
banged	banged	固有名詞
banger	banger	固有名詞
banghy	banghy	固有名詞
bangia	bangia	固有名詞
bangle	bangle	固有名詞
bangos	bangos	固有名詞
bangs	bangs	固有名詞
bangup	bangup	固有名詞
bangy	bangy	固有名詞
bani	bani	固有名詞
bania	bania	固有名詞
banian	banian	固有名詞
banig	banig	固有名詞
baning	baning	固有名詞
banish	banish	固有名詞
baniva	baniva	固有名詞
baniwa	baniwa	固有名詞
baniya	baniya	固有名詞
banjo	banjo	固有名詞
banjos	banjos	固有名詞
bank	bank	固有名詞
banked	banked	固有名詞
banker	banker	固有名詞
banket	banket	固有名詞
banks	banks	固有名詞
banky	banky	固有名詞
bannat	bannat	固有名詞
banned	banned	固有名詞
banner	banner	固有名詞
bannet	bannet	固有名詞
banns	banns	固有名詞
bannut	bannut	固有名詞
banque	banque	固有名詞
banquo	banquo	固有名詞
bans	bans	固有名詞
bant	bant	固有名詞
bantam	bantam	固有名詞
bantay	bantay	固有名詞
banter	banter	固有名詞
bantin	bantin	固有名詞
bantu	bantu	固有名詞
bantus	bantus	固有名詞
banty	banty	固有名詞
banus	banus	固有名詞
banuyo	banuyo	固有名詞
banya	banya	固有名詞
banyai	banyai	固有名詞
banyan	banyan	固有名詞
banzai	banzai	固有名詞
baobab	baobab	固有名詞
bap	bap	固有名詞
baphia	baphia	固有名詞
bapt	bapt	固有名詞
bar	bar	固有名詞
bara	bara	固有名詞
baraca	baraca	固有名詞
barad	barad	固有名詞
baraka	baraka	固有名詞
barani	barani	固有名詞
barat	barat	固有名詞
barato	barato	固有名詞
baraza	baraza	固有名詞
barb	barb	固有名詞
barba	barba	固有名詞
barbal	barbal	固有名詞
barbar	barbar	固有名詞
barbas	barbas	固有名詞
barbe	barbe	固有名詞
barbed	barbed	固有名詞
barbel	barbel	固有名詞
barber	barber	固有名詞
barbes	barbes	固有名詞
barbet	barbet	固有名詞
barble	barble	固有名詞
barboy	barboy	固有名詞
barbra	barbra	固有名詞
barbre	barbre	固有名詞
barbs	barbs	固有名詞
barbu	barbu	固有名詞
barbut	barbut	固有名詞
barcan	barcan	固有名詞
barcas	barcas	固有名詞
barche	barche	固有名詞
barcoo	barcoo	固有名詞
bard	bard	固有名詞
barde	barde	固有名詞
barded	barded	固有名詞
bardee	bardee	固有名詞
bardel	bardel	固有名詞
bardes	bardes	固有名詞
bardic	bardic	固有名詞
bardie	bardie	固有名詞
bardo	bardo	固有名詞
bards	bards	固有名詞
bardy	bardy	固有名詞
bare	bare	固有名詞
bareca	bareca	固有名詞
bared	bared	固有名詞
barege	barege	固有名詞
bareka	bareka	固有名詞
barely	barely	固有名詞
barer	barer	固有名詞
bares	bares	固有名詞
barest	barest	固有名詞
baret	baret	固有名詞
barf	barf	固有名詞
barfed	barfed	固有名詞
barff	barff	固有名詞
barfly	barfly	固有名詞
barfs	barfs	固有名詞
barful	barful	固有名詞
barfy	barfy	固有名詞
barge	barge	固有名詞
barged	barged	固有名詞
bargee	bargee	固有名詞
barger	barger	固有名詞
barges	barges	固有名詞
bargh	bargh	固有名詞
bargir	bargir	固有名詞
barhal	barhal	固有名詞
barhop	barhop	固有名詞
bari	bari	固有名詞
baria	baria	固有名詞
baric	baric	固有名詞
barid	barid	固有名詞
barie	barie	固有名詞
barih	barih	固有名詞
barile	barile	固有名詞
baring	baring	固有名詞
baris	baris	固有名詞
barish	barish	固有名詞
barit	barit	固有名詞
barite	barite	固有名詞
barium	barium	固有名詞
bark	bark	固有名詞
barkan	barkan	固有名詞
barked	barked	固有名詞
barken	barken	固有名詞
barker	barker	固有名詞
barkey	barkey	固有名詞
barkle	barkle	固有名詞
barks	barks	固有名詞
barky	barky	固有名詞
barley	barley	固有名詞
barlow	barlow	固有名詞
barly	barly	固有名詞
barm	barm	固有名詞
barman	barman	固有名詞
barmen	barmen	固有名詞
barmie	barmie	固有名詞
barms	barms	固有名詞
barmy	barmy	固有名詞
barn	barn	固有名詞
barney	barney	固有名詞
barns	barns	固有名詞
barny	barny	固有名詞
baroco	baroco	固有名詞
baroi	baroi	固有名詞
baroko	baroko	固有名詞
barolo	barolo	固有名詞
baron	baron	固有名詞
barong	barong	固有名詞
baroni	baroni	固有名詞
barons	barons	固有名詞
barony	barony	固有名詞
baroto	baroto	固有名詞
barque	barque	固有名詞
barr	barr	固有名詞
barra	barra	固有名詞
barrad	barrad	固有名詞
barras	barras	固有名詞
barrat	barrat	固有名詞
barre	barre	固有名詞
barred	barred	固有名詞
barrel	barrel	固有名詞
barren	barren	固有名詞
barrer	barrer	固有名詞
barres	barres	固有名詞
barret	barret	固有名詞
barrio	barrio	固有名詞
barrow	barrow	固有名詞
barry	barry	固有名詞
bars	bars	固有名詞
barsac	barsac	固有名詞
barse	barse	固有名詞
barsom	barsom	固有名詞
bart	bart	固有名詞
barter	barter	固有名詞
barth	barth	固有名詞
barton	barton	固有名詞
baru	baru	固有名詞
baruch	baruch	固有名詞
barvel	barvel	固有名詞
barwal	barwal	固有名詞
barway	barway	固有名詞
barwin	barwin	固有名詞
barye	barye	固有名詞
baryes	baryes	固有名詞
baryon	baryon	固有名詞
baryta	baryta	固有名詞
baryte	baryte	固有名詞
bas	bas	固有名詞
basad	basad	固有名詞
basal	basal	固有名詞
basale	basale	固有名詞
basalt	basalt	固有名詞
basan	basan	固有名詞
basat	basat	固有名詞
base	base	固有名詞
based	based	固有名詞
basely	basely	固有名詞
baser	baser	固有名詞
bases	bases	固有名詞
basest	basest	固有名詞
bash	bash	固有名詞
bashaw	bashaw	固有名詞
bashed	bashed	固有名詞
basher	basher	固有名詞
bashes	bashes	固有名詞
basial	basial	固有名詞
basic	basic	固有名詞
basics	basics	固有名詞
basify	basify	固有名詞
basil	basil	固有名詞
basils	basils	固有名詞
basin	basin	固有名詞
basing	basing	固有名詞
basins	basins	固有名詞
basion	basion	固有名詞
basis	basis	固有名詞
bask	bask	固有名詞
baske	baske	固有名詞
basked	basked	固有名詞
basker	basker	固有名詞
basket	basket	固有名詞
basks	basks	固有名詞
basnat	basnat	固有名詞
basnet	basnet	固有名詞
basoga	basoga	固有名詞
basoid	basoid	固有名詞
basoko	basoko	固有名詞
bason	bason	固有名詞
basos	basos	固有名詞
basote	basote	固有名詞
basque	basque	固有名詞
bass	bass	固有名詞
bassa	bassa	固有名詞
bassan	bassan	固有名詞
basses	basses	固有名詞
basset	basset	固有名詞
bassi	bassi	固有名詞
bassia	bassia	固有名詞
bassie	bassie	固有名詞
bassly	bassly	固有名詞
basso	basso	固有名詞
basson	basson	固有名詞
bassos	bassos	固有名詞
bassus	bassus	固有名詞
bassy	bassy	固有名詞
bast	bast	固有名詞
basta	basta	固有名詞
baste	baste	固有名詞
basted	basted	固有名詞
basten	basten	固有名詞
baster	baster	固有名詞
bastes	bastes	固有名詞
basti	basti	固有名詞
basto	basto	固有名詞
baston	baston	固有名詞
basts	basts	固有名詞
basuto	basuto	固有名詞
basyl	basyl	固有名詞
bat	bat	固有名詞
bataan	bataan	固有名詞
batad	batad	固有名詞
batak	batak	固有名詞
batan	batan	固有名詞
batara	batara	固有名詞
batata	batata	固有名詞
batavi	batavi	固有名詞
batboy	batboy	固有名詞
batch	batch	固有名詞
bate	bate	固有名詞
batea	batea	固有名詞
bateau	bateau	固有名詞
bated	bated	固有名詞
batel	batel	固有名詞
batell	batell	固有名詞
bater	bater	固有名詞
bates	bates	固有名詞
batete	batete	固有名詞
batful	batful	固有名詞
bath	bath	固有名詞
bathe	bathe	固有名詞
bathed	bathed	固有名詞
bather	bather	固有名詞
bathes	bathes	固有名詞
bathic	bathic	固有名詞
bathos	bathos	固有名詞
baths	baths	固有名詞
bathyl	bathyl	固有名詞
batik	batik	固有名詞
batiks	batiks	固有名詞
bating	bating	固有名詞
batino	batino	固有名詞
batis	batis	固有名詞
batlan	batlan	固有名詞
batler	batler	固有名詞
batlet	batlet	固有名詞
batlon	batlon	固有名詞
batman	batman	固有名詞
batmen	batmen	固有名詞
batoid	batoid	固有名詞
batoka	batoka	固有名詞
baton	baton	固有名詞
batons	batons	固有名詞
batoon	batoon	固有名詞
bats	bats	固有名詞
batt	batt	固有名詞
batta	batta	固有名詞
battak	battak	固有名詞
batted	batted	固有名詞
battel	battel	固有名詞
batten	batten	固有名詞
batter	batter	固有名詞
battik	battik	固有名詞
battle	battle	固有名詞
batton	batton	固有名詞
batts	batts	固有名詞
battu	battu	固有名詞
battue	battue	固有名詞
batty	batty	固有名詞
batule	batule	固有名詞
batwa	batwa	固有名詞
batz	batz	固有名詞
batzen	batzen	固有名詞
baubee	baubee	固有名詞
bauble	bauble	固有名詞
baubo	baubo	固有名詞
bauch	bauch	固有名詞
baud	baud	固有名詞
bauds	bauds	固有名詞
bauera	bauera	固有名詞
bauge	bauge	固有名詞
bauk	bauk	固有名詞
baul	baul	固有名詞
bauld	bauld	固有名詞
baulea	baulea	固有名詞
baulk	baulk	固有名詞
baulks	baulks	固有名詞
baulky	baulky	固有名詞
baume	baume	固有名詞
baun	baun	固有名詞
bauno	bauno	固有名詞
baure	baure	固有名詞
bauson	bauson	固有名詞
bauta	bauta	固有名詞
bautta	bautta	固有名詞
bavary	bavary	固有名詞
bavian	bavian	固有名詞
bavin	bavin	固有名詞
bavius	bavius	固有名詞
bavoso	bavoso	固有名詞
baw	baw	固有名詞
bawbee	bawbee	固有名詞
bawble	bawble	固有名詞
bawd	bawd	固有名詞
bawdry	bawdry	固有名詞
bawds	bawds	固有名詞
bawdy	bawdy	固有名詞
bawke	bawke	固有名詞
bawl	bawl	固有名詞
bawled	bawled	固有名詞
bawler	bawler	固有名詞
bawley	bawley	固有名詞
bawls	bawls	固有名詞
bawly	bawly	固有名詞
bawn	bawn	固有名詞
bawra	bawra	固有名詞
bawrel	bawrel	固有名詞
bawtie	bawtie	固有名詞
bawty	bawty	固有名詞
baxter	baxter	固有名詞
bay	bay	固有名詞
baya	baya	固有名詞
bayal	bayal	固有名詞
bayamo	bayamo	固有名詞
bayano	bayano	固有名詞
bayard	bayard	固有名詞
bayed	bayed	固有名詞
bayeta	bayeta	固有名詞
bayete	bayete	固有名詞
baying	baying	固有名詞
bayish	bayish	固有名詞
baylet	baylet	固有名詞
bayman	bayman	固有名詞
baymen	baymen	固有名詞
bayok	bayok	固有名詞
bayong	bayong	固有名詞
bayou	bayou	固有名詞
bayous	bayous	固有名詞
bays	bays	固有名詞
bayz	bayz	固有名詞
bazaar	bazaar	固有名詞
bazar	bazar	固有名詞
bazars	bazars	固有名詞
baze	baze	固有名詞
bazel	bazel	固有名詞
bazoo	bazoo	固有名詞
bazoos	bazoos	固有名詞
bbl	bbl	固有名詞
bbls	bbls	固有名詞
bbs	bbs	固有名詞
bcd	bcd	固有名詞
bcf	bcf	固有名詞
bch	bch	固有名詞
bchs	bchs	固有名詞
bde	bde	固有名詞
bdft	bdft	固有名詞
bdl	bdl	固有名詞
bdle	bdle	固有名詞
bdls	bdls	固有名詞
bdrm	bdrm	固有名詞
bds	bds	固有名詞
bea	bea	固有名詞
beach	beach	固有名詞
beachy	beachy	固有名詞
beacon	beacon	固有名詞
bead	bead	固有名詞
beaded	beaded	固有名詞
beader	beader	固有名詞
beadle	beadle	固有名詞
beads	beads	固有名詞
beady	beady	固有名詞
beagle	beagle	固有名詞
beak	beak	固有名詞
beaked	beaked	固有名詞
beaker	beaker	固有名詞
beaks	beaks	固有名詞
beaky	beaky	固有名詞
beal	beal	固有名詞
beala	beala	固有名詞
beam	beam	固有名詞
beamed	beamed	固有名詞
beamer	beamer	固有名詞
beams	beams	固有名詞
beamy	beamy	固有名詞
bean	bean	固有名詞
beaned	beaned	固有名詞
beaner	beaner	固有名詞
beanie	beanie	固有名詞
beano	beano	固有名詞
beanos	beanos	固有名詞
beans	beans	固有名詞
beant	beant	固有名詞
beany	beany	固有名詞
bear	bear	固有名詞
beard	beard	固有名詞
beards	beards	固有名詞
beardy	beardy	固有名詞
beared	beared	固有名詞
bearer	bearer	固有名詞
bearm	bearm	固有名詞
bears	bears	固有名詞
beast	beast	固有名詞
beasts	beasts	固有名詞
beat	beat	固有名詞
beata	beata	固有名詞
beatae	beatae	固有名詞
beatas	beatas	固有名詞
beatee	beatee	固有名詞
beaten	beaten	固有名詞
beater	beater	固有名詞
beath	beath	固有名詞
beati	beati	固有名詞
beats	beats	固有名詞
beatus	beatus	固有名詞
beau	beau	固有名詞
beaued	beaued	固有名詞
beaume	beaume	固有名詞
beaune	beaune	固有名詞
beaus	beaus	固有名詞
beaut	beaut	固有名詞
beauti	beauti	固有名詞
beauts	beauts	固有名詞
beauty	beauty	固有名詞
beaux	beaux	固有名詞
beaver	beaver	固有名詞
beback	beback	固有名詞
bebait	bebait	固有名詞
bebang	bebang	固有名詞
bebar	bebar	固有名詞
bebat	bebat	固有名詞
bebay	bebay	固有名詞
bebed	bebed	固有名詞
bebite	bebite	固有名詞
bebled	bebled	固有名詞
beblot	beblot	固有名詞
bebog	bebog	固有名詞
bebop	bebop	固有名詞
bebops	bebops	固有名詞
beboss	beboss	固有名詞
bebump	bebump	固有名詞
bebusy	bebusy	固有名詞
bec	bec	固有名詞
becall	becall	固有名詞
becalm	becalm	固有名詞
became	became	固有名詞
becap	becap	固有名詞
becaps	becaps	固有名詞
becard	becard	固有名詞
becchi	becchi	固有名詞
becco	becco	固有名詞
beche	beche	固有名詞
becher	becher	固有名詞
bechic	bechic	固有名詞
beck	beck	固有名詞
becked	becked	固有名詞
becker	becker	固有名詞
becket	becket	固有名詞
beckie	beckie	固有名詞
beckon	beckon	固有名詞
becks	becks	固有名詞
becky	becky	固有名詞
beclad	beclad	固有名詞
beclap	beclap	固有名詞
beclaw	beclaw	固有名詞
beclip	beclip	固有名詞
beclog	beclog	固有名詞
become	become	固有名詞
becoom	becoom	固有名詞
becost	becost	固有名詞
becram	becram	固有名詞
becry	becry	固有名詞
becuna	becuna	固有名詞
becurl	becurl	固有名詞
becut	becut	固有名詞
bed	bed	固有名詞
bedad	bedad	固有名詞
bedaff	bedaff	固有名詞
bedamn	bedamn	固有名詞
bedamp	bedamp	固有名詞
bedare	bedare	固有名詞
bedark	bedark	固有名詞
bedash	bedash	固有名詞
bedaub	bedaub	固有名詞
bedawn	bedawn	固有名詞
beday	beday	固有名詞
bedaze	bedaze	固有名詞
bedbug	bedbug	固有名詞
bedcap	bedcap	固有名詞
bedded	bedded	固有名詞
bedder	bedder	固有名詞
bede	bede	固有名詞
bedead	bedead	固有名詞
bedeaf	bedeaf	固有名詞
bedebt	bedebt	固有名詞
bedeck	bedeck	固有名詞
bedeen	bedeen	固有名詞
bedel	bedel	固有名詞
bedell	bedell	固有名詞
bedels	bedels	固有名詞
beden	beden	固有名詞
bedene	bedene	固有名詞
bedew	bedew	固有名詞
bedews	bedews	固有名詞
bedim	bedim	固有名詞
bedims	bedims	固有名詞
bedin	bedin	固有名詞
bedip	bedip	固有名詞
bedirt	bedirt	固有名詞
bedkey	bedkey	固有名詞
bedlam	bedlam	固有名詞
bedlar	bedlar	固有名詞
bedman	bedman	固有名詞
bedog	bedog	固有名詞
bedolt	bedolt	固有名詞
bedot	bedot	固有名詞
bedote	bedote	固有名詞
bedown	bedown	固有名詞
bedoyo	bedoyo	固有名詞
bedpad	bedpad	固有名詞
bedpan	bedpan	固有名詞
bedral	bedral	固有名詞
bedrel	bedrel	固有名詞
bedrid	bedrid	固有名詞
bedrip	bedrip	固有名詞
bedrop	bedrop	固有名詞
bedrug	bedrug	固有名詞
beds	beds	固有名詞
bedsit	bedsit	固有名詞
bedub	bedub	固有名詞
beduck	beduck	固有名詞
beduin	beduin	固有名詞
beduke	beduke	固有名詞
bedull	bedull	固有名詞
bedumb	bedumb	固有名詞
bedung	bedung	固有名詞
bedur	bedur	固有名詞
bedusk	bedusk	固有名詞
bedust	bedust	固有名詞
bedway	bedway	固有名詞
bedye	bedye	固有名詞
bee	bee	固有名詞
beearn	beearn	固有名詞
beebee	beebee	固有名詞
beech	beech	固有名詞
beechy	beechy	固有名詞
beedi	beedi	固有名詞
beedom	beedom	固有名詞
beef	beef	固有名詞
beefed	beefed	固有名詞
beefer	beefer	固有名詞
beefin	beefin	固有名詞
beefs	beefs	固有名詞
beefy	beefy	固有名詞
beeish	beeish	固有名詞
beek	beek	固有名詞
beele	beele	固有名詞
beelol	beelol	固有名詞
beeman	beeman	固有名詞
beemen	beemen	固有名詞
been	been	固有名詞
beent	beent	固有名詞
beento	beento	固有名詞
beep	beep	固有名詞
beeped	beeped	固有名詞
beeper	beeper	固有名詞
beeps	beeps	固有名詞
beer	beer	固有名詞
beers	beers	固有名詞
beery	beery	固有名詞
bees	bees	固有名詞
beest	beest	固有名詞
beet	beet	固有名詞
beeth	beeth	固有名詞
beetle	beetle	固有名詞
beets	beets	固有名詞
beety	beety	固有名詞
beeve	beeve	固有名詞
beeves	beeves	固有名詞
beeway	beeway	固有名詞
beezer	beezer	固有名詞
bef	bef	固有名詞
befall	befall	固有名詞
befame	befame	固有名詞
befan	befan	固有名詞
befell	befell	固有名詞
befile	befile	固有名詞
befire	befire	固有名詞
befist	befist	固有名詞
befit	befit	固有名詞
befits	befits	固有名詞
beflag	beflag	固有名詞
beflap	beflap	固有名詞
beflea	beflea	固有名詞
beflum	beflum	固有名詞
befoam	befoam	固有名詞
befog	befog	固有名詞
befogs	befogs	固有名詞
befool	befool	固有名詞
befop	befop	固有名詞
before	before	固有名詞
befoul	befoul	固有名詞
befret	befret	固有名詞
befriz	befriz	固有名詞
befume	befume	固有名詞
befur	befur	固有名詞
beg	beg	固有名詞
begad	begad	固有名詞
begall	begall	固有名詞
began	began	固有名詞
begani	begani	固有名詞
begar	begar	固有名詞
begari	begari	固有名詞
begary	begary	固有名詞
begash	begash	固有名詞
begass	begass	固有名詞
begat	begat	固有名詞
begats	begats	固有名詞
begaud	begaud	固有名詞
begay	begay	固有名詞
begaze	begaze	固有名詞
begeck	begeck	固有名詞
begem	begem	固有名詞
beget	beget	固有名詞
begets	begets	固有名詞
beggar	beggar	固有名詞
begged	begged	固有名詞
begger	begger	固有名詞
begift	begift	固有名詞
begild	begild	固有名詞
begin	begin	固有名詞
begins	begins	固有名詞
begird	begird	固有名詞
begirt	begirt	固有名詞
beglad	beglad	固有名詞
beglew	beglew	固有名詞
beglic	beglic	固有名詞
begluc	begluc	固有名詞
beglue	beglue	固有名詞
begnaw	begnaw	固有名詞
bego	bego	固有名詞
begob	begob	固有名詞
begobs	begobs	固有名詞
begod	begod	固有名詞
begohm	begohm	固有名詞
begone	begone	固有名詞
begot	begot	固有名詞
begoud	begoud	固有名詞
begowk	begowk	固有名詞
begray	begray	固有名詞
begrim	begrim	固有名詞
begs	begs	固有名詞
beguin	beguin	固有名詞
begulf	begulf	固有名詞
begum	begum	固有名詞
begums	begums	固有名詞
begun	begun	固有名詞
begunk	begunk	固有名詞
begut	begut	固有名詞
behale	behale	固有名詞
behalf	behalf	固有名詞
behang	behang	固有名詞
behap	behap	固有名詞
behav	behav	固有名詞
behave	behave	固有名詞
behead	behead	固有名詞
behear	behear	固有名詞
beheld	beheld	固有名詞
behelp	behelp	固有名詞
behen	behen	固有名詞
behest	behest	固有名詞
behew	behew	固有名詞
behind	behind	固有名詞
behint	behint	固有名詞
behn	behn	固有名詞
behold	behold	固有名詞
behoof	behoof	固有名詞
behoot	behoot	固有名詞
behorn	behorn	固有名詞
behove	behove	固有名詞
behowl	behowl	固有名詞
behung	behung	固有名詞
behymn	behymn	固有名詞
beice	beice	固有名詞
beid	beid	固有名詞
beige	beige	固有名詞
beigel	beigel	固有名詞
beiges	beiges	固有名詞
beigy	beigy	固有名詞
beild	beild	固有名詞
bein	bein	固有名詞
being	being	固有名詞
beings	beings	固有名詞
beinly	beinly	固有名詞
beira	beira	固有名詞
beirut	beirut	固有名詞
beisa	beisa	固有名詞
beja	beja	固有名詞
bejade	bejade	固有名詞
bejan	bejan	固有名詞
bejant	bejant	固有名詞
bejape	bejape	固有名詞
bejazz	bejazz	固有名詞
bejel	bejel	固有名詞
bejig	bejig	固有名詞
bejuco	bejuco	固有名詞
bekah	bekah	固有名詞
bekick	bekick	固有名詞
beking	beking	固有名詞
bekiss	bekiss	固有名詞
bekko	bekko	固有名詞
beknit	beknit	固有名詞
beknot	beknot	固有名詞
beknow	beknow	固有名詞
bel	bel	固有名詞
bela	bela	固有名詞
belace	belace	固有名詞
belady	belady	固有名詞
belage	belage	固有名詞
belah	belah	固有名詞
belait	belait	固有名詞
belam	belam	固有名詞
belamy	belamy	固有名詞
belap	belap	固有名詞
belar	belar	固有名詞
belard	belard	固有名詞
belash	belash	固有名詞
belast	belast	固有名詞
belat	belat	固有名詞
belate	belate	固有名詞
belaud	belaud	固有名詞
belay	belay	固有名詞
belays	belays	固有名詞
belch	belch	固有名詞
beld	beld	固有名詞
beldam	beldam	固有名詞
belder	belder	固有名詞
beleaf	beleaf	固有名詞
beleap	beleap	固有名詞
belee	belee	固有名詞
beleed	beleed	固有名詞
beleft	beleft	固有名詞
beleve	beleve	固有名詞
belfry	belfry	固有名詞
belga	belga	固有名詞
belgae	belgae	固有名詞
belgas	belgas	固有名詞
belgic	belgic	固有名詞
belial	belial	固有名詞
belick	belick	固有名詞
belie	belie	固有名詞
belied	belied	固有名詞
belief	belief	固有名詞
belier	belier	固有名詞
belies	belies	固有名詞
belike	belike	固有名詞
belili	belili	固有名詞
belime	belime	固有名詞
belion	belion	固有名詞
belis	belis	固有名詞
belite	belite	固有名詞
belive	belive	固有名詞
belk	belk	固有名詞
bell	bell	固有名詞
bella	bella	固有名詞
belle	belle	固有名詞
belled	belled	固有名詞
belles	belles	固有名詞
belli	belli	固有名詞
bellic	bellic	固有名詞
bellis	bellis	固有名詞
bello	bello	固有名詞
bellon	bellon	固有名詞
bellow	bellow	固有名詞
bells	bells	固有名詞
bellum	bellum	固有名詞
belly	belly	固有名詞
beloam	beloam	固有名詞
belock	belock	固有名詞
beloid	beloid	固有名詞
belone	belone	固有名詞
belong	belong	固有名詞
belook	belook	固有名詞
belord	belord	固有名詞
belout	belout	固有名詞
belove	belove	固有名詞
below	below	固有名詞
belows	belows	固有名詞
bels	bels	固有名詞
belt	belt	固有名詞
belted	belted	固有名詞
belter	belter	固有名詞
beltie	beltie	固有名詞
beltir	beltir	固有名詞
beltis	beltis	固有名詞
belton	belton	固有名詞
belts	belts	固有名詞
belue	belue	固有名詞
beluga	beluga	固有名詞
belute	belute	固有名詞
belve	belve	固有名詞
bely	bely	固有名詞
bema	bema	固有名詞
bemad	bemad	固有名詞
bemail	bemail	固有名詞
bemaim	bemaim	固有名詞
beman	beman	固有名詞
bemar	bemar	固有名詞
bemas	bemas	固有名詞
bemask	bemask	固有名詞
bemat	bemat	固有名詞
bemata	bemata	固有名詞
bemaul	bemaul	固有名詞
bemba	bemba	固有名詞
bembex	bembex	固有名詞
beme	beme	固有名詞
bemeal	bemeal	固有名詞
bemean	bemean	固有名詞
bemeet	bemeet	固有名詞
bemete	bemete	固有名詞
bemire	bemire	固有名詞
bemist	bemist	固有名詞
bemix	bemix	固有名詞
bemixt	bemixt	固有名詞
bemoan	bemoan	固有名詞
bemoat	bemoat	固有名詞
bemock	bemock	固有名詞
bemoil	bemoil	固有名詞
bemol	bemol	固有名詞
bemole	bemole	固有名詞
bemolt	bemolt	固有名詞
bemoon	bemoon	固有名詞
bemuck	bemuck	固有名詞
bemud	bemud	固有名詞
bemuse	bemuse	固有名詞
bemusk	bemusk	固有名詞
ben	ben	固有名詞
bena	bena	固有名詞
benab	benab	固有名詞
bename	bename	固有名詞
benami	benami	固有名詞
benben	benben	固有名詞
bench	bench	固有名詞
benchy	benchy	固有名詞
bend	bend	固有名詞
benda	benda	固有名詞
benday	benday	固有名詞
bended	bended	固有名詞
bendee	bendee	固有名詞
bendel	bendel	固有名詞
bender	bender	固有名詞
bends	bends	固有名詞
bendy	bendy	固有名詞
bendys	bendys	固有名詞
bene	bene	固有名詞
beneme	beneme	固有名詞
benes	benes	固有名詞
benet	benet	固有名詞
beng	beng	固有名詞
bengal	bengal	固有名詞
beni	beni	固有名詞
benic	benic	固有名詞
benign	benign	固有名詞
benim	benim	固有名詞
benin	benin	固有名詞
benj	benj	固有名詞
benjy	benjy	固有名詞
benn	benn	固有名詞
benne	benne	固有名詞
bennel	bennel	固有名詞
bennes	bennes	固有名詞
bennet	bennet	固有名詞
benni	benni	固有名詞
bennis	bennis	固有名詞
benny	benny	固有名詞
beno	beno	固有名詞
benote	benote	固有名詞
bens	bens	固有名詞
bensel	bensel	固有名詞
bensh	bensh	固有名詞
benshi	benshi	固有名詞
bensil	bensil	固有名詞
benson	benson	固有名詞
bent	bent	固有名詞
benton	benton	固有名詞
bents	bents	固有名詞
benty	benty	固有名詞
benu	benu	固有名詞
benumb	benumb	固有名詞
benzal	benzal	固有名詞
benzil	benzil	固有名詞
benzin	benzin	固有名詞
benzo	benzo	固有名詞
benzol	benzol	固有名詞
benzyl	benzyl	固有名詞
beode	beode	固有名詞
bepaid	bepaid	固有名詞
bepale	bepale	固有名詞
bepart	bepart	固有名詞
bepat	bepat	固有名詞
bepaw	bepaw	固有名詞
bepelt	bepelt	固有名詞
bepen	bepen	固有名詞
bepile	bepile	固有名詞
bepill	bepill	固有名詞
bepity	bepity	固有名詞
bepray	bepray	固有名詞
bepuff	bepuff	固有名詞
bepun	bepun	固有名詞
ber	ber	固有名詞
berain	berain	固有名詞
berake	berake	固有名詞
berapt	berapt	固有名詞
berat	berat	固有名詞
berate	berate	固有名詞
beray	beray	固有名詞
berber	berber	固有名詞
bere	bere	固有名詞
berean	berean	固有名詞
berede	berede	固有名詞
bereft	bereft	固有名詞
berend	berend	固有名詞
beret	beret	固有名詞
berets	berets	固有名詞
berg	berg	固有名詞
berger	berger	固有名詞
bergh	bergh	固有名詞
bergs	bergs	固有名詞
bergut	bergut	固有名詞
bergy	bergy	固有名詞
beri	beri	固有名詞
beride	beride	固有名詞
berime	berime	固有名詞
bering	bering	固有名詞
berith	berith	固有名詞
berk	berk	固有名詞
berley	berley	固有名詞
berlin	berlin	固有名詞
berm	berm	固有名詞
berme	berme	固有名詞
bermes	bermes	固有名詞
berms	berms	固有名詞
bern	bern	固有名詞
berne	berne	固有名詞
bernie	bernie	固有名詞
bernoo	bernoo	固有名詞
berob	berob	固有名詞
beroe	beroe	固有名詞
beroll	beroll	固有名詞
berret	berret	固有名詞
berri	berri	固有名詞
berry	berry	固有名詞
bersil	bersil	固有名詞
bersim	bersim	固有名詞
bert	bert	固有名詞
bertat	bertat	固有名詞
berth	berth	固有名詞
bertha	bertha	固有名詞
berths	berths	固有名詞
bertie	bertie	固有名詞
bertin	bertin	固有名詞
berun	berun	固有名詞
berust	berust	固有名詞
bervie	bervie	固有名詞
beryl	beryl	固有名詞
beryls	beryls	固有名詞
beryx	beryx	固有名詞
bes	bes	固有名詞
besa	besa	固有名詞
besan	besan	固有名詞
besand	besand	固有名詞
besant	besant	固有名詞
bescab	bescab	固有名詞
beseam	beseam	固有名詞
besee	besee	固有名詞
beseek	beseek	固有名詞
beseem	beseem	固有名詞
beseen	beseen	固有名詞
beset	beset	固有名詞
besets	besets	固有名詞
besew	besew	固有名詞
beshag	beshag	固有名詞
beshod	beshod	固有名詞
beshow	beshow	固有名詞
beside	beside	固有名詞
besigh	besigh	固有名詞
besin	besin	固有名詞
besing	besing	固有名詞
besit	besit	固有名詞
beslab	beslab	固有名詞
beslap	beslap	固有名詞
beslow	beslow	固有名詞
beslur	beslur	固有名詞
besmut	besmut	固有名詞
besnow	besnow	固有名詞
besoil	besoil	固有名詞
besoin	besoin	固有名詞
besom	besom	固有名詞
besoms	besoms	固有名詞
besoot	besoot	固有名詞
besort	besort	固有名詞
besot	besot	固有名詞
besots	besots	固有名詞
besoul	besoul	固有名詞
besour	besour	固有名詞
besped	besped	固有名詞
bespew	bespew	固有名詞
bespin	bespin	固有名詞
bespit	bespit	固有名詞
bespot	bespot	固有名詞
bespy	bespy	固有名詞
besra	besra	固有名詞
bess	bess	固有名詞
bessel	bessel	固有名詞
besses	besses	固有名詞
bessi	bessi	固有名詞
bessie	bessie	固有名詞
bessy	bessy	固有名詞
best	best	固有名詞
bestab	bestab	固有名詞
bestad	bestad	固有名詞
bestar	bestar	固有名詞
bestay	bestay	固有名詞
bested	bested	固有名詞
bester	bester	固有名詞
bestir	bestir	固有名詞
bestow	bestow	固有名詞
bests	bests	固有名詞
bestud	bestud	固有名詞
besugo	besugo	固有名詞
besuit	besuit	固有名詞
beswim	beswim	固有名詞
bet	bet	固有名詞
beta	beta	固有名詞
betag	betag	固有名詞
betail	betail	固有名詞
betain	betain	固有名詞
betake	betake	固有名詞
betalk	betalk	固有名詞
betas	betas	固有名詞
betask	betask	固有名詞
bete	bete	固有名詞
betear	betear	固有名詞
beteem	beteem	固有名詞
betel	betel	固有名詞
betell	betell	固有名詞
betels	betels	固有名詞
betes	betes	固有名詞
beth	beth	固有名詞
bethel	bethel	固有名詞
beths	beths	固有名詞
betide	betide	固有名詞
betime	betime	固有名詞
betire	betire	固有名詞
betis	betis	固有名詞
betise	betise	固有名詞
betoil	betoil	固有名詞
beton	beton	固有名詞
betone	betone	固有名詞
betons	betons	固有名詞
betony	betony	固有名詞
betook	betook	固有名詞
betorn	betorn	固有名詞
betoss	betoss	固有名詞
betoya	betoya	固有名詞
betrap	betrap	固有名詞
betray	betray	固有名詞
betrim	betrim	固有名詞
bets	bets	固有名詞
betsey	betsey	固有名詞
betso	betso	固有名詞
betsy	betsy	固有名詞
betta	betta	固有名詞
bettas	bettas	固有名詞
betted	betted	固有名詞
better	better	固有名詞
bettor	bettor	固有名詞
betty	betty	固有名詞
betula	betula	固有名詞
betwit	betwit	固有名詞
beulah	beulah	固有名詞
beurre	beurre	固有名詞
beveil	beveil	固有名詞
bevel	bevel	固有名詞
bevels	bevels	固有名詞
bever	bever	固有名詞
beveto	beveto	固有名詞
bevies	bevies	固有名詞
bevil	bevil	固有名詞
bevor	bevor	固有名詞
bevors	bevors	固有名詞
bevue	bevue	固有名詞
bevvy	bevvy	固有名詞
bevy	bevy	固有名詞
bewail	bewail	固有名詞
bewake	bewake	固有名詞
bewall	bewall	固有名詞
beware	beware	固有名詞
bewary	bewary	固有名詞
bewash	bewash	固有名詞
beweep	beweep	固有名詞
bewend	bewend	固有名詞
bewept	bewept	固有名詞
bewest	bewest	固有名詞
bewet	bewet	固有名詞
bewhig	bewhig	固有名詞
bewig	bewig	固有名詞
bewigs	bewigs	固有名詞
bewit	bewit	固有名詞
bewith	bewith	固有名詞
bework	bework	固有名詞
beworm	beworm	固有名詞
beworn	beworn	固有名詞
bewrap	bewrap	固有名詞
bewray	bewray	固有名詞
bewry	bewry	固有名詞
bey	bey	固有名詞
beydom	beydom	固有名詞
beylic	beylic	固有名詞
beylik	beylik	固有名詞
beyond	beyond	固有名詞
beys	beys	固有名詞
bezan	bezan	固有名詞
bezant	bezant	固有名詞
bezazz	bezazz	固有名詞
bezel	bezel	固有名詞
bezels	bezels	固有名詞
bezil	bezil	固有名詞
bezils	bezils	固有名詞
bezoar	bezoar	固有名詞
bezzi	bezzi	固有名詞
bezzle	bezzle	固有名詞
bezzo	bezzo	固有名詞
bhabar	bhabar	固有名詞
bhadon	bhadon	固有名詞
bhaga	bhaga	固有名詞
bhagat	bhagat	固有名詞
bhajan	bhajan	固有名詞
bhakta	bhakta	固有名詞
bhakti	bhakti	固有名詞
bhalu	bhalu	固有名詞
bhang	bhang	固有名詞
bhangi	bhangi	固有名詞
bhangs	bhangs	固有名詞
bhar	bhar	固有名詞
bhara	bhara	固有名詞
bharal	bharal	固有名詞
bharti	bharti	固有名詞
bhat	bhat	固有名詞
bhava	bhava	固有名詞
bhavan	bhavan	固有名詞
bhd	bhd	固有名詞
bhikku	bhikku	固有名詞
bhil	bhil	固有名詞
bhili	bhili	固有名詞
bhima	bhima	固有名詞
bhindi	bhindi	固有名詞
bhisti	bhisti	固有名詞
bhokra	bhokra	固有名詞
bhoosa	bhoosa	固有名詞
bhoot	bhoot	固有名詞
bhoots	bhoots	固有名詞
bhotia	bhotia	固有名詞
bhoy	bhoy	固有名詞
bhp	bhp	固有名詞
bhumij	bhumij	固有名詞
bhungi	bhungi	固有名詞
bhut	bhut	固有名詞
bhutan	bhutan	固有名詞
bhutia	bhutia	固有名詞
bhuts	bhuts	固有名詞
biabo	biabo	固有名詞
biacid	biacid	固有名詞
biali	biali	固有名詞
bialis	bialis	固有名詞
bialy	bialy	固有名詞
bialys	bialys	固有名詞
bianca	bianca	固有名詞
bianco	bianco	固有名詞
bias	bias	固有名詞
biased	biased	固有名詞
biases	biases	固有名詞
biaxal	biaxal	固有名詞
bib	bib	固有名詞
bibb	bibb	固有名詞
bibbed	bibbed	固有名詞
bibber	bibber	固有名詞
bibble	bibble	固有名詞
bibbs	bibbs	固有名詞
bibby	bibby	固有名詞
bibi	bibi	固有名詞
bibio	bibio	固有名詞
bibiri	bibiri	固有名詞
bibiru	bibiru	固有名詞
bibl	bibl	固有名詞
bible	bible	固有名詞
bibles	bibles	固有名詞
biblic	biblic	固有名詞
biblos	biblos	固有名詞
biblus	biblus	固有名詞
bibs	bibs	固有名詞
bicarb	bicarb	固有名詞
bice	bice	固有名詞
bicep	bicep	固有名詞
biceps	biceps	固有名詞
bices	bices	固有名詞
bichir	bichir	固有名詞
bichos	bichos	固有名詞
bichy	bichy	固有名詞
bick	bick	固有名詞
bicker	bicker	固有名詞
bicone	bicone	固有名詞
bicorn	bicorn	固有名詞
bicron	bicron	固有名詞
bid	bid	固有名詞
bidar	bidar	固有名詞
bidden	bidden	固有名詞
bidder	bidder	固有名詞
biddie	biddie	固有名詞
biddy	biddy	固有名詞
bide	bide	固有名詞
bided	bided	固有名詞
bidene	bidene	固有名詞
bidens	bidens	固有名詞
bident	bident	固有名詞
bider	bider	固有名詞
biders	biders	固有名詞
bidery	bidery	固有名詞
bides	bides	固有名詞
bidet	bidet	固有名詞
bidets	bidets	固有名詞
bidget	bidget	固有名詞
bidi	bidi	固有名詞
biding	biding	固有名詞
bidpai	bidpai	固有名詞
bidree	bidree	固有名詞
bidri	bidri	固有名詞
bidry	bidry	固有名詞
bids	bids	固有名詞
bielby	bielby	固有名詞
bield	bield	固有名詞
bields	bields	固有名詞
bieldy	bieldy	固有名詞
bielid	bielid	固有名詞
bien	bien	固有名詞
bienly	bienly	固有名詞
bienne	bienne	固有名詞
biens	biens	固有名詞
bientt	bientt	固有名詞
bier	bier	固有名詞
biers	biers	固有名詞
bietle	bietle	固有名詞
biface	biface	固有名詞
bifara	bifara	固有名詞
bifer	bifer	固有名詞
biff	biff	固有名詞
biffed	biffed	固有名詞
biffin	biffin	固有名詞
biffs	biffs	固有名詞
biffy	biffy	固有名詞
bifid	bifid	固有名詞
biflex	biflex	固有名詞
bifoil	bifoil	固有名詞
bifold	bifold	固有名詞
biform	biform	固有名詞
big	big	固有名詞
biga	biga	固有名詞
bigae	bigae	固有名詞
bigam	bigam	固有名詞
bigamy	bigamy	固有名詞
bigas	bigas	固有名詞
bigate	bigate	固有名詞
bigeye	bigeye	固有名詞
bigg	bigg	固有名詞
biggah	biggah	固有名詞
bigged	bigged	固有名詞
biggen	biggen	固有名詞
bigger	bigger	固有名詞
biggie	biggie	固有名詞
biggin	biggin	固有名詞
biggy	biggy	固有名詞
bigha	bigha	固有名詞
bight	bight	固有名詞
bights	bights	固有名詞
biglot	biglot	固有名詞
bigly	bigly	固有名詞
bignou	bignou	固有名詞
bigot	bigot	固有名詞
bigots	bigots	固有名詞
bigram	bigram	固有名詞
bigwig	bigwig	固有名詞
bihai	bihai	固有名詞
biham	biham	固有名詞
bihari	bihari	固有名詞
bija	bija	固有名詞
bijou	bijou	固有名詞
bijous	bijous	固有名詞
bijoux	bijoux	固有名詞
bike	bike	固有名詞
biked	biked	固有名詞
biker	biker	固有名詞
bikers	bikers	固有名詞
bikes	bikes	固有名詞
bikh	bikh	固有名詞
bikie	bikie	固有名詞
biking	biking	固有名詞
bikini	bikini	固有名詞
bikol	bikol	固有名詞
bikram	bikram	固有名詞
bilaan	bilaan	固有名詞
bilabe	bilabe	固有名詞
bilalo	bilalo	固有名詞
biland	biland	固有名詞
bilati	bilati	固有名詞
bilbi	bilbi	固有名詞
bilbie	bilbie	固有名詞
bilbo	bilbo	固有名詞
bilboa	bilboa	固有名詞
bilbos	bilbos	固有名詞
bilby	bilby	固有名詞
bilch	bilch	固有名詞
bildar	bildar	固有名詞
bilder	bilder	固有名詞
bile	bile	固有名詞
biles	biles	固有名詞
bileve	bileve	固有名詞
bilge	bilge	固有名詞
bilged	bilged	固有名詞
bilges	bilges	固有名詞
bilgy	bilgy	固有名詞
bilic	bilic	固有名詞
bilify	bilify	固有名詞
bilin	bilin	固有名詞
bilio	bilio	固有名詞
bilith	bilith	固有名詞
bilk	bilk	固有名詞
bilked	bilked	固有名詞
bilker	bilker	固有名詞
bilkis	bilkis	固有名詞
bilks	bilks	固有名詞
bill	bill	固有名詞
billa	billa	固有名詞
billed	billed	固有名詞
biller	biller	固有名詞
billet	billet	固有名詞
billie	billie	固有名詞
billon	billon	固有名詞
billot	billot	固有名詞
billow	billow	固有名詞
bills	bills	固有名詞
billy	billy	固有名詞
billyo	billyo	固有名詞
bilo	bilo	固有名詞
bilobe	bilobe	固有名詞
bilos	bilos	固有名詞
biloxi	biloxi	固有名詞
bilsh	bilsh	固有名詞
bim	bim	固有名詞
bima	bima	固有名詞
bimah	bimah	固有名詞
bimahs	bimahs	固有名詞
bimana	bimana	固有名詞
bimane	bimane	固有名詞
bimas	bimas	固有名詞
bimbil	bimbil	固有名詞
bimbo	bimbo	固有名詞
bimbos	bimbos	固有名詞
bimeby	bimeby	固有名詞
bimini	bimini	固有名詞
bimong	bimong	固有名詞
bin	bin	固有名詞
binal	binal	固有名詞
binary	binary	固有名詞
binate	binate	固有名詞
bind	bind	固有名詞
binder	binder	固有名詞
bindi	bindi	固有名詞
bindis	bindis	固有名詞
bindle	bindle	固有名詞
binds	binds	固有名詞
bine	bine	固有名詞
bines	bines	固有名詞
binful	binful	固有名詞
bing	bing	固有名詞
binge	binge	固有名詞
bingee	bingee	固有名詞
binges	binges	固有名詞
bingey	bingey	固有名詞
binghi	binghi	固有名詞
bingle	bingle	固有名詞
bingo	bingo	固有名詞
bingos	bingos	固有名詞
bingy	bingy	固有名詞
binh	binh	固有名詞
bini	bini	固有名詞
biniou	biniou	固有名詞
binit	binit	固有名詞
binits	binits	固有名詞
bink	bink	固有名詞
binman	binman	固有名詞
binmen	binmen	固有名詞
binna	binna	固有名詞
binned	binned	固有名詞
binny	binny	固有名詞
bino	bino	固有名詞
binocs	binocs	固有名詞
binode	binode	固有名詞
binomy	binomy	固有名詞
binous	binous	固有名詞
bins	bins	固有名詞
bint	bint	固有名詞
bints	bints	固有名詞
bio	bio	固有名詞
biod	biod	固有名詞
biofog	biofog	固有名詞
biog	biog	固有名詞
biogas	biogas	固有名詞
biogen	biogen	固有名詞
biol	biol	固有名詞
biome	biome	固有名詞
biomes	biomes	固有名詞
bion	bion	固有名詞
bionic	bionic	固有名詞
biont	biont	固有名詞
bionts	bionts	固有名詞
biopic	biopic	固有名詞
biopsy	biopsy	固有名詞
bioral	bioral	固有名詞
bios	BIOS	固有名詞
biose	biose	固有名詞
biosis	biosis	固有名詞
biota	biota	固有名詞
biotas	biotas	固有名詞
biotic	biotic	固有名詞
biotin	biotin	固有名詞
bipack	bipack	固有名詞
biped	biped	固有名詞
bipeds	bipeds	固有名詞
bipod	bipod	固有名詞
bipods	bipods	固有名詞
bipont	bipont	固有名詞
birch	birch	固有名詞
bird	bird	固有名詞
birde	birde	固有名詞
birded	birded	固有名詞
birder	birder	固有名詞
birdie	birdie	固有名詞
birds	birds	固有名詞
birdy	birdy	固有名詞
bireme	bireme	固有名詞
birgus	birgus	固有名詞
biri	biri	固有名詞
biriba	biriba	固有名詞
birk	birk	固有名詞
birken	birken	固有名詞
birkie	birkie	固有名詞
birks	birks	固有名詞
birky	birky	固有名詞
birl	birl	固有名詞
birle	birle	固有名詞
birled	birled	固有名詞
birler	birler	固有名詞
birles	birles	固有名詞
birlie	birlie	固有名詞
birls	birls	固有名詞
birma	birma	固有名詞
birn	birn	固有名詞
birne	birne	固有名詞
birny	birny	固有名詞
birodo	birodo	固有名詞
biron	biron	固有名詞
birota	birota	固有名詞
birr	birr	固有名詞
birred	birred	固有名詞
birri	birri	固有名詞
birrs	birrs	固有名詞
birrus	birrus	固有名詞
birse	birse	固有名詞
birses	birses	固有名詞
birsit	birsit	固有名詞
birsle	birsle	固有名詞
birsy	birsy	固有名詞
birt	birt	固有名詞
birth	birth	固有名詞
births	births	固有名詞
birthy	birthy	固有名詞
bis	bis	固有名詞
bisalt	bisalt	固有名詞
biscot	biscot	固有名詞
bise	bise	固有名詞
bisect	bisect	固有名詞
bises	bises	固有名詞
biset	biset	固有名詞
bisext	bisext	固有名詞
bish	bish	固有名詞
bishop	bishop	固有名詞
bisie	bisie	固有名詞
bisk	bisk	固有名詞
biskop	biskop	固有名詞
bisks	bisks	固有名詞
bisley	bisley	固有名詞
bismar	bismar	固有名詞
bisme	bisme	固有名詞
bismer	bismer	固有名詞
bison	bison	固有名詞
bisons	bisons	固有名詞
bisque	bisque	固有名詞
bisso	bisso	固有名詞
bisson	bisson	固有名詞
bist	bist	固有名詞
bister	bister	固有名詞
bisti	bisti	固有名詞
bistre	bistre	固有名詞
bistro	bistro	固有名詞
bisulc	bisulc	固有名詞
bisync	bisync	固有名詞
bit	bit	固有名詞
bitake	bitake	固有名詞
bitch	bitch	固有名詞
bitchy	bitchy	固有名詞
bite	bite	固有名詞
bited	bited	固有名詞
biter	biter	固有名詞
biters	biters	固有名詞
bites	bites	固有名詞
biti	biti	固有名詞
biting	biting	固有名詞
bitis	bitis	固有名詞
bitmap	bitmap	固有名詞
bitnet	bitnet	固有名詞
bito	bito	固有名詞
bitore	bitore	固有名詞
bits	bits	固有名詞
bitser	bitser	固有名詞
bitsy	bitsy	固有名詞
bitt	bitt	固有名詞
bitte	bitte	固有名詞
bitted	bitted	固有名詞
bitten	bitten	固有名詞
bitter	bitter	固有名詞
bittie	bittie	固有名詞
bittor	bittor	固有名詞
bitts	bitts	固有名詞
bitty	bitty	固有名詞
bitume	bitume	固有名詞
biune	biune	固有名詞
biurea	biurea	固有名詞
biuret	biuret	固有名詞
bivane	bivane	固有名詞
biverb	biverb	固有名詞
bivial	bivial	固有名詞
bivium	bivium	固有名詞
bivvy	bivvy	固有名詞
biwa	biwa	固有名詞
bixa	bixa	固有名詞
bixin	bixin	固有名詞
biz	biz	固有名詞
bizant	bizant	固有名詞
bize	bize	固有名詞
bizel	bizel	固有名詞
bizen	bizen	固有名詞
bizes	bizes	固有名詞
bizet	bizet	固有名詞
bizone	bizone	固有名詞
bizz	bizz	固有名詞
bjorne	bjorne	固有名詞
bkbndr	bkbndr	固有名詞
bkcy	bkcy	固有名詞
bkg	bkg	固有名詞
bkgd	bkgd	固有名詞
bklr	bklr	固有名詞
bkpr	bkpr	固有名詞
bkpt	bkpt	固有名詞
bks	bks	固有名詞
bkt	bkt	固有名詞
blab	blab	固有名詞
blabby	blabby	固有名詞
blabs	blabs	固有名詞
black	black	固有名詞
blacks	blacks	固有名詞
blacky	blacky	固有名詞
blad	blad	固有名詞
blade	blade	固有名詞
bladed	bladed	固有名詞
blader	blader	固有名詞
blades	blades	固有名詞
blady	blady	固有名詞
blae	blae	固有名詞
blaff	blaff	固有名詞
blague	blague	固有名詞
blah	blah	固有名詞
blahs	blahs	固有名詞
blain	blain	固有名詞
blaine	blaine	固有名詞
blains	blains	固有名詞
blair	blair	固有名詞
blake	blake	固有名詞
blam	blam	固有名詞
blame	blame	固有名詞
blamed	blamed	固有名詞
blamer	blamer	固有名詞
blames	blames	固有名詞
blams	blams	固有名詞
blan	blan	固有名詞
blanc	blanc	固有名詞
blanca	blanca	固有名詞
blanch	blanch	固有名詞
blanco	blanco	固有名詞
blancs	blancs	固有名詞
bland	bland	固有名詞
blanda	blanda	固有名詞
blank	blank	固有名詞
blanks	blanks	固有名詞
blanky	blanky	固有名詞
blare	blare	固有名詞
blared	blared	固有名詞
blares	blares	固有名詞
blarny	blarny	固有名詞
blart	blart	固有名詞
blas	blas	固有名詞
blase	blase	固有名詞
blash	blash	固有名詞
blashy	blashy	固有名詞
blasia	blasia	固有名詞
blason	blason	固有名詞
blast	blast	固有名詞
blasts	blasts	固有名詞
blasty	blasty	固有名詞
blat	blat	固有名詞
blatch	blatch	固有名詞
blate	blate	固有名詞
blats	blats	固有名詞
blatta	blatta	固有名詞
blatti	blatti	固有名詞
blaver	blaver	固有名詞
blaw	blaw	固有名詞
blawed	blawed	固有名詞
blawn	blawn	固有名詞
blaws	blaws	固有名詞
blay	blay	固有名詞
blayk	blayk	固有名詞
blayne	blayne	固有名詞
blaze	blaze	固有名詞
blazed	blazed	固有名詞
blazer	blazer	固有名詞
blazes	blazes	固有名詞
blazon	blazon	固有名詞
blazy	blazy	固有名詞
bld	bld	固有名詞
bldg	bldg	固有名詞
bldr	bldr	固有名詞
blea	blea	固有名詞
bleach	bleach	固有名詞
bleak	bleak	固有名詞
bleaks	bleaks	固有名詞
bleaky	bleaky	固有名詞
blear	blear	固有名詞
blears	blears	固有名詞
bleary	bleary	固有名詞
bleat	bleat	固有名詞
bleats	bleats	固有名詞
bleaty	bleaty	固有名詞
bleb	bleb	固有名詞
blebby	blebby	固有名詞
blebs	blebs	固有名詞
bleck	bleck	固有名詞
bled	bled	固有名詞
blee	blee	固有名詞
bleed	bleed	固有名詞
bleeds	bleeds	固有名詞
bleep	bleep	固有名詞
bleeps	bleeps	固有名詞
bleery	bleery	固有名詞
bleeze	bleeze	固有名詞
bleezy	bleezy	固有名詞
blench	blench	固有名詞
blend	blend	固有名詞
blende	blende	固有名詞
blends	blends	固有名詞
blenk	blenk	固有名詞
blenny	blenny	固有名詞
blens	blens	固有名詞
blent	blent	固有名詞
bleo	bleo	固有名詞
blere	blere	固有名詞
bless	bless	固有名詞
blesse	blesse	固有名詞
blest	blest	固有名詞
blet	blet	固有名詞
blethe	blethe	固有名詞
bletia	bletia	固有名詞
blets	blets	固有名詞
bleu	bleu	固有名詞
blew	blew	固有名詞
bliaut	bliaut	固有名詞
blibe	blibe	固有名詞
blick	blick	固有名詞
blicky	blicky	固有名詞
blier	blier	固有名詞
bliest	bliest	固有名詞
blight	blight	固有名詞
blimey	blimey	固有名詞
blimp	blimp	固有名詞
blimps	blimps	固有名詞
blimy	blimy	固有名詞
blin	blin	固有名詞
blind	blind	固有名詞
blinds	blinds	固有名詞
blini	blini	固有名詞
blinis	blinis	固有名詞
blink	blink	固有名詞
blinks	blinks	固有名詞
blinky	blinky	固有名詞
blintz	blintz	固有名詞
bliny	bliny	固有名詞
blip	blip	固有名詞
blips	blips	固有名詞
blirt	blirt	固有名詞
bliss	bliss	固有名詞
blist	blist	固有名詞
blit	blit	固有名詞
blite	blite	固有名詞
blites	blites	固有名詞
blithe	blithe	固有名詞
blitum	blitum	固有名詞
blitz	blitz	固有名詞
blizz	blizz	固有名詞
blk	blk	固有名詞
blo	blo	固有名詞
bloat	bloat	固有名詞
bloats	bloats	固有名詞
blob	blob	固有名詞
blobby	blobby	固有名詞
blobs	blobs	固有名詞
bloc	bloc	固有名詞
block	block	固有名詞
blocks	blocks	固有名詞
blocky	blocky	固有名詞
blocs	blocs	固有名詞
blok	blok	固有名詞
bloke	bloke	固有名詞
blokes	blokes	固有名詞
blolly	blolly	固有名詞
bloman	bloman	固有名詞
blond	blond	固有名詞
blonde	blonde	固有名詞
blonds	blonds	固有名詞
blood	blood	固有名詞
bloods	bloods	固有名詞
bloody	bloody	固有名詞
blooey	blooey	固有名詞
blooie	blooie	固有名詞
bloom	bloom	固有名詞
blooms	blooms	固有名詞
bloomy	bloomy	固有名詞
bloop	bloop	固有名詞
bloops	bloops	固有名詞
blooth	blooth	固有名詞
blore	blore	固有名詞
blosmy	blosmy	固有名詞
blot	blot	固有名詞
blotch	blotch	固有名詞
blote	blote	固有名詞
blots	blots	固有名詞
blotto	blotto	固有名詞
blotty	blotty	固有名詞
blouse	blouse	固有名詞
blousy	blousy	固有名詞
blout	blout	固有名詞
blow	blow	固有名詞
blowby	blowby	固有名詞
blowen	blowen	固有名詞
blower	blower	固有名詞
blowie	blowie	固有名詞
blown	blown	固有名詞
blows	blows	固有名詞
blowse	blowse	固有名詞
blowsy	blowsy	固有名詞
blowth	blowth	固有名詞
blowup	blowup	固有名詞
blowy	blowy	固有名詞
blowze	blowze	固有名詞
blowzy	blowzy	固有名詞
bls	bls	固有名詞
blub	blub	固有名詞
bludge	bludge	固有名詞
blue	blue	固有名詞
blued	blued	固有名詞
bluely	bluely	固有名詞
bluer	bluer	固有名詞
blues	blues	固有名詞
bluest	bluest	固有名詞
bluesy	bluesy	固有名詞
bluet	bluet	固有名詞
blueth	blueth	固有名詞
bluets	bluets	固有名詞
bluey	bluey	固有名詞
blueys	blueys	固有名詞
bluff	bluff	固有名詞
bluffs	bluffs	固有名詞
bluffy	bluffy	固有名詞
bluggy	bluggy	固有名詞
bluing	bluing	固有名詞
bluish	bluish	固有名詞
bluism	bluism	固有名詞
blume	blume	固有名詞
blumea	blumea	固有名詞
blumed	blumed	固有名詞
blumes	blumes	固有名詞
blunge	blunge	固有名詞
blunk	blunk	固有名詞
blunks	blunks	固有名詞
blunt	blunt	固有名詞
blunts	blunts	固有名詞
blup	blup	固有名詞
blur	blur	固有名詞
blurb	blurb	固有名詞
blurbs	blurbs	固有名詞
blurry	blurry	固有名詞
blurs	blurs	固有名詞
blurt	blurt	固有名詞
blurts	blurts	固有名詞
blush	blush	固有名詞
blusht	blusht	固有名詞
blushy	blushy	固有名詞
blvd	blvd	固有名詞
blype	blype	固有名詞
blypes	blypes	固有名詞
bnf	bnf	固有名詞
boa	boa	固有名詞
boar	boar	固有名詞
board	board	固有名詞
boards	boards	固有名詞
boardy	boardy	固有名詞
boars	boars	固有名詞
boart	boart	固有名詞
boarts	boarts	固有名詞
boas	boas	固有名詞
boast	boast	固有名詞
boasts	boasts	固有名詞
boat	boat	固有名詞
boated	boated	固有名詞
boatel	boatel	固有名詞
boater	boater	固有名詞
boatie	boatie	固有名詞
boatly	boatly	固有名詞
boats	boats	固有名詞
bob	bob	固有名詞
boba	boba	固有名詞
bobac	bobac	固有名詞
bobbed	bobbed	固有名詞
bobber	bobber	固有名詞
bobbie	bobbie	固有名詞
bobbin	bobbin	固有名詞
bobble	bobble	固有名詞
bobby	bobby	固有名詞
bobcat	bobcat	固有名詞
bobet	bobet	固有名詞
bobfly	bobfly	固有名詞
boblet	boblet	固有名詞
bobo	bobo	固有名詞
bobol	bobol	固有名詞
bobs	bobs	固有名詞
boc	boc	固有名詞
boca	boca	固有名詞
bocage	bocage	固有名詞
bocal	bocal	固有名詞
bocca	bocca	固有名詞
bocce	bocce	固有名詞
bocces	bocces	固有名詞
bocci	bocci	固有名詞
boccia	boccia	固有名詞
boccie	boccie	固有名詞
boccis	boccis	固有名詞
boce	boce	固有名詞
boche	boche	固有名詞
bocher	bocher	固有名詞
boches	boches	固有名詞
bochur	bochur	固有名詞
bock	bock	固有名詞
bockey	bockey	固有名詞
bocks	bocks	固有名詞
bocoy	bocoy	固有名詞
bod	bod	固有名詞
bodach	bodach	固有名詞
boddle	boddle	固有名詞
bode	bode	固有名詞
boded	boded	固有名詞
bodega	bodega	固有名詞
boden	boden	固有名詞
boder	boder	固有名詞
bodes	bodes	固有名詞
bodge	bodge	固有名詞
bodger	bodger	固有名詞
bodgie	bodgie	固有名詞
bodhi	bodhi	固有名詞
bodice	bodice	固有名詞
bodied	bodied	固有名詞
bodier	bodier	固有名詞
bodies	bodies	固有名詞
bodily	bodily	固有名詞
boding	boding	固有名詞
bodken	bodken	固有名詞
bodkin	bodkin	固有名詞
bodle	bodle	固有名詞
bodo	bodo	固有名詞
bodock	bodock	固有名詞
bodoni	bodoni	固有名詞
bodrag	bodrag	固有名詞
bods	bods	固有名詞
body	body	固有名詞
boe	boe	固有名詞
boeing	boeing	固有名詞
boer	boer	固有名詞
boers	boers	固有名詞
boff	boff	固有名詞
boffin	boffin	固有名詞
boffo	boffo	固有名詞
boffos	boffos	固有名詞
boffs	boffs	固有名詞
bog	bog	固有名詞
boga	boga	固有名詞
bogach	bogach	固有名詞
bogan	bogan	固有名詞
bogans	bogans	固有名詞
bogard	bogard	固有名詞
bogart	bogart	固有名詞
boget	boget	固有名詞
bogey	bogey	固有名詞
bogeys	bogeys	固有名詞
bogged	bogged	固有名詞
boggin	boggin	固有名詞
boggle	boggle	固有名詞
boggy	boggy	固有名詞
bogie	bogie	固有名詞
bogier	bogier	固有名詞
bogies	bogies	固有名詞
bogle	bogle	固有名詞
bogled	bogled	固有名詞
bogles	bogles	固有名詞
boglet	boglet	固有名詞
bogman	bogman	固有名詞
bogo	bogo	固有名詞
bogong	bogong	固有名詞
bogota	bogota	固有名詞
bogs	bogs	固有名詞
bogue	bogue	固有名詞
bogued	bogued	固有名詞
bogum	bogum	固有名詞
bogus	bogus	固有名詞
bogway	bogway	固有名詞
bogy	bogy	固有名詞
boh	boh	固有名詞
bohawn	bohawn	固有名詞
bohea	bohea	固有名詞
boheas	boheas	固有名詞
boho	boho	固有名詞
bohor	bohor	固有名詞
bohora	bohora	固有名詞
bohunk	bohunk	固有名詞
boid	boid	固有名詞
boidae	boidae	固有名詞
boigid	boigid	固有名詞
boii	boii	固有名詞
boiko	boiko	固有名詞
boil	boil	固有名詞
boiled	boiled	固有名詞
boiler	boiler	固有名詞
boils	boils	固有名詞
boily	boily	固有名詞
boing	boing	固有名詞
bois	bois	固有名詞
boise	boise	固有名詞
boist	boist	固有名詞
boite	boite	固有名詞
boites	boites	固有名詞
bojite	bojite	固有名詞
bojo	bojo	固有名詞
bokard	bokard	固有名詞
bokark	bokark	固有名詞
boke	boke	固有名詞
boko	boko	固有名詞
bokom	bokom	固有名詞
bokos	bokos	固有名詞
bol	bol	固有名詞
bola	bola	固有名詞
bolag	bolag	固有名詞
bolar	bolar	固有名詞
bolas	bolas	固有名詞
bold	bold	固有名詞
bolded	bolded	固有名詞
bolden	bolden	固有名詞
bolder	bolder	固有名詞
boldin	boldin	固有名詞
boldly	boldly	固有名詞
boldo	boldo	固有名詞
boldos	boldos	固有名詞
boldu	boldu	固有名詞
bole	bole	固有名詞
boled	boled	固有名詞
bolero	bolero	固有名詞
boles	boles	固有名詞
bolete	bolete	固有名詞
boleti	boleti	固有名詞
bolide	bolide	固有名詞
bolis	bolis	固有名詞
bolita	bolita	固有名詞
bolk	bolk	固有名詞
boll	boll	固有名詞
bolled	bolled	固有名詞
bollen	bollen	固有名詞
boller	boller	固有名詞
bollix	bollix	固有名詞
bollox	bollox	固有名詞
bolls	bolls	固有名詞
bolly	bolly	固有名詞
bolo	bolo	固有名詞
boloed	boloed	固有名詞
bolos	bolos	固有名詞
bolshy	bolshy	固有名詞
bolson	bolson	固有名詞
bolt	bolt	固有名詞
bolted	bolted	固有名詞
boltel	boltel	固有名詞
bolter	bolter	固有名詞
bolti	bolti	固有名詞
boltin	boltin	固有名詞
bolts	bolts	固有名詞
bolty	bolty	固有名詞
bolus	bolus	固有名詞
bom	bom	固有名詞
boma	boma	固有名詞
bomb	bomb	固有名詞
bombax	bombax	固有名詞
bombay	bombay	固有名詞
bombe	bombe	固有名詞
bombed	bombed	固有名詞
bomber	bomber	固有名詞
bombes	bombes	固有名詞
bombic	bombic	固有名詞
bomble	bomble	固有名詞
bombo	bombo	固有名詞
bombs	bombs	固有名詞
bombus	bombus	固有名詞
bombyx	bombyx	固有名詞
bomi	bomi	固有名詞
bomos	bomos	固有名詞
bon	bon	固有名詞
bona	bona	固有名詞
bonace	bonace	固有名詞
bonaci	bonaci	固有名詞
bonagh	bonagh	固有名詞
bonair	bonair	固有名詞
bonang	bonang	固有名詞
bonasa	bonasa	固有名詞
bonav	bonav	固有名詞
bonbo	bonbo	固有名詞
bonbon	bonbon	固有名詞
bonce	bonce	固有名詞
bond	bond	固有名詞
bondar	bondar	固有名詞
bonded	bonded	固有名詞
bonder	bonder	固有名詞
bondoc	bondoc	固有名詞
bondon	bondon	固有名詞
bonds	bonds	固有名詞
bonduc	bonduc	固有名詞
bone	bone	固有名詞
boned	boned	固有名詞
boneen	boneen	固有名詞
boner	boner	固有名詞
boners	boners	固有名詞
bones	bones	固有名詞
bonete	bonete	固有名詞
boney	boney	固有名詞
bong	bong	固有名詞
bongar	bongar	固有名詞
bonged	bonged	固有名詞
bongo	bongo	固有名詞
bongos	bongos	固有名詞
bongs	bongs	固有名詞
boni	boni	固有名詞
bonier	bonier	固有名詞
bonify	bonify	固有名詞
boning	boning	固有名詞
bonism	bonism	固有名詞
bonita	bonita	固有名詞
bonito	bonito	固有名詞
bonity	bonity	固有名詞
bonk	bonk	固有名詞
bonked	bonked	固有名詞
bonks	bonks	固有名詞
bonnaz	bonnaz	固有名詞
bonne	bonne	固有名詞
bonnes	bonnes	固有名詞
bonnet	bonnet	固有名詞
bonnie	bonnie	固有名詞
bonnne	bonnne	固有名詞
bonny	bonny	固有名詞
bono	bono	固有名詞
bonos	bonos	固有名詞
bons	bons	固有名詞
bonsai	bonsai	固有名詞
bonser	bonser	固有名詞
bontee	bontee	固有名詞
bontok	bontok	固有名詞
bonum	bonum	固有名詞
bonus	bonus	固有名詞
bonxie	bonxie	固有名詞
bony	bony	固有名詞
bonze	bonze	固有名詞
bonzer	bonzer	固有名詞
bonzes	bonzes	固有名詞
boo	boo	固有名詞
boob	boob	固有名詞
booboo	booboo	固有名詞
boobs	boobs	固有名詞
booby	booby	固有名詞
bood	bood	固有名詞
boodh	boodh	固有名詞
boodie	boodie	固有名詞
boodle	boodle	固有名詞
boody	boody	固有名詞
booed	booed	固有名詞
boof	boof	固有名詞
booger	booger	固有名詞
boogie	boogie	固有名詞
boogum	boogum	固有名詞
boohoo	boohoo	固有名詞
booing	booing	固有名詞
boojum	boojum	固有名詞
book	book	固有名詞
booked	booked	固有名詞
booker	booker	固有名詞
bookie	bookie	固有名詞
bookit	bookit	固有名詞
books	books	固有名詞
booksy	booksy	固有名詞
booky	booky	固有名詞
bool	bool	固有名詞
booley	booley	固有名詞
booly	booly	固有名詞
boolya	boolya	固有名詞
boom	boom	固有名詞
boomah	boomah	固有名詞
boomed	boomed	固有名詞
boomer	boomer	固有名詞
booms	booms	固有名詞
boomy	boomy	固有名詞
boon	boon	固有名詞
boone	boone	固有名詞
boong	boong	固有名詞
boonk	boonk	固有名詞
boons	boons	固有名詞
boopic	boopic	固有名詞
boopis	boopis	固有名詞
boor	boor	固有名詞
boorga	boorga	固有名詞
boors	boors	固有名詞
boort	boort	固有名詞
boos	boos	固有名詞
boose	boose	固有名詞
boost	boost	固有名詞
boosts	boosts	固有名詞
boosy	boosy	固有名詞
boot	boot	固有名詞
booted	booted	固有名詞
bootee	bootee	固有名詞
booter	booter	固有名詞
bootes	bootes	固有名詞
booth	booth	固有名詞
booths	booths	固有名詞
bootid	bootid	固有名詞
bootie	bootie	固有名詞
bootle	bootle	固有名詞
boots	boots	固有名詞
booty	booty	固有名詞
booze	booze	固有名詞
boozed	boozed	固有名詞
boozer	boozer	固有名詞
boozes	boozes	固有名詞
boozy	boozy	固有名詞
bop	bop	固有名詞
bopeep	bopeep	固有名詞
bopped	bopped	固有名詞
bopper	bopper	固有名詞
bops	bops	固有名詞
bor	bor	固有名詞
bora	bora	固有名詞
borage	borage	固有名詞
borago	borago	固有名詞
borak	borak	固有名詞
boral	boral	固有名詞
boran	boran	固有名詞
borana	borana	固有名詞
borane	borane	固有名詞
borani	borani	固有名詞
boras	boras	固有名詞
borate	borate	固有名詞
borax	borax	固有名詞
bord	bord	固有名詞
bordar	bordar	固有名詞
bordel	bordel	固有名詞
border	border	固有名詞
bordun	bordun	固有名詞
bore	bore	固有名詞
boread	boread	固有名詞
boreal	boreal	固有名詞
borean	borean	固有名詞
boreas	boreas	固有名詞
bored	bored	固有名詞
boree	boree	固有名詞
boreen	boreen	固有名詞
borel	borel	固有名詞
borele	borele	固有名詞
borer	borer	固有名詞
borers	borers	固有名詞
bores	bores	固有名詞
boreus	boreus	固有名詞
borg	borg	固有名詞
borgh	borgh	固有名詞
borghi	borghi	固有名詞
borh	borh	固有名詞
bori	bori	固有名詞
boric	boric	固有名詞
borid	borid	固有名詞
boride	boride	固有名詞
borine	borine	固有名詞
boring	boring	固有名詞
boris	boris	固有名詞
borish	borish	固有名詞
borism	borism	固有名詞
borith	borith	固有名詞
bority	bority	固有名詞
borize	borize	固有名詞
borley	borley	固有名詞
born	born	固有名詞
bornan	bornan	固有名詞
borne	borne	固有名詞
borneo	borneo	固有名詞
bornyl	bornyl	固有名詞
boro	boro	固有名詞
boron	boron	固有名詞
borons	borons	固有名詞
bororo	bororo	固有名詞
borrel	borrel	固有名詞
borrow	borrow	固有名詞
bors	bors	固有名詞
borsch	borsch	固有名詞
borsht	borsht	固有名詞
bort	bort	固有名詞
borts	borts	固有名詞
borty	borty	固有名詞
bortz	bortz	固有名詞
boruca	boruca	固有名詞
boryl	boryl	固有名詞
borzoi	borzoi	固有名詞
bos	bos	固有名詞
bosc	bosc	固有名詞
bosch	bosch	固有名詞
bose	bose	固有名詞
boser	boser	固有名詞
bosey	bosey	固有名詞
bosh	bosh	固有名詞
boshas	boshas	固有名詞
bosher	bosher	固有名詞
boshes	boshes	固有名詞
bosk	bosk	固有名詞
bosker	bosker	固有名詞
bosket	bosket	固有名詞
bosks	bosks	固有名詞
bosky	bosky	固有名詞
bosn	bosn	固有名詞
bosom	bosom	固有名詞
bosoms	bosoms	固有名詞
bosomy	bosomy	固有名詞
boson	boson	固有名詞
bosons	bosons	固有名詞
bosque	bosque	固有名詞
boss	boss	固有名詞
bossa	bossa	固有名詞
bossed	bossed	固有名詞
bosser	bosser	固有名詞
bosses	bosses	固有名詞
bosset	bosset	固有名詞
bossy	bossy	固有名詞
bostal	bostal	固有名詞
boston	boston	固有名詞
bosun	bosun	固有名詞
bosuns	bosuns	固有名詞
bot	bot	固有名詞
bota	bota	固有名詞
botan	botan	固有名詞
botany	botany	固有名詞
botas	botas	固有名詞
botch	botch	固有名詞
botchy	botchy	固有名詞
bote	bote	固有名詞
botein	botein	固有名詞
botel	botel	固有名詞
botels	botels	固有名詞
botete	botete	固有名詞
botfly	botfly	固有名詞
both	both	固有名詞
bother	bother	固有名詞
bothie	bothie	固有名詞
bothy	bothy	固有名詞
boti	boti	固有名詞
botone	botone	固有名詞
botong	botong	固有名詞
botonn	botonn	固有名詞
botony	botony	固有名詞
botry	botry	固有名詞
bots	bots	固有名詞
bott	bott	固有名詞
botte	botte	固有名詞
bottle	bottle	固有名詞
bottom	bottom	固有名詞
botts	botts	固有名詞
bottu	bottu	固有名詞
boubas	boubas	固有名詞
boubou	boubou	固有名詞
boucan	boucan	固有名詞
bouch	bouch	固有名詞
bouche	bouche	固有名詞
boucl	boucl	固有名詞
boucle	boucle	固有名詞
boud	boud	固有名詞
boudin	boudin	固有名詞
bouet	bouet	固有名詞
bouffe	bouffe	固有名詞
bougar	bougar	固有名詞
bouge	bouge	固有名詞
bougee	bougee	固有名詞
bouget	bouget	固有名詞
bough	bough	固有名詞
boughs	boughs	固有名詞
bought	bought	固有名詞
boughy	boughy	固有名詞
bougie	bougie	固有名詞
bouk	bouk	固有名詞
boukit	boukit	固有名詞
boul	boul	固有名詞
boule	boule	固有名詞
boules	boules	固有名詞
boulle	boulle	固有名詞
boult	boult	固有名詞
boun	boun	固有名詞
bounce	bounce	固有名詞
bouncy	bouncy	固有名詞
bound	bound	固有名詞
bounds	bounds	固有名詞
bounty	bounty	固有名詞
bour	bour	固有名詞
bourd	bourd	固有名詞
bourg	bourg	固有名詞
bourgs	bourgs	固有名詞
bourn	bourn	固有名詞
bourne	bourne	固有名詞
bourns	bourns	固有名詞
bourr	bourr	固有名詞
bourre	bourre	固有名詞
bourse	bourse	固有名詞
bouse	bouse	固有名詞
boused	boused	固有名詞
bouser	bouser	固有名詞
bouses	bouses	固有名詞
bousy	bousy	固有名詞
bout	bout	固有名詞
boutel	boutel	固有名詞
bouto	bouto	固有名詞
bouton	bouton	固有名詞
boutre	boutre	固有名詞
bouts	bouts	固有名詞
bouw	bouw	固有名詞
bovate	bovate	固有名詞
bove	bove	固有名詞
bovey	bovey	固有名詞
bovid	bovid	固有名詞
bovids	bovids	固有名詞
bovine	bovine	固有名詞
bovld	bovld	固有名詞
bovoid	bovoid	固有名詞
bovver	bovver	固有名詞
bow	bow	固有名詞
bowboy	bowboy	固有名詞
bowden	bowden	固有名詞
bowe	bowe	固有名詞
bowed	bowed	固有名詞
bowel	bowel	固有名詞
bowels	bowels	固有名詞
bower	bower	固有名詞
bowers	bowers	固有名詞
bowery	bowery	固有名詞
bowess	bowess	固有名詞
bowet	bowet	固有名詞
bowfin	bowfin	固有名詞
bowge	bowge	固有名詞
bowie	bowie	固有名詞
bowing	bowing	固有名詞
bowk	bowk	固有名詞
bowker	bowker	固有名詞
bowl	bowl	固有名詞
bowla	bowla	固有名詞
bowle	bowle	固有名詞
bowled	bowled	固有名詞
bowleg	bowleg	固有名詞
bowler	bowler	固有名詞
bowles	bowles	固有名詞
bowlin	bowlin	固有名詞
bowls	bowls	固有名詞
bowly	bowly	固有名詞
bowman	bowman	固有名詞
bowmen	bowmen	固有名詞
bown	bown	固有名詞
bowne	bowne	固有名詞
bowpin	bowpin	固有名詞
bowpot	bowpot	固有名詞
bows	bows	固有名詞
bowsaw	bowsaw	固有名詞
bowse	bowse	固有名詞
bowsed	bowsed	固有名詞
bowser	bowser	固有名詞
bowses	bowses	固有名詞
bowsie	bowsie	固有名詞
bowtel	bowtel	固有名詞
bowtie	bowtie	固有名詞
bowwow	bowwow	固有名詞
bowyer	bowyer	固有名詞
box	box	固有名詞
boxcar	boxcar	固有名詞
boxed	boxed	固有名詞
boxen	boxen	固有名詞
boxer	boxer	固有名詞
boxers	boxers	固有名詞
boxes	boxes	固有名詞
boxful	boxful	固有名詞
boxier	boxier	固有名詞
boxing	boxing	固有名詞
boxman	boxman	固有名詞
boxtop	boxtop	固有名詞
boxty	boxty	固有名詞
boxy	boxy	固有名詞
boy	boy	固有名詞
boyang	boyang	固有名詞
boyar	boyar	固有名詞
boyard	boyard	固有名詞
boyars	boyars	固有名詞
boyau	boyau	固有名詞
boyaus	boyaus	固有名詞
boyaux	boyaux	固有名詞
boyce	boyce	固有名詞
boyd	boyd	固有名詞
boydom	boydom	固有名詞
boyer	boyer	固有名詞
boyg	boyg	固有名詞
boyish	boyish	固有名詞
boyism	boyism	固有名詞
boyla	boyla	固有名詞
boylas	boylas	固有名詞
boyo	boyo	固有名詞
boyos	boyos	固有名詞
boys	boys	固有名詞
boyuna	boyuna	固有名詞
boza	boza	固有名詞
bozal	bozal	固有名詞
bozine	bozine	固有名詞
bozo	bozo	固有名詞
bozos	bozos	固有名詞
bozze	bozze	固有名詞
bpi	bpi	固有名詞
bps	bps	固有名詞
bpt	bpt	固有名詞
bra	bra	固有名詞
braata	braata	固有名詞
brab	brab	固有名詞
braca	braca	固有名詞
bracae	bracae	固有名詞
brace	brace	固有名詞
braced	braced	固有名詞
bracer	bracer	固有名詞
braces	braces	固有名詞
brach	brach	固有名詞
brache	brache	固有名詞
brack	brack	固有名詞
bracky	bracky	固有名詞
bracon	bracon	固有名詞
bract	bract	固有名詞
bracts	bracts	固有名詞
brad	brad	固有名詞
brads	brads	固有名詞
brae	brae	固有名詞
braes	braes	固有名詞
brag	brag	固有名詞
bragas	bragas	固有名詞
brager	brager	固有名詞
braggy	braggy	固有名詞
bragi	bragi	固有名詞
bragly	bragly	固有名詞
brags	brags	固有名詞
brahm	brahm	固有名詞
brahma	brahma	固有名詞
brahmi	brahmi	固有名詞
brahms	brahms	固有名詞
brahui	brahui	固有名詞
braid	braid	固有名詞
braids	braids	固有名詞
braies	braies	固有名詞
brail	brail	固有名詞
brails	brails	固有名詞
brain	brain	固有名詞
brains	brains	固有名詞
brainy	brainy	固有名詞
braird	braird	固有名詞
brairo	brairo	固有名詞
braise	braise	固有名詞
braize	braize	固有名詞
brake	brake	固有名詞
braked	braked	固有名詞
braker	braker	固有名詞
brakes	brakes	固有名詞
brakie	brakie	固有名詞
braky	braky	固有名詞
bram	bram	固有名詞
bramah	bramah	固有名詞
brame	brame	固有名詞
bramia	bramia	固有名詞
bran	bran	固有名詞
branch	branch	固有名詞
brand	brand	固有名詞
brandi	brandi	固有名詞
brands	brands	固有名詞
brandy	brandy	固有名詞
brank	brank	固有名詞
branks	branks	固有名詞
branky	branky	固有名詞
branle	branle	固有名詞
branny	branny	固有名詞
brans	brans	固有名詞
brant	brant	固有名詞
branta	branta	固有名詞
brants	brants	固有名詞
brarow	brarow	固有名詞
bras	bras	固有名詞
brasen	brasen	固有名詞
brash	brash	固有名詞
brashy	brashy	固有名詞
brasil	brasil	固有名詞
brass	brass	固有名詞
brasse	brasse	固有名詞
brassy	brassy	固有名詞
brast	brast	固有名詞
brat	brat	固有名詞
brats	brats	固有名詞
bratty	bratty	固有名詞
braula	braula	固有名詞
brauna	brauna	固有名詞
brava	brava	固有名詞
bravas	bravas	固有名詞
brave	brave	固有名詞
braved	braved	固有名詞
braver	braver	固有名詞
braves	braves	固有名詞
bravi	bravi	固有名詞
bravo	bravo	固有名詞
bravos	bravos	固有名詞
braw	braw	固有名詞
brawer	brawer	固有名詞
brawl	brawl	固有名詞
brawls	brawls	固有名詞
brawly	brawly	固有名詞
brawn	brawn	固有名詞
brawns	brawns	固有名詞
brawny	brawny	固有名詞
braws	braws	固有名詞
braxy	braxy	固有名詞
bray	bray	固有名詞
braye	braye	固有名詞
brayed	brayed	固有名詞
brayer	brayer	固有名詞
brays	brays	固有名詞
braza	braza	固有名詞
brazas	brazas	固有名詞
braze	braze	固有名詞
brazed	brazed	固有名詞
brazee	brazee	固有名詞
brazen	brazen	固有名詞
brazer	brazer	固有名詞
brazes	brazes	固有名詞
brazil	brazil	固有名詞
breach	breach	固有名詞
bread	bread	固有名詞
breads	breads	固有名詞
break	break	固有名詞
breaks	breaks	固有名詞
bream	bream	固有名詞
breams	breams	固有名詞
breast	breast	固有名詞
breath	breath	固有名詞
breba	breba	固有名詞
brecht	brecht	固有名詞
brecia	brecia	固有名詞
breck	breck	固有名詞
bred	bred	固有名詞
brede	brede	固有名詞
bredes	bredes	固有名詞
bredi	bredi	固有名詞
bree	bree	固有名詞
breech	breech	固有名詞
breed	breed	固有名詞
breeds	breeds	固有名詞
breedy	breedy	固有名詞
breek	breek	固有名詞
breeks	breeks	固有名詞
brees	brees	固有名詞
breeze	breeze	固有名詞
breezy	breezy	固有名詞
bregma	bregma	固有名詞
brehon	brehon	固有名詞
brei	brei	固有名詞
breird	breird	固有名詞
brekky	brekky	固有名詞
brelan	brelan	固有名詞
brelaw	brelaw	固有名詞
breme	breme	固有名詞
bremia	bremia	固有名詞
bren	bren	固有名詞
brenda	brenda	固有名詞
brens	brens	固有名詞
brent	brent	固有名詞
brents	brents	固有名詞
brerd	brerd	固有名詞
brere	brere	固有名詞
brest	brest	固有名詞
bret	bret	固有名詞
breth	breth	固有名詞
breton	breton	固有名詞
brett	brett	固有名詞
brev	brev	固有名詞
breva	breva	固有名詞
breve	breve	固有名詞
breves	breves	固有名詞
brevet	brevet	固有名詞
brevi	brevi	固有名詞
brevis	brevis	固有名詞
brevit	brevit	固有名詞
brew	brew	固有名詞
brewed	brewed	固有名詞
brewer	brewer	固有名詞
brewis	brewis	固有名詞
brews	brews	固有名詞
brewst	brewst	固有名詞
brey	brey	固有名詞
brian	brian	固有名詞
briar	briar	固有名詞
briard	briard	固有名詞
briars	briars	固有名詞
briary	briary	固有名詞
bribe	bribe	固有名詞
bribed	bribed	固有名詞
bribee	bribee	固有名詞
briber	briber	固有名詞
bribes	bribes	固有名詞
bribri	bribri	固有名詞
brick	brick	固有名詞
bricks	bricks	固有名詞
bricky	bricky	固有名詞
brid	brid	固有名詞
bridal	bridal	固有名詞
bride	bride	固有名詞
brides	brides	固有名詞
bridge	bridge	固有名詞
bridie	bridie	固有名詞
bridle	bridle	固有名詞
brie	brie	固有名詞
brief	brief	固有名詞
briefs	briefs	固有名詞
brier	brier	固有名詞
briers	briers	固有名詞
briery	briery	固有名詞
bries	bries	固有名詞
brieve	brieve	固有名詞
brig	brig	固有名詞
briggs	briggs	固有名詞
bright	bright	固有名詞
brigid	brigid	固有名詞
brigs	brigs	固有名詞
brigue	brigue	固有名詞
brike	brike	固有名詞
brill	brill	固有名詞
brills	brills	固有名詞
brim	brim	固有名詞
brimly	brimly	固有名詞
brims	brims	固有名詞
brimse	brimse	固有名詞
brin	brin	固有名詞
brince	brince	固有名詞
brine	brine	固有名詞
brined	brined	固有名詞
briner	briner	固有名詞
brines	brines	固有名詞
bring	bring	固有名詞
brings	brings	固有名詞
brinie	brinie	固有名詞
brink	brink	固有名詞
brinks	brinks	固有名詞
brinny	brinny	固有名詞
brins	brins	固有名詞
briny	briny	固有名詞
brio	brio	固有名詞
briony	briony	固有名詞
brios	brios	固有名詞
brique	brique	固有名詞
brisa	brisa	固有名詞
brise	brise	固有名詞
brises	brises	固有名詞
brisk	brisk	固有名詞
brisks	brisks	固有名詞
brisky	brisky	固有名詞
briss	briss	固有名詞
brist	brist	固有名詞
brit	brit	固有名詞
brite	brite	固有名詞
brith	brith	固有名詞
briton	briton	固有名詞
brits	brits	固有名詞
britt	britt	固有名詞
britts	britts	固有名詞
briza	briza	固有名詞
brizz	brizz	固有名詞
brl	brl	固有名詞
bro	bro	固有名詞
broach	broach	固有名詞
broad	broad	固有名詞
broads	broads	固有名詞
brob	brob	固有名詞
broch	broch	固有名詞
broche	broche	固有名詞
brocho	brocho	固有名詞
brocht	brocht	固有名詞
brock	brock	固有名詞
brocks	brocks	固有名詞
brod	brod	固有名詞
brodee	brodee	固有名詞
brodie	brodie	固有名詞
brog	brog	固有名詞
brogan	brogan	固有名詞
brogh	brogh	固有名詞
brogue	brogue	固有名詞
broid	broid	固有名詞
broil	broil	固有名詞
broils	broils	固有名詞
broke	broke	固有名詞
broken	broken	固有名詞
broker	broker	固有名詞
brokes	brokes	固有名詞
brolga	brolga	固有名詞
broll	broll	固有名詞
brolly	brolly	固有名詞
broma	broma	固有名詞
bromal	bromal	固有名詞
brome	brome	固有名詞
bromes	bromes	固有名詞
bromic	bromic	固有名詞
bromid	bromid	固有名詞
bromin	bromin	固有名詞
bromo	bromo	固有名詞
bromol	bromol	固有名詞
bromos	bromos	固有名詞
bromus	bromus	固有名詞
bronc	bronc	固有名詞
bronco	bronco	固有名詞
broncs	broncs	固有名詞
bronk	bronk	固有名詞
bronx	bronx	固有名詞
bronze	bronze	固有名詞
bronzy	bronzy	固有名詞
broo	broo	固有名詞
brooch	brooch	固有名詞
brood	brood	固有名詞
broods	broods	固有名詞
broody	broody	固有名詞
brook	brook	固有名詞
brooke	brooke	固有名詞
brooks	brooks	固有名詞
brooky	brooky	固有名詞
brool	brool	固有名詞
broom	broom	固有名詞
brooms	brooms	固有名詞
broomy	broomy	固有名詞
broon	broon	固有名詞
broos	broos	固有名詞
broose	broose	固有名詞
bros	bros	固有名詞
brose	brose	固有名詞
broses	broses	固有名詞
brosot	brosot	固有名詞
brosse	brosse	固有名詞
brosy	brosy	固有名詞
brot	brot	固有名詞
brotan	brotan	固有名詞
brotel	brotel	固有名詞
broth	broth	固有名詞
brothe	brothe	固有名詞
broths	broths	固有名詞
brothy	brothy	固有名詞
brott	brott	固有名詞
brough	brough	固有名詞
brouze	brouze	固有名詞
brow	brow	固有名詞
browd	browd	固有名詞
browed	browed	固有名詞
browet	browet	固有名詞
browis	browis	固有名詞
brown	brown	固有名詞
browns	browns	固有名詞
browny	browny	固有名詞
brows	brows	固有名詞
browse	browse	固有名詞
browst	browst	固有名詞
brr	brr	固有名詞
brrr	brrr	固有名詞
bruang	bruang	固有名詞
brubru	brubru	固有名詞
brubu	brubu	固有名詞
bruce	bruce	固有名詞
brucia	brucia	固有名詞
brucin	brucin	固有名詞
bruet	bruet	固有名詞
bruges	bruges	固有名詞
brugh	brugh	固有名詞
brughs	brughs	固有名詞
bruin	bruin	固有名詞
bruins	bruins	固有名詞
bruise	bruise	固有名詞
bruit	bruit	固有名詞
bruits	bruits	固有名詞
bruja	bruja	固有名詞
brujas	brujas	固有名詞
brujo	brujo	固有名詞
brujos	brujos	固有名詞
bruke	bruke	固有名詞
brule	brule	固有名詞
brulee	brulee	固有名詞
brules	brules	固有名詞
brulot	brulot	固有名詞
brum	brum	固有名詞
brumal	brumal	固有名詞
brumby	brumby	固有名詞
brume	brume	固有名詞
brumes	brumes	固有名詞
brummy	brummy	固有名詞
brunch	brunch	固有名詞
brune	brune	固有名詞
brunel	brunel	固有名詞
brunet	brunet	固有名詞
bruno	bruno	固有名詞
brunt	brunt	固有名詞
brunts	brunts	固有名詞
brush	brush	固有名詞
brushy	brushy	固有名詞
brusk	brusk	固有名詞
brut	brut	固有名詞
bruta	bruta	固有名詞
brutal	brutal	固有名詞
brute	brute	固有名詞
bruted	bruted	固有名詞
brutes	brutes	固有名詞
brutus	brutus	固有名詞
bruzz	bruzz	固有名詞
bryan	bryan	固有名詞
bryce	bryce	固有名詞
brynza	brynza	固有名詞
bryon	bryon	固有名詞
bryony	bryony	固有名詞
bryum	bryum	固有名詞
bsf	bsf	固有名詞
bsh	bsh	固有名詞
bskt	bskt	固有名詞
btise	btise	固有名詞
btl	btl	固有名詞
btry	btry	固有名詞
btu	btu	固有名詞
bual	bual	固有名詞
buat	buat	固有名詞
buaze	buaze	固有名詞
bub	bub	固有名詞
buba	buba	固有名詞
bubal	bubal	固有名詞
bubale	bubale	固有名詞
bubals	bubals	固有名詞
bubas	bubas	固有名詞
bubba	bubba	固有名詞
bubber	bubber	固有名詞
bubble	bubble	固有名詞
bubbly	bubbly	固有名詞
bubby	bubby	固有名詞
bube	bube	固有名詞
bubo	bubo	固有名詞
buboed	buboed	固有名詞
buboes	buboes	固有名詞
bubos	bubos	固有名詞
bubs	bubs	固有名詞
bucare	bucare	固有名詞
bucayo	bucayo	固有名詞
bucca	bucca	固有名詞
buccal	buccal	固有名詞
buccan	buccan	固有名詞
buccin	buccin	固有名詞
bucco	bucco	固有名詞
buchu	buchu	固有名詞
buck	buck	固有名詞
bucked	bucked	固有名詞
bucker	bucker	固有名詞
bucket	bucket	固有名詞
buckie	buckie	固有名詞
buckle	buckle	固有名詞
bucko	bucko	固有名詞
buckra	buckra	固有名詞
bucks	bucks	固有名詞
bucku	bucku	固有名詞
bucky	bucky	固有名詞
bud	bud	固有名詞
buda	buda	固有名詞
buddah	buddah	固有名詞
budded	budded	固有名詞
budder	budder	固有名詞
buddh	buddh	固有名詞
buddha	buddha	固有名詞
buddhi	buddhi	固有名詞
buddie	buddie	固有名詞
buddle	buddle	固有名詞
buddy	buddy	固有名詞
bude	bude	固有名詞
budge	budge	固有名詞
budged	budged	固有名詞
budger	budger	固有名詞
budges	budges	固有名詞
budget	budget	固有名詞
budgie	budgie	固有名詞
budgy	budgy	固有名詞
budh	budh	固有名詞
budlet	budlet	固有名詞
buds	buds	固有名詞
buduma	buduma	固有名詞
budzat	budzat	固有名詞
buenas	buenas	固有名詞
bueno	bueno	固有名詞
buenos	buenos	固有名詞
buff	buff	固有名詞
buffa	buffa	固有名詞
buffe	buffe	固有名詞
buffed	buffed	固有名詞
buffer	buffer	固有名詞
buffet	buffet	固有名詞
buffi	buffi	固有名詞
buffin	buffin	固有名詞
buffle	buffle	固有名詞
buffo	buffo	固有名詞
buffos	buffos	固有名詞
buffs	buffs	固有名詞
buffy	buffy	固有名詞
bufo	bufo	固有名詞
bug	bug	固有名詞
bugala	bugala	固有名詞
bugan	bugan	固有名詞
bugara	bugara	固有名詞
bugdom	bugdom	固有名詞
bugeye	bugeye	固有名詞
bugged	bugged	固有名詞
bugger	bugger	固有名詞
buggy	buggy	固有名詞
bught	bught	固有名詞
bugi	bugi	固有名詞
bugle	bugle	固有名詞
bugled	bugled	固有名詞
bugler	bugler	固有名詞
bugles	bugles	固有名詞
buglet	buglet	固有名詞
bugong	bugong	固有名詞
bugout	bugout	固有名詞
bugre	bugre	固有名詞
bugs	bugs	固有名詞
bugsha	bugsha	固有名詞
buhl	buhl	固有名詞
buhls	buhls	固有名詞
buhr	buhr	固有名詞
buhrs	buhrs	固有名詞
buibui	buibui	固有名詞
buick	buick	固有名詞
buicks	buicks	固有名詞
build	build	固有名詞
builds	builds	固有名詞
built	built	固有名詞
buist	buist	固有名詞
bukat	bukat	固有名詞
bukh	bukh	固有名詞
bukshi	bukshi	固有名詞
bul	bul	固有名詞
bulak	bulak	固有名詞
bulb	bulb	固有名詞
bulbar	bulbar	固有名詞
bulbed	bulbed	固有名詞
bulbel	bulbel	固有名詞
bulbil	bulbil	固有名詞
bulbs	bulbs	固有名詞
bulbul	bulbul	固有名詞
bulbus	bulbus	固有名詞
bulby	bulby	固有名詞
bulder	bulder	固有名詞
bulgar	bulgar	固有名詞
bulge	bulge	固有名詞
bulged	bulged	固有名詞
bulger	bulger	固有名詞
bulges	bulges	固有名詞
bulgur	bulgur	固有名詞
bulgy	bulgy	固有名詞
bulies	bulies	固有名詞
bulimy	bulimy	固有名詞
bulk	bulk	固有名詞
bulked	bulked	固有名詞
bulker	bulker	固有名詞
bulkin	bulkin	固有名詞
bulks	bulks	固有名詞
bulky	bulky	固有名詞
bull	bull	固有名詞
bulla	bulla	固有名詞
bullae	bullae	固有名詞
bullan	bullan	固有名詞
bulled	bulled	固有名詞
buller	buller	固有名詞
bullet	bullet	固有名詞
bullit	bullit	固有名詞
bullom	bullom	固有名詞
bulls	bulls	固有名詞
bully	bully	固有名詞
bulse	bulse	固有名詞
bult	bult	固有名詞
bulten	bulten	固有名詞
bulter	bulter	固有名詞
bultey	bultey	固有名詞
bultow	bultow	固有名詞
bum	bum	固有名詞
bumbee	bumbee	固有名詞
bumble	bumble	固有名詞
bumbo	bumbo	固有名詞
bumf	bumf	固有名詞
bumfeg	bumfeg	固有名詞
bumfs	bumfs	固有名詞
bumkin	bumkin	固有名詞
bummed	bummed	固有名詞
bummel	bummel	固有名詞
bummer	bummer	固有名詞
bummie	bummie	固有名詞
bummil	bummil	固有名詞
bummle	bummle	固有名詞
bump	bump	固有名詞
bumped	bumped	固有名詞
bumpee	bumpee	固有名詞
bumper	bumper	固有名詞
bumph	bumph	固有名詞
bumps	bumps	固有名詞
bumpsy	bumpsy	固有名詞
bumpy	bumpy	固有名詞
bums	bums	固有名詞
bun	Bun	固有名詞
buna	buna	固有名詞
buncal	buncal	固有名詞
bunce	bunce	固有名詞
bunch	bunch	固有名詞
bunchy	bunchy	固有名詞
bunco	bunco	固有名詞
buncos	buncos	固有名詞
bund	bund	固有名詞
bunda	bunda	固有名詞
bunder	bunder	固有名詞
bundh	bundh	固有名詞
bundle	bundle	固有名詞
bundoc	bundoc	固有名詞
bunds	bunds	固有名詞
bundt	bundt	固有名詞
bundts	bundts	固有名詞
bundu	bundu	固有名詞
bundy	bundy	固有名詞
bung	bung	固有名詞
bunga	bunga	固有名詞
bunged	bunged	固有名詞
bungee	bungee	固有名詞
bunger	bunger	固有名詞
bungey	bungey	固有名詞
bungfu	bungfu	固有名詞
bungle	bungle	固有名詞
bungo	bungo	固有名詞
bungos	bungos	固有名詞
bungs	bungs	固有名詞
bungy	bungy	固有名詞
bunion	bunion	固有名詞
bunk	bunk	固有名詞
bunked	bunked	固有名詞
bunker	bunker	固有名詞
bunkie	bunkie	固有名詞
bunko	bunko	固有名詞
bunkos	bunkos	固有名詞
bunks	bunks	固有名詞
bunkum	bunkum	固有名詞
bunn	bunn	固有名詞
bunnia	bunnia	固有名詞
bunns	bunns	固有名詞
bunny	bunny	固有名詞
buns	buns	固有名詞
bunsen	bunsen	固有名詞
bunt	bunt	固有名詞
buntal	buntal	固有名詞
bunted	bunted	固有名詞
bunter	bunter	固有名詞
bunton	bunton	固有名詞
bunts	bunts	固有名詞
bunty	bunty	固有名詞
bunya	bunya	固有名詞
bunyah	bunyah	固有名詞
bunyan	bunyan	固有名詞
bunyas	bunyas	固有名詞
bunyip	bunyip	固有名詞
buoy	buoy	固有名詞
buoyed	buoyed	固有名詞
buoys	buoys	固有名詞
buqsha	buqsha	固有名詞
bur	bur	固有名詞
bura	bura	固有名詞
buran	buran	固有名詞
burans	burans	固有名詞
burao	burao	固有名詞
buras	buras	固有名詞
burble	burble	固有名詞
burbly	burbly	固有名詞
burbot	burbot	固有名詞
burbs	burbs	固有名詞
burd	burd	固有名詞
burden	burden	固有名詞
burdie	burdie	固有名詞
burdon	burdon	固有名詞
burds	burds	固有名詞
bure	bure	固有名詞
bureau	bureau	固有名詞
burel	burel	固有名詞
burele	burele	固有名詞
burely	burely	固有名詞
buret	buret	固有名詞
burets	burets	固有名詞
burez	burez	固有名詞
burg	burg	固有名詞
burga	burga	固有名詞
burgau	burgau	固有名詞
burge	burge	固有名詞
burgee	burgee	固有名詞
burger	burger	固有名詞
burgh	burgh	固有名詞
burghs	burghs	固有名詞
burgle	burgle	固有名詞
burgoo	burgoo	固有名詞
burgs	burgs	固有名詞
burgul	burgul	固有名詞
burgus	burgus	固有名詞
burh	burh	固有名詞
burhel	burhel	固有名詞
buri	buri	固有名詞
burial	burial	固有名詞
burian	burian	固有名詞
buriat	buriat	固有名詞
buried	buried	固有名詞
burier	burier	固有名詞
buries	buries	固有名詞
burin	burin	固有名詞
burins	burins	固有名詞
burion	burion	固有名詞
buriti	buriti	固有名詞
burk	burk	固有名詞
burka	burka	固有名詞
burke	burke	固有名詞
burked	burked	固有名詞
burkei	burkei	固有名詞
burker	burker	固有名詞
burkes	burkes	固有名詞
burkha	burkha	固有名詞
burl	burl	固有名詞
burlap	burlap	固有名詞
burled	burled	固有名詞
burler	burler	固有名詞
burlet	burlet	固有名詞
burley	burley	固有名詞
burls	burls	固有名詞
burly	burly	固有名詞
burma	burma	固有名詞
burman	burman	固有名詞
burn	burn	固有名詞
burned	burned	固有名詞
burner	burner	固有名詞
burnet	burnet	固有名詞
burnie	burnie	固有名詞
burns	burns	固有名詞
burnt	burnt	固有名詞
burnup	burnup	固有名詞
burnut	burnut	固有名詞
burny	burny	固有名詞
buro	buro	固有名詞
buroo	buroo	固有名詞
burp	burp	固有名詞
burped	burped	固有名詞
burps	burps	固有名詞
burr	burr	固有名詞
burrah	burrah	固有名詞
burred	burred	固有名詞
burree	burree	固有名詞
burrel	burrel	固有名詞
burrer	burrer	固有名詞
burrio	burrio	固有名詞
burro	burro	固有名詞
burros	burros	固有名詞
burrow	burrow	固有名詞
burrs	burrs	固有名詞
burry	burry	固有名詞
burs	burs	固有名詞
bursa	bursa	固有名詞
bursae	bursae	固有名詞
bursal	bursal	固有名詞
bursar	bursar	固有名詞
bursas	bursas	固有名詞
bursch	bursch	固有名詞
burse	burse	固有名詞
burses	burses	固有名詞
burst	burst	固有名詞
bursts	bursts	固有名詞
bursty	bursty	固有名詞
burt	burt	固有名詞
burton	burton	固有名詞
burut	burut	固有名詞
bury	bury	固有名詞
burys	burys	固有名詞
bus	bus	固有名詞
busaos	busaos	固有名詞
busbar	busbar	固有名詞
busboy	busboy	固有名詞
busby	busby	固有名詞
bused	bused	固有名詞
busera	busera	固有名詞
buses	buses	固有名詞
bush	bush	固有名詞
bushed	bushed	固有名詞
bushel	bushel	固有名詞
busher	busher	固有名詞
bushes	bushes	固有名詞
bushet	bushet	固有名詞
bushi	bushi	固有名詞
bushie	bushie	固有名詞
bushwa	bushwa	固有名詞
bushy	bushy	固有名詞
busied	busied	固有名詞
busier	busier	固有名詞
busies	busies	固有名詞
busily	busily	固有名詞
busine	busine	固有名詞
busing	busing	固有名詞
busk	busk	固有名詞
busked	busked	固有名詞
busker	busker	固有名詞
busket	busket	固有名詞
buskin	buskin	固有名詞
buskle	buskle	固有名詞
busks	busks	固有名詞
busky	busky	固有名詞
busman	busman	固有名詞
busmen	busmen	固有名詞
buss	buss	固有名詞
bussed	bussed	固有名詞
busser	busser	固有名詞
busses	busses	固有名詞
bussu	bussu	固有名詞
bussy	bussy	固有名詞
bust	bust	固有名詞
busted	busted	固有名詞
bustee	bustee	固有名詞
buster	buster	固有名詞
busti	busti	固有名詞
bustic	bustic	固有名詞
bustle	bustle	固有名詞
busto	busto	固有名詞
busts	busts	固有名詞
busty	busty	固有名詞
busway	busway	固有名詞
busy	busy	固有名詞
but	but	固有名詞
butane	butane	固有名詞
butat	butat	固有名詞
butch	butch	固有名詞
butcha	butcha	固有名詞
bute	bute	固有名詞
butea	butea	固有名詞
butein	butein	固有名詞
butene	butene	固有名詞
buteo	buteo	固有名詞
buteos	buteos	固有名詞
butic	butic	固有名詞
butin	butin	固有名詞
butine	butine	固有名詞
butle	butle	固有名詞
butled	butled	固有名詞
butler	butler	固有名詞
butles	butles	固有名詞
butoxy	butoxy	固有名詞
buts	buts	固有名詞
butsu	butsu	固有名詞
butt	butt	固有名詞
buttal	buttal	固有名詞
butte	butte	固有名詞
butted	butted	固有名詞
butter	butter	固有名詞
buttes	buttes	固有名詞
buttle	buttle	固有名詞
button	button	固有名詞
butts	butts	固有名詞
butty	butty	固有名詞
butut	butut	固有名詞
bututs	bututs	固有名詞
butyl	butyl	固有名詞
butyls	butyls	固有名詞
butyn	butyn	固有名詞
butyne	butyne	固有名詞
butyr	butyr	固有名詞
buxine	buxine	固有名詞
buxom	buxom	固有名詞
buxus	buxus	固有名詞
buy	buy	固有名詞
buyer	buyer	固有名詞
buyers	buyers	固有名詞
buying	buying	固有名詞
buyout	buyout	固有名詞
buys	buys	固有名詞
buz	buz	固有名詞
buzane	buzane	固有名詞
buzuki	buzuki	固有名詞
buzz	buzz	固有名詞
buzzed	buzzed	固有名詞
buzzer	buzzer	固有名詞
buzzes	buzzes	固有名詞
buzzle	buzzle	固有名詞
buzzy	buzzy	固有名詞
bvt	bvt	固有名詞
bwana	bwana	固有名詞
bwanas	bwanas	固有名詞
bxs	bxs	固有名詞
byard	byard	固有名詞
byblis	byblis	固有名詞
bye	bye	固有名詞
byee	byee	固有名詞
byelaw	byelaw	固有名詞
byeman	byeman	固有名詞
byes	byes	固有名詞
bygane	bygane	固有名詞
bygo	bygo	固有名詞
bygone	bygone	固有名詞
byhand	byhand	固有名詞
byland	byland	固有名詞
bylaw	bylaw	固有名詞
bylaws	bylaws	固有名詞
bylina	bylina	固有名詞
byline	byline	固有名詞
byliny	byliny	固有名詞
byname	byname	固有名詞
bynin	bynin	固有名詞
byon	byon	固有名詞
byous	byous	固有名詞
byp	byp	固有名詞
bypass	bypass	固有名詞
bypast	bypast	固有名詞
bypath	bypath	固有名詞
byplay	byplay	固有名詞
byre	byre	固有名詞
byres	byres	固有名詞
byrl	byrl	固有名詞
byrlaw	byrlaw	固有名詞
byrled	byrled	固有名詞
byrls	byrls	固有名詞
byrnie	byrnie	固有名詞
byroad	byroad	固有名詞
byron	byron	固有名詞
byrri	byrri	固有名詞
byrrus	byrrus	固有名詞
bys	bys	固有名詞
bysen	bysen	固有名詞
byss	byss	固有名詞
byssal	byssal	固有名詞
byssi	byssi	固有名詞
byssin	byssin	固有名詞
byssus	byssus	固有名詞
bytalk	bytalk	固有名詞
byte	byte	固有名詞
bytes	bytes	固有名詞
byth	byth	固有名詞
bytime	bytime	固有名詞
bywalk	bywalk	固有名詞
byward	byward	固有名詞
byway	byway	固有名詞
byways	byways	固有名詞
byword	byword	固有名詞
bywork	bywork	固有名詞
byzant	byzant	固有名詞
caaba	caaba	固有名詞
caam	caam	固有名詞
caama	caama	固有名詞
cab	cab	固有名詞
caba	caba	固有名詞
cabaa	cabaa	固有名詞
cabaan	cabaan	固有名詞
caback	caback	固有名詞
cabaho	cabaho	固有名詞
cabal	cabal	固有名詞
cabala	cabala	固有名詞
caball	caball	固有名詞
cabals	cabals	固有名詞
caban	caban	固有名詞
cabana	cabana	固有名詞
cabane	cabane	固有名詞
cabas	cabas	固有名詞
cabasa	cabasa	固有名詞
cabbed	cabbed	固有名詞
cabber	cabber	固有名詞
cabbie	cabbie	固有名詞
cabble	cabble	固有名詞
cabby	cabby	固有名詞
cabda	cabda	固有名詞
caber	caber	固有名詞
cabers	cabers	固有名詞
cabful	cabful	固有名詞
cabiai	cabiai	固有名詞
cabin	cabin	固有名詞
cabins	cabins	固有名詞
cabio	cabio	固有名詞
cabiri	cabiri	固有名詞
cable	cable	固有名詞
cabled	cabled	固有名詞
cabler	cabler	固有名詞
cables	cables	固有名詞
cablet	cablet	固有名詞
cabman	cabman	固有名詞
cabmen	cabmen	固有名詞
cabob	cabob	固有名詞
cabobs	cabobs	固有名詞
cabook	cabook	固有名詞
cabot	cabot	固有名詞
cabots	cabots	固有名詞
cabre	cabre	固有名詞
cabree	cabree	固有名詞
cabret	cabret	固有名詞
cabrie	cabrie	固有名詞
cabrit	cabrit	固有名詞
cabs	cabs	固有名詞
cabuja	cabuja	固有名詞
caburn	caburn	固有名詞
cabuya	cabuya	固有名詞
caca	caca	固有名詞
cacam	cacam	固有名詞
cacan	cacan	固有名詞
cacana	cacana	固有名詞
cacao	cacao	固有名詞
cacaos	cacaos	固有名詞
cacara	cacara	固有名詞
cacas	cacas	固有名詞
caccia	caccia	固有名詞
cace	cace	固有名詞
cacei	cacei	固有名詞
cache	cache	固有名詞
cached	cached	固有名詞
caches	caches	固有名詞
cachet	cachet	固有名詞
cachot	cachot	固有名詞
cachou	cachou	固有名詞
cachua	cachua	固有名詞
caci	caci	固有名詞
cack	cack	固有名詞
cacked	cacked	固有名詞
cackle	cackle	固有名詞
cacks	cacks	固有名詞
cacoon	cacoon	固有名詞
cactal	cactal	固有名詞
cacti	cacti	固有名詞
cactus	cactus	固有名詞
cacur	cacur	固有名詞
cad	cad	固有名詞
cadbit	cadbit	固有名詞
cadded	cadded	固有名詞
caddie	caddie	固有名詞
caddis	caddis	固有名詞
caddle	caddle	固有名詞
caddo	caddo	固有名詞
caddow	caddow	固有名詞
caddy	caddy	固有名詞
cade	cade	固有名詞
cadeau	cadeau	固有名詞
cadee	cadee	固有名詞
cadent	cadent	固有名詞
cader	cader	固有名詞
cadere	cadere	固有名詞
cades	cades	固有名詞
cadet	cadet	固有名詞
cadets	cadets	固有名詞
cadew	cadew	固有名詞
cadge	cadge	固有名詞
cadged	cadged	固有名詞
cadger	cadger	固有名詞
cadges	cadges	固有名詞
cadgy	cadgy	固有名詞
cadi	cadi	固有名詞
cadie	cadie	固有名詞
cadis	cadis	固有名詞
cadish	cadish	固有名詞
cadism	cadism	固有名詞
cadjan	cadjan	固有名詞
cadmia	cadmia	固有名詞
cadmic	cadmic	固有名詞
cadmus	cadmus	固有名詞
cados	cados	固有名詞
cadouk	cadouk	固有名詞
cadre	cadre	固有名詞
cadres	cadres	固有名詞
cads	cads	固有名詞
cadua	cadua	固有名詞
caduac	caduac	固有名詞
caduca	caduca	固有名詞
caduke	caduke	固有名詞
cadus	cadus	固有名詞
cadwal	cadwal	固有名詞
cady	cady	固有名詞
caeca	caeca	固有名詞
caecal	caecal	固有名詞
caecum	caecum	固有名詞
caelum	caelum	固有名詞
caelus	caelus	固有名詞
caeoma	caeoma	固有名詞
caesar	caesar	固有名詞
caf	caf	固有名詞
cafard	cafard	固有名詞
cafe	cafe	固有名詞
cafes	cafes	固有名詞
caff	caff	固有名詞
caffa	caffa	固有名詞
caffle	caffle	固有名詞
caffoy	caffoy	固有名詞
caffre	caffre	固有名詞
cafh	cafh	固有名詞
cafila	cafila	固有名詞
cafiz	cafiz	固有名詞
cafoy	cafoy	固有名詞
caftan	caftan	固有名詞
cafuso	cafuso	固有名詞
cag	cag	固有名詞
cage	cage	固有名詞
caged	caged	固有名詞
cageot	cageot	固有名詞
cager	cager	固有名詞
cagers	cagers	固有名詞
cages	cages	固有名詞
cagey	cagey	固有名詞
caggy	caggy	固有名詞
cagier	cagier	固有名詞
cagily	cagily	固有名詞
caging	caging	固有名詞
cagit	cagit	固有名詞
cagmag	cagmag	固有名詞
cagn	cagn	固有名詞
cagot	cagot	固有名詞
cagui	cagui	固有名詞
cagy	cagy	固有名詞
cahier	cahier	固有名詞
cahill	cahill	固有名詞
cahita	cahita	固有名詞
cahiz	cahiz	固有名詞
cahoot	cahoot	固有名詞
cahot	cahot	固有名詞
cahow	cahow	固有名詞
cahows	cahows	固有名詞
cahuy	cahuy	固有名詞
cai	cai	固有名詞
caic	caic	固有名詞
caid	caid	固有名詞
caids	caids	固有名詞
caille	caille	固有名詞
caiman	caiman	固有名詞
cain	cain	固有名詞
cains	cains	固有名詞
caique	caique	固有名詞
cair	cair	固有名詞
cairba	cairba	固有名詞
caird	caird	固有名詞
cairds	cairds	固有名詞
cairn	cairn	固有名詞
cairns	cairns	固有名詞
cairny	cairny	固有名詞
cairo	cairo	固有名詞
caisse	caisse	固有名詞
caite	caite	固有名詞
caitif	caitif	固有名詞
cajan	cajan	固有名詞
cajang	cajang	固有名詞
cajava	cajava	固有名詞
cajeta	cajeta	固有名詞
cajole	cajole	固有名詞
cajon	cajon	固有名詞
cajou	cajou	固有名詞
cajun	cajun	固有名詞
cajuns	cajuns	固有名詞
cake	cake	固有名詞
caked	caked	固有名詞
caker	caker	固有名詞
cakes	cakes	固有名詞
cakey	cakey	固有名詞
cakier	cakier	固有名詞
cakile	cakile	固有名詞
caking	caking	固有名詞
cakra	cakra	固有名詞
caky	caky	固有名詞
cal	cal	固有名詞
calaba	calaba	固有名詞
calade	calade	固有名詞
calais	calais	固有名詞
calalu	calalu	固有名詞
calami	calami	固有名詞
calas	calas	固有名詞
calash	calash	固有名詞
calc	calc	固有名詞
calcar	calcar	固有名詞
calced	calced	固有名詞
calces	calces	固有名詞
calche	calche	固有名詞
calci	calci	固有名詞
calcic	calcic	固有名詞
calden	calden	固有名詞
calean	calean	固有名詞
caleb	caleb	固有名詞
calef	calef	固有名詞
calefy	calefy	固有名詞
calesa	calesa	固有名詞
calf	calf	固有名詞
calfs	calfs	固有名詞
calgon	calgon	固有名詞
calic	calic	固有名詞
calico	calico	固有名詞
calid	calid	固有名詞
calif	calif	固有名詞
califs	califs	固有名詞
caliga	caliga	固有名詞
caligo	caligo	固有名詞
calili	calili	固有名詞
calin	calin	固有名詞
calina	calina	固有名詞
caline	caline	固有名詞
caliph	caliph	固有名詞
calite	calite	固有名詞
calix	calix	固有名詞
calk	calk	固有名詞
calked	calked	固有名詞
calker	calker	固有名詞
calkin	calkin	固有名詞
calks	calks	固有名詞
call	call	固有名詞
calla	calla	固有名詞
callan	callan	固有名詞
callas	callas	固有名詞
callat	callat	固有名詞
called	called	固有名詞
caller	caller	固有名詞
calles	calles	固有名詞
callet	callet	固有名詞
calli	calli	固有名詞
callid	callid	固有名詞
callo	callo	固有名詞
calloo	calloo	固有名詞
callop	callop	固有名詞
callot	callot	固有名詞
callow	callow	固有名詞
calls	calls	固有名詞
callum	callum	固有名詞
callus	callus	固有名詞
calm	calm	固有名詞
calmed	calmed	固有名詞
calmer	calmer	固有名詞
calmly	calmly	固有名詞
calms	calms	固有名詞
calmy	calmy	固有名詞
calool	calool	固有名詞
calor	calor	固有名詞
calory	calory	固有名詞
calp	calp	固有名詞
calpac	calpac	固有名詞
calpul	calpul	固有名詞
calque	calque	固有名詞
cals	cals	固有名詞
caltha	caltha	固有名詞
calusa	calusa	固有名詞
calve	calve	固有名詞
calved	calved	固有名詞
calver	calver	固有名詞
calves	calves	固有名詞
calvin	calvin	固有名詞
calvus	calvus	固有名詞
calx	calx	固有名詞
calxes	calxes	固有名詞
calyon	calyon	固有名詞
calyx	calyx	固有名詞
cam	cam	固有名詞
camaca	camaca	固有名詞
camail	camail	固有名詞
camaka	camaka	固有名詞
caman	caman	固有名詞
camara	camara	固有名詞
camas	camas	固有名詞
camass	camass	固有名詞
camata	camata	固有名詞
camay	camay	固有名詞
camb	camb	固有名詞
camber	camber	固有名詞
cambia	cambia	固有名詞
cambio	cambio	固有名詞
camden	camden	固有名詞
came	came	固有名詞
camel	camel	固有名詞
camels	camels	固有名詞
cameo	cameo	固有名詞
cameos	cameos	固有名詞
camera	camera	固有名詞
camery	camery	固有名詞
cames	cames	固有名詞
camias	camias	固有名詞
camino	camino	固有名詞
camion	camion	固有名詞
camis	camis	固有名詞
camisa	camisa	固有名詞
camise	camise	固有名詞
camize	camize	固有名詞
camla	camla	固有名詞
camlet	camlet	固有名詞
cammas	cammas	固有名詞
cammed	cammed	固有名詞
camoca	camoca	固有名詞
camois	camois	固有名詞
camote	camote	固有名詞
camp	camp	固有名詞
campa	campa	固有名詞
campal	campal	固有名詞
campe	campe	固有名詞
camped	camped	固有名詞
camper	camper	固有名詞
campho	campho	固有名詞
campi	campi	固有名詞
campit	campit	固有名詞
cample	cample	固有名詞
campo	campo	固有名詞
campoo	campoo	固有名詞
campos	campos	固有名詞
camps	camps	固有名詞
campus	campus	固有名詞
campy	campy	固有名詞
cams	cams	固有名詞
camus	camus	固有名詞
camuse	camuse	固有名詞
can	can	固有名詞
cana	cana	固有名詞
canaan	canaan	固有名詞
canaba	canaba	固有名詞
canada	canada	固有名詞
canal	canal	固有名詞
canale	canale	固有名詞
canali	canali	固有名詞
canals	canals	固有名詞
canamo	canamo	固有名詞
canap	canap	固有名詞
canape	canape	固有名詞
canard	canard	固有名詞
canari	canari	固有名詞
canary	canary	固有名詞
canaut	canaut	固有名詞
canc	canc	固有名詞
cancan	cancan	固有名詞
cancel	cancel	固有名詞
cancer	cancer	固有名詞
canch	canch	固有名詞
cancha	cancha	固有名詞
canchi	canchi	固有名詞
cancri	cancri	固有名詞
cand	cand	固有名詞
candid	candid	固有名詞
candil	candil	固有名詞
candle	candle	固有名詞
candor	candor	固有名詞
canduc	canduc	固有名詞
candy	candy	固有名詞
candyh	candyh	固有名詞
candys	candys	固有名詞
cane	cane	固有名詞
caned	caned	固有名詞
canel	canel	固有名詞
canela	canela	固有名詞
canell	canell	固有名詞
canelo	canelo	固有名詞
caner	caner	固有名詞
caners	caners	固有名詞
canes	canes	固有名詞
caneva	caneva	固有名詞
canful	canful	固有名詞
cangan	cangan	固有名詞
cangia	cangia	固有名詞
cangle	cangle	固有名詞
cangue	cangue	固有名詞
cangy	cangy	固有名詞
canham	canham	固有名詞
canid	canid	固有名詞
canids	canids	固有名詞
canine	canine	固有名詞
caning	caning	固有名詞
canion	canion	固有名詞
canis	canis	固有名詞
canjac	canjac	固有名詞
cank	cank	固有名詞
canker	canker	固有名詞
canli	canli	固有名詞
canman	canman	固有名詞
cann	cann	固有名詞
canna	canna	固有名詞
cannas	cannas	固有名詞
cannat	cannat	固有名詞
canned	canned	固有名詞
cannel	cannel	固有名詞
canner	canner	固有名詞
cannet	cannet	固有名詞
cannie	cannie	固有名詞
cannon	cannon	固有名詞
cannot	cannot	固有名詞
canny	canny	固有名詞
canoe	canoe	固有名詞
canoed	canoed	固有名詞
canoes	canoes	固有名詞
canon	canon	固有名詞
canons	canons	固有名詞
canopy	canopy	固有名詞
canos	canos	固有名詞
canroy	canroy	固有名詞
cans	cans	固有名詞
canso	canso	固有名詞
cansos	cansos	固有名詞
canst	canst	固有名詞
cant	cant	固有名詞
cantab	cantab	固有名詞
cantar	cantar	固有名詞
canted	canted	固有名詞
cantel	cantel	固有名詞
canter	canter	固有名詞
canthi	canthi	固有名詞
cantic	cantic	固有名詞
cantil	cantil	固有名詞
cantle	cantle	固有名詞
canto	canto	固有名詞
canton	canton	固有名詞
cantor	cantor	固有名詞
cantos	cantos	固有名詞
cants	cants	固有名詞
cantus	cantus	固有名詞
cantut	cantut	固有名詞
canty	canty	固有名詞
canuck	canuck	固有名詞
canula	canula	固有名詞
canun	canun	固有名詞
canvas	canvas	固有名詞
cany	cany	固有名詞
canyon	canyon	固有名詞
canzo	canzo	固有名詞
canzon	canzon	固有名詞
canzos	canzos	固有名詞
caoba	caoba	固有名詞
caoine	caoine	固有名詞
caon	caon	固有名詞
cap	cap	固有名詞
capa	capa	固有名詞
capax	capax	固有名詞
cape	cape	固有名詞
caped	caped	固有名詞
capel	capel	固有名詞
caper	caper	固有名詞
capers	capers	固有名詞
capes	capes	固有名詞
capful	capful	固有名詞
caph	caph	固有名詞
caphar	caphar	固有名詞
caphs	caphs	固有名詞
capias	capias	固有名詞
caping	caping	固有名詞
capita	capita	固有名詞
capite	capite	固有名詞
capito	capito	固有名詞
capivi	capivi	固有名詞
capkin	capkin	固有名詞
caplan	caplan	固有名詞
caplet	caplet	固有名詞
caplin	caplin	固有名詞
capman	capman	固有名詞
capo	capo	固有名詞
capoc	capoc	固有名詞
capomo	capomo	固有名詞
capon	capon	固有名詞
capone	capone	固有名詞
capons	capons	固有名詞
capos	capos	固有名詞
capot	capot	固有名詞
capote	capote	固有名詞
cappae	cappae	固有名詞
capped	capped	固有名詞
capper	capper	固有名詞
cappie	cappie	固有名詞
capple	capple	固有名詞
cappy	cappy	固有名詞
capra	capra	固有名詞
capri	capri	固有名詞
capric	capric	固有名詞
caprid	caprid	固有名詞
caprin	caprin	固有名詞
capris	capris	固有名詞
capron	capron	固有名詞
capryl	capryl	固有名詞
caps	caps	固有名詞
capsa	capsa	固有名詞
capsid	capsid	固有名詞
captan	captan	固有名詞
captor	captor	固有名詞
capuan	capuan	固有名詞
capuli	capuli	固有名詞
caput	caput	固有名詞
caque	caque	固有名詞
caquet	caquet	固有名詞
car	car	固有名詞
cara	cara	固有名詞
carack	carack	固有名詞
caraco	caraco	固有名詞
caract	caract	固有名詞
carafe	carafe	固有名詞
caraho	caraho	固有名詞
caraja	caraja	固有名詞
carajo	carajo	固有名詞
carane	carane	固有名詞
caranx	caranx	固有名詞
carap	carap	固有名詞
carapa	carapa	固有名詞
carapo	carapo	固有名詞
carara	carara	固有名詞
carat	carat	固有名詞
carate	carate	固有名詞
carats	carats	固有名詞
carbin	carbin	固有名詞
carbo	carbo	固有名詞
carbon	carbon	固有名詞
carboy	carboy	固有名詞
carbro	carbro	固有名詞
carby	carby	固有名詞
carbyl	carbyl	固有名詞
carcan	carcan	固有名詞
carcel	carcel	固有名詞
carcer	carcer	固有名詞
card	card	固有名詞
carded	carded	固有名詞
cardel	cardel	固有名詞
carder	carder	固有名詞
cardia	cardia	固有名詞
cardin	cardin	固有名詞
cardo	cardo	固有名詞
cardol	cardol	固有名詞
cardon	cardon	固有名詞
cards	cards	固有名詞
care	care	固有名詞
cared	cared	固有名詞
careen	careen	固有名詞
career	career	固有名詞
careme	careme	固有名詞
carene	carene	固有名詞
carer	carer	固有名詞
carers	carers	固有名詞
cares	cares	固有名詞
caress	caress	固有名詞
carest	carest	固有名詞
caret	caret	固有名詞
carets	carets	固有名詞
carex	carex	固有名詞
carey	carey	固有名詞
careys	careys	固有名詞
carf	carf	固有名詞
carfax	carfax	固有名詞
carful	carful	固有名詞
carga	carga	固有名詞
cargo	cargo	固有名詞
cargos	cargos	固有名詞
carhop	carhop	固有名詞
carian	carian	固有名詞
carib	carib	固有名詞
caribe	caribe	固有名詞
caribi	caribi	固有名詞
carica	carica	固有名詞
carid	carid	固有名詞
carida	carida	固有名詞
caried	caried	固有名詞
carien	carien	固有名詞
caries	caries	固有名詞
carina	carina	固有名詞
caring	caring	固有名詞
cariri	cariri	固有名詞
carisa	carisa	固有名詞
carity	carity	固有名詞
cariyo	cariyo	固有名詞
cark	cark	固有名詞
carked	carked	固有名詞
carks	carks	固有名詞
carl	carl	固有名詞
carle	carle	固有名詞
carles	carles	固有名詞
carlet	carlet	固有名詞
carli	carli	固有名詞
carlie	carlie	固有名詞
carlin	carlin	固有名詞
carlo	carlo	固有名詞
carlos	carlos	固有名詞
carlot	carlot	固有名詞
carls	carls	固有名詞
carman	carman	固有名詞
carmel	carmel	固有名詞
carmen	carmen	固有名詞
carmot	carmot	固有名詞
carn	carn	固有名詞
carnac	carnac	固有名詞
carnal	carnal	固有名詞
carne	carne	固有名詞
carnel	carnel	固有名詞
carnet	carnet	固有名詞
carney	carney	固有名詞
carnic	carnic	固有名詞
carnie	carnie	固有名詞
carns	carns	固有名詞
carny	carny	固有名詞
caro	caro	固有名詞
caroa	caroa	固有名詞
carob	carob	固有名詞
caroba	caroba	固有名詞
carobs	carobs	固有名詞
caroch	caroch	固有名詞
caroid	caroid	固有名詞
carol	carol	固有名詞
carole	carole	固有名詞
caroli	caroli	固有名詞
carols	carols	固有名詞
carom	carom	固有名詞
caroms	caroms	固有名詞
carone	carone	固有名詞
caroon	caroon	固有名詞
carot	carot	固有名詞
carp	carp	固有名詞
carpal	carpal	固有名詞
carpe	carpe	固有名詞
carped	carped	固有名詞
carpel	carpel	固有名詞
carper	carper	固有名詞
carpet	carpet	固有名詞
carpi	carpi	固有名詞
carpid	carpid	固有名詞
carpos	carpos	固有名詞
carps	carps	固有名詞
carpus	carpus	固有名詞
carr	carr	固有名詞
carrat	carrat	固有名詞
carree	carree	固有名詞
carrel	carrel	固有名詞
carri	carri	固有名詞
carrie	carrie	固有名詞
carrom	carrom	固有名詞
carrot	carrot	固有名詞
carrow	carrow	固有名詞
carrs	carrs	固有名詞
carrus	carrus	固有名詞
carry	carry	固有名詞
carrys	carrys	固有名詞
cars	cars	固有名詞
carse	carse	固有名詞
carses	carses	固有名詞
carson	carson	固有名詞
cart	cart	固有名詞
carte	carte	固有名詞
carted	carted	固有名詞
cartel	cartel	固有名詞
carter	carter	固有名詞
cartes	cartes	固有名詞
carton	carton	固有名詞
cartop	cartop	固有名詞
carts	carts	固有名詞
carty	carty	固有名詞
carua	carua	固有名詞
carum	carum	固有名詞
carus	carus	固有名詞
carval	carval	固有名詞
carve	carve	固有名詞
carved	carved	固有名詞
carvel	carvel	固有名詞
carven	carven	固有名詞
carver	carver	固有名詞
carves	carves	固有名詞
carvol	carvol	固有名詞
carvy	carvy	固有名詞
carvyl	carvyl	固有名詞
cary	cary	固有名詞
carya	carya	固有名詞
caryl	caryl	固有名詞
carzey	carzey	固有名詞
casa	casa	固有名詞
casaba	casaba	固有名詞
casabe	casabe	固有名詞
casal	casal	固有名詞
casas	casas	固有名詞
casate	casate	固有名詞
casaun	casaun	固有名詞
casava	casava	固有名詞
casave	casave	固有名詞
casavi	casavi	固有名詞
casbah	casbah	固有名詞
cascan	cascan	固有名詞
casco	casco	固有名詞
cascol	cascol	固有名詞
case	case	固有名詞
cased	cased	固有名詞
casefy	casefy	固有名詞
caseic	caseic	固有名詞
casein	casein	固有名詞
casel	casel	固有名詞
caser	caser	固有名詞
casern	casern	固有名詞
cases	cases	固有名詞
caseum	caseum	固有名詞
casey	casey	固有名詞
cash	cash	固有名詞
casha	casha	固有名詞
cashaw	cashaw	固有名詞
cashed	cashed	固有名詞
cashel	cashel	固有名詞
casher	casher	固有名詞
cashes	cashes	固有名詞
cashew	cashew	固有名詞
cashoo	cashoo	固有名詞
cashou	cashou	固有名詞
casina	casina	固有名詞
casing	casing	固有名詞
casino	casino	固有名詞
casiri	casiri	固有名詞
casita	casita	固有名詞
cask	cask	固有名詞
casked	casked	固有名詞
casket	casket	固有名詞
casks	casks	固有名詞
casky	casky	固有名詞
caslon	caslon	固有名詞
caspar	caspar	固有名詞
casper	casper	固有名詞
casque	casque	固有名詞
cass	cass	固有名詞
cassan	cassan	固有名詞
casse	casse	固有名詞
casshe	casshe	固有名詞
cassia	cassia	固有名詞
cassie	cassie	固有名詞
cassis	cassis	固有名詞
casson	casson	固有名詞
cassy	cassy	固有名詞
cast	cast	固有名詞
caste	caste	固有名詞
casted	casted	固有名詞
casten	casten	固有名詞
caster	caster	固有名詞
castes	castes	固有名詞
castle	castle	固有名詞
castor	castor	固有名詞
castra	castra	固有名詞
castro	castro	固有名詞
casts	casts	固有名詞
casual	casual	固有名詞
casula	casula	固有名詞
casule	casule	固有名詞
casus	casus	固有名詞
cat	cat	固有名詞
catalo	catalo	固有名詞
catan	catan	固有名詞
catch	catch	固有名詞
catchy	catchy	固有名詞
catdom	catdom	固有名詞
cate	cate	固有名詞
catel	catel	固有名詞
catena	catena	固有名詞
cater	cater	固有名詞
caters	caters	固有名詞
catery	catery	固有名詞
cates	cates	固有名詞
cateye	cateye	固有名詞
catgut	catgut	固有名詞
cath	cath	固有名詞
catha	catha	固有名詞
cathar	cathar	固有名詞
cathay	cathay	固有名詞
cathin	cathin	固有名詞
cathop	cathop	固有名詞
cathro	cathro	固有名詞
cathud	cathud	固有名詞
cathy	cathy	固有名詞
cating	cating	固有名詞
cation	cation	固有名詞
cativo	cativo	固有名詞
catkin	catkin	固有名詞
catlap	catlap	固有名詞
catlin	catlin	固有名詞
catnap	catnap	固有名詞
catnep	catnep	固有名詞
catnip	catnip	固有名詞
cats	cats	固有名詞
catso	catso	固有名詞
catsos	catsos	固有名詞
catsup	catsup	固有名詞
cattan	cattan	固有名詞
catted	catted	固有名詞
catter	catter	固有名詞
catti	catti	固有名詞
cattie	cattie	固有名詞
cattle	cattle	固有名詞
catty	catty	固有名詞
catur	catur	固有名詞
cauch	cauch	固有名詞
caucho	caucho	固有名詞
caucus	caucus	固有名詞
cauda	cauda	固有名詞
caudad	caudad	固有名詞
caudae	caudae	固有名詞
caudal	caudal	固有名詞
caudex	caudex	固有名詞
caudle	caudle	固有名詞
cauf	cauf	固有名詞
caufle	caufle	固有名詞
caught	caught	固有名詞
cauk	cauk	固有名詞
cauked	cauked	固有名詞
caul	caul	固有名詞
cauld	cauld	固有名詞
caulds	caulds	固有名詞
caules	caules	固有名詞
cauli	cauli	固有名詞
caulis	caulis	固有名詞
caulk	caulk	固有名詞
caulks	caulks	固有名詞
cauls	cauls	固有名詞
caum	caum	固有名詞
cauma	cauma	固有名詞
caunch	caunch	固有名詞
caunos	caunos	固有名詞
caunus	caunus	固有名詞
caup	caup	固有名詞
caupo	caupo	固有名詞
cauqui	cauqui	固有名詞
caurus	caurus	固有名詞
caus	caus	固有名詞
causa	causa	固有名詞
causae	causae	固有名詞
causal	causal	固有名詞
cause	cause	固有名詞
caused	caused	固有名詞
causer	causer	固有名詞
causes	causes	固有名詞
causey	causey	固有名詞
causon	causon	固有名詞
causse	causse	固有名詞
causus	causus	固有名詞
cautel	cautel	固有名詞
cauter	cauter	固有名詞
cautio	cautio	固有名詞
cav	cav	固有名詞
cava	cava	固有名詞
cavae	cavae	固有名詞
caval	caval	固有名詞
cavate	cavate	固有名詞
cavdia	cavdia	固有名詞
cave	cave	固有名詞
cavea	cavea	固有名詞
caveae	caveae	固有名詞
caveat	caveat	固有名詞
caved	caved	固有名詞
cavel	cavel	固有名詞
caver	caver	固有名詞
cavern	cavern	固有名詞
cavers	cavers	固有名詞
caves	caves	固有名詞
cavey	cavey	固有名詞
cavia	cavia	固有名詞
caviar	caviar	固有名詞
cavie	cavie	固有名詞
cavies	cavies	固有名詞
cavil	cavil	固有名詞
cavils	cavils	固有名詞
cavin	cavin	固有名詞
cavina	cavina	固有名詞
caving	caving	固有名詞
cavish	cavish	固有名詞
cavity	cavity	固有名詞
caviya	caviya	固有名詞
cavort	cavort	固有名詞
cavu	cavu	固有名詞
cavum	cavum	固有名詞
cavus	cavus	固有名詞
cavy	cavy	固有名詞
caw	caw	固有名詞
cawed	cawed	固有名詞
cawing	cawing	固有名詞
cawk	cawk	固有名詞
cawker	cawker	固有名詞
cawky	cawky	固有名詞
cawl	cawl	固有名詞
cawney	cawney	固有名詞
cawnie	cawnie	固有名詞
cawny	cawny	固有名詞
caws	caws	固有名詞
caxiri	caxiri	固有名詞
caxon	caxon	固有名詞
caxton	caxton	固有名詞
cay	cay	固有名詞
cayapa	cayapa	固有名詞
cayapo	cayapo	固有名詞
cayman	cayman	固有名詞
cayos	cayos	固有名詞
cays	cays	固有名詞
cayuca	cayuca	固有名詞
cayuco	cayuco	固有名詞
cayuga	cayuga	固有名詞
cayuse	cayuse	固有名詞
caza	caza	固有名詞
cazibi	cazibi	固有名詞
cazimi	cazimi	固有名詞
ccid	ccid	固有名詞
ccitt	ccitt	固有名詞
cckw	cckw	固有名詞
ccm	ccm	固有名詞
ccoya	ccoya	固有名詞
ccw	ccw	固有名詞
ccws	ccws	固有名詞
cdf	cdf	固有名詞
cdg	cdg	固有名詞
cdn	CDN	固有名詞
cdr	cdr	固有名詞
cearin	cearin	固有名詞
cease	cease	固有名詞
ceased	ceased	固有名詞
ceases	ceases	固有名詞
cebell	cebell	固有名詞
cebian	cebian	固有名詞
cebid	cebid	固有名詞
cebids	cebids	固有名詞
cebil	cebil	固有名詞
cebine	cebine	固有名詞
ceboid	ceboid	固有名詞
cebur	cebur	固有名詞
cebus	cebus	固有名詞
ceca	ceca	固有名詞
cecal	cecal	固有名詞
cecca	cecca	固有名詞
cecil	cecil	固有名詞
cecile	cecile	固有名詞
cecils	cecils	固有名詞
cecily	cecily	固有名詞
cecity	cecity	固有名詞
cecum	cecum	固有名詞
cecums	cecums	固有名詞
cedar	cedar	固有名詞
cedarn	cedarn	固有名詞
cedars	cedars	固有名詞
cedary	cedary	固有名詞
cede	cede	固有名詞
ceded	ceded	固有名詞
cedens	cedens	固有名詞
cedent	cedent	固有名詞
ceder	ceder	固有名詞
ceders	ceders	固有名詞
cedes	cedes	固有名詞
cedi	cedi	固有名詞
ceding	ceding	固有名詞
cedis	cedis	固有名詞
cedrat	cedrat	固有名詞
cedre	cedre	固有名詞
cedric	cedric	固有名詞
cedrin	cedrin	固有名詞
cedrol	cedrol	固有名詞
cedron	cedron	固有名詞
cedrus	cedrus	固有名詞
cedry	cedry	固有名詞
cedula	cedula	固有名詞
cedule	cedule	固有名詞
cee	cee	固有名詞
cees	cees	固有名詞
ceiba	ceiba	固有名詞
ceibas	ceibas	固有名詞
ceibo	ceibo	固有名詞
ceibos	ceibos	固有名詞
ceil	ceil	固有名詞
ceile	ceile	固有名詞
ceiled	ceiled	固有名詞
ceiler	ceiler	固有名詞
ceils	ceils	固有名詞
ceint	ceint	固有名詞
ceinte	ceinte	固有名詞
ceja	ceja	固有名詞
cele	cele	固有名詞
celeb	celeb	固有名詞
celebe	celebe	固有名詞
celebs	celebs	固有名詞
celery	celery	固有名詞
celia	celia	固有名詞
celiac	celiac	固有名詞
celite	celite	固有名詞
cell	cell	固有名詞
cella	cella	固有名詞
cellae	cellae	固有名詞
cellar	cellar	固有名詞
celled	celled	固有名詞
celli	celli	固有名詞
cello	cello	固有名詞
cellos	cellos	固有名詞
cells	cells	固有名詞
celom	celom	固有名詞
celoms	celoms	固有名詞
celsia	celsia	固有名詞
celt	celt	固有名詞
celtic	celtic	固有名詞
celtis	celtis	固有名詞
celts	celts	固有名詞
celure	celure	固有名詞
cement	cement	固有名詞
cen	cen	固有名詞
cendre	cendre	固有名詞
cene	cene	固有名詞
cenizo	cenizo	固有名詞
cenobe	cenobe	固有名詞
cenoby	cenoby	固有名詞
cenote	cenote	固有名詞
cense	cense	固有名詞
censed	censed	固有名詞
censer	censer	固有名詞
censes	censes	固有名詞
censor	censor	固有名詞
census	census	固有名詞
cent	cent	固有名詞
centai	centai	固有名詞
cental	cental	固有名詞
centas	centas	固有名詞
center	center	固有名詞
centi	centi	固有名詞
cento	cento	固有名詞
centon	centon	固有名詞
centos	centos	固有名詞
centra	centra	固有名詞
centre	centre	固有名詞
centro	centro	固有名詞
centry	centry	固有名詞
cents	cents	固有名詞
centum	centum	固有名詞
ceorl	ceorl	固有名詞
ceorls	ceorls	固有名詞
cep	cep	固有名詞
cepa	cepa	固有名詞
cepe	cepe	固有名詞
cepes	cepes	固有名詞
cephas	cephas	固有名詞
cephen	cephen	固有名詞
cephid	cephid	固有名詞
cephus	cephus	固有名詞
cepous	cepous	固有名詞
ceps	ceps	固有名詞
cepter	cepter	固有名詞
ceptor	ceptor	固有名詞
cequi	cequi	固有名詞
cera	cera	固有名詞
cerago	cerago	固有名詞
ceral	ceral	固有名詞
ceras	ceras	固有名詞
cerat	cerat	固有名詞
cerata	cerata	固有名詞
cerate	cerate	固有名詞
cercal	cercal	固有名詞
cerci	cerci	固有名詞
cercis	cercis	固有名詞
cercle	cercle	固有名詞
cercus	cercus	固有名詞
cere	cere	固有名詞
cereal	cereal	固有名詞
cered	cered	固有名詞
cerer	cerer	固有名詞
ceres	ceres	固有名詞
cereus	cereus	固有名詞
cereza	cereza	固有名詞
ceria	ceria	固有名詞
cerias	cerias	固有名詞
ceric	ceric	固有名詞
ceride	ceride	固有名詞
cerin	cerin	固有名詞
cerine	cerine	固有名詞
cering	cering	固有名詞
cerion	cerion	固有名詞
ceriph	ceriph	固有名詞
cerise	cerise	固有名詞
cerite	cerite	固有名詞
cerium	cerium	固有名詞
cermet	cermet	固有名詞
cern	cern	固有名詞
cerned	cerned	固有名詞
cero	cero	固有名詞
ceroid	ceroid	固有名詞
ceroma	ceroma	固有名詞
ceroon	ceroon	固有名詞
ceros	ceros	固有名詞
cerote	cerote	固有名詞
cerous	cerous	固有名詞
cerris	cerris	固有名詞
cert	cert	固有名詞
certes	certes	固有名詞
certie	certie	固有名詞
certif	certif	固有名詞
certis	certis	固有名詞
certy	certy	固有名詞
cerule	cerule	固有名詞
ceruse	ceruse	固有名詞
cervid	cervid	固有名詞
cervix	cervix	固有名詞
cervus	cervus	固有名詞
ceryl	ceryl	固有名詞
cesar	cesar	固有名詞
cesare	cesare	固有名詞
cesium	cesium	固有名詞
cess	cess	固有名詞
cessed	cessed	固有名詞
cesser	cesser	固有名詞
cesses	cesses	固有名詞
cessio	cessio	固有名詞
cessor	cessor	固有名詞
cest	cest	固有名詞
cesta	cesta	固有名詞
cestas	cestas	固有名詞
ceste	ceste	固有名詞
cesti	cesti	固有名詞
cestoi	cestoi	固有名詞
ceston	ceston	固有名詞
cestos	cestos	固有名詞
cestui	cestui	固有名詞
cestus	cestus	固有名詞
cestuy	cestuy	固有名詞
cesura	cesura	固有名詞
cesure	cesure	固有名詞
cetane	cetane	固有名詞
cete	cete	固有名詞
cetene	cetene	固有名詞
cetera	cetera	固有名詞
cetes	cetes	固有名詞
ceti	ceti	固有名詞
cetic	cetic	固有名詞
cetid	cetid	固有名詞
cetin	cetin	固有名詞
cetus	cetus	固有名詞
cetyl	cetyl	固有名詞
cevian	cevian	固有名詞
cevine	cevine	固有名詞
ceylon	ceylon	固有名詞
ceyx	ceyx	固有名詞
cfd	cfd	固有名詞
cfh	cfh	固有名詞
cfi	cfi	固有名詞
cfm	cfm	固有名詞
cfs	cfs	固有名詞
cgm	cgm	固有名詞
cgs	cgs	固有名詞
cha	cha	固有名詞
chaa	chaa	固有名詞
chab	chab	固有名詞
chaber	chaber	固有名詞
chabot	chabot	固有名詞
chabuk	chabuk	固有名詞
chac	chac	固有名詞
chace	chace	固有名詞
chack	chack	固有名詞
chacma	chacma	固有名詞
chaco	chaco	固有名詞
chacra	chacra	固有名詞
chacte	chacte	固有名詞
chacun	chacun	固有名詞
chad	chad	固有名詞
chadar	chadar	固有名詞
chador	chador	固有名詞
chadri	chadri	固有名詞
chads	chads	固有名詞
chaeta	chaeta	固有名詞
chafe	chafe	固有名詞
chafed	chafed	固有名詞
chafer	chafer	固有名詞
chafes	chafes	固有名詞
chaff	chaff	固有名詞
chaffs	chaffs	固有名詞
chaffy	chaffy	固有名詞
chaft	chaft	固有名詞
chaga	chaga	固有名詞
chagal	chagal	固有名詞
chagan	chagan	固有名詞
chagga	chagga	固有名詞
chagul	chagul	固有名詞
chahar	chahar	固有名詞
chai	chai	固有名詞
chain	chain	固有名詞
chaine	chaine	固有名詞
chains	chains	固有名詞
chair	chair	固有名詞
chairs	chairs	固有名詞
chais	chais	固有名詞
chaise	chaise	固有名詞
chait	chait	固有名詞
chaja	chaja	固有名詞
chaka	chaka	固有名詞
chakar	chakar	固有名詞
chakra	chakra	固有名詞
chaksi	chaksi	固有名詞
chal	chal	固有名詞
chalah	chalah	固有名詞
chaleh	chaleh	固有名詞
chalet	chalet	固有名詞
chalk	chalk	固有名詞
chalks	chalks	固有名詞
chalky	chalky	固有名詞
challa	challa	固有名詞
chally	chally	固有名詞
chalon	chalon	固有名詞
chalot	chalot	固有名詞
chalta	chalta	固有名詞
cham	cham	固有名詞
chama	chama	固有名詞
chamal	chamal	固有名詞
chamar	chamar	固有名詞
chamm	chamm	固有名詞
chamma	chamma	固有名詞
chammy	chammy	固有名詞
chamos	chamos	固有名詞
champ	champ	固有名詞
champa	champa	固有名詞
champe	champe	固有名詞
champs	champs	固有名詞
champy	champy	固有名詞
chams	chams	固有名詞
chan	chan	固有名詞
chanca	chanca	固有名詞
chance	chance	固有名詞
chanco	chanco	固有名詞
chancy	chancy	固有名詞
chandi	chandi	固有名詞
chandu	chandu	固有名詞
chane	chane	固有名詞
chang	chang	固有名詞
changa	changa	固有名詞
change	change	固有名詞
changs	changs	固有名詞
chank	chank	固有名詞
chanst	chanst	固有名詞
chant	chant	固有名詞
chants	chants	固有名詞
chanty	chanty	固有名詞
chao	chao	固有名詞
chaori	chaori	固有名詞
chaos	chaos	固有名詞
chaoua	chaoua	固有名詞
chap	chap	固有名詞
chapah	chapah	固有名詞
chape	chape	固有名詞
chaped	chaped	固有名詞
chapel	chapel	固有名詞
chapes	chapes	固有名詞
chapin	chapin	固有名詞
chapon	chapon	固有名詞
chappe	chappe	固有名詞
chappy	chappy	固有名詞
chaps	chaps	固有名詞
chapt	chapt	固有名詞
char	char	固有名詞
chara	chara	固有名詞
charac	charac	固有名詞
charas	charas	固有名詞
charca	charca	固有名詞
charco	charco	固有名詞
chard	chard	固有名詞
chards	chards	固有名詞
chare	chare	固有名詞
chared	chared	固有名詞
charer	charer	固有名詞
chares	chares	固有名詞
charet	charet	固有名詞
charge	charge	固有名詞
chark	chark	固有名詞
charka	charka	固有名詞
charks	charks	固有名詞
charm	charm	固有名詞
charms	charms	固有名詞
charnu	charnu	固有名詞
charon	charon	固有名詞
charr	charr	固有名詞
charre	charre	固有名詞
charro	charro	固有名詞
charrs	charrs	固有名詞
charry	charry	固有名詞
chars	chars	固有名詞
chart	chart	固有名詞
charta	charta	固有名詞
charts	charts	固有名詞
charuk	charuk	固有名詞
chary	chary	固有名詞
chase	chase	固有名詞
chased	chased	固有名詞
chaser	chaser	固有名詞
chases	chases	固有名詞
chasid	chasid	固有名詞
chasm	chasm	固有名詞
chasma	chasma	固有名詞
chasms	chasms	固有名詞
chasmy	chasmy	固有名詞
chass	chass	固有名詞
chasse	chasse	固有名詞
chaste	chaste	固有名詞
chasty	chasty	固有名詞
chat	chat	固有名詞
chatgpt	ChatGPT	固有名詞
chati	chati	固有名詞
chaton	chaton	固有名詞
chatot	chatot	固有名詞
chats	chats	固有名詞
chatta	chatta	固有名詞
chatti	chatti	固有名詞
chatty	chatty	固有名詞
chaui	chaui	固有名詞
chauk	chauk	固有名詞
chaule	chaule	固有名詞
chaum	chaum	固有名詞
chauna	chauna	固有名詞
chaunt	chaunt	固有名詞
chauri	chauri	固有名詞
chaus	chaus	固有名詞
chaute	chaute	固有名詞
chauth	chauth	固有名詞
chauve	chauve	固有名詞
chave	chave	固有名詞
chavel	chavel	固有名詞
chaver	chaver	固有名詞
chaw	chaw	固有名詞
chawan	chawan	固有名詞
chawed	chawed	固有名詞
chawer	chawer	固有名詞
chawia	chawia	固有名詞
chawk	chawk	固有名詞
chawl	chawl	固有名詞
chawle	chawle	固有名詞
chawn	chawn	固有名詞
chaws	chaws	固有名詞
chay	chay	固有名詞
chaya	chaya	固有名詞
chayma	chayma	固有名詞
chays	chays	固有名詞
chazan	chazan	固有名詞
chazy	chazy	固有名詞
che	che	固有名詞
cheap	cheap	固有名詞
cheapo	cheapo	固有名詞
cheaps	cheaps	固有名詞
cheare	cheare	固有名詞
cheat	cheat	固有名詞
cheats	cheats	固有名詞
chebec	chebec	固有名詞
chebel	chebel	固有名詞
chebog	chebog	固有名詞
check	check	固有名詞
checke	checke	固有名詞
checks	checks	固有名詞
checky	checky	固有名詞
chedar	chedar	固有名詞
cheder	cheder	固有名詞
chee	chee	固有名詞
cheek	cheek	固有名詞
cheeks	cheeks	固有名詞
cheeky	cheeky	固有名詞
cheep	cheep	固有名詞
cheeps	cheeps	固有名詞
cheepy	cheepy	固有名詞
cheer	cheer	固有名詞
cheero	cheero	固有名詞
cheers	cheers	固有名詞
cheery	cheery	固有名詞
cheese	cheese	固有名詞
cheesy	cheesy	固有名詞
cheet	cheet	固有名詞
chef	chef	固有名詞
chefs	chefs	固有名詞
chego	chego	固有名詞
chegoe	chegoe	固有名詞
chegre	chegre	固有名詞
cheir	cheir	固有名詞
cheka	cheka	固有名詞
chekan	chekan	固有名詞
cheke	cheke	固有名詞
cheken	cheken	固有名詞
cheki	cheki	固有名詞
chela	chela	固有名詞
chelae	chelae	固有名詞
chelas	chelas	固有名詞
chelem	chelem	固有名詞
chello	chello	固有名詞
chelp	chelp	固有名詞
chelys	chelys	固有名詞
chem	chem	固有名詞
chemic	chemic	固有名詞
chemin	chemin	固有名詞
chemis	chemis	固有名詞
chemmy	chemmy	固有名詞
chen	chen	固有名詞
chena	chena	固有名詞
chenar	chenar	固有名詞
chende	chende	固有名詞
chenet	chenet	固有名詞
cheney	cheney	固有名詞
cheng	cheng	固有名詞
cheque	cheque	固有名詞
chequy	chequy	固有名詞
cher	cher	固有名詞
chera	chera	固有名詞
chere	chere	固有名詞
cherem	cherem	固有名詞
cherie	cherie	固有名詞
cherna	cherna	固有名詞
cherry	cherry	固有名詞
chert	chert	固有名詞
cherte	cherte	固有名詞
cherts	cherts	固有名詞
cherty	cherty	固有名詞
cherub	cherub	固有名詞
cherup	cherup	固有名詞
chese	chese	固有名詞
chesil	chesil	固有名詞
cheson	cheson	固有名詞
chess	chess	固有名詞
chest	chest	固有名詞
chests	chests	固有名詞
chesty	chesty	固有名詞
chet	chet	固有名詞
chetah	chetah	固有名詞
cheth	cheth	固有名詞
cheths	cheths	固有名詞
chetif	chetif	固有名詞
chetty	chetty	固有名詞
cheung	cheung	固有名詞
cheval	cheval	固有名詞
cheve	cheve	固有名詞
chevee	chevee	固有名詞
cheven	cheven	固有名詞
chevet	chevet	固有名詞
chevin	chevin	固有名詞
chevon	chevon	固有名詞
chevre	chevre	固有名詞
chevvy	chevvy	固有名詞
chevy	chevy	固有名詞
chew	chew	固有名詞
chewed	chewed	固有名詞
chewer	chewer	固有名詞
chewet	chewet	固有名詞
chewie	chewie	固有名詞
chews	chews	固有名詞
chewy	chewy	固有名詞
chez	chez	固有名詞
chg	chg	固有名詞
chi	chi	固有名詞
chia	chia	固有名詞
chiack	chiack	固有名詞
chiam	chiam	固有名詞
chian	chian	固有名詞
chiao	chiao	固有名詞
chias	chias	固有名詞
chiasm	chiasm	固有名詞
chiaus	chiaus	固有名詞
chiave	chiave	固有名詞
chiba	chiba	固有名詞
chibol	chibol	固有名詞
chic	chic	固有名詞
chica	chica	固有名詞
chicer	chicer	固有名詞
chich	chich	固有名詞
chicha	chicha	固有名詞
chichi	chichi	固有名詞
chick	chick	固有名詞
chicks	chicks	固有名詞
chicky	chicky	固有名詞
chicle	chicle	固有名詞
chicly	chicly	固有名詞
chico	chico	固有名詞
chicos	chicos	固有名詞
chicot	chicot	固有名詞
chics	chics	固有名詞
chid	chid	固有名詞
chide	chide	固有名詞
chided	chided	固有名詞
chider	chider	固有名詞
chides	chides	固有名詞
chidra	chidra	固有名詞
chief	chief	固有名詞
chiefs	chiefs	固有名詞
chiel	chiel	固有名詞
chield	chield	固有名詞
chiels	chiels	固有名詞
chien	chien	固有名詞
chieve	chieve	固有名詞
chigga	chigga	固有名詞
chigoe	chigoe	固有名詞
chih	chih	固有名詞
chihfu	chihfu	固有名詞
chikee	chikee	固有名詞
chil	chil	固有名詞
child	child	固有名詞
childe	childe	固有名詞
chile	chile	固有名詞
chiles	chiles	固有名詞
chili	chili	固有名詞
chill	chill	固有名詞
chilla	chilla	固有名詞
chilli	chilli	固有名詞
chillo	chillo	固有名詞
chills	chills	固有名詞
chilly	chilly	固有名詞
chilte	chilte	固有名詞
chimar	chimar	固有名詞
chimb	chimb	固有名詞
chimbe	chimbe	固有名詞
chimbs	chimbs	固有名詞
chime	chime	固有名詞
chimed	chimed	固有名詞
chimer	chimer	固有名詞
chimes	chimes	固有名詞
chimin	chimin	固有名詞
chimla	chimla	固有名詞
chimp	chimp	固有名詞
chimps	chimps	固有名詞
chimu	chimu	固有名詞
chin	chin	固有名詞
china	china	固有名詞
chinar	chinar	固有名詞
chinas	chinas	固有名詞
chinch	chinch	固有名詞
chindi	chindi	固有名詞
chine	chine	固有名詞
chined	chined	固有名詞
chinee	chinee	固有名詞
chines	chines	固有名詞
ching	ching	固有名詞
chinik	chinik	固有名詞
chinin	chinin	固有名詞
chink	chink	固有名詞
chinks	chinks	固有名詞
chinky	chinky	固有名詞
chinny	chinny	固有名詞
chino	chino	固有名詞
chinoa	chinoa	固有名詞
chinol	chinol	固有名詞
chinos	chinos	固有名詞
chins	chins	固有名詞
chinse	chinse	固有名詞
chint	chint	固有名詞
chints	chints	固有名詞
chintz	chintz	固有名詞
chiot	chiot	固有名詞
chip	chip	固有名詞
chippy	chippy	固有名詞
chips	chips	固有名詞
chiral	chiral	固有名詞
chirk	chirk	固有名詞
chirks	chirks	固有名詞
chirl	chirl	固有名詞
chirm	chirm	固有名詞
chirms	chirms	固有名詞
chiro	chiro	固有名詞
chiron	chiron	固有名詞
chiros	chiros	固有名詞
chirp	chirp	固有名詞
chirps	chirps	固有名詞
chirpy	chirpy	固有名詞
chirr	chirr	固有名詞
chirre	chirre	固有名詞
chirrs	chirrs	固有名詞
chirt	chirt	固有名詞
chiru	chiru	固有名詞
chis	chis	固有名詞
chisel	chisel	固有名詞
chit	chit	固有名詞
chita	chita	固有名詞
chitak	chitak	固有名詞
chital	chital	固有名詞
chithe	chithe	固有名詞
chitin	chitin	固有名詞
chiton	chiton	固有名詞
chitra	chitra	固有名詞
chits	chits	固有名詞
chitty	chitty	固有名詞
chiule	chiule	固有名詞
chiurm	chiurm	固有名詞
chiv	chiv	固有名詞
chive	chive	固有名詞
chiver	chiver	固有名詞
chives	chives	固有名詞
chivey	chivey	固有名詞
chivvy	chivvy	固有名詞
chivw	chivw	固有名詞
chivy	chivy	固有名詞
chizz	chizz	固有名詞
chkfil	chkfil	固有名詞
chleuh	chleuh	固有名詞
chloe	chloe	固有名詞
chlor	chlor	固有名詞
chlore	chlore	固有名詞
chloro	chloro	固有名詞
chm	chm	固有名詞
chmn	chmn	固有名詞
chn	chn	固有名詞
cho	cho	固有名詞
choak	choak	固有名詞
choana	choana	固有名詞
choate	choate	固有名詞
choaty	choaty	固有名詞
chob	chob	固有名詞
chobie	chobie	固有名詞
choca	choca	固有名詞
chocho	chocho	固有名詞
chock	chock	固有名詞
chocks	chocks	固有名詞
choco	choco	固有名詞
choel	choel	固有名詞
choes	choes	固有名詞
choga	choga	固有名詞
chogak	chogak	固有名詞
choiak	choiak	固有名詞
choice	choice	固有名詞
choicy	choicy	固有名詞
choil	choil	固有名詞
choile	choile	固有名詞
choir	choir	固有名詞
choirs	choirs	固有名詞
choise	choise	固有名詞
chok	chok	固有名詞
choke	choke	固有名詞
choked	choked	固有名詞
choker	choker	固有名詞
chokes	chokes	固有名詞
chokey	chokey	固有名詞
choko	choko	固有名詞
chokra	chokra	固有名詞
choky	choky	固有名詞
chol	chol	固有名詞
chola	chola	固有名詞
cholam	cholam	固有名詞
chold	chold	固有名詞
cholee	cholee	固有名詞
choler	choler	固有名詞
choli	choli	固有名詞
cholic	cholic	固有名詞
cholla	cholla	固有名詞
cholo	cholo	固有名詞
cholos	cholos	固有名詞
cholum	cholum	固有名詞
chomer	chomer	固有名詞
chomp	chomp	固有名詞
chomps	chomps	固有名詞
chon	chon	固有名詞
chonk	chonk	固有名詞
chonta	chonta	固有名詞
chook	chook	固有名詞
chooky	chooky	固有名詞
choom	choom	固有名詞
choop	choop	固有名詞
choora	choora	固有名詞
choose	choose	固有名詞
choosy	choosy	固有名詞
chop	chop	固有名詞
chopa	chopa	固有名詞
chopas	chopas	固有名詞
chopin	chopin	固有名詞
choppy	choppy	固有名詞
chops	chops	固有名詞
chora	chora	固有名詞
chorai	chorai	固有名詞
choral	choral	固有名詞
chord	chord	固有名詞
chorda	chorda	固有名詞
chords	chords	固有名詞
chore	chore	固有名詞
chorea	chorea	固有名詞
chored	chored	固有名詞
choree	choree	固有名詞
chorei	chorei	固有名詞
chores	chores	固有名詞
chorgi	chorgi	固有名詞
choric	choric	固有名詞
chorio	chorio	固有名詞
chort	chort	固有名詞
chorti	chorti	固有名詞
chorus	chorus	固有名詞
chose	chose	固有名詞
chosen	chosen	固有名詞
choses	choses	固有名詞
chott	chott	固有名詞
chotts	chotts	固有名詞
chou	chou	固有名詞
chouan	chouan	固有名詞
chough	chough	固有名詞
chouka	chouka	固有名詞
choule	choule	固有名詞
choup	choup	固有名詞
chous	chous	固有名詞
chouse	chouse	固有名詞
choush	choush	固有名詞
chout	chout	固有名詞
choux	choux	固有名詞
chow	chow	固有名詞
chowed	chowed	固有名詞
chowk	chowk	固有名詞
chowry	chowry	固有名詞
chows	chows	固有名詞
chowse	chowse	固有名詞
choy	choy	固有名詞
choya	choya	固有名詞
chozar	chozar	固有名詞
chria	chria	固有名詞
chris	chris	固有名詞
chrism	chrism	固有名詞
christ	christ	固有名詞
chroma	chroma	固有名詞
chrome	Chrome	固有名詞
chromo	chromo	固有名詞
chromy	chromy	固有名詞
chron	chron	固有名詞
chry	chry	固有名詞
chs	chs	固有名詞
chteau	chteau	固有名詞
chuana	chuana	固有名詞
chub	chub	固有名詞
chubb	chubb	固有名詞
chubby	chubby	固有名詞
chubs	chubs	固有名詞
chuck	chuck	固有名詞
chucks	chucks	固有名詞
chucky	chucky	固有名詞
chud	chud	固有名詞
chude	chude	固有名詞
chudic	chudic	固有名詞
chuet	chuet	固有名詞
chueta	chueta	固有名詞
chufa	chufa	固有名詞
chufas	chufas	固有名詞
chuff	chuff	固有名詞
chuffs	chuffs	固有名詞
chuffy	chuffy	固有名詞
chug	chug	固有名詞
chugs	chugs	固有名詞
chuhra	chuhra	固有名詞
chuje	chuje	固有名詞
chukar	chukar	固有名詞
chukka	chukka	固有名詞
chukor	chukor	固有名詞
chulan	chulan	固有名詞
chulha	chulha	固有名詞
chullo	chullo	固有名詞
chulpa	chulpa	固有名詞
chum	chum	固有名詞
chumar	chumar	固有名詞
chummy	chummy	固有名詞
chump	chump	固有名詞
chumpa	chumpa	固有名詞
chumps	chumps	固有名詞
chumpy	chumpy	固有名詞
chums	chums	固有名詞
chun	chun	固有名詞
chunam	chunam	固有名詞
chung	chung	固有名詞
chunga	chunga	固有名詞
chunk	chunk	固有名詞
chunks	chunks	固有名詞
chunky	chunky	固有名詞
chupak	chupak	固有名詞
chupon	chupon	固有名詞
church	church	固有名詞
churel	churel	固有名詞
churl	churl	固有名詞
churls	churls	固有名詞
churly	churly	固有名詞
churm	churm	固有名詞
churn	churn	固有名詞
churns	churns	固有名詞
churr	churr	固有名詞
churro	churro	固有名詞
churrs	churrs	固有名詞
chuse	chuse	固有名詞
chuser	chuser	固有名詞
chut	chut	固有名詞
chute	chute	固有名詞
chuted	chuted	固有名詞
chuter	chuter	固有名詞
chutes	chutes	固有名詞
chuzwi	chuzwi	固有名詞
chwana	chwana	固有名詞
chwas	chwas	固有名詞
chyack	chyack	固有名詞
chyak	chyak	固有名詞
chyle	chyle	固有名詞
chyles	chyles	固有名詞
chyme	chyme	固有名詞
chymes	chymes	固有名詞
chymia	chymia	固有名詞
chymic	chymic	固有名詞
chypre	chypre	固有名詞
chytra	chytra	固有名詞
cia	cia	固有名詞
ciao	ciao	固有名詞
cibol	cibol	固有名詞
cibola	cibola	固有名詞
cibols	cibols	固有名詞
cibory	cibory	固有名詞
cicad	cicad	固有名詞
cicada	cicada	固有名詞
cicala	cicala	固有名詞
cicale	cicale	固有名詞
cicd	CI/CD	固有名詞
cicely	cicely	固有名詞
cicer	cicer	固有名詞
cicero	cicero	固有名詞
cichar	cichar	固有名詞
cicone	cicone	固有名詞
cicuta	cicuta	固有名詞
cid	cid	固有名詞
cider	cider	固有名詞
ciders	ciders	固有名詞
cie	cie	固有名詞
cierge	cierge	固有名詞
cierzo	cierzo	固有名詞
cif	cif	固有名詞
cig	cig	固有名詞
cigala	cigala	固有名詞
cigale	cigale	固有名詞
cigar	cigar	固有名詞
cigars	cigars	固有名詞
cigua	cigua	固有名詞
cilery	cilery	固有名詞
cilia	cilia	固有名詞
cilice	cilice	固有名詞
cilium	cilium	固有名詞
cill	cill	固有名詞
cima	cima	固有名詞
cimbal	cimbal	固有名詞
cimbia	cimbia	固有名詞
cimbri	cimbri	固有名詞
cimex	cimex	固有名詞
cimier	cimier	固有名詞
cimnel	cimnel	固有名詞
cinch	cinch	固有名詞
cincha	cincha	固有名詞
cinct	cinct	固有名詞
cinder	cinder	固有名詞
cindie	cindie	固有名詞
cindy	cindy	固有名詞
cine	cine	固有名詞
cinel	cinel	固有名詞
cinema	cinema	固有名詞
cinene	cinene	固有名詞
cineol	cineol	固有名詞
cines	cines	固有名詞
cingle	cingle	固有名詞
cinnyl	cinnyl	固有名詞
cinque	cinque	固有名詞
cinter	cinter	固有名詞
cintre	cintre	固有名詞
cinura	cinura	固有名詞
cion	cion	固有名詞
cions	cions	固有名詞
cipaye	cipaye	固有名詞
cipher	cipher	固有名詞
cipo	cipo	固有名詞
cippi	cippi	固有名詞
cippus	cippus	固有名詞
cir	cir	固有名詞
circ	circ	固有名詞
circa	circa	固有名詞
circar	circar	固有名詞
circe	circe	固有名詞
circle	circle	固有名詞
circs	circs	固有名詞
circue	circue	固有名詞
circum	circum	固有名詞
circus	circus	固有名詞
circut	circut	固有名詞
cire	cire	固有名詞
cires	cires	固有名詞
cirl	cirl	固有名詞
cirque	cirque	固有名詞
cirri	cirri	固有名詞
cirrus	cirrus	固有名詞
cis	cis	固有名詞
cisco	cisco	固有名詞
ciscos	ciscos	固有名詞
cise	cise	固有名詞
cisele	cisele	固有名詞
cising	cising	固有名詞
cisium	cisium	固有名詞
cissus	cissus	固有名詞
cissy	cissy	固有名詞
cist	cist	固有名詞
cista	cista	固有名詞
cistae	cistae	固有名詞
cisted	cisted	固有名詞
cistic	cistic	固有名詞
cists	cists	固有名詞
cistus	cistus	固有名詞
cit	cit	固有名詞
cital	cital	固有名詞
cite	cite	固有名詞
cited	cited	固有名詞
citee	citee	固有名詞
citer	citer	固有名詞
citers	citers	固有名詞
cites	cites	固有名詞
citess	citess	固有名詞
cither	cither	固有名詞
citied	citied	固有名詞
cities	cities	固有名詞
citify	citify	固有名詞
citing	citing	固有名詞
citola	citola	固有名詞
citole	citole	固有名詞
citral	citral	固有名詞
citric	citric	固有名詞
citril	citril	固有名詞
citrin	citrin	固有名詞
citron	citron	固有名詞
citrul	citrul	固有名詞
citrus	citrus	固有名詞
citua	citua	固有名詞
city	city	固有名詞
ciudad	ciudad	固有名詞
civ	civ	固有名詞
cive	cive	固有名詞
civet	civet	固有名詞
civets	civets	固有名詞
civic	civic	固有名詞
civics	civics	固有名詞
civie	civie	固有名詞
civies	civies	固有名詞
civil	civil	固有名詞
civile	civile	固有名詞
civism	civism	固有名詞
civite	civite	固有名詞
civory	civory	固有名詞
civvy	civvy	固有名詞
civy	civy	固有名詞
ciwies	ciwies	固有名詞
cixiid	cixiid	固有名詞
cixo	cixo	固有名詞
cizar	cizar	固有名詞
cize	cize	固有名詞
ckw	ckw	固有名詞
clach	clach	固有名詞
clachs	clachs	固有名詞
clack	clack	固有名詞
clacks	clacks	固有名詞
clad	clad	固有名詞
clade	clade	固有名詞
clads	clads	固有名詞
cladus	cladus	固有名詞
claes	claes	固有名詞
clag	clag	固有名詞
claggy	claggy	固有名詞
clags	clags	固有名詞
claik	claik	固有名詞
claim	claim	固有名詞
claims	claims	固有名詞
clair	clair	固有名詞
claire	claire	固有名詞
claith	claith	固有名詞
clake	clake	固有名詞
clam	clam	固有名詞
clamb	clamb	固有名詞
clame	clame	固有名詞
clamer	clamer	固有名詞
clammy	clammy	固有名詞
clamor	clamor	固有名詞
clamp	clamp	固有名詞
clamps	clamps	固有名詞
clams	clams	固有名詞
clan	clan	固有名詞
clang	clang	固有名詞
clangs	clangs	固有名詞
clank	clank	固有名詞
clanks	clanks	固有名詞
clans	clans	固有名詞
clap	clap	固有名詞
clape	clape	固有名詞
clappe	clappe	固有名詞
claps	claps	固有名詞
clapt	clapt	固有名詞
claque	claque	固有名詞
clar	clar	固有名詞
clara	clara	固有名詞
clare	clare	固有名詞
clares	clares	固有名詞
claret	claret	固有名詞
clarin	clarin	固有名詞
clark	clark	固有名詞
clarke	clarke	固有名詞
claro	claro	固有名詞
claros	claros	固有名詞
clarre	clarre	固有名詞
clart	clart	固有名詞
clarts	clarts	固有名詞
clarty	clarty	固有名詞
clary	clary	固有名詞
clash	clash	固有名詞
clashy	clashy	固有名詞
clasp	clasp	固有名詞
clasps	clasps	固有名詞
claspt	claspt	固有名詞
class	class	固有名詞
classy	classy	固有名詞
clast	clast	固有名詞
clasts	clasts	固有名詞
clat	clat	固有名詞
clatch	clatch	固有名詞
clatty	clatty	固有名詞
claude	claude	固有名詞
claus	claus	固有名詞
clause	clause	固有名詞
claut	claut	固有名詞
clava	clava	固有名詞
clavae	clavae	固有名詞
claval	claval	固有名詞
clave	clave	固有名詞
clavel	clavel	固有名詞
claver	claver	固有名詞
claves	claves	固有名詞
clavi	clavi	固有名詞
clavis	clavis	固有名詞
clavus	clavus	固有名詞
clavy	clavy	固有名詞
claw	claw	固有名詞
clawed	clawed	固有名詞
clawer	clawer	固有名詞
clawk	clawk	固有名詞
claws	claws	固有名詞
claxon	claxon	固有名詞
clay	clay	固有名詞
claye	claye	固有名詞
clayed	clayed	固有名詞
clayen	clayen	固有名詞
clayer	clayer	固有名詞
clayey	clayey	固有名詞
clays	clays	固有名詞
cleach	cleach	固有名詞
clead	clead	固有名詞
cleam	cleam	固有名詞
clean	clean	固有名詞
cleans	cleans	固有名詞
clear	clear	固有名詞
clears	clears	固有名詞
cleat	cleat	固有名詞
cleats	cleats	固有名詞
cleave	cleave	固有名詞
cleche	cleche	固有名詞
clechy	clechy	固有名詞
cleck	cleck	固有名詞
cled	cled	固有名詞
cledde	cledde	固有名詞
cledge	cledge	固有名詞
cledgy	cledgy	固有名詞
clee	clee	固有名詞
cleech	cleech	固有名詞
cleek	cleek	固有名詞
cleeks	cleeks	固有名詞
cleeky	cleeky	固有名詞
clef	clef	固有名詞
clefs	clefs	固有名詞
cleft	cleft	固有名詞
clefts	clefts	固有名詞
cleg	cleg	固有名詞
clem	clem	固有名詞
clench	clench	固有名詞
cleoid	cleoid	固有名詞
cleome	cleome	固有名詞
clep	clep	固有名詞
clepe	clepe	固有名詞
cleped	cleped	固有名詞
clepes	clepes	固有名詞
clept	clept	固有名詞
clergy	clergy	固有名詞
cleric	cleric	固有名詞
clerid	clerid	固有名詞
clerk	clerk	固有名詞
clerks	clerks	固有名詞
clerum	clerum	固有名詞
clerus	clerus	固有名詞
cletch	cletch	固有名詞
cleuch	cleuch	固有名詞
cleuk	cleuk	固有名詞
cleuks	cleuks	固有名詞
cleve	cleve	固有名詞
clever	clever	固有名詞
clevis	clevis	固有名詞
clew	clew	固有名詞
clewed	clewed	固有名詞
clews	clews	固有名詞
cli	CLI	固有名詞
cliack	cliack	固有名詞
clich	clich	固有名詞
cliche	cliche	固有名詞
click	click	固有名詞
clicks	clicks	固有名詞
clicky	clicky	固有名詞
client	client	固有名詞
cliff	cliff	固有名詞
cliffs	cliffs	固有名詞
cliffy	cliffy	固有名詞
clift	clift	固有名詞
clifts	clifts	固有名詞
clifty	clifty	固有名詞
clima	clima	固有名詞
climax	climax	固有名詞
climb	climb	固有名詞
climbs	climbs	固有名詞
clime	clime	固有名詞
climes	climes	固有名詞
clin	clin	固有名詞
clinah	clinah	固有名詞
clinal	clinal	固有名詞
clinch	clinch	固有名詞
cline	cline	固有名詞
clines	clines	固有名詞
cling	cling	固有名詞
clings	clings	固有名詞
clingy	clingy	固有名詞
clinia	clinia	固有名詞
clinic	clinic	固有名詞
clinid	clinid	固有名詞
clink	clink	固有名詞
clinks	clinks	固有名詞
clint	clint	固有名詞
clints	clints	固有名詞
clinty	clinty	固有名詞
clio	clio	固有名詞
cliona	cliona	固有名詞
clione	clione	固有名詞
clip	clip	固有名詞
clipei	clipei	固有名詞
clips	clips	固有名詞
clipse	clipse	固有名詞
clipt	clipt	固有名詞
clique	clique	固有名詞
cliquy	cliquy	固有名詞
clit	clit	固有名詞
clitch	clitch	固有名詞
clite	clite	固有名詞
clites	clites	固有名詞
clithe	clithe	固有名詞
clitia	clitia	固有名詞
clitic	clitic	固有名詞
cliv	cliv	固有名詞
clival	clival	固有名詞
clive	clive	固有名詞
cliver	cliver	固有名詞
clivia	clivia	固有名詞
clivis	clivis	固有名詞
clivus	clivus	固有名詞
clk	clk	固有名詞
clo	clo	固有名詞
cloaca	cloaca	固有名詞
cloak	cloak	固有名詞
cloaks	cloaks	固有名詞
cloam	cloam	固有名詞
cloche	cloche	固有名詞
clock	clock	固有名詞
clocks	clocks	固有名詞
clod	clod	固有名詞
cloddy	cloddy	固有名詞
clods	clods	固有名詞
cloes	cloes	固有名詞
clof	clof	固有名詞
cloff	cloff	固有名詞
clog	clog	固有名詞
cloggy	cloggy	固有名詞
clogs	clogs	固有名詞
cloine	cloine	固有名詞
cloit	cloit	固有名詞
cloke	cloke	固有名詞
cloky	cloky	固有名詞
clomb	clomb	固有名詞
clomp	clomp	固有名詞
clomps	clomps	固有名詞
clon	clon	固有名詞
clonal	clonal	固有名詞
clone	clone	固有名詞
cloned	cloned	固有名詞
cloner	cloner	固有名詞
clones	clones	固有名詞
clong	clong	固有名詞
clonic	clonic	固有名詞
clonk	clonk	固有名詞
clonks	clonks	固有名詞
clonos	clonos	固有名詞
clons	clons	固有名詞
clonus	clonus	固有名詞
cloof	cloof	固有名詞
cloop	cloop	固有名詞
cloot	cloot	固有名詞
cloots	cloots	固有名詞
clop	clop	固有名詞
clops	clops	固有名詞
cloque	cloque	固有名詞
clos	clos	固有名詞
close	close	固有名詞
closed	closed	固有名詞
closen	closen	固有名詞
closer	closer	固有名詞
closes	closes	固有名詞
closet	closet	固有名詞
closh	closh	固有名詞
closky	closky	固有名詞
clot	clot	固有名詞
clote	clote	固有名詞
cloth	cloth	固有名詞
clothe	clothe	固有名詞
clotho	clotho	固有名詞
cloths	cloths	固有名詞
clothy	clothy	固有名詞
clots	clots	固有名詞
clotty	clotty	固有名詞
clou	clou	固有名詞
cloud	cloud	固有名詞
clouds	clouds	固有名詞
cloudy	cloudy	固有名詞
clouee	clouee	固有名詞
clough	clough	固有名詞
clour	clour	固有名詞
clours	clours	固有名詞
clout	clout	固有名詞
clouts	clouts	固有名詞
clouty	clouty	固有名詞
clove	clove	固有名詞
cloven	cloven	固有名詞
clover	clover	固有名詞
cloves	cloves	固有名詞
clow	clow	固有名詞
clower	clower	固有名詞
clown	clown	固有名詞
clowns	clowns	固有名詞
clowre	clowre	固有名詞
cloy	cloy	固有名詞
cloyed	cloyed	固有名詞
cloyer	cloyer	固有名詞
cloyne	cloyne	固有名詞
cloys	cloys	固有名詞
cloze	cloze	固有名詞
clr	clr	固有名詞
club	club	固有名詞
clubby	clubby	固有名詞
clubs	clubs	固有名詞
cluck	cluck	固有名詞
clucks	clucks	固有名詞
clucky	clucky	固有名詞
clue	clue	固有名詞
clued	clued	固有名詞
clues	clues	固有名詞
cluff	cluff	固有名詞
cluing	cluing	固有名詞
clum	clum	固有名詞
clump	clump	固有名詞
clumps	clumps	固有名詞
clumpy	clumpy	固有名詞
clumse	clumse	固有名詞
clumsy	clumsy	固有名詞
clunch	clunch	固有名詞
clung	clung	固有名詞
clunk	clunk	固有名詞
clunks	clunks	固有名詞
clupea	clupea	固有名詞
cluppe	cluppe	固有名詞
clusia	clusia	固有名詞
clutch	clutch	固有名詞
cly	cly	固有名詞
clyde	clyde	固有名詞
clyer	clyer	固有名詞
clyers	clyers	固有名詞
clype	clype	固有名詞
clypei	clypei	固有名詞
clyses	clyses	固有名詞
clysis	clysis	固有名詞
clysma	clysma	固有名詞
cmake	cmake	固有名詞
cmd	cmd	固有名詞
cmdg	cmdg	固有名詞
cmdr	cmdr	固有名詞
cml	cml	固有名詞
cnemic	cnemic	固有名詞
cnemis	cnemis	固有名詞
cnicin	cnicin	固有名詞
cnicus	cnicus	固有名詞
cnida	cnida	固有名詞
cnidae	cnidae	固有名詞
coach	coach	固有名詞
coachs	coachs	固有名詞
coachy	coachy	固有名詞
coact	coact	固有名詞
coacts	coacts	固有名詞
coaged	coaged	固有名詞
coagel	coagel	固有名詞
coaid	coaid	固有名詞
coaita	coaita	固有名詞
coak	coak	固有名詞
coakum	coakum	固有名詞
coal	coal	固有名詞
coala	coala	固有名詞
coalas	coalas	固有名詞
coaled	coaled	固有名詞
coaler	coaler	固有名詞
coals	coals	固有名詞
coaly	coaly	固有名詞
coan	coan	固有名詞
coapt	coapt	固有名詞
coapts	coapts	固有名詞
coarb	coarb	固有名詞
coarct	coarct	固有名詞
coarse	coarse	固有名詞
coart	coart	固有名詞
coast	coast	固有名詞
coasts	coasts	固有名詞
coat	coat	固有名詞
coated	coated	固有名詞
coatee	coatee	固有名詞
coater	coater	固有名詞
coati	coati	固有名詞
coatie	coatie	固有名詞
coatis	coatis	固有名詞
coats	coats	固有名詞
coax	coax	固有名詞
coaxal	coaxal	固有名詞
coaxed	coaxed	固有名詞
coaxer	coaxer	固有名詞
coaxes	coaxes	固有名詞
coaxy	coaxy	固有名詞
cob	cob	固有名詞
cobaea	cobaea	固有名詞
cobalt	cobalt	固有名詞
cobang	cobang	固有名詞
cobb	cobb	固有名詞
cobbed	cobbed	固有名詞
cobber	cobber	固有名詞
cobbin	cobbin	固有名詞
cobble	cobble	固有名詞
cobbly	cobbly	固有名詞
cobbra	cobbra	固有名詞
cobbs	cobbs	固有名詞
cobby	cobby	固有名詞
cobcab	cobcab	固有名詞
cobego	cobego	固有名詞
cobia	cobia	固有名詞
cobias	cobias	固有名詞
coble	coble	固有名詞
cobles	cobles	固有名詞
cobnut	cobnut	固有名詞
cobol	cobol	固有名詞
cobola	cobola	固有名詞
coboss	coboss	固有名詞
cobra	cobra	固有名詞
cobras	cobras	固有名詞
cobs	cobs	固有名詞
coburg	coburg	固有名詞
cobus	cobus	固有名詞
cobweb	cobweb	固有名詞
coca	coca	固有名詞
cocain	cocain	固有名詞
cocama	cocama	固有名詞
cocao	cocao	固有名詞
cocas	cocas	固有名詞
cocash	cocash	固有名詞
coccal	coccal	固有名詞
cocci	cocci	固有名詞
coccic	coccic	固有名詞
coccid	coccid	固有名詞
coccin	coccin	固有名詞
cocco	cocco	固有名詞
coccus	coccus	固有名詞
coccyx	coccyx	固有名詞
coch	coch	固有名詞
cochal	cochal	固有名詞
cocher	cocher	固有名詞
cochin	cochin	固有名詞
cochon	cochon	固有名詞
cocin	cocin	固有名詞
cock	cock	固有名詞
cockal	cockal	固有名詞
cocked	cocked	固有名詞
cocker	cocker	固有名詞
cocket	cocket	固有名詞
cockie	cockie	固有名詞
cockle	cockle	固有名詞
cockly	cockly	固有名詞
cocks	cocks	固有名詞
cocksy	cocksy	固有名詞
cockup	cockup	固有名詞
cocky	cocky	固有名詞
cocle	cocle	固有名詞
coclea	coclea	固有名詞
coco	coco	固有名詞
cocoa	cocoa	固有名詞
cocoas	cocoas	固有名詞
cocona	cocona	固有名詞
cocoon	cocoon	固有名詞
cocos	cocos	固有名詞
coct	coct	固有名詞
cocus	cocus	固有名詞
cocuyo	cocuyo	固有名詞
cod	cod	固有名詞
coda	coda	固有名詞
codal	codal	固有名詞
codas	codas	固有名詞
codded	codded	固有名詞
codder	codder	固有名詞
coddle	coddle	固有名詞
coddy	coddy	固有名詞
code	code	固有名詞
codec	codec	固有名詞
codecs	codecs	固有名詞
coded	coded	固有名詞
codeia	codeia	固有名詞
codein	codein	固有名詞
coden	coden	固有名詞
codens	codens	固有名詞
coder	coder	固有名詞
coders	coders	固有名詞
codes	codes	固有名詞
codex	codex	固有名詞
codger	codger	固有名詞
codify	codify	固有名詞
coding	coding	固有名詞
codist	codist	固有名詞
codium	codium	固有名詞
codlin	codlin	固有名詞
codman	codman	固有名詞
codo	codo	固有名詞
codol	codol	固有名詞
codon	codon	固有名詞
codons	codons	固有名詞
codrus	codrus	固有名詞
cods	cods	固有名詞
coe	coe	固有名詞
coecal	coecal	固有名詞
coecum	coecum	固有名詞
coed	coed	固有名詞
coedit	coedit	固有名詞
coeds	coeds	固有名詞
coef	coef	固有名詞
coeff	coeff	固有名詞
coelar	coelar	固有名詞
coelho	coelho	固有名詞
coelia	coelia	固有名詞
coelin	coelin	固有名詞
coelom	coelom	固有名詞
coempt	coempt	固有名詞
coenla	coenla	固有名詞
coeno	coeno	固有名詞
coerce	coerce	固有名詞
coes	coes	固有名詞
coetus	coetus	固有名詞
coeval	coeval	固有名詞
cofane	cofane	固有名詞
coff	coff	固有名詞
coffea	coffea	固有名詞
coffee	coffee	固有名詞
coffer	coffer	固有名詞
coffin	coffin	固有名詞
coffle	coffle	固有名詞
coffs	coffs	固有名詞
coft	coft	固有名詞
cog	cog	固有名詞
cogent	cogent	固有名詞
cogged	cogged	固有名詞
cogger	cogger	固有名詞
coggie	coggie	固有名詞
coggle	coggle	固有名詞
coggly	coggly	固有名詞
coghle	coghle	固有名詞
cogida	cogida	固有名詞
cogie	cogie	固有名詞
cogit	cogit	固有名詞
cogito	cogito	固有名詞
cogman	cogman	固有名詞
cogmen	cogmen	固有名詞
cognac	cognac	固有名詞
cogon	cogon	固有名詞
cogons	cogons	固有名詞
cogs	cogs	固有名詞
cogue	cogue	固有名詞
cogway	cogway	固有名詞
cohead	cohead	固有名詞
coheir	coheir	固有名詞
cohen	cohen	固有名詞
cohens	cohens	固有名詞
cohere	cohere	固有名詞
cohert	cohert	固有名詞
coho	coho	固有名詞
cohob	cohob	固有名詞
cohoba	cohoba	固有名詞
cohog	cohog	固有名詞
cohogs	cohogs	固有名詞
cohol	cohol	固有名詞
cohorn	cohorn	固有名詞
cohort	cohort	固有名詞
cohos	cohos	固有名詞
cohosh	cohosh	固有名詞
cohost	cohost	固有名詞
cohow	cohow	固有名詞
cohue	cohue	固有名詞
cohune	cohune	固有名詞
coif	coif	固有名詞
coifed	coifed	固有名詞
coiffe	coiffe	固有名詞
coifs	coifs	固有名詞
coign	coign	固有名詞
coigne	coigne	固有名詞
coigns	coigns	固有名詞
coigny	coigny	固有名詞
coigue	coigue	固有名詞
coil	coil	固有名詞
coiled	coiled	固有名詞
coiler	coiler	固有名詞
coils	coils	固有名詞
coin	coin	固有名詞
coined	coined	固有名詞
coiner	coiner	固有名詞
coing	coing	固有名詞
coins	coins	固有名詞
coiny	coiny	固有名詞
coir	coir	固有名詞
coirs	coirs	固有名詞
coisns	coisns	固有名詞
coit	coit	固有名詞
coital	coital	固有名詞
coitus	coitus	固有名詞
coix	coix	固有名詞
cojoin	cojoin	固有名詞
coke	coke	固有名詞
coked	coked	固有名詞
coker	coker	固有名詞
cokers	cokers	固有名詞
cokery	cokery	固有名詞
cokes	cokes	固有名詞
cokey	cokey	固有名詞
cokie	cokie	固有名詞
coking	coking	固有名詞
coky	coky	固有名詞
col	col	固有名詞
cola	cola	固有名詞
colada	colada	固有名詞
colage	colage	固有名詞
colan	colan	固有名詞
colane	colane	固有名詞
colas	colas	固有名詞
colat	colat	固有名詞
colate	colate	固有名詞
cold	cold	固有名詞
colder	colder	固有名詞
coldly	coldly	固有名詞
colds	colds	固有名詞
cole	cole	固有名詞
coleen	coleen	固有名詞
colen	colen	固有名詞
colent	colent	固有名詞
colera	colera	固有名詞
coles	coles	固有名詞
colet	colet	固有名詞
coleur	coleur	固有名詞
coleus	coleus	固有名詞
coley	coley	固有名詞
colfox	colfox	固有名詞
coli	coli	固有名詞
colias	colias	固有名詞
colic	colic	固有名詞
colics	colics	固有名詞
colies	colies	固有名詞
colima	colima	固有名詞
colin	colin	固有名詞
coling	coling	固有名詞
colins	colins	固有名詞
colius	colius	固有名詞
colk	colk	固有名詞
coll	coll	固有名詞
colla	colla	固有名詞
collab	collab	固有名詞
collar	collar	固有名詞
collat	collat	固有名詞
collen	collen	固有名詞
collet	collet	固有名詞
colley	colley	固有名詞
collie	collie	固有名詞
collin	collin	固有名詞
collis	collis	固有名詞
collop	collop	固有名詞
colloq	colloq	固有名詞
collow	collow	固有名詞
collum	collum	固有名詞
collun	collun	固有名詞
collut	collut	固有名詞
colly	colly	固有名詞
collyr	collyr	固有名詞
colmar	colmar	固有名詞
colob	colob	固有名詞
colog	colog	固有名詞
cologs	cologs	固有名詞
colola	colola	固有名詞
colomb	colomb	固有名詞
colon	colon	固有名詞
coloni	coloni	固有名詞
colons	colons	固有名詞
colony	colony	固有名詞
color	color	固有名詞
colors	colors	固有名詞
colory	colory	固有名詞
coloss	coloss	固有名詞
colour	colour	固有名詞
colove	colove	固有名詞
colp	colp	固有名詞
colpeo	colpeo	固有名詞
colpus	colpus	固有名詞
cols	cols	固有名詞
colt	colt	固有名詞
colter	colter	固有名詞
colts	colts	固有名詞
colugo	colugo	固有名詞
column	column	固有名詞
colure	colure	固有名詞
coly	coly	固有名詞
colyba	colyba	固有名詞
colyum	colyum	固有名詞
colza	colza	固有名詞
colzas	colzas	固有名詞
com	com	固有名詞
coma	coma	固有名詞
comade	comade	固有名詞
comae	comae	固有名詞
comake	comake	固有名詞
comal	comal	固有名詞
comals	comals	固有名詞
coman	coman	固有名詞
comart	comart	固有名詞
comas	comas	固有名詞
comate	comate	固有名詞
comb	comb	固有名詞
combat	combat	固有名詞
combe	combe	固有名詞
combed	combed	固有名詞
comber	comber	固有名詞
combes	combes	固有名詞
comble	comble	固有名詞
combo	combo	固有名詞
combos	combos	固有名詞
comboy	comboy	固有名詞
combre	combre	固有名詞
combs	combs	固有名詞
comby	comby	固有名詞
comd	comd	固有名詞
comdg	comdg	固有名詞
comdia	comdia	固有名詞
comdr	comdr	固有名詞
comdt	comdt	固有名詞
come	come	固有名詞
comedo	comedo	固有名詞
comedy	comedy	固有名詞
comely	comely	固有名詞
comer	comer	固有名詞
comers	comers	固有名詞
comes	comes	固有名詞
comet	comet	固有名詞
cometh	cometh	固有名詞
comets	comets	固有名詞
comfit	comfit	固有名詞
comfy	comfy	固有名詞
comic	comic	固有名詞
comics	comics	固有名詞
comid	comid	固有名詞
comida	comida	固有名詞
coming	coming	固有名詞
comino	comino	固有名詞
comism	comism	固有名詞
comite	comite	固有名詞
comity	comity	固有名詞
coml	coml	固有名詞
comm	comm	固有名詞
comma	comma	固有名詞
commas	commas	固有名詞
comme	comme	固有名詞
commem	commem	固有名詞
commie	commie	固有名詞
commis	commis	固有名詞
commit	commit	固有名詞
commix	commix	固有名詞
commo	commo	固有名詞
common	common	固有名詞
commos	commos	固有名詞
commot	commot	固有名詞
commy	commy	固有名詞
comodo	comodo	固有名詞
comoid	comoid	固有名詞
comose	comose	固有名詞
comous	comous	固有名詞
comox	comox	固有名詞
comp	comp	固有名詞
compaa	compaa	固有名詞
compar	compar	固有名詞
compd	compd	固有名詞
comped	comped	固有名詞
compel	compel	固有名詞
comply	comply	固有名詞
compo	compo	固有名詞
compos	compos	固有名詞
compot	compot	固有名詞
comps	comps	固有名詞
compt	compt	固有名詞
compte	compte	固有名詞
compts	compts	固有名詞
comr	comr	固有名詞
coms	coms	固有名詞
comsat	comsat	固有名詞
comte	comte	固有名詞
comtes	comtes	固有名詞
comus	comus	固有名詞
comvia	comvia	固有名詞
con	con	固有名詞
conal	conal	固有名詞
conand	conand	固有名詞
conant	conant	固有名詞
conc	conc	固有名詞
conch	conch	固有名詞
concha	concha	固有名詞
conche	conche	固有名詞
concho	concho	固有名詞
conchs	conchs	固有名詞
conchy	conchy	固有名詞
concio	concio	固有名詞
concn	concn	固有名詞
concur	concur	固有名詞
cond	cond	固有名詞
conda	conda	固有名詞
conder	conder	固有名詞
condo	condo	固有名詞
condog	condog	固有名詞
condom	condom	固有名詞
condor	condor	固有名詞
condos	condos	固有名詞
condue	condue	固有名詞
cone	cone	固有名詞
coned	coned	固有名詞
coneen	coneen	固有名詞
coner	coner	固有名詞
cones	cones	固有名詞
coney	coney	固有名詞
coneys	coneys	固有名詞
conf	conf	固有名詞
confab	confab	固有名詞
confed	confed	固有名詞
confer	confer	固有名詞
confit	confit	固有名詞
confix	confix	固有名詞
confr	confr	固有名詞
cong	cong	固有名詞
conga	conga	固有名詞
congas	congas	固有名詞
conge	conge	固有名詞
conged	conged	固有名詞
congee	congee	固有名詞
conger	conger	固有名詞
conges	conges	固有名詞
congii	congii	固有名詞
congo	congo	固有名詞
congos	congos	固有名詞
congou	congou	固有名詞
coni	coni	固有名詞
conia	conia	固有名詞
conic	conic	固有名詞
conics	conics	固有名詞
conies	conies	固有名詞
conima	conima	固有名詞
conin	conin	固有名詞
conine	conine	固有名詞
coning	coning	固有名詞
conins	conins	固有名詞
conite	conite	固有名詞
conium	conium	固有名詞
conj	conj	固有名詞
conjee	conjee	固有名詞
conjon	conjon	固有名詞
conk	conk	固有名詞
conked	conked	固有名詞
conker	conker	固有名詞
conks	conks	固有名詞
conky	conky	固有名詞
conli	conli	固有名詞
conn	conn	固有名詞
conned	conned	固有名詞
conner	conner	固有名詞
connex	connex	固有名詞
connie	connie	固有名詞
conns	conns	固有名詞
connu	connu	固有名詞
conny	conny	固有名詞
conoid	conoid	固有名詞
conor	conor	固有名詞
conoy	conoy	固有名詞
conrad	conrad	固有名詞
conred	conred	固有名詞
conrey	conrey	固有名詞
cons	cons	固有名詞
consol	consol	固有名詞
const	const	固有名詞
constr	constr	固有名詞
consul	consul	固有名詞
consy	consy	固有名詞
cont	cont	固有名詞
contam	contam	固有名詞
contd	contd	固有名詞
conte	conte	固有名詞
contek	contek	固有名詞
conter	conter	固有名詞
contes	contes	固有名詞
contex	contex	固有名詞
contg	contg	固有名詞
contin	contin	固有名詞
conto	conto	固有名詞
contos	contos	固有名詞
contr	contr	固有名詞
contra	contra	固有名詞
conule	conule	固有名詞
conure	conure	固有名詞
conus	conus	固有名詞
conv	conv	固有名詞
convex	convex	固有名詞
convey	convey	固有名詞
convoy	convoy	固有名詞
cony	cony	固有名詞
conyza	conyza	固有名詞
coo	coo	固有名詞
cooba	cooba	固有名詞
coobah	coobah	固有名詞
cooboo	cooboo	固有名詞
cooch	cooch	固有名詞
coodle	coodle	固有名詞
cooed	cooed	固有名詞
cooee	cooee	固有名詞
cooeed	cooeed	固有名詞
cooees	cooees	固有名詞
cooer	cooer	固有名詞
cooers	cooers	固有名詞
cooey	cooey	固有名詞
cooeys	cooeys	固有名詞
coof	coof	固有名詞
coofs	coofs	固有名詞
coohee	coohee	固有名詞
cooing	cooing	固有名詞
cooja	cooja	固有名詞
cook	cook	固有名詞
cooked	cooked	固有名詞
cookee	cookee	固有名詞
cooker	cooker	固有名詞
cookey	cookey	固有名詞
cookie	cookie	固有名詞
cooks	cooks	固有名詞
cooky	cooky	固有名詞
cool	cool	固有名詞
cooled	cooled	固有名詞
coolen	coolen	固有名詞
cooler	cooler	固有名詞
cooley	cooley	固有名詞
coolie	coolie	固有名詞
coolly	coolly	固有名詞
cools	cools	固有名詞
coolth	coolth	固有名詞
cooly	cooly	固有名詞
coom	coom	固有名詞
coomb	coomb	固有名詞
coombe	coombe	固有名詞
coombs	coombs	固有名詞
coomy	coomy	固有名詞
coon	coon	固有名詞
cooner	cooner	固有名詞
coons	coons	固有名詞
coony	coony	固有名詞
coop	coop	固有名詞
cooped	cooped	固有名詞
coopee	coopee	固有名詞
cooper	cooper	固有名詞
coops	coops	固有名詞
coopt	coopt	固有名詞
coopts	coopts	固有名詞
cooree	cooree	固有名詞
coorg	coorg	固有名詞
coorie	coorie	固有名詞
coos	coos	固有名詞
cooser	cooser	固有名詞
coost	coost	固有名詞
coosuc	coosuc	固有名詞
coot	coot	固有名詞
cootch	cootch	固有名詞
cooter	cooter	固有名詞
cooth	cooth	固有名詞
cootie	cootie	固有名詞
coots	coots	固有名詞
cooty	cooty	固有名詞
cop	cop	固有名詞
copa	copa	固有名詞
copain	copain	固有名詞
copal	copal	固有名詞
copalm	copalm	固有名詞
copals	copals	固有名詞
copart	copart	固有名詞
cope	cope	固有名詞
copeck	copeck	固有名詞
coped	coped	固有名詞
copei	copei	固有名詞
copeia	copeia	固有名詞
copen	copen	固有名詞
copens	copens	固有名詞
coper	coper	固有名詞
copers	copers	固有名詞
copes	copes	固有名詞
copia	copia	固有名詞
copied	copied	固有名詞
copier	copier	固有名詞
copies	copies	固有名詞
coping	coping	固有名詞
copis	copis	固有名詞
copist	copist	固有名詞
copita	copita	固有名詞
coplot	coplot	固有名詞
copout	copout	固有名詞
coppa	coppa	固有名詞
coppas	coppas	固有名詞
copped	copped	固有名詞
copper	copper	固有名詞
coppet	coppet	固有名詞
coppin	coppin	固有名詞
copple	copple	固有名詞
coppra	coppra	固有名詞
copps	copps	固有名詞
coppy	coppy	固有名詞
copr	copr	固有名詞
copra	copra	固有名詞
coprah	coprah	固有名詞
copras	copras	固有名詞
cops	cops	固有名詞
copse	copse	固有名詞
copses	copses	固有名詞
copsy	copsy	固有名詞
copt	copt	固有名詞
copter	copter	固有名詞
coptic	coptic	固有名詞
coptis	coptis	固有名詞
copula	copula	固有名詞
copus	copus	固有名詞
copy	copy	固有名詞
coque	coque	固有名詞
coquet	coquet	固有名詞
coquin	coquin	固有名詞
cor	cor	固有名詞
cora	cora	固有名詞
corach	corach	固有名詞
corage	corage	固有名詞
corah	corah	固有名詞
coraji	coraji	固有名詞
coral	coral	固有名詞
corals	corals	固有名詞
coram	coram	固有名詞
coran	coran	固有名詞
corban	corban	固有名詞
corbe	corbe	固有名詞
corbed	corbed	固有名詞
corbel	corbel	固有名詞
corbet	corbet	固有名詞
corbie	corbie	固有名詞
corby	corby	固有名詞
corcir	corcir	固有名詞
corcle	corcle	固有名詞
cord	cord	固有名詞
cordal	cordal	固有名詞
cordax	cordax	固有名詞
corded	corded	固有名詞
cordel	cordel	固有名詞
corder	corder	固有名詞
cordia	cordia	固有名詞
cordis	cordis	固有名詞
cordon	cordon	固有名詞
cords	cords	固有名詞
cordy	cordy	固有名詞
cordyl	cordyl	固有名詞
core	core	固有名詞
cored	cored	固有名詞
coree	coree	固有名詞
coreid	coreid	固有名詞
corema	corema	固有名詞
corer	corer	固有名詞
corers	corers	固有名詞
cores	cores	固有名詞
corey	corey	固有名詞
corf	corf	固有名詞
corge	corge	固有名詞
corgi	corgi	固有名詞
corgis	corgis	固有名詞
coria	coria	固有名詞
corial	corial	固有名詞
coriin	coriin	固有名詞
corin	corin	固有名詞
coring	coring	固有名詞
corita	corita	固有名詞
corium	corium	固有名詞
corixa	corixa	固有名詞
cork	cork	固有名詞
corke	corke	固有名詞
corked	corked	固有名詞
corker	corker	固有名詞
corkir	corkir	固有名詞
corks	corks	固有名詞
corky	corky	固有名詞
corm	corm	固有名詞
cormac	cormac	固有名詞
cormel	cormel	固有名詞
corms	corms	固有名詞
cormus	cormus	固有名詞
corn	corn	固有名詞
cornea	cornea	固有名詞
corned	corned	固有名詞
cornel	cornel	固有名詞
corner	corner	固有名詞
cornet	cornet	固有名詞
cornic	cornic	固有名詞
cornin	cornin	固有名詞
cornix	cornix	固有名詞
corno	corno	固有名詞
corns	corns	固有名詞
cornu	cornu	固有名詞
cornua	cornua	固有名詞
cornus	cornus	固有名詞
corny	corny	固有名詞
coroa	coroa	固有名詞
corody	corody	固有名詞
corojo	corojo	固有名詞
corol	corol	固有名詞
coroll	coroll	固有名詞
corona	corona	固有名詞
corone	corone	固有名詞
coropo	coropo	固有名詞
coroun	coroun	固有名詞
corozo	corozo	固有名詞
corp	corp	固有名詞
corpl	corpl	固有名詞
corpn	corpn	固有名詞
corps	corps	固有名詞
corpse	corpse	固有名詞
corpsy	corpsy	固有名詞
corpus	corpus	固有名詞
corr	corr	固有名詞
corral	corral	固有名詞
correa	correa	固有名詞
correl	correl	固有名詞
correo	correo	固有名詞
corrie	corrie	固有名詞
corrup	corrup	固有名詞
corsac	corsac	固有名詞
corsak	corsak	固有名詞
corse	corse	固有名詞
corser	corser	固有名詞
corses	corses	固有名詞
corset	corset	固有名詞
corsie	corsie	固有名詞
corso	corso	固有名詞
corsos	corsos	固有名詞
corsy	corsy	固有名詞
cort	cort	固有名詞
corta	corta	固有名詞
cortes	cortes	固有名詞
cortex	cortex	固有名詞
cortez	cortez	固有名詞
cortin	cortin	固有名詞
corton	corton	固有名詞
coruco	coruco	固有名詞
corv	corv	固有名詞
corve	corve	固有名詞
corved	corved	固有名詞
corvee	corvee	固有名詞
corven	corven	固有名詞
corver	corver	固有名詞
corves	corves	固有名詞
corvet	corvet	固有名詞
corvo	corvo	固有名詞
corvus	corvus	固有名詞
cory	cory	固有名詞
coryl	coryl	固有名詞
corymb	corymb	固有名詞
coryph	coryph	固有名詞
coryza	coryza	固有名詞
cos	cos	固有名詞
coscet	coscet	固有名詞
cose	cose	固有名詞
coseat	coseat	固有名詞
cosec	cosec	固有名詞
cosech	cosech	固有名詞
cosecs	cosecs	固有名詞
cosed	cosed	固有名詞
cosen	cosen	固有名詞
coses	coses	固有名詞
coset	coset	固有名詞
cosets	cosets	固有名詞
cosey	cosey	固有名詞
coseys	coseys	固有名詞
cosh	cosh	固有名詞
coshed	coshed	固有名詞
cosher	cosher	固有名詞
coshes	coshes	固有名詞
cosie	cosie	固有名詞
cosier	cosier	固有名詞
cosies	cosies	固有名詞
cosign	cosign	固有名詞
cosily	cosily	固有名詞
cosin	cosin	固有名詞
cosine	cosine	固有名詞
cosing	cosing	固有名詞
cosins	cosins	固有名詞
cosmic	cosmic	固有名詞
cosmo	cosmo	固有名詞
cosmos	cosmos	固有名詞
coss	coss	固有名詞
cossas	cossas	固有名詞
cosse	cosse	固有名詞
cosset	cosset	固有名詞
cossic	cossic	固有名詞
cossid	cossid	固有名詞
cossie	cossie	固有名詞
cost	cost	固有名詞
costa	costa	固有名詞
costae	costae	固有名詞
costal	costal	固有名詞
costar	costar	固有名詞
costed	costed	固有名詞
coster	coster	固有名詞
costly	costly	固有名詞
costs	costs	固有名詞
cosy	cosy	固有名詞
cot	cot	固有名詞
cotan	cotan	固有名詞
cotans	cotans	固有名詞
cotch	cotch	固有名詞
cote	cote	固有名詞
coteau	coteau	固有名詞
coted	coted	固有名詞
coteen	coteen	固有名詞
cotele	cotele	固有名詞
cotery	cotery	固有名詞
cotes	cotes	固有名詞
coth	coth	固有名詞
cotham	cotham	固有名詞
cothe	cothe	固有名詞
cothon	cothon	固有名詞
cothy	cothy	固有名詞
cotice	cotice	固有名詞
coting	coting	固有名詞
cotise	cotise	固有名詞
cotman	cotman	固有名詞
coto	coto	固有名詞
cotoin	cotoin	固有名詞
cotoro	cotoro	固有名詞
cotoxo	cotoxo	固有名詞
cots	cots	固有名詞
cotset	cotset	固有名詞
cott	cott	固有名詞
cotta	cotta	固有名詞
cottae	cottae	固有名詞
cottar	cottar	固有名詞
cottas	cottas	固有名詞
cotte	cotte	固有名詞
cotted	cotted	固有名詞
cotter	cotter	固有名詞
cottid	cottid	固有名詞
cotton	cotton	固有名詞
cottus	cottus	固有名詞
cotty	cotty	固有名詞
cotuit	cotuit	固有名詞
cotula	cotula	固有名詞
cotwal	cotwal	固有名詞
cotwin	cotwin	固有名詞
cotyla	cotyla	固有名詞
cotyle	cotyle	固有名詞
cotype	cotype	固有名詞
cotys	cotys	固有名詞
couac	couac	固有名詞
coucal	coucal	固有名詞
couch	couch	固有名詞
couche	couche	固有名詞
couchy	couchy	固有名詞
coud	coud	固有名詞
coude	coude	固有名詞
coudee	coudee	固有名詞
coue	coue	固有名詞
cougar	cougar	固有名詞
cough	cough	固有名詞
coughs	coughs	固有名詞
coul	coul	固有名詞
could	could	固有名詞
couldn	couldn	固有名詞
coulee	coulee	固有名詞
coulie	coulie	固有名詞
coulis	coulis	固有名詞
couma	couma	固有名詞
count	count	固有名詞
counts	counts	固有名詞
county	county	固有名詞
coup	coup	固有名詞
coupe	coupe	固有名詞
couped	couped	固有名詞
coupee	coupee	固有名詞
couper	couper	固有名詞
coupes	coupes	固有名詞
couple	couple	固有名詞
coupon	coupon	固有名詞
coups	coups	固有名詞
courap	courap	固有名詞
courb	courb	固有名詞
courbe	courbe	固有名詞
courge	courge	固有名詞
courie	courie	固有名詞
couril	couril	固有名詞
cours	cours	固有名詞
course	course	固有名詞
coursy	coursy	固有名詞
court	court	固有名詞
courts	courts	固有名詞
courty	courty	固有名詞
cousin	cousin	固有名詞
coutel	coutel	固有名詞
couter	couter	固有名詞
coutet	coutet	固有名詞
couth	couth	固有名詞
couthe	couthe	固有名詞
couths	couths	固有名詞
couthy	couthy	固有名詞
coutil	coutil	固有名詞
couve	couve	固有名詞
couxia	couxia	固有名詞
couxio	couxio	固有名詞
covado	covado	固有名詞
covary	covary	固有名詞
cove	cove	固有名詞
coved	coved	固有名詞
coven	coven	固有名詞
covens	covens	固有名詞
covent	covent	固有名詞
cover	cover	固有名詞
covers	covers	固有名詞
covert	covert	固有名詞
coves	coves	固有名詞
covet	covet	固有名詞
covets	covets	固有名詞
covey	covey	固有名詞
coveys	coveys	固有名詞
covid	covid	固有名詞
covido	covido	固有名詞
covin	covin	固有名詞
covine	covine	固有名詞
coving	coving	固有名詞
covite	covite	固有名詞
cow	cow	固有名詞
cowage	cowage	固有名詞
cowal	cowal	固有名詞
cowan	cowan	固有名詞
coward	coward	固有名詞
cowboy	cowboy	固有名詞
cowdie	cowdie	固有名詞
cowed	cowed	固有名詞
coween	coween	固有名詞
cower	cower	固有名詞
cowers	cowers	固有名詞
cowier	cowier	固有名詞
cowing	cowing	固有名詞
cowish	cowish	固有名詞
cowk	cowk	固有名詞
cowl	cowl	固有名詞
cowle	cowle	固有名詞
cowled	cowled	固有名詞
cowls	cowls	固有名詞
cowman	cowman	固有名詞
cowmen	cowmen	固有名詞
cowpat	cowpat	固有名詞
cowpea	cowpea	固有名詞
cowpen	cowpen	固有名詞
cowper	cowper	固有名詞
cowpox	cowpox	固有名詞
cowrie	cowrie	固有名詞
cowry	cowry	固有名詞
cows	cows	固有名詞
cowson	cowson	固有名詞
cowy	cowy	固有名詞
cox	cox	固有名詞
coxa	coxa	固有名詞
coxae	coxae	固有名詞
coxal	coxal	固有名詞
coxed	coxed	固有名詞
coxes	coxes	固有名詞
coxier	coxier	固有名詞
coxing	coxing	固有名詞
coxite	coxite	固有名詞
coxy	coxy	固有名詞
coy	coy	固有名詞
coyan	coyan	固有名詞
coydog	coydog	固有名詞
coyed	coyed	固有名詞
coyer	coyer	固有名詞
coyest	coyest	固有名詞
coying	coying	固有名詞
coyish	coyish	固有名詞
coyly	coyly	固有名詞
coyn	coyn	固有名詞
coynye	coynye	固有名詞
coyo	coyo	固有名詞
coyol	coyol	固有名詞
coyos	coyos	固有名詞
coyote	coyote	固有名詞
coypou	coypou	固有名詞
coypu	coypu	固有名詞
coypus	coypus	固有名詞
coys	coys	固有名詞
coyure	coyure	固有名詞
coz	coz	固有名詞
coze	coze	固有名詞
cozed	cozed	固有名詞
cozen	cozen	固有名詞
cozens	cozens	固有名詞
cozes	cozes	固有名詞
cozey	cozey	固有名詞
cozeys	cozeys	固有名詞
cozie	cozie	固有名詞
cozier	cozier	固有名詞
cozies	cozies	固有名詞
cozily	cozily	固有名詞
cozing	cozing	固有名詞
cozy	cozy	固有名詞
cozzes	cozzes	固有名詞
cpd	cpd	固有名詞
cpi	cpi	固有名詞
cpl	cpl	固有名詞
cpm	cpm	固有名詞
cpo	cpo	固有名詞
cps	cps	固有名詞
cpt	cpt	固有名詞
cpu	CPU	固有名詞
cpus	cpus	固有名詞
craal	craal	固有名詞
craals	craals	固有名詞
crab	crab	固有名詞
crabby	crabby	固有名詞
craber	craber	固有名詞
crabit	crabit	固有名詞
crabs	crabs	固有名詞
crabut	crabut	固有名詞
cracca	cracca	固有名詞
crack	crack	固有名詞
cracks	cracks	固有名詞
cracky	cracky	固有名詞
craddy	craddy	固有名詞
cradge	cradge	固有名詞
cradle	cradle	固有名詞
craft	craft	固有名詞
crafts	crafts	固有名詞
crafty	crafty	固有名詞
crag	crag	固有名詞
craggy	craggy	固有名詞
crags	crags	固有名詞
craie	craie	固有名詞
craig	craig	固有名詞
craik	craik	固有名詞
crain	crain	固有名詞
crake	crake	固有名詞
craked	craked	固有名詞
craker	craker	固有名詞
crakes	crakes	固有名詞
crakow	crakow	固有名詞
cram	cram	固有名詞
crambe	crambe	固有名詞
crambo	crambo	固有名詞
cramel	cramel	固有名詞
cramp	cramp	固有名詞
cramps	cramps	固有名詞
crampy	crampy	固有名詞
crams	crams	固有名詞
cran	cran	固有名詞
crance	crance	固有名詞
cranch	cranch	固有名詞
crane	crane	固有名詞
craned	craned	固有名詞
craner	craner	固有名詞
cranes	cranes	固有名詞
cranet	cranet	固有名詞
craney	craney	固有名詞
crang	crang	固有名詞
crania	crania	固有名詞
cranic	cranic	固有名詞
crank	crank	固有名詞
cranks	cranks	固有名詞
cranky	cranky	固有名詞
cranny	cranny	固有名詞
crants	crants	固有名詞
crany	crany	固有名詞
crap	crap	固有名詞
crape	crape	固有名詞
craped	craped	固有名詞
crapes	crapes	固有名詞
crapon	crapon	固有名詞
crappo	crappo	固有名詞
crappy	crappy	固有名詞
craps	craps	固有名詞
crapwa	crapwa	固有名詞
crapy	crapy	固有名詞
crare	crare	固有名詞
crases	crases	固有名詞
crash	crash	固有名詞
crasis	crasis	固有名詞
crass	crass	固有名詞
cratch	cratch	固有名詞
crate	crate	固有名詞
crated	crated	固有名詞
crater	crater	固有名詞
crates	crates	固有名詞
craton	craton	固有名詞
cravat	cravat	固有名詞
crave	crave	固有名詞
craved	craved	固有名詞
craven	craven	固有名詞
craver	craver	固有名詞
craves	craves	固有名詞
cravo	cravo	固有名詞
craw	craw	固有名詞
crawl	crawl	固有名詞
crawls	crawls	固有名詞
crawly	crawly	固有名詞
crawm	crawm	固有名詞
craws	craws	固有名詞
crax	crax	固有名詞
cray	cray	固有名詞
craye	craye	固有名詞
crayer	crayer	固有名詞
crayon	crayon	固有名詞
craze	craze	固有名詞
crazed	crazed	固有名詞
crazes	crazes	固有名詞
crazy	crazy	固有名詞
crc	crc	固有名詞
crcao	crcao	固有名詞
crche	crche	固有名詞
cre	cre	固有名詞
crea	crea	固有名詞
creach	creach	固有名詞
cread	cread	固有名詞
creagh	creagh	固有名詞
creak	creak	固有名詞
creaks	creaks	固有名詞
creaky	creaky	固有名詞
cream	cream	固有名詞
creams	creams	固有名詞
creamy	creamy	固有名詞
creant	creant	固有名詞
crease	crease	固有名詞
creasy	creasy	固有名詞
creat	creat	固有名詞
create	create	固有名詞
creaze	creaze	固有名詞
creche	creche	固有名詞
creda	creda	固有名詞
credal	credal	固有名詞
credit	credit	固有名詞
credo	credo	固有名詞
credos	credos	固有名詞
cree	cree	固有名詞
creed	creed	固有名詞
creeds	creeds	固有名詞
creek	creek	固有名詞
creeks	creeks	固有名詞
creeky	creeky	固有名詞
creel	creel	固有名詞
creels	creels	固有名詞
creem	creem	固有名詞
creen	creen	固有名詞
creep	creep	固有名詞
creeps	creeps	固有名詞
creepy	creepy	固有名詞
crees	crees	固有名詞
creese	creese	固有名詞
creesh	creesh	固有名詞
creme	creme	固有名詞
cremes	cremes	固有名詞
cremor	cremor	固有名詞
crena	crena	固有名詞
crenae	crenae	固有名詞
crenel	crenel	固有名詞
crenic	crenic	固有名詞
creole	creole	固有名詞
crepe	crepe	固有名詞
creped	creped	固有名詞
crepes	crepes	固有名詞
crepey	crepey	固有名詞
crepis	crepis	固有名詞
creply	creply	固有名詞
crepon	crepon	固有名詞
crept	crept	固有名詞
crepy	crepy	固有名詞
cres	cres	固有名詞
cresc	cresc	固有名詞
cresol	cresol	固有名詞
cress	cress	固有名詞
cressy	cressy	固有名詞
crest	crest	固有名詞
crests	crests	固有名詞
cresyl	cresyl	固有名詞
creta	creta	固有名詞
cretan	cretan	固有名詞
crete	crete	固有名詞
cretic	cretic	固有名詞
cretin	cretin	固有名詞
crevet	crevet	固有名詞
crevis	crevis	固有名詞
crew	crew	固有名詞
crewe	crewe	固有名詞
crewed	crewed	固有名詞
crewel	crewel	固有名詞
crewer	crewer	固有名詞
crewet	crewet	固有名詞
crews	crews	固有名詞
crex	crex	固有名詞
criant	criant	固有名詞
crib	crib	固有名詞
crible	crible	固有名詞
cribo	cribo	固有名詞
cribs	cribs	固有名詞
cric	cric	固有名詞
crick	crick	固有名詞
cricke	cricke	固有名詞
cricks	cricks	固有名詞
cried	cried	固有名詞
crier	crier	固有名詞
criers	criers	固有名詞
cries	cries	固有名詞
criey	criey	固有名詞
crig	crig	固有名詞
crikey	crikey	固有名詞
crile	crile	固有名詞
crim	crim	固有名詞
crime	crime	固有名詞
crimea	crimea	固有名詞
crimes	crimes	固有名詞
crimmy	crimmy	固有名詞
crimp	crimp	固有名詞
crimps	crimps	固有名詞
crimpy	crimpy	固有名詞
crin	crin	固有名詞
crinal	crinal	固有名詞
crinch	crinch	固有名詞
crine	crine	固有名詞
crined	crined	固有名詞
crinel	crinel	固有名詞
crinet	crinet	固有名詞
cringe	cringe	固有名詞
crinid	crinid	固有名詞
crink	crink	固有名詞
crinum	crinum	固有名詞
crip	crip	固有名詞
cripes	cripes	固有名詞
crips	crips	固有名詞
cris	cris	固有名詞
crises	crises	固有名詞
crisic	crisic	固有名詞
crisis	crisis	固有名詞
crisle	crisle	固有名詞
crisp	crisp	固有名詞
crisps	crisps	固有名詞
crispy	crispy	固有名詞
criss	criss	固有名詞
crissa	crissa	固有名詞
crista	crista	固有名詞
cristi	cristi	固有名詞
cristy	cristy	固有名詞
crit	crit	固有名詞
critch	critch	固有名詞
crith	crith	固有名詞
critic	critic	固有名詞
crl	crl	固有名詞
cro	cro	固有名詞
croak	croak	固有名詞
croaks	croaks	固有名詞
croaky	croaky	固有名詞
croape	croape	固有名詞
croat	croat	固有名詞
croc	croc	固有名詞
croche	croche	固有名詞
croci	croci	固有名詞
crocin	crocin	固有名詞
crock	crock	固有名詞
crocko	crocko	固有名詞
crocks	crocks	固有名詞
crocky	crocky	固有名詞
crocus	crocus	固有名詞
croft	croft	固有名詞
crofts	crofts	固有名詞
croh	croh	固有名詞
croiik	croiik	固有名詞
crois	crois	固有名詞
croise	croise	固有名詞
crojik	crojik	固有名詞
croker	croker	固有名詞
crom	crom	固有名詞
crome	crome	固有名詞
cromer	cromer	固有名詞
cromme	cromme	固有名詞
crone	crone	固有名詞
cronel	cronel	固有名詞
crones	crones	固有名詞
cronet	cronet	固有名詞
cronie	cronie	固有名詞
cronk	cronk	固有名詞
cronus	cronus	固有名詞
crony	crony	固有名詞
crooch	crooch	固有名詞
crood	crood	固有名詞
crook	crook	固有名詞
crooks	crooks	固有名詞
crool	crool	固有名詞
croon	croon	固有名詞
croons	croons	固有名詞
croose	croose	固有名詞
crop	crop	固有名詞
croppa	croppa	固有名詞
croppy	croppy	固有名詞
crops	crops	固有名詞
crore	crore	固有名詞
crores	crores	固有名詞
crosa	crosa	固有名詞
crosby	crosby	固有名詞
crose	crose	固有名詞
croset	croset	固有名詞
crosne	crosne	固有名詞
cross	cross	固有名詞
crosse	crosse	固有名詞
crost	crost	固有名詞
crotal	crotal	固有名詞
crotch	crotch	固有名詞
crotin	crotin	固有名詞
croton	croton	固有名詞
crotyl	crotyl	固有名詞
crouch	crouch	固有名詞
crouke	crouke	固有名詞
croup	croup	固有名詞
croupe	croupe	固有名詞
croups	croups	固有名詞
croupy	croupy	固有名詞
crouse	crouse	固有名詞
crout	crout	固有名詞
croute	croute	固有名詞
crouth	crouth	固有名詞
crow	crow	固有名詞
crowd	crowd	固有名詞
crowds	crowds	固有名詞
crowdy	crowdy	固有名詞
crowed	crowed	固有名詞
crower	crower	固有名詞
crowl	crowl	固有名詞
crown	crown	固有名詞
crowns	crowns	固有名詞
crows	crows	固有名詞
croy	croy	固有名詞
croyl	croyl	固有名詞
croze	croze	固有名詞
crozed	crozed	固有名詞
crozer	crozer	固有名詞
crozes	crozes	固有名詞
crozle	crozle	固有名詞
crpe	crpe	固有名詞
crs	crs	固有名詞
crts	crts	固有名詞
cru	cru	固有名詞
crub	crub	固有名詞
cruce	cruce	固有名詞
cruces	cruces	固有名詞
cruche	cruche	固有名詞
crucis	crucis	固有名詞
cruck	cruck	固有名詞
crud	crud	固有名詞
cruddy	cruddy	固有名詞
crude	crude	固有名詞
cruder	cruder	固有名詞
crudes	crudes	固有名詞
crudle	crudle	固有名詞
cruds	cruds	固有名詞
crudy	crudy	固有名詞
cruel	cruel	固有名詞
cruels	cruels	固有名詞
cruent	cruent	固有名詞
cruet	cruet	固有名詞
cruets	cruets	固有名詞
cruety	cruety	固有名詞
cruise	cruise	固有名詞
cruive	cruive	固有名詞
crull	crull	固有名詞
crum	crum	固有名詞
crumb	crumb	固有名詞
crumbs	crumbs	固有名詞
crumby	crumby	固有名詞
crumen	crumen	固有名詞
crummy	crummy	固有名詞
crump	crump	固有名詞
crumps	crumps	固有名詞
crumpy	crumpy	固有名詞
crunch	crunch	固有名詞
crunk	crunk	固有名詞
crunt	crunt	固有名詞
cruor	cruor	固有名詞
cruors	cruors	固有名詞
crup	crup	固有名詞
crura	crura	固有名詞
crural	crural	固有名詞
crus	crus	固有名詞
crusca	crusca	固有名詞
cruse	cruse	固有名詞
cruses	cruses	固有名詞
cruset	cruset	固有名詞
crush	crush	固有名詞
crusie	crusie	固有名詞
crust	crust	固有名詞
crusta	crusta	固有名詞
crusts	crusts	固有名詞
crusty	crusty	固有名詞
crut	crut	固有名詞
crutch	crutch	固有名詞
cruth	cruth	固有名詞
crux	crux	固有名詞
cruxes	cruxes	固有名詞
crwd	crwd	固有名詞
crwth	crwth	固有名詞
crwths	crwths	固有名詞
cry	cry	固有名詞
cryal	cryal	固有名詞
crying	crying	固有名詞
crypt	crypt	固有名詞
crypta	crypta	固有名詞
crypto	crypto	固有名詞
crypts	crypts	固有名詞
cryst	cryst	固有名詞
cryste	cryste	固有名詞
csc	csc	固有名詞
csch	csch	固有名詞
csect	csect	固有名詞
csects	csects	固有名詞
csi	csi	固有名詞
csk	csk	固有名詞
csmp	csmp	固有名詞
csnet	csnet	固有名詞
csp	csp	固有名詞
css	CSS	固有名詞
cst	cst	固有名詞
csv	CSV	固有名詞
csw	csw	固有名詞
cte	cte	固有名詞
ctene	ctene	固有名詞
ctenii	ctenii	固有名詞
ctf	ctf	固有名詞
ctg	ctg	固有名詞
ctge	ctge	固有名詞
ctimo	ctimo	固有名詞
ctn	ctn	固有名詞
cto	cto	固有名詞
ctr	ctr	固有名詞
ctrl	ctrl	固有名詞
cts	cts	固有名詞
cuadra	cuadra	固有名詞
cuarta	cuarta	固有名詞
cuarto	cuarto	固有名詞
cub	cub	固有名詞
cuba	cuba	固有名詞
cubage	cubage	固有名詞
cuban	cuban	固有名詞
cubane	cubane	固有名詞
cubans	cubans	固有名詞
cubas	cubas	固有名詞
cubby	cubby	固有名詞
cubbyu	cubbyu	固有名詞
cubdom	cubdom	固有名詞
cube	cube	固有名詞
cubeb	cubeb	固有名詞
cubebs	cubebs	固有名詞
cubed	cubed	固有名詞
cuber	cuber	固有名詞
cubera	cubera	固有名詞
cubers	cubers	固有名詞
cubes	cubes	固有名詞
cubi	cubi	固有名詞
cubic	cubic	固有名詞
cubica	cubica	固有名詞
cubics	cubics	固有名詞
cubing	cubing	固有名詞
cubism	cubism	固有名詞
cubist	cubist	固有名詞
cubit	cubit	固有名詞
cubiti	cubiti	固有名詞
cubito	cubito	固有名詞
cubits	cubits	固有名詞
cubla	cubla	固有名詞
cuboid	cuboid	固有名詞
cubs	cubs	固有名詞
cubti	cubti	固有名詞
cuca	cuca	固有名詞
cuchan	cuchan	固有名詞
cuchia	cuchia	固有名詞
cuck	cuck	固有名詞
cuckoo	cuckoo	固有名詞
cucule	cucule	固有名詞
cuculi	cuculi	固有名詞
cucurb	cucurb	固有名詞
cucuy	cucuy	固有名詞
cucuyo	cucuyo	固有名詞
cud	cud	固有名詞
cuda	cuda	固有名詞
cudava	cudava	固有名詞
cudden	cudden	固有名詞
cuddie	cuddie	固有名詞
cuddle	cuddle	固有名詞
cuddly	cuddly	固有名詞
cuddy	cuddy	固有名詞
cudgel	cudgel	固有名詞
cuds	cuds	固有名詞
cue	cue	固有名詞
cueca	cueca	固有名詞
cuecas	cuecas	固有名詞
cued	cued	固有名詞
cueing	cueing	固有名詞
cueist	cueist	固有名詞
cueman	cueman	固有名詞
cuemen	cuemen	固有名詞
cuerda	cuerda	固有名詞
cuerpo	cuerpo	固有名詞
cues	cues	固有名詞
cuesta	cuesta	固有名詞
cueva	cueva	固有名詞
cuff	cuff	固有名詞
cuffed	cuffed	固有名詞
cuffer	cuffer	固有名詞
cuffin	cuffin	固有名詞
cuffle	cuffle	固有名詞
cuffs	cuffs	固有名詞
cuffy	cuffy	固有名詞
cufic	cufic	固有名詞
cuiejo	cuiejo	固有名詞
cuif	cuif	固有名詞
cuifs	cuifs	固有名詞
cuinfo	cuinfo	固有名詞
cuing	cuing	固有名詞
cuir	cuir	固有名詞
cuirie	cuirie	固有名詞
cuish	cuish	固有名詞
cuisse	cuisse	固有名詞
cuit	cuit	固有名詞
cuitle	cuitle	固有名詞
cuj	cuj	固有名詞
cujam	cujam	固有名詞
cuke	cuke	固有名詞
cukes	cukes	固有名詞
cul	cul	固有名詞
culbut	culbut	固有名詞
culch	culch	固有名詞
culdee	culdee	固有名詞
culet	culet	固有名詞
culets	culets	固有名詞
culett	culett	固有名詞
culeus	culeus	固有名詞
culex	culex	固有名詞
culgee	culgee	固有名詞
cull	cull	固有名詞
culla	culla	固有名詞
cullas	cullas	固有名詞
cullay	cullay	固有名詞
culled	culled	固有名詞
cullen	cullen	固有名詞
culler	culler	固有名詞
cullet	cullet	固有名詞
cullis	cullis	固有名詞
culls	culls	固有名詞
cully	cully	固有名詞
culm	culm	固有名詞
culmed	culmed	固有名詞
culmen	culmen	固有名詞
culms	culms	固有名詞
culmy	culmy	固有名詞
culot	culot	固有名詞
culp	culp	固有名詞
culpa	culpa	固有名詞
culpae	culpae	固有名詞
culpas	culpas	固有名詞
culpeo	culpeo	固有名詞
culpon	culpon	固有名詞
cult	cult	固有名詞
cultch	cultch	固有名詞
culter	culter	固有名詞
culti	culti	固有名詞
cultic	cultic	固有名詞
cults	cults	固有名詞
cultus	cultus	固有名詞
culver	culver	固有名詞
cum	cum	固有名詞
cumal	cumal	固有名詞
cumar	cumar	固有名詞
cumara	cumara	固有名詞
cumaru	cumaru	固有名詞
cumay	cumay	固有名詞
cumber	cumber	固有名詞
cumbha	cumbha	固有名詞
cumble	cumble	固有名詞
cumbly	cumbly	固有名詞
cumbre	cumbre	固有名詞
cumbu	cumbu	固有名詞
cumene	cumene	固有名詞
cumhal	cumhal	固有名詞
cumic	cumic	固有名詞
cumin	cumin	固有名詞
cumins	cumins	固有名詞
cumly	cumly	固有名詞
cummer	cummer	固有名詞
cummin	cummin	固有名詞
cumol	cumol	固有名詞
cump	cump	固有名詞
cumsha	cumsha	固有名詞
cumuli	cumuli	固有名詞
cumyl	cumyl	固有名詞
cun	cun	固有名詞
cuna	cuna	固有名詞
cunan	cunan	固有名詞
cunas	cunas	固有名詞
cund	cund	固有名詞
cundum	cundum	固有名詞
cundy	cundy	固有名詞
cunea	cunea	固有名詞
cuneal	cuneal	固有名詞
cunei	cunei	固有名詞
cuneus	cuneus	固有名詞
cunila	cunila	固有名詞
cunili	cunili	固有名詞
cunit	cunit	固有名詞
cunjah	cunjah	固有名詞
cunjer	cunjer	固有名詞
cunner	cunner	固有名詞
cunni	cunni	固有名詞
cunny	cunny	固有名詞
cunt	cunt	固有名詞
cunts	cunts	固有名詞
cunye	cunye	固有名詞
cunyie	cunyie	固有名詞
cunza	cunza	固有名詞
cunzie	cunzie	固有名詞
cuon	cuon	固有名詞
cuorin	cuorin	固有名詞
cup	cup	固有名詞
cupay	cupay	固有名詞
cupel	cupel	固有名詞
cupels	cupels	固有名詞
cupful	cupful	固有名詞
cuphea	cuphea	固有名詞
cupid	cupid	固有名詞
cupids	cupids	固有名詞
cupman	cupman	固有名詞
cupola	cupola	固有名詞
cuppa	cuppa	固有名詞
cuppas	cuppas	固有名詞
cupped	cupped	固有名詞
cuppen	cuppen	固有名詞
cupper	cupper	固有名詞
cuppin	cuppin	固有名詞
cuppy	cuppy	固有名詞
cupric	cupric	固有名詞
cuprum	cuprum	固有名詞
cups	cups	固有名詞
cupula	cupula	固有名詞
cupule	cupule	固有名詞
cur	cur	固有名詞
cura	cura	固有名詞
curace	curace	固有名詞
curacy	curacy	固有名詞
curage	curage	固有名詞
curagh	curagh	固有名詞
curara	curara	固有名詞
curare	curare	固有名詞
curari	curari	固有名詞
curat	curat	固有名詞
curate	curate	固有名詞
curb	curb	固有名詞
curbed	curbed	固有名詞
curber	curber	固有名詞
curbs	curbs	固有名詞
curby	curby	固有名詞
curcas	curcas	固有名詞
curch	curch	固有名詞
curchy	curchy	固有名詞
curd	curd	固有名詞
curded	curded	固有名詞
curdle	curdle	固有名詞
curdly	curdly	固有名詞
curdoo	curdoo	固有名詞
curds	curds	固有名詞
curdy	curdy	固有名詞
cure	cure	固有名詞
cured	cured	固有名詞
curer	curer	固有名詞
curers	curers	固有名詞
cures	cures	固有名詞
curet	curet	固有名詞
curets	curets	固有名詞
curf	curf	固有名詞
curfew	curfew	固有名詞
curfs	curfs	固有名詞
curia	curia	固有名詞
curiae	curiae	固有名詞
curial	curial	固有名詞
curiam	curiam	固有名詞
curie	curie	固有名詞
curies	curies	固有名詞
curiet	curiet	固有名詞
curin	curin	固有名詞
curine	curine	固有名詞
curing	curing	固有名詞
curio	curio	固有名詞
curios	curios	固有名詞
curite	curite	固有名詞
curium	curium	固有名詞
curl	curl	固有名詞
curled	curled	固有名詞
curler	curler	固有名詞
curlew	curlew	固有名詞
curls	curls	固有名詞
curly	curly	固有名詞
curn	curn	固有名詞
curney	curney	固有名詞
curnie	curnie	固有名詞
curns	curns	固有名詞
curpel	curpel	固有名詞
curpin	curpin	固有名詞
curple	curple	固有名詞
curr	curr	固有名詞
curran	curran	固有名詞
curred	curred	固有名詞
currie	currie	固有名詞
currs	currs	固有名詞
curry	curry	固有名詞
curs	curs	固有名詞
cursa	cursa	固有名詞
cursal	cursal	固有名詞
curse	curse	固有名詞
cursed	cursed	固有名詞
cursen	cursen	固有名詞
curser	curser	固有名詞
curses	curses	固有名詞
cursor	cursor	固有名詞
curst	curst	固有名詞
cursus	cursus	固有名詞
curt	curt	固有名詞
curtal	curtal	固有名詞
curted	curted	固有名詞
curter	curter	固有名詞
curtis	curtis	固有名詞
curtly	curtly	固有名詞
curtsy	curtsy	固有名詞
curua	curua	固有名詞
curuba	curuba	固有名詞
curule	curule	固有名詞
cururo	cururo	固有名詞
curval	curval	固有名詞
curve	curve	固有名詞
curved	curved	固有名詞
curver	curver	固有名詞
curves	curves	固有名詞
curvet	curvet	固有名詞
curvey	curvey	固有名詞
curvle	curvle	固有名詞
curvy	curvy	固有名詞
cury	cury	固有名詞
cuscus	cuscus	固有名詞
cusec	cusec	固有名詞
cusecs	cusecs	固有名詞
cush	cush	固有名詞
cushag	cushag	固有名詞
cushat	cushat	固有名詞
cushaw	cushaw	固有名詞
cushie	cushie	固有名詞
cushy	cushy	固有名詞
cusie	cusie	固有名詞
cusk	cusk	固有名詞
cusks	cusks	固有名詞
cusp	cusp	固有名詞
cuspal	cuspal	固有名詞
cusped	cusped	固有名詞
cuspid	cuspid	固有名詞
cuspis	cuspis	固有名詞
cusps	cusps	固有名詞
cuss	cuss	固有名詞
cussed	cussed	固有名詞
cusser	cusser	固有名詞
cusses	cusses	固有名詞
cusso	cusso	固有名詞
cussos	cussos	固有名詞
cust	cust	固有名詞
custom	custom	固有名詞
custos	custos	固有名詞
cut	cut	固有名詞
cutch	cutch	固有名詞
cutcha	cutcha	固有名詞
cute	cute	固有名詞
cutely	cutely	固有名詞
cuter	cuter	固有名詞
cutes	cutes	固有名詞
cutest	cutest	固有名詞
cutesy	cutesy	固有名詞
cutey	cutey	固有名詞
cuteys	cuteys	固有名詞
cutie	cutie	固有名詞
cuties	cuties	固有名詞
cutify	cutify	固有名詞
cutin	cutin	固有名詞
cutins	cutins	固有名詞
cutis	cutis	固有名詞
cutlas	cutlas	固有名詞
cutler	cutler	固有名詞
cutlet	cutlet	固有名詞
cutoff	cutoff	固有名詞
cutose	cutose	固有名詞
cutout	cutout	固有名詞
cuts	cuts	固有名詞
cutset	cutset	固有名詞
cutted	cutted	固有名詞
cutter	cutter	固有名詞
cuttle	cuttle	固有名詞
cuttoe	cuttoe	固有名詞
cuttoo	cuttoo	固有名詞
cutty	cutty	固有名詞
cutup	cutup	固有名詞
cutups	cutups	固有名詞
cutwal	cutwal	固有名詞
cuvage	cuvage	固有名詞
cuve	cuve	固有名詞
cuvee	cuvee	固有名詞
cuvies	cuvies	固有名詞
cuvy	cuvy	固有名詞
cuya	cuya	固有名詞
cuyas	cuyas	固有名詞
cwierc	cwierc	固有名詞
cwm	cwm	固有名詞
cwms	cwms	固有名詞
cwo	cwo	固有名詞
cwrite	cwrite	固有名詞
cwt	cwt	固有名詞
cyamid	cyamid	固有名詞
cyamus	cyamus	固有名詞
cyan	cyan	固有名詞
cyanea	cyanea	固有名詞
cyanic	cyanic	固有名詞
cyanid	cyanid	固有名詞
cyanin	cyanin	固有名詞
cyano	cyano	固有名詞
cyanol	cyanol	固有名詞
cyans	cyans	固有名詞
cyanus	cyanus	固有名詞
cyath	cyath	固有名詞
cyathi	cyathi	固有名詞
cybele	cybele	固有名詞
cyber	cyber	固有名詞
cyborg	cyborg	固有名詞
cyc	cyc	固有名詞
cycad	cycad	固有名詞
cycads	cycads	固有名詞
cycas	cycas	固有名詞
cycl	cycl	固有名詞
cyclar	cyclar	固有名詞
cyclas	cyclas	固有名詞
cycle	cycle	固有名詞
cycled	cycled	固有名詞
cycler	cycler	固有名詞
cycles	cycles	固有名詞
cyclic	cyclic	固有名詞
cyclo	cyclo	固有名詞
cyclop	cyclop	固有名詞
cyclos	cyclos	固有名詞
cyclus	cyclus	固有名詞
cyder	cyder	固有名詞
cyders	cyders	固有名詞
cydon	cydon	固有名詞
cyeses	cyeses	固有名詞
cyesis	cyesis	固有名詞
cyetic	cyetic	固有名詞
cygnet	cygnet	固有名詞
cygnid	cygnid	固有名詞
cygnus	cygnus	固有名詞
cyke	cyke	固有名詞
cyl	cyl	固有名詞
cylix	cylix	固有名詞
cyma	cyma	固有名詞
cymae	cymae	固有名詞
cymar	cymar	固有名詞
cymars	cymars	固有名詞
cymas	cymas	固有名詞
cymba	cymba	固有名詞
cymbal	cymbal	固有名詞
cymbel	cymbel	固有名詞
cymbid	cymbid	固有名詞
cyme	cyme	固有名詞
cymene	cymene	固有名詞
cymes	cymes	固有名詞
cymlin	cymlin	固有名詞
cymoid	cymoid	固有名詞
cymol	cymol	固有名詞
cymols	cymols	固有名詞
cymose	cymose	固有名詞
cymous	cymous	固有名詞
cymric	cymric	固有名詞
cymry	cymry	固有名詞
cymtia	cymtia	固有名詞
cymule	cymule	固有名詞
cynara	cynara	固有名詞
cynias	cynias	固有名詞
cynic	cynic	固有名詞
cynics	cynics	固有名詞
cynips	cynips	固有名詞
cynism	cynism	固有名詞
cynoid	cynoid	固有名詞
cyp	cyp	固有名詞
cypher	cypher	固有名詞
cypre	cypre	固有名詞
cypres	cypres	固有名詞
cypria	cypria	固有名詞
cyprid	cyprid	固有名詞
cypris	cypris	固有名詞
cyprus	cyprus	固有名詞
cyrano	cyrano	固有名詞
cyril	cyril	固有名詞
cyrus	cyrus	固有名詞
cyst	cyst	固有名詞
cystal	cystal	固有名詞
cysted	cysted	固有名詞
cystic	cystic	固有名詞
cystid	cystid	固有名詞
cystin	cystin	固有名詞
cystis	cystis	固有名詞
cysts	cysts	固有名詞
cytase	cytase	固有名詞
cytode	cytode	固有名詞
cytoid	cytoid	固有名詞
cytol	cytol	固有名詞
cytoma	cytoma	固有名詞
cytome	cytome	固有名詞
cyton	cyton	固有名詞
cytone	cytone	固有名詞
cytons	cytons	固有名詞
cytost	cytost	固有名詞
cytula	cytula	固有名詞
cyul	cyul	固有名詞
cywydd	cywydd	固有名詞
czar	czar	固有名詞
czaric	czaric	固有名詞
czars	czars	固有名詞
czech	czech	固有名詞
czechs	czechs	固有名詞
dab	dab	固有名詞
dabb	dabb	固有名詞
dabba	dabba	固有名詞
dabbed	dabbed	固有名詞
dabber	dabber	固有名詞
dabble	dabble	固有名詞
dabby	dabby	固有名詞
dabih	dabih	固有名詞
dablet	dablet	固有名詞
daboia	daboia	固有名詞
daboya	daboya	固有名詞
dabs	dabs	固有名詞
dabuh	dabuh	固有名詞
dace	dace	固有名詞
dacelo	dacelo	固有名詞
daces	daces	固有名詞
dacha	dacha	固有名詞
dachas	dachas	固有名詞
dachs	dachs	固有名詞
dacian	dacian	固有名詞
dacite	dacite	固有名詞
dacker	dacker	固有名詞
dacoit	dacoit	固有名詞
dacron	dacron	固有名詞
dacrya	dacrya	固有名詞
dacryd	dacryd	固有名詞
dactyl	dactyl	固有名詞
dacus	dacus	固有名詞
dad	dad	固有名詞
dada	dada	固有名詞
dadap	dadap	固有名詞
dadas	dadas	固有名詞
dadder	dadder	固有名詞
daddle	daddle	固有名詞
daddy	daddy	固有名詞
dade	dade	固有名詞
dading	dading	固有名詞
dado	dado	固有名詞
dadoed	dadoed	固有名詞
dadoes	dadoes	固有名詞
dados	dados	固有名詞
dads	dads	固有名詞
dadu	dadu	固有名詞
dae	dae	固有名詞
daedal	daedal	固有名詞
daekon	daekon	固有名詞
daemon	daemon	固有名詞
daer	daer	固有名詞
daeva	daeva	固有名詞
daff	daff	固有名詞
daffed	daffed	固有名詞
daffle	daffle	固有名詞
daffs	daffs	固有名詞
daffy	daffy	固有名詞
dafla	dafla	固有名詞
daft	daft	固有名詞
daftar	daftar	固有名詞
dafter	dafter	固有名詞
daftly	daftly	固有名詞
dag	dag	固有名詞
dagaba	dagaba	固有名詞
dagame	dagame	固有名詞
dagesh	dagesh	固有名詞
dagga	dagga	固有名詞
daggar	daggar	固有名詞
dagged	dagged	固有名詞
dagger	dagger	固有名詞
daggle	daggle	固有名詞
daggly	daggly	固有名詞
daggy	daggy	固有名詞
dagmar	dagmar	固有名詞
dago	dago	固有名詞
dagoba	dagoba	固有名詞
dagoes	dagoes	固有名詞
dagon	dagon	固有名詞
dagos	dagos	固有名詞
dags	dags	固有名詞
dah	dah	固有名詞
dahlia	dahlia	固有名詞
dahlin	dahlin	固有名詞
dahms	dahms	固有名詞
dahoon	dahoon	固有名詞
dahs	dahs	固有名詞
daidle	daidle	固有名詞
daidly	daidly	固有名詞
daijo	daijo	固有名詞
daiker	daiker	固有名詞
daikon	daikon	固有名詞
dail	dail	固有名詞
daily	daily	固有名詞
daimen	daimen	固有名詞
daimio	daimio	固有名詞
daimon	daimon	固有名詞
daimyo	daimyo	固有名詞
dain	dain	固有名詞
daint	daint	固有名詞
dainty	dainty	固有名詞
daira	daira	固有名詞
dairi	dairi	固有名詞
dairt	dairt	固有名詞
dairy	dairy	固有名詞
dais	dais	固有名詞
daised	daised	固有名詞
daisee	daisee	固有名詞
daises	daises	固有名詞
daisy	daisy	固有名詞
daitya	daitya	固有名詞
daiva	daiva	固有名詞
dak	dak	固有名詞
daker	daker	固有名詞
dakhma	dakhma	固有名詞
dakir	dakir	固有名詞
dakoit	dakoit	固有名詞
dakota	dakota	固有名詞
daks	daks	固有名詞
dal	dal	固有名詞
dalaga	dalaga	固有名詞
dalai	dalai	固有名詞
dalan	dalan	固有名詞
dalar	dalar	固有名詞
dalasi	dalasi	固有名詞
dale	dale	固有名詞
dalea	dalea	固有名詞
daledh	daledh	固有名詞
daler	daler	固有名詞
dales	dales	固有名詞
daleth	daleth	固有名詞
dalf	dalf	固有名詞
dali	dali	固有名詞
dalis	dalis	固有名詞
dalk	dalk	固有名詞
dallan	dallan	固有名詞
dallas	dallas	固有名詞
dalle	dalle	固有名詞
dalles	dalles	固有名詞
dallis	dallis	固有名詞
dallop	dallop	固有名詞
dally	dally	固有名詞
dalt	dalt	固有名詞
dalton	dalton	固有名詞
dam	dam	固有名詞
dama	dama	固有名詞
damage	damage	固有名詞
daman	daman	固有名詞
damans	damans	固有名詞
damar	damar	固有名詞
damara	damara	固有名詞
damars	damars	固有名詞
damas	damas	固有名詞
damask	damask	固有名詞
dame	dame	固有名詞
dames	dames	固有名詞
damia	damia	固有名詞
damie	damie	固有名詞
damier	damier	固有名詞
damine	damine	固有名詞
dammar	dammar	固有名詞
damme	damme	固有名詞
dammed	dammed	固有名詞
dammer	dammer	固有名詞
dammit	dammit	固有名詞
damn	damn	固有名詞
damned	damned	固有名詞
damner	damner	固有名詞
damnii	damnii	固有名詞
damnit	damnit	固有名詞
damns	damns	固有名詞
damnum	damnum	固有名詞
damon	damon	固有名詞
damone	damone	固有名詞
damp	damp	固有名詞
damped	damped	固有名詞
dampen	dampen	固有名詞
damper	damper	固有名詞
damply	damply	固有名詞
dampne	dampne	固有名詞
damps	damps	固有名詞
dampy	dampy	固有名詞
dams	dams	固有名詞
damsel	damsel	固有名詞
damson	damson	固有名詞
dan	dan	固有名詞
dana	dana	固有名詞
danaan	danaan	固有名詞
danae	danae	固有名詞
danai	danai	固有名詞
danaid	danaid	固有名詞
danais	danais	固有名詞
danaro	danaro	固有名詞
dance	dance	固有名詞
danced	danced	固有名詞
dancer	dancer	固有名詞
dances	dances	固有名詞
dancy	dancy	固有名詞
dand	dand	固有名詞
danda	danda	固有名詞
dander	dander	固有名詞
dandie	dandie	固有名詞
dandis	dandis	固有名詞
dandle	dandle	固有名詞
dandy	dandy	固有名詞
dane	dane	固有名詞
danes	danes	固有名詞
dang	dang	固有名詞
danged	danged	固有名詞
danger	danger	固有名詞
dangle	dangle	固有名詞
dangs	dangs	固有名詞
dani	dani	固有名詞
danian	danian	固有名詞
danic	danic	固有名詞
daniel	daniel	固有名詞
danio	danio	固有名詞
danios	danios	固有名詞
danish	danish	固有名詞
danism	danism	固有名詞
danite	danite	固有名詞
danize	danize	固有名詞
dank	dank	固有名詞
danke	danke	固有名詞
danker	danker	固有名詞
dankly	dankly	固有名詞
danli	danli	固有名詞
danner	danner	固有名詞
dannie	dannie	固有名詞
danny	danny	固有名詞
dansk	dansk	固有名詞
dansy	dansy	固有名詞
danta	danta	固有名詞
dante	dante	固有名詞
danton	danton	固有名詞
danube	danube	固有名詞
danuri	danuri	固有名詞
danzig	danzig	固有名詞
danzon	danzon	固有名詞
dao	dao	固有名詞
daoine	daoine	固有名詞
dap	dap	固有名詞
daphne	daphne	固有名詞
daphni	daphni	固有名詞
dapico	dapico	固有名詞
dapped	dapped	固有名詞
dapper	dapper	固有名詞
dapple	dapple	固有名詞
daps	daps	固有名詞
dapson	dapson	固有名詞
dar	dar	固有名詞
darac	darac	固有名詞
daraf	daraf	固有名詞
darat	darat	固有名詞
darb	darb	固有名詞
darbha	darbha	固有名詞
darbs	darbs	固有名詞
darby	darby	固有名詞
darci	darci	固有名詞
darcy	darcy	固有名詞
dard	dard	固有名詞
dardan	dardan	固有名詞
dardic	dardic	固有名詞
dare	dare	固有名詞
dared	dared	固有名詞
daren	daren	固有名詞
darer	darer	固有名詞
darers	darers	固有名詞
dares	dares	固有名詞
darg	darg	固有名詞
dargah	dargah	固有名詞
darger	darger	固有名詞
dargo	dargo	固有名詞
dargue	dargue	固有名詞
dari	dari	固有名詞
daric	daric	固有名詞
darics	darics	固有名詞
darien	darien	固有名詞
darii	darii	固有名詞
darin	darin	固有名詞
daring	daring	固有名詞
darius	darius	固有名詞
dark	dark	固有名詞
darked	darked	固有名詞
darken	darken	固有名詞
darker	darker	固有名詞
darkey	darkey	固有名詞
darkie	darkie	固有名詞
darkle	darkle	固有名詞
darkly	darkly	固有名詞
darks	darks	固有名詞
darky	darky	固有名詞
darn	darn	固有名詞
darned	darned	固有名詞
darnel	darnel	固有名詞
darner	darner	固有名詞
darnex	darnex	固有名詞
darnix	darnix	固有名詞
darns	darns	固有名詞
daroga	daroga	固有名詞
daroo	daroo	固有名詞
darr	darr	固有名詞
darren	darren	固有名詞
darryl	darryl	固有名詞
darst	darst	固有名詞
dart	dart	固有名詞
darted	darted	固有名詞
darter	darter	固有名詞
dartle	dartle	固有名詞
dartos	dartos	固有名詞
dartre	dartre	固有名詞
darts	darts	固有名詞
darvon	darvon	固有名詞
darwan	darwan	固有名詞
darwin	darwin	固有名詞
darya	darya	固有名詞
daryl	daryl	固有名詞
darzee	darzee	固有名詞
das	das	固有名詞
dase	dase	固有名詞
dasein	dasein	固有名詞
dasewe	dasewe	固有名詞
dash	dash	固有名詞
dashed	dashed	固有名詞
dashee	dashee	固有名詞
dashel	dashel	固有名詞
dasher	dasher	固有名詞
dashes	dashes	固有名詞
dasht	dasht	固有名詞
dashy	dashy	固有名詞
dasi	dasi	固有名詞
dasnt	dasnt	固有名詞
dassie	dassie	固有名詞
dassy	dassy	固有名詞
dastur	dastur	固有名詞
daswen	daswen	固有名詞
dasya	dasya	固有名詞
dasyus	dasyus	固有名詞
dat	dat	固有名詞
data	data	固有名詞
datana	datana	固有名詞
datary	datary	固有名詞
datch	datch	固有名詞
datcha	datcha	固有名詞
date	date	固有名詞
dated	dated	固有名詞
dater	dater	固有名詞
daters	daters	固有名詞
dates	dates	固有名詞
datil	datil	固有名詞
dating	dating	固有名詞
dation	dation	固有名詞
datisi	datisi	固有名詞
datism	datism	固有名詞
dative	dative	固有名詞
dato	dato	固有名詞
datos	datos	固有名詞
datsun	datsun	固有名詞
datsw	datsw	固有名詞
datto	datto	固有名詞
dattos	dattos	固有名詞
datum	datum	固有名詞
datums	datums	固有名詞
datura	datura	固有名詞
dau	dau	固有名詞
daub	daub	固有名詞
daube	daube	固有名詞
daubed	daubed	固有名詞
dauber	dauber	固有名詞
daubes	daubes	固有名詞
daubry	daubry	固有名詞
daubs	daubs	固有名詞
dauby	dauby	固有名詞
daucus	daucus	固有名詞
daud	daud	固有名詞
dauded	dauded	固有名詞
daudit	daudit	固有名詞
dauk	dauk	固有名詞
dauke	dauke	固有名詞
daukin	daukin	固有名詞
dault	dault	固有名詞
daun	daun	固有名詞
daunch	daunch	固有名詞
dauncy	dauncy	固有名詞
dauner	dauner	固有名詞
daunii	daunii	固有名詞
daunt	daunt	固有名詞
daunts	daunts	固有名詞
daur	daur	固有名詞
dauri	dauri	固有名詞
daurna	daurna	固有名詞
daut	daut	固有名詞
dauted	dauted	固有名詞
dautie	dautie	固有名詞
dauts	dauts	固有名詞
dauw	dauw	固有名詞
davach	davach	固有名詞
dave	dave	固有名詞
daven	daven	固有名詞
davens	davens	固有名詞
daver	daver	固有名詞
david	david	固有名詞
davies	davies	固有名詞
davis	davis	固有名詞
davit	davit	固有名詞
davits	davits	固有名詞
davoch	davoch	固有名詞
davy	davy	固有名詞
davyne	davyne	固有名詞
davyum	davyum	固有名詞
daw	daw	固有名詞
dawdle	dawdle	固有名詞
dawdy	dawdy	固有名詞
dawe	dawe	固有名詞
dawed	dawed	固有名詞
dawen	dawen	固有名詞
dawing	dawing	固有名詞
dawish	dawish	固有名詞
dawk	dawk	固有名詞
dawkin	dawkin	固有名詞
dawks	dawks	固有名詞
dawn	dawn	固有名詞
dawned	dawned	固有名詞
dawns	dawns	固有名詞
dawny	dawny	固有名詞
daws	daws	固有名詞
dawson	dawson	固有名詞
dawt	dawt	固有名詞
dawted	dawted	固有名詞
dawtet	dawtet	固有名詞
dawtie	dawtie	固有名詞
dawtit	dawtit	固有名詞
dawts	dawts	固有名詞
dawut	dawut	固有名詞
day	day	固有名詞
dayak	dayak	固有名詞
dayal	dayal	固有名詞
dayan	dayan	固有名詞
daybed	daybed	固有名詞
dayboy	dayboy	固有名詞
dayfly	dayfly	固有名詞
daying	daying	固有名詞
daylit	daylit	固有名詞
dayman	dayman	固有名詞
daymen	daymen	固有名詞
daynet	daynet	固有名詞
days	days	固有名詞
dayton	dayton	固有名詞
daza	daza	固有名詞
daze	daze	固有名詞
dazed	dazed	固有名詞
dazes	dazes	固有名詞
dazing	dazing	固有名詞
dazy	dazy	固有名詞
dazzle	dazzle	固有名詞
db	DB	固有名詞
dbl	dbl	固有名詞
dbms	dbms	固有名詞
dbrn	dbrn	固有名詞
dca	dca	固有名詞
dcb	dcb	固有名詞
dclass	dclass	固有名詞
dcor	dcor	固有名詞
ddname	ddname	固有名詞
ddt	ddt	固有名詞
dea	dea	固有名詞
deacon	deacon	固有名詞
dead	dead	固有名詞
deaden	deaden	固有名詞
deader	deader	固有名詞
deadly	deadly	固有名詞
deads	deads	固有名詞
deady	deady	固有名詞
deaf	deaf	固有名詞
deafen	deafen	固有名詞
deafer	deafer	固有名詞
deafly	deafly	固有名詞
deair	deair	固有名詞
deairs	deairs	固有名詞
deal	deal	固有名詞
dealer	dealer	固有名詞
deals	deals	固有名詞
dealt	dealt	固有名詞
dean	dean	固有名詞
deaned	deaned	固有名詞
deaner	deaner	固有名詞
deans	deans	固有名詞
dear	dear	固有名詞
deare	deare	固有名詞
dearer	dearer	固有名詞
dearie	dearie	固有名詞
dearly	dearly	固有名詞
dearn	dearn	固有名詞
dears	dears	固有名詞
dearth	dearth	固有名詞
deary	deary	固有名詞
deas	deas	固有名詞
deash	deash	固有名詞
deasil	deasil	固有名詞
death	death	固有名詞
deaths	deaths	固有名詞
deathy	deathy	固有名詞
deave	deave	固有名詞
deaved	deaved	固有名詞
deaves	deaves	固有名詞
deb	deb	固有名詞
debag	debag	固有名詞
debar	debar	固有名詞
debark	debark	固有名詞
debars	debars	固有名詞
debase	debase	固有名詞
debat	debat	固有名詞
debate	debate	固有名詞
debbie	debbie	固有名詞
debby	debby	固有名詞
debcle	debcle	固有名詞
debe	debe	固有名詞
debeak	debeak	固有名詞
debel	debel	固有名詞
debell	debell	固有名詞
deben	deben	固有名詞
debi	debi	固有名詞
debian	Debian	固有名詞
debile	debile	固有名詞
debind	debind	固有名詞
debit	debit	固有名詞
debite	debite	固有名詞
debits	debits	固有名詞
deblai	deblai	固有名詞
debone	debone	固有名詞
debord	debord	固有名詞
debosh	debosh	固有名詞
deboss	deboss	固有名詞
debout	debout	固有名詞
debris	debris	固有名詞
debs	debs	固有名詞
debt	debt	固有名詞
debted	debted	固有名詞
debtee	debtee	固有名詞
debtor	debtor	固有名詞
debts	debts	固有名詞
debug	debug	固有名詞
debugs	debugs	固有名詞
debunk	debunk	固有名詞
deburr	deburr	固有名詞
debus	debus	固有名詞
debut	debut	固有名詞
debuts	debuts	固有名詞
debye	debye	固有名詞
debyes	debyes	固有名詞
dec	dec	固有名詞
decad	decad	固有名詞
decade	decade	固有名詞
decadi	decadi	固有名詞
decal	decal	固有名詞
decals	decals	固有名詞
decamp	decamp	固有名詞
decan	decan	固有名詞
decane	decane	固有名詞
decani	decani	固有名詞
decant	decant	固有名詞
decap	decap	固有名詞
decard	decard	固有名詞
decare	decare	固有名詞
decart	decart	固有名詞
decast	decast	固有名詞
decate	decate	固有名詞
decay	decay	固有名詞
decays	decays	固有名詞
decd	decd	固有名詞
decede	decede	固有名詞
deceit	deceit	固有名詞
decem	decem	固有名詞
decene	decene	固有名詞
decent	decent	固有名詞
decern	decern	固有名詞
decerp	decerp	固有名詞
decess	decess	固有名詞
decian	decian	固有名詞
decide	decide	固有名詞
decil	decil	固有名詞
decile	decile	固有名詞
decima	decima	固有名詞
decime	decime	固有名詞
decine	decine	固有名詞
decise	decise	固有名詞
decius	decius	固有名詞
deck	deck	固有名詞
decke	decke	固有名詞
decked	decked	固有名詞
deckel	deckel	固有名詞
decken	decken	固有名詞
decker	decker	固有名詞
deckie	deckie	固有名詞
deckle	deckle	固有名詞
decks	decks	固有名詞
decl	decl	固有名詞
decnet	decnet	固有名詞
deco	deco	固有名詞
decoat	decoat	固有名詞
decoct	decoct	固有名詞
decode	decode	固有名詞
decoic	decoic	固有名詞
decoke	decoke	固有名詞
decoll	decoll	固有名詞
decor	decor	固有名詞
decore	decore	固有名詞
decors	decors	固有名詞
decoy	decoy	固有名詞
decoys	decoys	固有名詞
decree	decree	固有名詞
decrew	decrew	固有名詞
decry	decry	固有名詞
decurt	decurt	固有名詞
decury	decury	固有名詞
decus	decus	固有名詞
decuss	decuss	固有名詞
decyl	decyl	固有名詞
decyne	decyne	固有名詞
deda	deda	固有名詞
dedal	dedal	固有名詞
dedan	dedan	固有名詞
dedans	dedans	固有名詞
dedd	dedd	固有名詞
deddy	deddy	固有名詞
dedit	dedit	固有名詞
dedo	dedo	固有名詞
deduce	deduce	固有名詞
deduct	deduct	固有名詞
deduit	deduit	固有名詞
dee	dee	固有名詞
deed	deed	固有名詞
deeded	deeded	固有名詞
deeds	deeds	固有名詞
deedy	deedy	固有名詞
deejay	deejay	固有名詞
deek	deek	固有名詞
deem	deem	固有名詞
deemed	deemed	固有名詞
deemer	deemer	固有名詞
deemie	deemie	固有名詞
deems	deems	固有名詞
deener	deener	固有名詞
deeny	deeny	固有名詞
deep	deep	固有名詞
deepen	deepen	固有名詞
deeper	deeper	固有名詞
deeply	deeply	固有名詞
deeps	deeps	固有名詞
deer	deer	固有名詞
deers	deers	固有名詞
dees	dees	固有名詞
deeses	deeses	固有名詞
deesis	deesis	固有名詞
deess	deess	固有名詞
deevey	deevey	固有名詞
deewan	deewan	固有名詞
def	def	固有名詞
deface	deface	固有名詞
defade	defade	固有名詞
defail	defail	固有名詞
defalk	defalk	固有名詞
defame	defame	固有名詞
defamy	defamy	固有名詞
defang	defang	固有名詞
defat	defat	固有名詞
defats	defats	固有名詞
defeat	defeat	固有名詞
defect	defect	固有名詞
defeit	defeit	固有名詞
defend	defend	固有名詞
defer	defer	固有名詞
defers	defers	固有名詞
defet	defet	固有名詞
defi	defi	固有名詞
defial	defial	固有名詞
defied	defied	固有名詞
defier	defier	固有名詞
defies	defies	固有名詞
defile	defile	固有名詞
define	define	固有名詞
defis	defis	固有名詞
defix	defix	固有名詞
deflea	deflea	固有名詞
deflex	deflex	固有名詞
deflow	deflow	固有名詞
deflux	deflux	固有名詞
defoam	defoam	固有名詞
defog	defog	固有名詞
defogs	defogs	固有名詞
defoil	defoil	固有名詞
deform	deform	固有名詞
defoul	defoul	固有名詞
defray	defray	固有名詞
defs	defs	固有名詞
deft	deft	固有名詞
defter	defter	固有名詞
deftly	deftly	固有名詞
defuse	defuse	固有名詞
defuze	defuze	固有名詞
defy	defy	固有名詞
deg	deg	固有名詞
degage	degage	固有名詞
degame	degame	固有名詞
degami	degami	固有名詞
degas	degas	固有名詞
degass	degass	固有名詞
degerm	degerm	固有名詞
degged	degged	固有名詞
degger	degger	固有名詞
deglut	deglut	固有名詞
degold	degold	固有名詞
degras	degras	固有名詞
degree	degree	固有名詞
degu	degu	固有名詞
degum	degum	固有名詞
degums	degums	固有名詞
degust	degust	固有名詞
dehair	dehair	固有名詞
dehgan	dehgan	固有名詞
dehkan	dehkan	固有名詞
dehorn	dehorn	固有名詞
dehors	dehors	固有名詞
dehort	dehort	固有名詞
dehull	dehull	固有名詞
dehusk	dehusk	固有名詞
dehwar	dehwar	固有名詞
dei	dei	固有名詞
deia	deia	固有名詞
deice	deice	固有名詞
deiced	deiced	固有名詞
deicer	deicer	固有名詞
deices	deices	固有名詞
deific	deific	固有名詞
deify	deify	固有名詞
deign	deign	固有名詞
deigns	deigns	固有名詞
deil	deil	固有名詞
deils	deils	固有名詞
deimos	deimos	固有名詞
deink	deink	固有名詞
deino	deino	固有名詞
deinos	deinos	固有名詞
deirid	deirid	固有名詞
deis	deis	固有名詞
deisin	deisin	固有名詞
deism	deism	固有名詞
deisms	deisms	固有名詞
deist	deist	固有名詞
deists	deists	固有名詞
deity	deity	固有名詞
deixis	deixis	固有名詞
deja	deja	固有名詞
deject	deject	固有名詞
dekare	dekare	固有名詞
deke	deke	固有名詞
deked	deked	固有名詞
dekes	dekes	固有名詞
deking	deking	固有名詞
dekko	dekko	固有名詞
dekkos	dekkos	固有名詞
dekle	dekle	固有名詞
del	del	固有名詞
delace	delace	固有名詞
delate	delate	固有名詞
delaw	delaw	固有名詞
delawn	delawn	固有名詞
delay	delay	固有名詞
delays	delays	固有名詞
dele	dele	固有名詞
delead	delead	固有名詞
deled	deled	固有名詞
deles	deles	固有名詞
delete	delete	固有名詞
delf	delf	固有名詞
delfs	delfs	固有名詞
delft	delft	固有名詞
delfts	delfts	固有名詞
delhi	delhi	固有名詞
deli	deli	固有名詞
delia	delia	固有名詞
delian	delian	固有名詞
delice	delice	固有名詞
delict	delict	固有名詞
delies	delies	固有名詞
delim	delim	固有名詞
delime	delime	固有名詞
deline	deline	固有名詞
delint	delint	固有名詞
delire	delire	固有名詞
delis	delis	固有名詞
delisk	delisk	固有名詞
delist	delist	固有名詞
delit	delit	固有名詞
dell	dell	固有名詞
della	della	固有名詞
dells	dells	固有名詞
delly	delly	固有名詞
deloo	deloo	固有名詞
deloul	deloul	固有名詞
delph	delph	固有名詞
dels	dels	固有名詞
delta	delta	固有名詞
deltal	deltal	固有名詞
deltas	deltas	固有名詞
deltic	deltic	固有名詞
deluce	deluce	固有名詞
delude	delude	固有名詞
deluge	deluge	固有名詞
deluxe	deluxe	固有名詞
delve	delve	固有名詞
delved	delved	固有名詞
delver	delver	固有名詞
delves	delves	固有名詞
dely	dely	固有名詞
dem	dem	固有名詞
demain	demain	固有名詞
demal	demal	固有名詞
demand	demand	固有名詞
demark	demark	固有名詞
demast	demast	固有名詞
deme	deme	固有名詞
demean	demean	固有名詞
demele	demele	固有名詞
dement	dement	固有名詞
demes	demes	固有名詞
demi	demi	固有名詞
demies	demies	固有名詞
demiox	demiox	固有名詞
demise	demise	固有名詞
demiss	demiss	固有名詞
demist	demist	固有名詞
demit	demit	固有名詞
demits	demits	固有名詞
demo	demo	固有名詞
demob	demob	固有名詞
demobs	demobs	固有名詞
demode	demode	固有名詞
demoid	demoid	固有名詞
demon	demon	固有名詞
demons	demons	固有名詞
demos	demos	固有名詞
demot	demot	固有名詞
demote	demote	固有名詞
demove	demove	固有名詞
dempne	dempne	固有名詞
demur	demur	固有名詞
demure	demure	固有名詞
demurs	demurs	固有名詞
demy	demy	固有名詞
den	den	固有名詞
dename	dename	固有名詞
denar	denar	固有名詞
denari	denari	固有名詞
denaro	denaro	固有名詞
denary	denary	固有名詞
denat	denat	固有名詞
denay	denay	固有名詞
denda	denda	固有名詞
dendra	dendra	固有名詞
dene	dene	固有名詞
deneb	deneb	固有名詞
denes	denes	固有名詞
dengue	dengue	固有名詞
denial	denial	固有名詞
denied	denied	固有名詞
denier	denier	固有名詞
denies	denies	固有名詞
denim	denim	固有名詞
denims	denims	固有名詞
denis	denis	固有名詞
denize	denize	固有名詞
denned	denned	固有名詞
dennet	dennet	固有名詞
dennis	dennis	固有名詞
deno	Deno	固有名詞
denom	denom	固有名詞
denote	denote	固有名詞
dens	dens	固有名詞
dense	dense	固有名詞
densen	densen	固有名詞
denser	denser	固有名詞
densus	densus	固有名詞
dent	dent	固有名詞
dental	dental	固有名詞
dented	dented	固有名詞
dentel	dentel	固有名詞
denter	denter	固有名詞
dentes	dentes	固有名詞
dentex	dentex	固有名詞
dentil	dentil	固有名詞
dentin	dentin	固有名詞
dents	dents	固有名詞
denty	denty	固有名詞
denude	denude	固有名詞
denver	denver	固有名詞
deny	deny	固有名詞
denyer	denyer	固有名詞
deodar	deodar	固有名詞
deota	deota	固有名詞
dep	dep	固有名詞
depa	depa	固有名詞
depair	depair	固有名詞
depark	depark	固有名詞
depart	depart	固有名詞
depas	depas	固有名詞
depass	depass	固有名詞
depe	depe	固有名詞
depel	depel	固有名詞
depend	depend	固有名詞
deperm	deperm	固有名詞
depict	depict	固有名詞
depit	depit	固有名詞
deploy	deploy	固有名詞
depoh	depoh	固有名詞
depone	depone	固有名詞
deport	deport	固有名詞
depose	depose	固有名詞
depot	depot	固有名詞
depots	depots	固有名詞
depr	depr	固有名詞
depsid	depsid	固有名詞
dept	dept	固有名詞
depth	depth	固有名詞
depths	depths	固有名詞
depure	depure	固有名詞
depute	depute	固有名詞
deputy	deputy	固有名詞
der	der	固有名詞
derah	derah	固有名詞
derail	derail	固有名詞
derat	derat	固有名詞
derate	derate	固有名詞
derats	derats	固有名詞
deray	deray	固有名詞
derays	derays	固有名詞
derby	derby	固有名詞
dere	dere	固有名詞
derek	derek	固有名詞
derere	derere	固有名詞
derf	derf	固有名詞
derfly	derfly	固有名詞
derham	derham	固有名詞
deric	deric	固有名詞
deride	deride	固有名詞
deriv	deriv	固有名詞
derive	derive	固有名詞
derk	derk	固有名詞
derm	derm	固有名詞
derma	derma	固有名詞
dermad	dermad	固有名詞
dermal	dermal	固有名詞
dermas	dermas	固有名詞
dermic	dermic	固有名詞
dermis	dermis	固有名詞
dermol	dermol	固有名詞
derms	derms	固有名詞
dern	dern	固有名詞
derned	derned	固有名詞
derner	derner	固有名詞
dernly	dernly	固有名詞
dero	dero	固有名詞
derobe	derobe	固有名詞
derog	derog	固有名詞
derout	derout	固有名詞
derri	derri	固有名詞
derrid	derrid	固有名詞
derris	derris	固有名詞
derry	derry	固有名詞
derth	derth	固有名詞
dertra	dertra	固有名詞
derust	derust	固有名詞
derv	derv	固有名詞
derve	derve	固有名詞
des	des	固有名詞
desalt	desalt	固有名詞
desand	desand	固有名詞
desc	desc	固有名詞
descry	descry	固有名詞
deseam	deseam	固有名詞
deseed	deseed	固有名詞
desert	desert	固有名詞
desex	desex	固有名詞
desi	desi	固有名詞
design	design	固有名詞
desilt	desilt	固有名詞
desire	desire	固有名詞
desist	desist	固有名詞
desize	desize	固有名詞
desk	desk	固有名詞
desks	desks	固有名詞
desma	desma	固有名詞
desman	desman	固有名詞
desmic	desmic	固有名詞
desmid	desmid	固有名詞
desmon	desmon	固有名詞
desole	desole	固有名詞
desorb	desorb	固有名詞
despin	despin	固有名詞
despot	despot	固有名詞
desray	desray	固有名詞
dess	dess	固有名詞
dessa	dessa	固有名詞
dessil	dessil	固有名詞
dessus	dessus	固有名詞
destin	destin	固有名詞
desto	desto	固有名詞
destry	destry	固有名詞
desume	desume	固有名詞
desyl	desyl	固有名詞
det	det	固有名詞
detach	detach	固有名詞
detail	detail	固有名詞
detain	detain	固有名詞
detant	detant	固有名詞
detar	detar	固有名詞
detat	detat	固有名詞
detax	detax	固有名詞
detd	detd	固有名詞
detect	detect	固有名詞
detent	detent	固有名詞
detenu	detenu	固有名詞
deter	deter	固有名詞
determ	determ	固有名詞
deters	deters	固有名詞
detest	detest	固有名詞
deti	deti	固有名詞
detick	detick	固有名詞
detin	detin	固有名詞
detn	detn	固有名詞
detort	detort	固有名詞
detour	detour	固有名詞
detray	detray	固有名詞
dette	dette	固有名詞
detune	detune	固有名詞
detur	detur	固有名詞
deturb	deturb	固有名詞
deturn	deturn	固有名詞
deuce	deuce	固有名詞
deuced	deuced	固有名詞
deuces	deuces	固有名詞
deul	deul	固有名詞
deunam	deunam	固有名詞
deus	deus	固有名詞
deusan	deusan	固有名詞
deuton	deuton	固有名詞
deux	deux	固有名詞
deuzan	deuzan	固有名詞
dev	dev	固有名詞
deva	deva	固有名詞
deval	deval	固有名詞
devall	devall	固有名詞
devant	devant	固有名詞
devas	devas	固有名詞
devast	devast	固有名詞
devata	devata	固有名詞
devaul	devaul	固有名詞
deve	deve	固有名詞
devein	devein	固有名詞
devel	devel	固有名詞
devels	devels	固有名詞
devest	devest	固有名詞
devex	devex	固有名詞
devi	devi	固有名詞
device	device	固有名詞
devide	devide	固有名詞
devil	devil	固有名詞
devils	devils	固有名詞
devily	devily	固有名詞
devise	devise	固有名詞
devoid	devoid	固有名詞
devoir	devoir	固有名詞
devon	devon	固有名詞
devons	devons	固有名詞
devot	devot	固有名詞
devota	devota	固有名詞
devote	devote	固有名詞
devoto	devoto	固有名詞
devour	devour	固有名詞
devout	devout	固有名詞
devove	devove	固有名詞
devow	devow	固有名詞
devs	devs	固有名詞
devvel	devvel	固有名詞
dew	dew	固有名詞
dewal	dewal	固有名詞
dewan	dewan	固有名詞
dewani	dewani	固有名詞
dewans	dewans	固有名詞
dewar	dewar	固有名詞
dewata	dewata	固有名詞
dewax	dewax	固有名詞
dewcap	dewcap	固有名詞
dewcup	dewcup	固有名詞
dewed	dewed	固有名詞
dewer	dewer	固有名詞
dewey	dewey	固有名詞
dewier	dewier	固有名詞
dewily	dewily	固有名詞
dewing	dewing	固有名詞
dewitt	dewitt	固有名詞
dewlap	dewlap	固有名詞
dewool	dewool	固有名詞
deworm	deworm	固有名詞
dewret	dewret	固有名詞
dewrot	dewrot	固有名詞
dews	dews	固有名詞
dewtry	dewtry	固有名詞
dewy	dewy	固有名詞
dex	dex	固有名詞
dexes	dexes	固有名詞
dexies	dexies	固有名詞
dexter	dexter	固有名詞
dextro	dextro	固有名詞
dey	dey	固有名詞
deynt	deynt	固有名詞
deys	deys	固有名詞
dezinc	dezinc	固有名詞
dfault	dfault	固有名詞
dft	dft	固有名詞
dgag	dgag	固有名詞
dha	dha	固有名詞
dhabb	dhabb	固有名詞
dhai	dhai	固有名詞
dhak	dhak	固有名詞
dhaks	dhaks	固有名詞
dhal	dhal	固有名詞
dhaman	dhaman	固有名詞
dhamma	dhamma	固有名詞
dhan	dhan	固有名詞
dhanuk	dhanuk	固有名詞
dharma	dharma	固有名詞
dharna	dharna	固有名詞
dhaura	dhaura	固有名詞
dhauri	dhauri	固有名詞
dhava	dhava	固有名詞
dhaw	dhaw	固有名詞
dheneb	dheneb	固有名詞
dheri	dheri	固有名詞
dhikr	dhikr	固有名詞
dhikrs	dhikrs	固有名詞
dhobee	dhobee	固有名詞
dhobey	dhobey	固有名詞
dhobi	dhobi	固有名詞
dhobie	dhobie	固有名詞
dhobis	dhobis	固有名詞
dhoby	dhoby	固有名詞
dhole	dhole	固有名詞
dholes	dholes	固有名詞
dhoney	dhoney	固有名詞
dhoni	dhoni	固有名詞
dhooly	dhooly	固有名詞
dhoon	dhoon	固有名詞
dhoora	dhoora	固有名詞
dhooti	dhooti	固有名詞
dhotee	dhotee	固有名詞
dhoti	dhoti	固有名詞
dhotis	dhotis	固有名詞
dhoty	dhoty	固有名詞
dhoul	dhoul	固有名詞
dhow	dhow	固有名詞
dhows	dhows	固有名詞
dhu	dhu	固有名詞
dhurna	dhurna	固有名詞
dhurra	dhurra	固有名詞
dhurry	dhurry	固有名詞
dhuti	dhuti	固有名詞
dhutis	dhutis	固有名詞
dhyal	dhyal	固有名詞
dhyana	dhyana	固有名詞
dia	dia	固有名詞
diable	diable	固有名詞
diablo	diablo	固有名詞
diacid	diacid	固有名詞
diacle	diacle	固有名詞
diact	diact	固有名詞
diadem	diadem	固有名詞
diadic	diadic	固有名詞
diaene	diaene	固有名詞
diag	diag	固有名詞
diaka	diaka	固有名詞
dial	dial	固有名詞
dialed	dialed	固有名詞
dialer	dialer	固有名詞
dialin	dialin	固有名詞
dialog	dialog	固有名詞
dials	dials	固有名詞
dialup	dialup	固有名詞
diam	diam	固有名詞
diamat	diamat	固有名詞
diamb	diamb	固有名詞
diamin	diamin	固有名詞
diamyl	diamyl	固有名詞
dian	dian	固有名詞
diana	diana	固有名詞
diane	diane	固有名詞
dianil	dianil	固有名詞
diaper	diaper	固有名詞
diapir	diapir	固有名詞
diarch	diarch	固有名詞
diary	diary	固有名詞
dias	dias	固有名詞
diatom	diatom	固有名詞
diau	diau	固有名詞
diauli	diauli	固有名詞
diaxon	diaxon	固有名詞
diazid	diazid	固有名詞
diazin	diazin	固有名詞
diazo	diazo	固有名詞
dib	dib	固有名詞
dibase	dibase	固有名詞
dibbed	dibbed	固有名詞
dibber	dibber	固有名詞
dibble	dibble	固有名詞
dibbuk	dibbuk	固有名詞
dibrom	dibrom	固有名詞
dibs	dibs	固有名詞
dicast	dicast	固有名詞
diccon	diccon	固有名詞
dice	dice	固有名詞
diced	diced	固有名詞
dicer	dicer	固有名詞
dicers	dicers	固有名詞
dices	dices	固有名詞
dicey	dicey	固有名詞
dich	dich	固有名詞
dichas	dichas	固有名詞
dicht	dicht	固有名詞
dicier	dicier	固有名詞
dicing	dicing	固有名詞
dick	dick	固有名詞
dicker	dicker	固有名詞
dickey	dickey	固有名詞
dickie	dickie	固有名詞
dicks	dicks	固有名詞
dickty	dickty	固有名詞
dicky	dicky	固有名詞
dicot	dicot	固有名詞
dicots	dicots	固有名詞
dict	dict	固有名詞
dicta	dicta	固有名詞
dictic	dictic	固有名詞
dictum	dictum	固有名詞
dicty	dicty	固有名詞
dicyan	dicyan	固有名詞
did	did	固有名詞
didact	didact	固有名詞
didal	didal	固有名詞
didder	didder	固有名詞
diddle	diddle	固有名詞
diddy	diddy	固有名詞
didest	didest	固有名詞
didie	didie	固有名詞
didies	didies	固有名詞
didine	didine	固有名詞
didle	didle	固有名詞
didler	didler	固有名詞
didn	didn	固有名詞
didna	didna	固有名詞
didnt	didnt	固有名詞
dido	dido	固有名詞
didoes	didoes	固有名詞
didos	didos	固有名詞
didric	didric	固有名詞
didst	didst	固有名詞
diduce	diduce	固有名詞
didus	didus	固有名詞
didy	didy	固有名詞
didym	didym	固有名詞
die	die	固有名詞
dieb	dieb	固有名詞
died	died	固有名詞
diego	diego	固有名詞
dieing	dieing	固有名詞
diel	diel	固有名詞
dielec	dielec	固有名詞
diem	diem	固有名詞
diene	diene	固有名詞
diener	diener	固有名詞
dienes	dienes	固有名詞
dier	dier	固有名詞
dieri	dieri	固有名詞
dies	dies	固有名詞
diesel	diesel	固有名詞
dieses	dieses	固有名詞
diesis	diesis	固有名詞
diet	diet	固有名詞
dietal	dietal	固有名詞
dieted	dieted	固有名詞
dieter	dieter	固有名詞
dietic	dietic	固有名詞
diets	diets	固有名詞
diety	diety	固有名詞
dif	dif	固有名詞
difda	difda	固有名詞
diff	diff	固有名詞
differ	differ	固有名詞
dig	dig	固有名詞
digamy	digamy	固有名詞
digeny	digeny	固有名詞
digest	digest	固有名詞
digged	digged	固有名詞
digger	digger	固有名詞
dight	dight	固有名詞
dights	dights	固有名詞
digit	digit	固有名詞
digits	digits	固有名詞
diglot	diglot	固有名詞
digne	digne	固有名詞
digor	digor	固有名詞
digram	digram	固有名詞
digs	digs	固有名詞
digue	digue	固有名詞
dihalo	dihalo	固有名詞
dihely	dihely	固有名詞
diiamb	diiamb	固有名詞
diiodo	diiodo	固有名詞
dika	dika	固有名詞
dikage	dikage	固有名詞
dikast	dikast	固有名詞
dikdik	dikdik	固有名詞
dike	dike	固有名詞
diked	diked	固有名詞
diker	diker	固有名詞
dikers	dikers	固有名詞
dikes	dikes	固有名詞
diketo	diketo	固有名詞
diking	diking	固有名詞
dikkop	dikkop	固有名詞
diksha	diksha	固有名詞
diktat	diktat	固有名詞
dil	dil	固有名詞
dilate	dilate	固有名詞
dildo	dildo	固有名詞
dildoe	dildoe	固有名詞
dildos	dildos	固有名詞
dilemi	dilemi	固有名詞
dilis	dilis	固有名詞
dilker	dilker	固有名詞
dill	dill	固有名詞
dilli	dilli	固有名詞
dillis	dillis	固有名詞
dills	dills	固有名詞
dillue	dillue	固有名詞
dilly	dilly	固有名詞
dilo	dilo	固有名詞
dilogy	dilogy	固有名詞
dilos	dilos	固有名詞
dilute	dilute	固有名詞
diluvy	diluvy	固有名詞
dim	dim	固有名詞
dimane	dimane	固有名詞
dimber	dimber	固有名詞
dimble	dimble	固有名詞
dime	dime	固有名詞
dimer	dimer	固有名詞
dimera	dimera	固有名詞
dimers	dimers	固有名詞
dimes	dimes	固有名詞
dimin	dimin	固有名詞
dimiss	dimiss	固有名詞
dimit	dimit	固有名詞
dimity	dimity	固有名詞
dimly	dimly	固有名詞
dimmed	dimmed	固有名詞
dimmer	dimmer	固有名詞
dimmet	dimmet	固有名詞
dimmit	dimmit	固有名詞
dimmy	dimmy	固有名詞
dimna	dimna	固有名詞
dimout	dimout	固有名詞
dimple	dimple	固有名詞
dimply	dimply	固有名詞
dimps	dimps	固有名詞
dimpsy	dimpsy	固有名詞
dims	dims	固有名詞
dimwit	dimwit	固有名詞
din	din	固有名詞
dinah	dinah	固有名詞
dinar	dinar	固有名詞
dinars	dinars	固有名詞
dinder	dinder	固有名詞
dindle	dindle	固有名詞
dindon	dindon	固有名詞
dine	dine	固有名詞
dined	dined	固有名詞
diner	diner	固有名詞
dinero	dinero	固有名詞
diners	diners	固有名詞
dines	dines	固有名詞
ding	ding	固有名詞
dingar	dingar	固有名詞
dinge	dinge	固有名詞
dinged	dinged	固有名詞
dingee	dingee	固有名詞
dinger	dinger	固有名詞
dingey	dingey	固有名詞
dinghy	dinghy	固有名詞
dingle	dingle	固有名詞
dingly	dingly	固有名詞
dingo	dingo	固有名詞
dings	dings	固有名詞
dingus	dingus	固有名詞
dingy	dingy	固有名詞
dinic	dinic	固有名詞
dining	dining	固有名詞
dink	dink	固有名詞
dinka	dinka	固有名詞
dinked	dinked	固有名詞
dinkey	dinkey	固有名詞
dinkly	dinkly	固有名詞
dinks	dinks	固有名詞
dinkum	dinkum	固有名詞
dinky	dinky	固有名詞
dinman	dinman	固有名詞
dinned	dinned	固有名詞
dinner	dinner	固有名詞
dino	dino	固有名詞
dinos	dinos	固有名詞
dins	dins	固有名詞
dint	dint	固有名詞
dinted	dinted	固有名詞
dints	dints	固有名詞
dinus	dinus	固有名詞
diobol	diobol	固有名詞
dioc	dioc	固有名詞
diode	diode	固有名詞
diodes	diodes	固有名詞
diodia	diodia	固有名詞
diodon	diodon	固有名詞
dioecy	dioecy	固有名詞
diol	diol	固有名詞
diols	diols	固有名詞
dion	dion	固有名詞
dione	dione	固有名詞
dionym	dionym	固有名詞
dioon	dioon	固有名詞
diose	diose	固有名詞
diosma	diosma	固有名詞
diota	diota	固有名詞
dioti	dioti	固有名詞
diotic	diotic	固有名詞
dioxan	dioxan	固有名詞
dioxid	dioxid	固有名詞
dioxin	dioxin	固有名詞
dioxy	dioxy	固有名詞
dip	dip	固有名詞
dipala	dipala	固有名詞
dipl	dipl	固有名詞
diple	diple	固有名詞
diplex	diplex	固有名詞
diploe	diploe	固有名詞
dipnoi	dipnoi	固有名詞
dipode	dipode	固有名詞
dipody	dipody	固有名詞
dipole	dipole	固有名詞
dipped	dipped	固有名詞
dipper	dipper	固有名詞
dipppy	dipppy	固有名詞
dippy	dippy	固有名詞
dips	dips	固有名詞
dipsas	dipsas	固有名詞
dipsey	dipsey	固有名詞
dipsie	dipsie	固有名詞
dipso	dipso	固有名詞
dipsos	dipsos	固有名詞
dipsy	dipsy	固有名詞
dipt	dipt	固有名詞
dipter	dipter	固有名詞
dipus	dipus	固有名詞
dipygi	dipygi	固有名詞
dipyre	dipyre	固有名詞
diquat	diquat	固有名詞
dir	dir	固有名詞
dirca	dirca	固有名詞
dird	dird	固有名詞
dirdum	dirdum	固有名詞
dire	dire	固有名詞
direct	direct	固有名詞
direly	direly	固有名詞
direr	direr	固有名詞
direst	direst	固有名詞
direx	direx	固有名詞
dirge	dirge	固有名詞
dirged	dirged	固有名詞
dirges	dirges	固有名詞
dirgie	dirgie	固有名詞
dirgy	dirgy	固有名詞
dirham	dirham	固有名詞
dirhem	dirhem	固有名詞
dirian	dirian	固有名詞
dirige	dirige	固有名詞
dirigo	dirigo	固有名詞
dirity	dirity	固有名詞
dirk	dirk	固有名詞
dirked	dirked	固有名詞
dirks	dirks	固有名詞
dirl	dirl	固有名詞
dirled	dirled	固有名詞
dirls	dirls	固有名詞
dirndl	dirndl	固有名詞
dirt	dirt	固有名詞
dirten	dirten	固有名詞
dirts	dirts	固有名詞
dirty	dirty	固有名詞
dis	dis	固有名詞
disa	disa	固有名詞
disard	disard	固有名詞
disarm	disarm	固有名詞
disawa	disawa	固有名詞
disazo	disazo	固有名詞
disbar	disbar	固有名詞
disbud	disbud	固有名詞
disc	disc	固有名詞
discal	discal	固有名詞
disced	disced	固有名詞
disci	disci	固有名詞
disco	disco	固有名詞
discord	Discord	固有名詞
discos	discos	固有名詞
discs	discs	固有名詞
discus	discus	固有名詞
disdar	disdar	固有名詞
disdub	disdub	固有名詞
diseme	diseme	固有名詞
disert	disert	固有名詞
diseur	diseur	固有名詞
disfen	disfen	固有名詞
disgig	disgig	固有名詞
dish	dish	固有名詞
dished	dished	固有名詞
disher	disher	固有名詞
dishes	dishes	固有名詞
dishy	dishy	固有名詞
disk	disk	固有名詞
disked	disked	固有名詞
disker	disker	固有名詞
diskos	diskos	固有名詞
disks	disks	固有名詞
disli	disli	固有名詞
dislip	dislip	固有名詞
dismal	dismal	固有名詞
disman	disman	固有名詞
dismaw	dismaw	固有名詞
dismay	dismay	固有名詞
disme	disme	固有名詞
dismes	dismes	固有名詞
dismit	dismit	固有名詞
disna	disna	固有名詞
disnew	disnew	固有名詞
disney	disney	固有名詞
disorb	disorb	固有名詞
disour	disour	固有名詞
disown	disown	固有名詞
disp	disp	固有名詞
dispar	dispar	固有名詞
dispel	dispel	固有名詞
disple	disple	固有名詞
disray	disray	固有名詞
diss	diss	固有名詞
dissue	dissue	固有名詞
dist	dist	固有名詞
distad	distad	固有名詞
distal	distal	固有名詞
dister	dister	固有名詞
distil	distil	固有名詞
distn	distn	固有名詞
distr	distr	固有名詞
disty	disty	固有名詞
disuse	disuse	固有名詞
diswit	diswit	固有名詞
dit	dit	固有名詞
dita	dita	固有名詞
dital	dital	固有名詞
ditali	ditali	固有名詞
ditas	ditas	固有名詞
ditch	ditch	固有名詞
dite	dite	固有名詞
diter	diter	固有名詞
dites	dites	固有名詞
dither	dither	固有名詞
diting	diting	固有名詞
dition	dition	固有名詞
ditone	ditone	固有名詞
dits	dits	固有名詞
ditt	ditt	固有名詞
dittay	dittay	固有名詞
ditted	ditted	固有名詞
ditto	ditto	固有名詞
ditton	ditton	固有名詞
dittos	dittos	固有名詞
ditty	ditty	固有名詞
diurn	diurn	固有名詞
diurna	diurna	固有名詞
diurne	diurne	固有名詞
diuron	diuron	固有名詞
div	div	固有名詞
diva	diva	固有名詞
divan	divan	固有名詞
divans	divans	固有名詞
divas	divas	固有名詞
divast	divast	固有名詞
divata	divata	固有名詞
dive	dive	固有名詞
dived	dived	固有名詞
divel	divel	固有名詞
divell	divell	固有名詞
diver	diver	固有名詞
diverb	diverb	固有名詞
divers	divers	固有名詞
divert	divert	固有名詞
dives	dives	固有名詞
divest	divest	固有名詞
divet	divet	固有名詞
divi	divi	固有名詞
divia	divia	固有名詞
divid	divid	固有名詞
divide	divide	固有名詞
divine	divine	固有名詞
diving	diving	固有名詞
divisa	divisa	固有名詞
divise	divise	固有名詞
divisi	divisi	固有名詞
divort	divort	固有名詞
divot	divot	固有名詞
divoto	divoto	固有名詞
divots	divots	固有名詞
divus	divus	固有名詞
divvy	divvy	固有名詞
diwan	diwan	固有名詞
diwani	diwani	固有名詞
diwans	diwans	固有名詞
diwata	diwata	固有名詞
dix	dix	固有名詞
dixain	dixain	固有名詞
dixie	dixie	固有名詞
dixies	dixies	固有名詞
dixit	dixit	固有名詞
dixits	dixits	固有名詞
dixy	dixy	固有名詞
dizain	dizain	固有名詞
dizdar	dizdar	固有名詞
dizen	dizen	固有名詞
dizens	dizens	固有名詞
dizoic	dizoic	固有名詞
dizz	dizz	固有名詞
dizzen	dizzen	固有名詞
dizzy	dizzy	固有名詞
django	Django	固有名詞
djave	djave	固有名詞
djebel	djebel	固有名詞
djehad	djehad	固有名詞
djelab	djelab	固有名詞
djelfa	djelfa	固有名詞
djerib	djerib	固有名詞
djersa	djersa	固有名詞
djin	djin	固有名詞
djinn	djinn	固有名詞
djinni	djinni	固有名詞
djinns	djinns	固有名詞
djinny	djinny	固有名詞
djins	djins	固有名詞
djuka	djuka	固有名詞
dkg	dkg	固有名詞
dkl	dkl	固有名詞
dkm	dkm	固有名詞
dks	dks	固有名詞
dlr	dlr	固有名詞
dlvy	dlvy	固有名詞
dmod	dmod	固有名詞
dns	DNS	固有名詞
doa	doa	固有名詞
doab	doab	固有名詞
doable	doable	固有名詞
doand	doand	固有名詞
doat	doat	固有名詞
doated	doated	固有名詞
doater	doater	固有名詞
doats	doats	固有名詞
doaty	doaty	固有名詞
dob	dob	固有名詞
dobbed	dobbed	固有名詞
dobber	dobber	固有名詞
dobbie	dobbie	固有名詞
dobbin	dobbin	固有名詞
dobby	dobby	固有名詞
dobe	dobe	固有名詞
dobie	dobie	固有名詞
dobies	dobies	固有名詞
dobl	dobl	固有名詞
dobla	dobla	固有名詞
doblas	doblas	固有名詞
doblon	doblon	固有名詞
dobos	dobos	固有名詞
dobra	dobra	固有名詞
dobrao	dobrao	固有名詞
dobras	dobras	固有名詞
dobson	dobson	固有名詞
dobule	dobule	固有名詞
doby	doby	固有名詞
doc	doc	固有名詞
docent	docent	固有名詞
docile	docile	固有名詞
docity	docity	固有名詞
dock	dock	固有名詞
docked	docked	固有名詞
docken	docken	固有名詞
docker	Docker	固有名詞
dockerhub	DockerHub	固有名詞
docket	docket	固有名詞
docks	docks	固有名詞
docmac	docmac	固有名詞
docs	docs	固有名詞
doctor	doctor	固有名詞
doctus	doctus	固有名詞
dod	dod	固有名詞
dodd	dodd	固有名詞
dodded	dodded	固有名詞
dodder	dodder	固有名詞
doddie	doddie	固有名詞
doddle	doddle	固有名詞
doddy	doddy	固有名詞
dode	dode	固有名詞
dodge	dodge	固有名詞
dodged	dodged	固有名詞
dodger	dodger	固有名詞
dodges	dodges	固有名詞
dodgy	dodgy	固有名詞
dodkin	dodkin	固有名詞
dodlet	dodlet	固有名詞
dodman	dodman	固有名詞
dodo	dodo	固有名詞
dodoes	dodoes	固有名詞
dodoma	dodoma	固有名詞
dodona	dodona	固有名詞
dodos	dodos	固有名詞
dods	dods	固有名詞
dodunk	dodunk	固有名詞
doe	doe	固有名詞
doeg	doeg	固有名詞
doek	doek	固有名詞
doer	doer	固有名詞
doers	doers	固有名詞
does	does	固有名詞
doesn	doesn	固有名詞
doesnt	doesnt	固有名詞
doest	doest	固有名詞
doeth	doeth	固有名詞
doff	doff	固有名詞
doffed	doffed	固有名詞
doffer	doffer	固有名詞
doffs	doffs	固有名詞
dog	dog	固有名詞
dogal	dogal	固有名詞
dogana	dogana	固有名詞
dogate	dogate	固有名詞
dogdom	dogdom	固有名詞
doge	doge	固有名詞
dogear	dogear	固有名詞
doges	doges	固有名詞
dogey	dogey	固有名詞
dogeys	dogeys	固有名詞
dogged	dogged	固有名詞
dogger	dogger	固有名詞
dogget	dogget	固有名詞
doggie	doggie	固有名詞
doggle	doggle	固有名詞
doggo	doggo	固有名詞
doggy	doggy	固有名詞
dogie	dogie	固有名詞
dogies	dogies	固有名詞
dogleg	dogleg	固有名詞
dogly	dogly	固有名詞
dogma	dogma	固有名詞
dogman	dogman	固有名詞
dogmas	dogmas	固有名詞
dogmen	dogmen	固有名詞
dognap	dognap	固有名詞
dogra	dogra	固有名詞
dogrib	dogrib	固有名詞
dogs	dogs	固有名詞
dogtie	dogtie	固有名詞
dogy	dogy	固有名詞
doh	doh	固有名詞
dohter	dohter	固有名詞
doigt	doigt	固有名詞
doigte	doigte	固有名詞
doiled	doiled	固有名詞
doily	doily	固有名詞
doina	doina	固有名詞
doing	doing	固有名詞
doings	doings	固有名詞
doit	doit	固有名詞
doited	doited	固有名詞
doits	doits	固有名詞
dojo	dojo	固有名詞
dojos	dojos	固有名詞
doke	doke	固有名詞
dokhma	dokhma	固有名詞
doko	doko	固有名詞
dol	dol	固有名詞
dola	dola	固有名詞
dolcan	dolcan	固有名詞
dolce	dolce	固有名詞
dolci	dolci	固有名詞
dole	dole	固有名詞
doled	doled	固有名詞
dolent	dolent	固有名詞
doles	doles	固有名詞
doless	doless	固有名詞
doley	doley	固有名詞
dolf	dolf	固有名詞
doli	doli	固有名詞
dolia	dolia	固有名詞
dolina	dolina	固有名詞
doline	doline	固有名詞
doling	doling	固有名詞
dolite	dolite	固有名詞
dolium	dolium	固有名詞
doll	doll	固有名詞
dollar	dollar	固有名詞
dolled	dolled	固有名詞
dolley	dolley	固有名詞
dollia	dollia	固有名詞
dollie	dollie	固有名詞
dollin	dollin	固有名詞
dollop	dollop	固有名詞
dolls	dolls	固有名詞
dolly	dolly	固有名詞
dolman	dolman	固有名詞
dolmas	dolmas	固有名詞
dolmen	dolmen	固有名詞
dolor	dolor	固有名詞
dolors	dolors	固有名詞
dolos	dolos	固有名詞
dolose	dolose	固有名詞
dolour	dolour	固有名詞
dolous	dolous	固有名詞
dolph	dolph	固有名詞
dols	dols	固有名詞
dolt	dolt	固有名詞
dolts	dolts	固有名詞
dolus	dolus	固有名詞
dolven	dolven	固有名詞
dom	dom	固有名詞
domage	domage	固有名詞
domain	domain	固有名詞
domal	domal	固有名詞
domba	domba	固有名詞
domboc	domboc	固有名詞
dome	dome	固有名詞
domed	domed	固有名詞
doment	doment	固有名詞
domer	domer	固有名詞
domes	domes	固有名詞
domett	domett	固有名詞
domic	domic	固有名詞
domify	domify	固有名詞
domina	domina	固有名詞
domine	domine	固有名詞
doming	doming	固有名詞
domini	domini	固有名詞
domino	domino	固有名詞
domite	domite	固有名詞
domn	domn	固有名詞
domnei	domnei	固有名詞
domoid	domoid	固有名詞
dompt	dompt	固有名詞
doms	doms	固有名詞
domus	domus	固有名詞
domy	domy	固有名詞
don	don	固有名詞
dona	dona	固有名詞
donack	donack	固有名詞
donal	donal	固有名詞
donald	donald	固有名詞
donar	donar	固有名詞
donary	donary	固有名詞
donas	donas	固有名詞
donat	donat	固有名詞
donate	donate	固有名詞
donax	donax	固有名詞
doncy	doncy	固有名詞
dondia	dondia	固有名詞
done	done	固有名詞
donec	donec	固有名詞
donee	donee	固有名詞
donees	donees	固有名詞
donet	donet	固有名詞
doney	doney	固有名詞
dong	dong	固有名詞
donga	donga	固有名詞
dongon	dongon	固有名詞
dongs	dongs	固有名詞
doni	doni	固有名詞
donia	donia	固有名詞
donis	donis	固有名詞
donjon	donjon	固有名詞
donk	donk	固有名詞
donkey	donkey	固有名詞
donmeh	donmeh	固有名詞
donn	donn	固有名詞
donna	donna	固有名詞
donnas	donnas	固有名詞
donne	donne	固有名詞
donned	donned	固有名詞
donnee	donnee	固有名詞
donnie	donnie	固有名詞
donnot	donnot	固有名詞
donny	donny	固有名詞
donor	donor	固有名詞
donors	donors	固有名詞
dons	dons	固有名詞
donsie	donsie	固有名詞
donsky	donsky	固有名詞
donsy	donsy	固有名詞
dont	dont	固有名詞
donum	donum	固有名詞
donut	donut	固有名詞
donuts	donuts	固有名詞
donzel	donzel	固有名詞
doo	doo	固有名詞
doob	doob	固有名詞
doocot	doocot	固有名詞
doodab	doodab	固有名詞
doodad	doodad	固有名詞
doodah	doodah	固有名詞
doodia	doodia	固有名詞
doodle	doodle	固有名詞
dooja	dooja	固有名詞
dook	dook	固有名詞
dooket	dooket	固有名詞
dookit	dookit	固有名詞
dool	dool	固有名詞
doolee	doolee	固有名詞
dooley	dooley	固有名詞
doolfu	doolfu	固有名詞
dooli	dooli	固有名詞
doolie	doolie	固有名詞
dooly	dooly	固有名詞
doom	doom	固有名詞
doomed	doomed	固有名詞
doomer	doomer	固有名詞
dooms	dooms	固有名詞
doon	doon	固有名詞
door	door	固有名詞
doorba	doorba	固有名詞
doored	doored	固有名詞
doors	doors	固有名詞
doover	doover	固有名詞
doozer	doozer	固有名詞
doozy	doozy	固有名詞
dop	dop	固有名詞
dopa	dopa	固有名詞
dopant	dopant	固有名詞
dopas	dopas	固有名詞
dope	dope	固有名詞
doped	doped	固有名詞
doper	doper	固有名詞
dopers	dopers	固有名詞
dopes	dopes	固有名詞
dopey	dopey	固有名詞
dopier	dopier	固有名詞
doping	doping	固有名詞
dopped	dopped	固有名詞
dopper	dopper	固有名詞
doppia	doppia	固有名詞
doppio	doppio	固有名詞
dopy	dopy	固有名詞
dor	dor	固有名詞
dora	dora	固有名詞
dorab	dorab	固有名詞
dorad	dorad	固有名詞
dorado	dorado	固有名詞
dorask	dorask	固有名詞
doray	doray	固有名詞
dorbel	dorbel	固有名詞
dorbie	dorbie	固有名詞
dorbug	dorbug	固有名詞
dorcas	dorcas	固有名詞
doree	doree	固有名詞
dorey	dorey	固有名詞
dori	dori	固有名詞
doria	doria	固有名詞
dorian	dorian	固有名詞
doric	doric	固有名詞
dories	dories	固有名詞
dorine	dorine	固有名詞
doris	doris	固有名詞
dorism	dorism	固有名詞
dorize	dorize	固有名詞
dorje	dorje	固有名詞
dorlot	dorlot	固有名詞
dorm	dorm	固有名詞
dormer	dormer	固有名詞
dormie	dormie	固有名詞
dormin	dormin	固有名詞
dorms	dorms	固有名詞
dormy	dormy	固有名詞
dorn	dorn	固有名詞
dornic	dornic	固有名詞
dorobo	dorobo	固有名詞
dorp	dorp	固有名詞
dorper	dorper	固有名詞
dorps	dorps	固有名詞
dorr	dorr	固有名詞
dorrs	dorrs	固有名詞
dors	dors	固有名詞
dorsa	dorsa	固有名詞
dorsad	dorsad	固有名詞
dorsal	dorsal	固有名詞
dorse	dorse	固有名詞
dorsel	dorsel	固有名詞
dorser	dorser	固有名詞
dorsi	dorsi	固有名詞
dorsum	dorsum	固有名詞
dort	dort	固有名詞
dorter	dorter	固有名詞
dorts	dorts	固有名詞
dorty	dorty	固有名詞
doruck	doruck	固有名詞
dory	dory	固有名詞
dos	dos	固有名詞
dosa	dosa	固有名詞
dosadh	dosadh	固有名詞
dosage	dosage	固有名詞
dosain	dosain	固有名詞
dose	dose	固有名詞
dosed	dosed	固有名詞
doser	doser	固有名詞
dosers	dosers	固有名詞
doses	doses	固有名詞
dosing	dosing	固有名詞
dosis	dosis	固有名詞
doss	doss	固有名詞
dossal	dossal	固有名詞
dossed	dossed	固有名詞
dossel	dossel	固有名詞
dosser	dosser	固有名詞
dosses	dosses	固有名詞
dossil	dossil	固有名詞
dossy	dossy	固有名詞
dost	dost	固有名詞
dot	dot	固有名詞
dotage	dotage	固有名詞
dotal	dotal	固有名詞
dotant	dotant	固有名詞
dotard	dotard	固有名詞
dotate	dotate	固有名詞
dote	dote	固有名詞
doted	doted	固有名詞
dotenv	dotenv	固有名詞
doter	doter	固有名詞
doters	doters	固有名詞
dotes	dotes	固有名詞
doth	doth	固有名詞
dother	dother	固有名詞
dotier	dotier	固有名詞
doting	doting	固有名詞
dotish	dotish	固有名詞
dotkin	dotkin	固有名詞
dotlet	dotlet	固有名詞
doto	doto	固有名詞
dots	dots	固有名詞
dotted	dotted	固有名詞
dottel	dottel	固有名詞
dotter	dotter	固有名詞
dottle	dottle	固有名詞
dotty	dotty	固有名詞
doty	doty	固有名詞
douane	douane	固有名詞
douar	douar	固有名詞
doub	doub	固有名詞
double	double	固有名詞
doubly	doubly	固有名詞
doubt	doubt	固有名詞
doubts	doubts	固有名詞
doubty	doubty	固有名詞
douc	douc	固有名詞
douce	douce	固有名詞
doucet	doucet	固有名詞
douche	douche	固有名詞
doucin	doucin	固有名詞
doudle	doudle	固有名詞
doug	doug	固有名詞
dough	dough	固有名詞
doughs	doughs	固有名詞
dought	dought	固有名詞
doughy	doughy	固有名詞
dougl	dougl	固有名詞
doulce	doulce	固有名詞
doum	doum	固有名詞
douma	douma	固有名詞
doumas	doumas	固有名詞
doup	doup	固有名詞
douper	douper	固有名詞
dour	dour	固有名詞
doura	doura	固有名詞
dourah	dourah	固有名詞
douras	douras	固有名詞
dourer	dourer	固有名詞
dourly	dourly	固有名詞
douse	douse	固有名詞
doused	doused	固有名詞
douser	douser	固有名詞
douses	douses	固有名詞
dout	dout	固有名詞
douter	douter	固有名詞
doux	doux	固有名詞
dove	dove	固有名詞
doven	doven	固有名詞
dovens	dovens	固有名詞
dover	dover	固有名詞
doves	doves	固有名詞
dovey	dovey	固有名詞
dovish	dovish	固有名詞
dow	dow	固有名詞
dowage	dowage	固有名詞
dowcet	dowcet	固有名詞
dowd	dowd	固有名詞
dowdy	dowdy	固有名詞
dowed	dowed	固有名詞
dowel	dowel	固有名詞
dowels	dowels	固有名詞
dower	dower	固有名詞
dowers	dowers	固有名詞
dowery	dowery	固有名詞
dowf	dowf	固有名詞
dowie	dowie	固有名詞
dowily	dowily	固有名詞
dowing	dowing	固有名詞
dowl	dowl	固有名詞
dowlas	dowlas	固有名詞
dowly	dowly	固有名詞
down	down	固有名詞
downby	downby	固有名詞
downed	downed	固有名詞
downer	downer	固有名詞
downs	downs	固有名詞
downy	downy	固有名詞
dowp	dowp	固有名詞
dowry	dowry	固有名詞
dows	dows	固有名詞
dowse	dowse	固有名詞
dowsed	dowsed	固有名詞
dowser	dowser	固有名詞
dowses	dowses	固有名詞
dowset	dowset	固有名詞
dowve	dowve	固有名詞
dowy	dowy	固有名詞
doxa	doxa	固有名詞
doxie	doxie	固有名詞
doxies	doxies	固有名詞
doxy	doxy	固有名詞
doyen	doyen	固有名詞
doyens	doyens	固有名詞
doyle	doyle	固有名詞
doyley	doyley	固有名詞
doylt	doylt	固有名詞
doyly	doyly	固有名詞
doyst	doyst	固有名詞
doz	doz	固有名詞
doze	doze	固有名詞
dozed	dozed	固有名詞
dozen	dozen	固有名詞
dozens	dozens	固有名詞
dozent	dozent	固有名詞
dozer	dozer	固有名詞
dozers	dozers	固有名詞
dozes	dozes	固有名詞
dozier	dozier	固有名詞
dozily	dozily	固有名詞
dozing	dozing	固有名詞
dozy	dozy	固有名詞
dozzle	dozzle	固有名詞
dpt	dpt	固有名詞
drab	drab	固有名詞
draba	draba	固有名詞
drabby	drabby	固有名詞
drably	drably	固有名詞
drabs	drabs	固有名詞
drachm	drachm	固有名詞
dracin	dracin	固有名詞
dracma	dracma	固有名詞
draco	draco	固有名詞
drad	drad	固有名詞
dradge	dradge	固有名詞
draff	draff	固有名詞
draffs	draffs	固有名詞
draffy	draffy	固有名詞
draft	draft	固有名詞
drafts	drafts	固有名詞
drafty	drafty	固有名詞
drag	drag	固有名詞
dragee	dragee	固有名詞
draggy	draggy	固有名詞
drago	drago	固有名詞
dragon	dragon	固有名詞
drags	drags	固有名詞
drail	drail	固有名詞
drails	drails	固有名詞
drain	drain	固有名詞
draine	draine	固有名詞
drains	drains	固有名詞
drake	drake	固有名詞
drakes	drakes	固有名詞
dram	dram	固有名詞
drama	drama	固有名詞
dramas	dramas	固有名詞
drame	drame	固有名詞
dramm	dramm	固有名詞
dramme	dramme	固有名詞
drams	drams	固有名詞
drang	drang	固有名詞
drank	drank	固有名詞
drant	drant	固有名詞
drape	drape	固有名詞
draped	draped	固有名詞
draper	draper	固有名詞
drapes	drapes	固有名詞
drapet	drapet	固有名詞
drat	drat	固有名詞
drate	drate	固有名詞
drats	drats	固有名詞
drave	drave	固有名詞
dravya	dravya	固有名詞
draw	draw	固有名詞
drawee	drawee	固有名詞
drawer	drawer	固有名詞
drawk	drawk	固有名詞
drawl	drawl	固有名詞
drawls	drawls	固有名詞
drawly	drawly	固有名詞
drawn	drawn	固有名詞
draws	draws	固有名詞
dray	dray	固有名詞
drayed	drayed	固有名詞
drays	drays	固有名詞
drazel	drazel	固有名詞
drch	drch	固有名詞
dread	dread	固有名詞
dreads	dreads	固有名詞
dream	dream	固有名詞
dreams	dreams	固有名詞
dreamt	dreamt	固有名詞
dreamy	dreamy	固有名詞
drear	drear	固有名詞
dreary	dreary	固有名詞
dreche	dreche	固有名詞
dreck	dreck	固有名詞
drecks	drecks	固有名詞
dredge	dredge	固有名詞
dree	dree	固有名詞
dreed	dreed	固有名詞
dreegh	dreegh	固有名詞
dreep	dreep	固有名詞
dreepy	dreepy	固有名詞
drees	drees	固有名詞
dreg	dreg	固有名詞
dreggy	dreggy	固有名詞
dregs	dregs	固有名詞
dreich	dreich	固有名詞
dreidl	dreidl	固有名詞
dreigh	dreigh	固有名詞
dreint	dreint	固有名詞
drek	drek	固有名詞
dreks	dreks	固有名詞
drench	drench	固有名詞
dreng	dreng	固有名詞
drengh	drengh	固有名詞
drent	drent	固有名詞
dress	dress	固有名詞
dressy	dressy	固有名詞
drest	drest	固有名詞
dretch	dretch	固有名詞
drevel	drevel	固有名詞
drew	drew	固有名詞
drey	drey	固有名詞
dreynt	dreynt	固有名詞
drias	drias	固有名詞
drib	drib	固有名詞
dribs	dribs	固有名詞
drie	drie	固有名詞
driech	driech	固有名詞
dried	dried	固有名詞
driegh	driegh	固有名詞
drier	drier	固有名詞
driers	driers	固有名詞
dries	dries	固有名詞
driest	driest	固有名詞
drift	drift	固有名詞
drifts	drifts	固有名詞
drifty	drifty	固有名詞
drill	drill	固有名詞
drills	drills	固有名詞
drily	drily	固有名詞
drimys	drimys	固有名詞
drink	drink	固有名詞
drinks	drinks	固有名詞
drinky	drinky	固有名詞
drinn	drinn	固有名詞
drip	drip	固有名詞
drippy	drippy	固有名詞
drips	drips	固有名詞
dript	dript	固有名詞
drisk	drisk	固有名詞
drive	drive	固有名詞
drivel	drivel	固有名詞
driven	driven	固有名詞
driver	driver	固有名詞
drives	drives	固有名詞
drof	drof	固有名詞
droger	droger	固有名詞
drogh	drogh	固有名詞
drogue	drogue	固有名詞
droh	droh	固有名詞
droich	droich	固有名詞
droil	droil	固有名詞
droit	droit	固有名詞
droits	droits	固有名詞
drokpa	drokpa	固有名詞
droll	droll	固有名詞
drolls	drolls	固有名詞
drolly	drolly	固有名詞
drome	drome	固有名詞
dromed	dromed	固有名詞
dromic	dromic	固有名詞
dromoi	dromoi	固有名詞
dromon	dromon	固有名詞
dromos	dromos	固有名詞
drona	drona	固有名詞
drone	drone	固有名詞
droned	droned	固有名詞
dronel	dronel	固有名詞
droner	droner	固有名詞
drones	drones	固有名詞
dronet	dronet	固有名詞
drongo	drongo	固有名詞
dronte	dronte	固有名詞
drony	drony	固有名詞
droob	droob	固有名詞
drool	drool	固有名詞
drools	drools	固有名詞
drooly	drooly	固有名詞
droop	droop	固有名詞
droops	droops	固有名詞
droopt	droopt	固有名詞
droopy	droopy	固有名詞
drop	drop	固有名詞
dropax	dropax	固有名詞
droppy	droppy	固有名詞
drops	drops	固有名詞
dropsy	dropsy	固有名詞
dropt	dropt	固有名詞
drosky	drosky	固有名詞
dross	dross	固有名詞
drossy	drossy	固有名詞
drou	drou	固有名詞
droud	droud	固有名詞
drouk	drouk	固有名詞
drouks	drouks	固有名詞
droumy	droumy	固有名詞
drouth	drouth	固有名詞
drove	drove	固有名詞
droved	droved	固有名詞
drover	drover	固有名詞
droves	droves	固有名詞
drovy	drovy	固有名詞
drow	drow	固有名詞
drown	drown	固有名詞
drownd	drownd	固有名詞
drowns	drowns	固有名詞
drowse	drowse	固有名詞
drowsy	drowsy	固有名詞
drowte	drowte	固有名詞
droyl	droyl	固有名詞
drub	drub	固有名詞
drubly	drubly	固有名詞
drubs	drubs	固有名詞
drudge	drudge	固有名詞
druery	druery	固有名詞
drug	drug	固有名詞
drugge	drugge	固有名詞
druggy	druggy	固有名詞
drugs	drugs	固有名詞
druid	druid	固有名詞
druids	druids	固有名詞
druith	druith	固有名詞
drukpa	drukpa	固有名詞
drum	drum	固有名詞
drumly	drumly	固有名詞
drummy	drummy	固有名詞
drums	drums	固有名詞
drung	drung	固有名詞
drunk	drunk	固有名詞
drunks	drunks	固有名詞
drunt	drunt	固有名詞
drupa	drupa	固有名詞
drupal	drupal	固有名詞
drupe	drupe	固有名詞
drupel	drupel	固有名詞
drupes	drupes	固有名詞
drury	drury	固有名詞
druse	druse	固有名詞
drused	drused	固有名詞
druses	druses	固有名詞
drusy	drusy	固有名詞
druxey	druxey	固有名詞
druxy	druxy	固有名詞
druze	druze	固有名詞
dry	dry	固有名詞
dryad	dryad	固有名詞
dryads	dryads	固有名詞
dryas	dryas	固有名詞
dryer	dryer	固有名詞
dryers	dryers	固有名詞
dryest	dryest	固有名詞
dryfat	dryfat	固有名詞
drying	drying	固有名詞
dryish	dryish	固有名詞
drylot	drylot	固有名詞
dryly	dryly	固有名詞
dryope	dryope	固有名詞
dryops	dryops	固有名詞
dryrot	dryrot	固有名詞
drys	drys	固有名詞
drysne	drysne	固有名詞
dryth	dryth	固有名詞
dsect	dsect	固有名詞
dsects	dsects	固有名詞
dsname	dsname	固有名詞
dsp	dsp	固有名詞
dsr	dsr	固有名詞
dsri	dsri	固有名詞
dtd	dtd	固有名詞
dtente	dtente	固有名詞
dtset	dtset	固有名詞
duad	duad	固有名詞
duadic	duadic	固有名詞
duads	duads	固有名詞
dual	dual	固有名詞
duala	duala	固有名詞
duali	duali	固有名詞
dualin	dualin	固有名詞
dually	dually	固有名詞
duals	duals	固有名詞
duan	duan	固有名詞
duane	duane	固有名詞
duant	duant	固有名詞
duarch	duarch	固有名詞
dub	dub	固有名詞
dubash	dubash	固有名詞
dubb	dubb	固有名詞
dubba	dubba	固有名詞
dubbah	dubbah	固有名詞
dubbed	dubbed	固有名詞
dubbeh	dubbeh	固有名詞
dubber	dubber	固有名詞
dubbin	dubbin	固有名詞
dubby	dubby	固有名詞
dubhe	dubhe	固有名詞
dubio	dubio	固有名詞
dublin	dublin	固有名詞
dubs	dubs	固有名詞
duc	duc	固有名詞
ducal	ducal	固有名詞
ducape	ducape	固有名詞
ducat	ducat	固有名詞
ducato	ducato	固有名詞
ducats	ducats	固有名詞
duce	duce	固有名詞
duces	duces	固有名詞
duchan	duchan	固有名詞
duchy	duchy	固有名詞
duci	duci	固有名詞
duck	duck	固有名詞
ducked	ducked	固有名詞
ducker	ducker	固有名詞
duckie	duckie	固有名詞
ducks	ducks	固有名詞
ducky	ducky	固有名詞
duco	duco	固有名詞
ducs	ducs	固有名詞
duct	duct	固有名詞
ductal	ductal	固有名詞
ducted	ducted	固有名詞
ductor	ductor	固有名詞
ducts	ducts	固有名詞
ductus	ductus	固有名詞
ducula	ducula	固有名詞
dud	dud	固有名詞
dudaim	dudaim	固有名詞
dudder	dudder	固有名詞
duddie	duddie	固有名詞
duddle	duddle	固有名詞
duddy	duddy	固有名詞
dude	dude	固有名詞
dudeen	dudeen	固有名詞
dudes	dudes	固有名詞
dudgen	dudgen	固有名詞
dudine	dudine	固有名詞
dudish	dudish	固有名詞
dudism	dudism	固有名詞
dudler	dudler	固有名詞
dudley	dudley	固有名詞
dudman	dudman	固有名詞
duds	duds	固有名詞
due	due	固有名詞
dueful	dueful	固有名詞
duel	duel	固有名詞
dueled	dueled	固有名詞
dueler	dueler	固有名詞
duelli	duelli	固有名詞
duello	duello	固有名詞
duels	duels	固有名詞
duenas	duenas	固有名詞
duende	duende	固有名詞
duenna	duenna	固有名詞
duer	duer	固有名詞
dues	dues	固有名詞
duessa	duessa	固有名詞
duet	duet	固有名詞
duets	duets	固有名詞
duetto	duetto	固有名詞
duff	duff	固有名詞
duffed	duffed	固有名詞
duffel	duffel	固有名詞
duffer	duffer	固有名詞
duffle	duffle	固有名詞
duffs	duffs	固有名詞
duffy	duffy	固有名詞
dufoil	dufoil	固有名詞
dufter	dufter	固有名詞
duftry	duftry	固有名詞
dug	dug	固有名詞
dugal	dugal	固有名詞
dugdug	dugdug	固有名詞
dugong	dugong	固有名詞
dugout	dugout	固有名詞
dugs	dugs	固有名詞
dugway	dugway	固有名詞
duhat	duhat	固有名詞
duhr	duhr	固有名詞
dui	dui	固有名詞
duiker	duiker	固有名詞
duim	duim	固有名詞
duit	duit	固有名詞
duits	duits	固有名詞
dujan	dujan	固有名詞
duka	duka	固有名詞
duke	duke	固有名詞
dukely	dukely	固有名詞
dukery	dukery	固有名詞
dukes	dukes	固有名詞
dukhn	dukhn	固有名詞
dukker	dukker	固有名詞
dukkha	dukkha	固有名詞
dukuma	dukuma	固有名詞
dulat	dulat	固有名詞
dulc	dulc	固有名詞
dulce	dulce	固有名詞
dulcet	dulcet	固有名詞
dulcid	dulcid	固有名詞
dulcin	dulcin	固有名詞
dulcor	dulcor	固有名詞
duler	duler	固有名詞
dulia	dulia	固有名詞
dulias	dulias	固有名詞
dull	dull	固有名詞
dulled	dulled	固有名詞
duller	duller	固有名詞
dulls	dulls	固有名詞
dully	dully	固有名詞
dulse	dulse	固有名詞
dulses	dulses	固有名詞
dult	dult	固有名詞
dultie	dultie	固有名詞
duluth	duluth	固有名詞
duly	duly	固有名詞
dum	dum	固有名詞
duma	duma	固有名詞
dumas	dumas	固有名詞
dumb	dumb	固有名詞
dumba	dumba	固有名詞
dumbed	dumbed	固有名詞
dumber	dumber	固有名詞
dumble	dumble	固有名詞
dumbly	dumbly	固有名詞
dumbs	dumbs	固有名詞
dumby	dumby	固有名詞
dumdum	dumdum	固有名詞
dumka	dumka	固有名詞
dumky	dumky	固有名詞
dummel	dummel	固有名詞
dummy	dummy	固有名詞
dumose	dumose	固有名詞
dumous	dumous	固有名詞
dump	dump	固有名詞
dumped	dumped	固有名詞
dumper	dumper	固有名詞
dumple	dumple	固有名詞
dumps	dumps	固有名詞
dumpty	dumpty	固有名詞
dumpy	dumpy	固有名詞
dun	dun	固有名詞
dunair	dunair	固有名詞
dunal	dunal	固有名詞
duncan	duncan	固有名詞
dunce	dunce	固有名詞
dunces	dunces	固有名詞
dunch	dunch	固有名詞
dundee	dundee	固有名詞
dunder	dunder	固有名詞
dune	dune	固有名詞
dunes	dunes	固有名詞
dung	dung	固有名詞
dungan	dungan	固有名詞
dungas	dungas	固有名詞
dunged	dunged	固有名詞
dunger	dunger	固有名詞
dungol	dungol	固有名詞
dungon	dungon	固有名詞
dungs	dungs	固有名詞
dungy	dungy	固有名詞
dunite	dunite	固有名詞
dunk	dunk	固有名詞
dunked	dunked	固有名詞
dunker	dunker	固有名詞
dunkle	dunkle	固有名詞
dunks	dunks	固有名詞
dunlap	dunlap	固有名詞
dunlin	dunlin	固有名詞
dunlop	dunlop	固有名詞
dunne	dunne	固有名詞
dunned	dunned	固有名詞
dunner	dunner	固有名詞
dunno	dunno	固有名詞
dunny	dunny	固有名詞
duns	duns	固有名詞
dunst	dunst	固有名詞
dunt	dunt	固有名詞
dunted	dunted	固有名詞
dunter	dunter	固有名詞
duntle	duntle	固有名詞
dunts	dunts	固有名詞
duny	duny	固有名詞
duo	duo	固有名詞
duole	duole	固有名詞
duolog	duolog	固有名詞
duomi	duomi	固有名詞
duomo	duomo	固有名詞
duomos	duomos	固有名詞
duopod	duopod	固有名詞
duos	duos	固有名詞
dup	dup	固有名詞
dupe	dupe	固有名詞
duped	duped	固有名詞
duper	duper	固有名詞
dupers	dupers	固有名詞
dupery	dupery	固有名詞
dupes	dupes	固有名詞
duping	duping	固有名詞
dupion	dupion	固有名詞
dupla	dupla	固有名詞
duple	duple	固有名詞
duplet	duplet	固有名詞
duplex	duplex	固有名詞
duplon	duplon	固有名詞
duply	duply	固有名詞
duppa	duppa	固有名詞
dupped	dupped	固有名詞
dupper	dupper	固有名詞
duppy	duppy	固有名詞
dups	dups	固有名詞
dur	dur	固有名詞
dura	dura	固有名詞
durain	durain	固有名詞
dural	dural	固有名詞
durani	durani	固有名詞
durant	durant	固有名詞
duras	duras	固有名詞
durax	durax	固有名詞
durban	durban	固有名詞
durbar	durbar	固有名詞
durdum	durdum	固有名詞
dure	dure	固有名詞
dured	dured	固有名詞
duree	duree	固有名詞
durene	durene	固有名詞
dures	dures	固有名詞
duress	duress	固有名詞
duret	duret	固有名詞
durgah	durgah	固有名詞
durgan	durgan	固有名詞
durgen	durgen	固有名詞
durham	durham	固有名詞
durian	durian	固有名詞
during	during	固有名詞
durio	durio	固有名詞
durion	durion	固有名詞
durity	durity	固有名詞
durn	durn	固有名詞
durned	durned	固有名詞
durns	durns	固有名詞
duro	duro	固有名詞
duroc	duroc	固有名詞
durocs	durocs	固有名詞
duros	duros	固有名詞
durous	durous	固有名詞
duroy	duroy	固有名詞
durr	durr	固有名詞
durra	durra	固有名詞
durras	durras	固有名詞
durrie	durrie	固有名詞
durrin	durrin	固有名詞
durrs	durrs	固有名詞
durry	durry	固有名詞
durst	durst	固有名詞
durum	durum	固有名詞
durums	durums	固有名詞
durwan	durwan	固有名詞
duryl	duryl	固有名詞
durzee	durzee	固有名詞
durzi	durzi	固有名詞
dusack	dusack	固有名詞
duscle	duscle	固有名詞
dush	dush	固有名詞
dusio	dusio	固有名詞
dusk	dusk	固有名詞
dusked	dusked	固有名詞
dusken	dusken	固有名詞
duskly	duskly	固有名詞
dusks	dusks	固有名詞
dusky	dusky	固有名詞
dust	dust	固有名詞
dusted	dusted	固有名詞
dustee	dustee	固有名詞
duster	duster	固有名詞
dustin	dustin	固有名詞
dusts	dusts	固有名詞
dustuk	dustuk	固有名詞
dustup	dustup	固有名詞
dusty	dusty	固有名詞
dusun	dusun	固有名詞
dutch	dutch	固有名詞
dutchy	dutchy	固有名詞
dutied	dutied	固有名詞
duties	duties	固有名詞
dutra	dutra	固有名詞
duty	duty	固有名詞
duvet	duvet	固有名詞
dux	dux	固有名詞
duxes	duxes	固有名詞
duyker	duyker	固有名詞
dvaita	dvaita	固有名詞
dvigu	dvigu	固有名詞
dvorak	dvorak	固有名詞
dwale	dwale	固有名詞
dwalm	dwalm	固有名詞
dwang	dwang	固有名詞
dwarf	dwarf	固有名詞
dwarfs	dwarfs	固有名詞
dwarfy	dwarfy	固有名詞
dwayne	dwayne	固有名詞
dwell	dwell	固有名詞
dwells	dwells	固有名詞
dwelt	dwelt	固有名詞
dwight	dwight	固有名詞
dwine	dwine	固有名詞
dwined	dwined	固有名詞
dwines	dwines	固有名詞
dwt	dwt	固有名詞
dwyka	dwyka	固有名詞
dyable	dyable	固有名詞
dyad	dyad	固有名詞
dyadic	dyadic	固有名詞
dyads	dyads	固有名詞
dyak	dyak	固有名詞
dyas	dyas	固有名詞
dyaus	dyaus	固有名詞
dybbuk	dybbuk	固有名詞
dyce	dyce	固有名詞
dye	dye	固有名詞
dyed	dyed	固有名詞
dyeing	dyeing	固有名詞
dyer	dyer	固有名詞
dyers	dyers	固有名詞
dyes	dyes	固有名詞
dying	dying	固有名詞
dyings	dyings	固有名詞
dykage	dykage	固有名詞
dyke	dyke	固有名詞
dyked	dyked	固有名詞
dyker	dyker	固有名詞
dykes	dykes	固有名詞
dyking	dyking	固有名詞
dylan	dylan	固有名詞
dyn	dyn	固有名詞
dynam	dynam	固有名詞
dynamo	dynamo	固有名詞
dynast	dynast	固有名詞
dyne	dyne	固有名詞
dynel	dynel	固有名詞
dynes	dynes	固有名詞
dynode	dynode	固有名詞
dys	dys	固有名詞
dysury	dysury	固有名詞
dyvour	dyvour	固有名詞
dzeren	dzeren	固有名詞
dzerin	dzerin	固有名詞
dzeron	dzeron	固有名詞
dzo	dzo	固有名詞
eably	eably	固有名詞
each	each	固有名詞
ead	ead	固有名詞
eadi	eadi	固有名詞
eadios	eadios	固有名詞
eadish	eadish	固有名詞
eager	eager	固有名詞
eagers	eagers	固有名詞
eagle	eagle	固有名詞
eagled	eagled	固有名詞
eagles	eagles	固有名詞
eaglet	eaglet	固有名詞
eagre	eagre	固有名詞
eagres	eagres	固有名詞
eam	eam	固有名詞
ean	ean	固有名詞
eaning	eaning	固有名詞
ear	ear	固有名詞
earbob	earbob	固有名詞
earcap	earcap	固有名詞
eared	eared	固有名詞
earful	earful	固有名詞
earing	earing	固有名詞
earl	earl	固有名詞
earlap	earlap	固有名詞
earle	earle	固有名詞
earlet	earlet	固有名詞
earls	earls	固有名詞
early	early	固有名詞
earn	earn	固有名詞
earned	earned	固有名詞
earner	earner	固有名詞
earnie	earnie	固有名詞
earns	earns	固有名詞
earock	earock	固有名詞
ears	ears	固有名詞
earsh	earsh	固有名詞
eartab	eartab	固有名詞
eartag	eartag	固有名詞
earth	earth	固有名詞
earths	earths	固有名詞
earthy	earthy	固有名詞
earwax	earwax	固有名詞
earwig	earwig	固有名詞
ease	ease	固有名詞
eased	eased	固有名詞
easel	easel	固有名詞
easels	easels	固有名詞
easer	easer	固有名詞
easers	easers	固有名詞
eases	eases	固有名詞
easier	easier	固有名詞
easies	easies	固有名詞
easily	easily	固有名詞
easing	easing	固有名詞
eassel	eassel	固有名詞
east	east	固有名詞
easted	easted	固有名詞
easter	easter	固有名詞
eastre	eastre	固有名詞
easts	easts	固有名詞
easy	easy	固有名詞
eat	eat	固有名詞
eatage	eatage	固有名詞
eatche	eatche	固有名詞
eaten	eaten	固有名詞
eater	eater	固有名詞
eaters	eaters	固有名詞
eatery	eatery	固有名詞
eath	eath	固有名詞
eathly	eathly	固有名詞
eating	eating	固有名詞
eats	eats	固有名詞
eau	eau	固有名詞
eaux	eaux	固有名詞
eave	eave	固有名詞
eaved	eaved	固有名詞
eaver	eaver	固有名詞
eaves	eaves	固有名詞
ebb	ebb	固有名詞
ebbed	ebbed	固有名詞
ebbet	ebbet	固有名詞
ebbets	ebbets	固有名詞
ebbing	ebbing	固有名詞
ebbman	ebbman	固有名詞
ebbs	ebbs	固有名詞
ebcasc	ebcasc	固有名詞
ebcd	ebcd	固有名詞
ebcdic	ebcdic	固有名詞
eben	eben	固有名詞
eblis	eblis	固有名詞
eboe	eboe	固有名詞
ebon	ebon	固有名詞
ebons	ebons	固有名詞
ebony	ebony	固有名詞
ebulus	ebulus	固有名詞
eburin	eburin	固有名詞
eburna	eburna	固有名詞
ecad	ecad	固有名詞
ecanda	ecanda	固有名詞
ecart	ecart	固有名詞
ecarte	ecarte	固有名詞
ecb	ecb	固有名詞
ecbole	ecbole	固有名詞
ecca	ecca	固有名詞
ecce	ecce	固有名詞
ecch	ecch	固有名詞
eccl	eccl	固有名詞
eccles	eccles	固有名詞
ecesic	ecesic	固有名詞
ecesis	ecesis	固有名詞
echar	echar	固有名詞
echard	echard	固有名詞
eche	eche	固有名詞
echea	echea	固有名詞
eched	eched	固有名詞
eches	eches	固有名詞
eching	eching	固有名詞
echini	echini	固有名詞
echis	echis	固有名詞
echium	echium	固有名詞
echo	echo	固有名詞
echoed	echoed	固有名詞
echoer	echoer	固有名詞
echoes	echoes	固有名詞
echoey	echoey	固有名詞
echoic	echoic	固有名詞
echos	echos	固有名詞
echt	echt	固有名詞
echuca	echuca	固有名詞
eciton	eciton	固有名詞
ecize	ecize	固有名詞
eclair	eclair	固有名詞
eclat	eclat	固有名詞
eclats	eclats	固有名詞
eclegm	eclegm	固有名詞
eco	eco	固有名詞
ecod	ecod	固有名詞
ecoid	ecoid	固有名詞
ecol	ecol	固有名詞
ecole	ecole	固有名詞
ecoles	ecoles	固有名詞
econ	econ	固有名詞
ecorch	ecorch	固有名詞
ecoute	ecoute	固有名詞
ecrase	ecrase	固有名詞
ecru	ecru	固有名詞
ecrus	ecrus	固有名詞
ectad	ectad	固有名詞
ectal	ectal	固有名詞
ectene	ectene	固有名詞
ectopy	ectopy	固有名詞
ectype	ectype	固有名詞
ecu	ecu	固有名詞
ecurie	ecurie	固有名詞
ecus	ecus	固有名詞
eczema	eczema	固有名詞
edam	edam	固有名詞
edana	edana	固有名詞
edda	edda	固有名詞
eddaic	eddaic	固有名詞
edder	edder	固有名詞
eddic	eddic	固有名詞
eddie	eddie	固有名詞
eddied	eddied	固有名詞
eddies	eddies	固有名詞
eddish	eddish	固有名詞
eddo	eddo	固有名詞
eddoes	eddoes	固有名詞
eddy	eddy	固有名詞
edea	edea	固有名詞
edema	edema	固有名詞
edemas	edemas	固有名詞
edemic	edemic	固有名詞
eden	eden	固有名詞
edenic	edenic	固有名詞
edgar	edgar	固有名詞
edge	Edge	固有名詞
edged	edged	固有名詞
edger	edger	固有名詞
edgers	edgers	固有名詞
edges	edges	固有名詞
edgier	edgier	固有名詞
edgily	edgily	固有名詞
edging	edging	固有名詞
edgrew	edgrew	固有名詞
edgrow	edgrow	固有名詞
edgy	edgy	固有名詞
edh	edh	固有名詞
edhs	edhs	固有名詞
edible	edible	固有名詞
edict	edict	固有名詞
edicts	edicts	固有名詞
edify	edify	固有名詞
edile	edile	固有名詞
ediles	ediles	固有名詞
edison	edison	固有名詞
edit	edit	固有名詞
edital	edital	固有名詞
edited	edited	固有名詞
edith	edith	固有名詞
editor	editor	固有名詞
edits	edits	固有名詞
ediya	ediya	固有名詞
edmond	edmond	固有名詞
edmund	edmund	固有名詞
edna	edna	固有名詞
edo	edo	固有名詞
edoni	edoni	固有名詞
edp	edp	固有名詞
edplot	edplot	固有名詞
eds	eds	固有名詞
educ	educ	固有名詞
educe	educe	固有名詞
educed	educed	固有名詞
educes	educes	固有名詞
educt	educt	固有名詞
educts	educts	固有名詞
edward	edward	固有名詞
edwin	edwin	固有名詞
edwina	edwina	固有名詞
eebree	eebree	固有名詞
eel	eel	固有名詞
eelbob	eelbob	固有名詞
eeler	eeler	固有名詞
eelery	eelery	固有名詞
eelier	eelier	固有名詞
eeling	eeling	固有名詞
eelpot	eelpot	固有名詞
eels	eels	固有名詞
eely	eely	固有名詞
eemis	eemis	固有名詞
een	een	固有名詞
eer	eer	固有名詞
eerie	eerie	固有名詞
eerier	eerier	固有名詞
eerily	eerily	固有名詞
eerock	eerock	固有名詞
eery	eery	固有名詞
eesome	eesome	固有名詞
eeten	eeten	固有名詞
eeyuch	eeyuch	固有名詞
eeyuck	eeyuck	固有名詞
efecks	efecks	固有名詞
eff	eff	固有名詞
efface	efface	固有名詞
effare	effare	固有名詞
effate	effate	固有名詞
effect	effect	固有名詞
effeir	effeir	固有名詞
effet	effet	固有名詞
effete	effete	固有名詞
effie	effie	固有名詞
effigy	effigy	固有名詞
efflux	efflux	固有名詞
efford	efford	固有名詞
efform	efform	固有名詞
effort	effort	固有名詞
effray	effray	固有名詞
effs	effs	固有名詞
effude	effude	固有名詞
effume	effume	固有名詞
effund	effund	固有名詞
effuse	effuse	固有名詞
effuso	effuso	固有名詞
efik	efik	固有名詞
efl	efl	固有名詞
efph	efph	固有名詞
efreet	efreet	固有名詞
efs	efs	固有名詞
eft	eft	固有名詞
eftest	eftest	固有名詞
efts	efts	固有名詞
egad	egad	固有名詞
egads	egads	固有名詞
egal	egal	固有名詞
egall	egall	固有名詞
egally	egally	固有名詞
egards	egards	固有名詞
egba	egba	固有名詞
egbert	egbert	固有名詞
egbo	egbo	固有名詞
egence	egence	固有名詞
egency	egency	固有名詞
eger	eger	固有名詞
egeran	egeran	固有名詞
egeria	egeria	固有名詞
egers	egers	固有名詞
egest	egest	固有名詞
egesta	egesta	固有名詞
egests	egests	固有名詞
egg	egg	固有名詞
eggar	eggar	固有名詞
eggars	eggars	固有名詞
eggcup	eggcup	固有名詞
egged	egged	固有名詞
egger	egger	固有名詞
eggers	eggers	固有名詞
egghot	egghot	固有名詞
egging	egging	固有名詞
eggler	eggler	固有名詞
eggnog	eggnog	固有名詞
eggs	eggs	固有名詞
eggy	eggy	固有名詞
egipto	egipto	固有名詞
egis	egis	固有名詞
egises	egises	固有名詞
egling	egling	固有名詞
egma	egma	固有名詞
ego	ego	固有名詞
egoism	egoism	固有名詞
egoist	egoist	固有名詞
egoity	egoity	固有名詞
egoize	egoize	固有名詞
egol	egol	固有名詞
egos	egos	固有名詞
egre	egre	固有名詞
egress	egress	固有名詞
egret	egret	固有名詞
egrets	egrets	固有名詞
egrid	egrid	固有名詞
egriot	egriot	固有名詞
egypt	egypt	固有名詞
eheu	eheu	固有名詞
ehlite	ehlite	固有名詞
ehrman	ehrman	固有名詞
ehuawa	ehuawa	固有名詞
eide	eide	固有名詞
eident	eident	固有名詞
eider	eider	固有名詞
eiders	eiders	固有名詞
eidola	eidola	固有名詞
eidos	eidos	固有名詞
eiffel	eiffel	固有名詞
eigh	eigh	固有名詞
eight	eight	固有名詞
eighth	eighth	固有名詞
eights	eights	固有名詞
eighty	eighty	固有名詞
eigne	eigne	固有名詞
eikon	eikon	固有名詞
eikons	eikons	固有名詞
eila	eila	固有名詞
eild	eild	固有名詞
eileen	eileen	固有名詞
eimak	eimak	固有名詞
eimer	eimer	固有名詞
eir	eir	固有名詞
eirack	eirack	固有名詞
eire	eire	固有名詞
eirene	eirene	固有名詞
eiry	eiry	固有名詞
eisell	eisell	固有名詞
either	either	固有名詞
ejam	ejam	固有名詞
eject	eject	固有名詞
ejecta	ejecta	固有名詞
ejects	ejects	固有名詞
ejidal	ejidal	固有名詞
ejido	ejido	固有名詞
ejidos	ejidos	固有名詞
ejoo	ejoo	固有名詞
ejusd	ejusd	固有名詞
ekaha	ekaha	固有名詞
eke	eke	固有名詞
eked	eked	固有名詞
eker	eker	固有名詞
ekes	ekes	固有名詞
ekhimi	ekhimi	固有名詞
eking	eking	固有名詞
ekka	ekka	固有名詞
ekoi	ekoi	固有名詞
ekron	ekron	固有名詞
ektene	ektene	固有名詞
ela	ela	固有名詞
elabor	elabor	固有名詞
elaeis	elaeis	固有名詞
elaic	elaic	固有名詞
elain	elain	固有名詞
elaine	elaine	固有名詞
elains	elains	固有名詞
elamp	elamp	固有名詞
elan	elan	固有名詞
elance	elance	固有名詞
eland	eland	固有名詞
elands	elands	固有名詞
elanet	elanet	固有名詞
elans	elans	固有名詞
elanus	elanus	固有名詞
elaphe	elaphe	固有名詞
elapid	elapid	固有名詞
elaps	elaps	固有名詞
elapse	elapse	固有名詞
elate	elate	固有名詞
elated	elated	固有名詞
elater	elater	固有名詞
elates	elates	固有名詞
elatha	elatha	固有名詞
elator	elator	固有名詞
elayl	elayl	固有名詞
elb	elb	固有名詞
elbert	elbert	固有名詞
elboic	elboic	固有名詞
elbow	elbow	固有名詞
elbows	elbows	固有名詞
elbowy	elbowy	固有名詞
elbuck	elbuck	固有名詞
elcaja	elcaja	固有名詞
elchee	elchee	固有名詞
eld	eld	固有名詞
elder	elder	固有名詞
eldern	eldern	固有名詞
elders	elders	固有名詞
eldest	eldest	固有名詞
eldin	eldin	固有名詞
elding	elding	固有名詞
eldred	eldred	固有名詞
elds	elds	固有名詞
elean	elean	固有名詞
elec	elec	固有名詞
elechi	elechi	固有名詞
elect	elect	固有名詞
electo	electo	固有名詞
elects	elects	固有名詞
elegit	elegit	固有名詞
elegy	elegy	固有名詞
elem	elem	固有名詞
eleme	eleme	固有名詞
elemi	elemi	固有名詞
elemin	elemin	固有名詞
elemis	elemis	固有名詞
elemol	elemol	固有名詞
elench	elench	固有名詞
elenge	elenge	固有名詞
eleuin	eleuin	固有名詞
eleut	eleut	固有名詞
elev	elev	固有名詞
eleve	eleve	固有名詞
eleven	eleven	固有名詞
elevon	elevon	固有名詞
elf	elf	固有名詞
elfdom	elfdom	固有名詞
elfic	elfic	固有名詞
elfin	elfin	固有名詞
elfins	elfins	固有名詞
elfish	elfish	固有名詞
elfkin	elfkin	固有名詞
elhi	elhi	固有名詞
eli	eli	固有名詞
elia	elia	固有名詞
elian	elian	固有名詞
elias	elias	固有名詞
elicit	elicit	固有名詞
elide	elide	固有名詞
elided	elided	固有名詞
elides	elides	固有名詞
elihu	elihu	固有名詞
elijah	elijah	固有名詞
elinor	elinor	固有名詞
eliot	eliot	固有名詞
elisha	elisha	固有名詞
elisor	elisor	固有名詞
elissa	elissa	固有名詞
elite	elite	固有名詞
elites	elites	固有名詞
elix	elix	固有名詞
elixed	elixed	固有名詞
elixir	Elixir	固有名詞
eliza	eliza	固有名詞
elk	elk	固有名詞
elkdom	elkdom	固有名詞
elks	elks	固有名詞
elkuma	elkuma	固有名詞
ell	ell	固有名詞
ella	ella	固有名詞
ellan	ellan	固有名詞
elle	elle	固有名詞
elleck	elleck	固有名詞
ellen	ellen	固有名詞
ellice	ellice	固有名詞
ellick	ellick	固有名詞
elling	elling	固有名詞
elliot	elliot	固有名詞
ellops	ellops	固有名詞
ells	ells	固有名詞
elm	elm	固有名詞
elmer	elmer	固有名詞
elmier	elmier	固有名詞
elms	elms	固有名詞
elmy	elmy	固有名詞
elne	elne	固有名詞
eloah	eloah	固有名詞
elod	elod	固有名詞
elodea	elodea	固有名詞
elodes	elodes	固有名詞
eloge	eloge	固有名詞
elogy	elogy	固有名詞
elohim	elohim	固有名詞
eloign	eloign	固有名詞
eloin	eloin	固有名詞
eloine	eloine	固有名詞
eloins	eloins	固有名詞
eloise	eloise	固有名詞
elon	elon	固有名詞
elong	elong	固有名詞
elope	elope	固有名詞
eloped	eloped	固有名詞
eloper	eloper	固有名詞
elopes	elopes	固有名詞
elops	elops	固有名詞
elrage	elrage	固有名詞
elric	elric	固有名詞
els	els	固有名詞
elsa	elsa	固有名詞
else	else	固有名詞
elses	elses	固有名詞
elshin	elshin	固有名詞
elsin	elsin	固有名詞
elt	elt	固有名詞
eltime	eltime	固有名詞
eltrot	eltrot	固有名詞
eluant	eluant	固有名詞
eluate	eluate	固有名詞
elucid	elucid	固有名詞
elude	elude	固有名詞
eluded	eluded	固有名詞
eluder	eluder	固有名詞
eludes	eludes	固有名詞
eluent	eluent	固有名詞
elul	elul	固有名詞
elute	elute	固有名詞
eluted	eluted	固有名詞
elutes	elutes	固有名詞
elutor	elutor	固有名詞
eluvia	eluvia	固有名詞
elvan	elvan	固有名詞
elve	elve	固有名詞
elver	elver	固有名詞
elvers	elvers	固有名詞
elves	elves	固有名詞
elvet	elvet	固有名詞
elvira	elvira	固有名詞
elvis	elvis	固有名詞
elvish	elvish	固有名詞
elwood	elwood	固有名詞
elymi	elymi	固有名詞
elymus	elymus	固有名詞
elysee	elysee	固有名詞
elysia	elysia	固有名詞
elytra	elytra	固有名詞
email	email	固有名詞
emane	emane	固有名詞
embace	embace	固有名詞
embain	embain	固有名詞
embale	embale	固有名詞
emball	emball	固有名詞
embalm	embalm	固有名詞
embank	embank	固有名詞
embar	embar	固有名詞
embark	embark	固有名詞
embars	embars	固有名詞
embase	embase	固有名詞
embay	embay	固有名詞
embays	embays	固有名詞
embden	embden	固有名詞
embeam	embeam	固有名詞
embed	embed	固有名詞
embeds	embeds	固有名詞
ember	ember	固有名詞
embers	embers	固有名詞
embiid	embiid	固有名詞
embind	embind	固有名詞
embira	embira	固有名詞
emblem	emblem	固有名詞
emblic	emblic	固有名詞
embody	embody	固有名詞
embog	embog	固有名詞
emboil	emboil	固有名詞
embole	embole	固有名詞
emboli	emboli	固有名詞
embolo	embolo	固有名詞
emboly	emboly	固有名詞
embosk	embosk	固有名詞
emboss	emboss	固有名詞
embost	embost	固有名詞
embow	embow	固有名詞
embowl	embowl	固有名詞
embows	embows	固有名詞
embox	embox	固有名詞
embrew	embrew	固有名詞
embrue	embrue	固有名詞
embryo	embryo	固有名詞
embue	embue	固有名詞
embuia	embuia	固有名詞
embulk	embulk	固有名詞
embull	embull	固有名詞
embus	embus	固有名詞
embush	embush	固有名詞
embusk	embusk	固有名詞
embusy	embusy	固有名詞
emcee	emcee	固有名詞
emceed	emceed	固有名詞
emcees	emcees	固有名詞
emda	emda	固有名詞
emden	emden	固有名詞
eme	eme	固有名詞
emeer	emeer	固有名詞
emeers	emeers	固有名詞
emend	emend	固有名詞
emends	emends	固有名詞
emer	emer	固有名詞
emeras	emeras	固有名詞
emerge	emerge	固有名詞
emeril	emeril	固有名詞
emerit	emerit	固有名詞
emerod	emerod	固有名詞
emerse	emerse	固有名詞
emery	emery	固有名詞
emes	emes	固有名詞
emesa	emesa	固有名詞
emeses	emeses	固有名詞
emesis	emesis	固有名詞
emetia	emetia	固有名詞
emetic	emetic	固有名詞
emetin	emetin	固有名詞
emeu	emeu	固有名詞
emeus	emeus	固有名詞
emeute	emeute	固有名詞
emf	emf	固有名詞
emic	emic	固有名詞
emigr	emigr	固有名詞
emigre	emigre	固有名詞
emil	emil	固有名詞
emilia	emilia	固有名詞
emily	emily	固有名詞
emim	emim	固有名詞
emir	emir	固有名詞
emirs	emirs	固有名詞
emissi	emissi	固有名詞
emit	emit	固有名詞
emits	emits	固有名詞
emlen	emlen	固有名詞
emm	emm	固有名詞
emma	emma	固有名詞
emmer	emmer	固有名詞
emmers	emmers	固有名詞
emmet	emmet	固有名詞
emmets	emmets	固有名詞
emmett	emmett	固有名詞
emmew	emmew	固有名詞
emmies	emmies	固有名詞
emmove	emmove	固有名詞
emmy	emmy	固有名詞
emodin	emodin	固有名詞
emoloa	emoloa	固有名詞
emong	emong	固有名詞
emony	emony	固有名詞
emory	emory	固有名詞
emote	emote	固有名詞
emoted	emoted	固有名詞
emoter	emoter	固有名詞
emotes	emotes	固有名詞
emove	emove	固有名詞
emp	emp	固有名詞
empair	empair	固有名詞
empale	empale	固有名詞
empall	empall	固有名詞
empark	empark	固有名詞
emparl	emparl	固有名詞
empasm	empasm	固有名詞
empeo	empeo	固有名詞
empery	empery	固有名詞
empest	empest	固有名詞
empexa	empexa	固有名詞
empire	empire	固有名詞
empiry	empiry	固有名詞
employ	employ	固有名詞
empory	empory	固有名詞
empt	empt	固有名詞
emptio	emptio	固有名詞
emptor	emptor	固有名詞
empty	empty	固有名詞
empusa	empusa	固有名詞
emraud	emraud	固有名詞
emrode	emrode	固有名詞
ems	ems	固有名詞
emu	emu	固有名詞
emule	emule	固有名詞
emulge	emulge	固有名詞
emuls	emuls	固有名詞
emunct	emunct	固有名詞
emunge	emunge	固有名詞
emus	emus	固有名詞
emyd	emyd	固有名詞
emyde	emyde	固有名詞
emydea	emydea	固有名詞
emydes	emydes	固有名詞
emyds	emyds	固有名詞
emys	emys	固有名詞
enable	enable	固有名詞
enact	enact	固有名詞
enacts	enacts	固有名詞
enaena	enaena	固有名詞
enage	enage	固有名詞
enajim	enajim	固有名詞
enalid	enalid	固有名詞
enam	enam	固有名詞
enamel	enamel	固有名詞
enami	enami	固有名詞
enamor	enamor	固有名詞
enapt	enapt	固有名詞
enarch	enarch	固有名詞
enarm	enarm	固有名詞
enarme	enarme	固有名詞
enate	enate	固有名詞
enates	enates	固有名詞
enatic	enatic	固有名詞
enbibe	enbibe	固有名詞
enbloc	enbloc	固有名詞
enc	enc	固有名詞
encage	encage	固有名詞
encake	encake	固有名詞
encamp	encamp	固有名詞
encase	encase	固有名詞
encash	encash	固有名詞
encave	encave	固有名詞
encell	encell	固有名詞
encia	encia	固有名詞
encina	encina	固有名詞
encist	encist	固有名詞
encl	encl	固有名詞
enclog	enclog	固有名詞
encode	encode	固有名詞
encoil	encoil	固有名詞
encomy	encomy	固有名詞
encoop	encoop	固有名詞
encore	encore	固有名詞
encowl	encowl	固有名詞
encup	encup	固有名詞
encurl	encurl	固有名詞
ency	ency	固有名詞
encyc	encyc	固有名詞
encycl	encycl	固有名詞
encyst	encyst	固有名詞
end	end	固有名詞
endark	endark	固有名詞
endaze	endaze	固有名詞
ende	ende	固有名詞
endear	endear	固有名詞
endebt	endebt	固有名詞
ended	ended	固有名詞
endent	endent	固有名詞
ender	ender	固有名詞
endere	endere	固有名詞
enders	enders	固有名詞
endew	endew	固有名詞
endia	endia	固有名詞
endict	endict	固有名詞
ending	ending	固有名詞
endite	endite	固有名詞
endive	endive	固有名詞
endome	endome	固有名詞
endore	endore	固有名詞
endoss	endoss	固有名詞
endow	endow	固有名詞
endows	endows	固有名詞
endrin	endrin	固有名詞
ends	ends	固有名詞
endue	endue	固有名詞
endued	endued	固有名詞
endues	endues	固有名詞
endura	endura	固有名詞
endure	endure	固有名詞
enduro	enduro	固有名詞
endyma	endyma	固有名詞
eneas	eneas	固有名詞
ened	ened	固有名詞
eneid	eneid	固有名詞
enema	enema	固有名詞
enemas	enemas	固有名詞
enemy	enemy	固有名詞
enent	enent	固有名詞
energy	energy	固有名詞
enerve	enerve	固有名詞
eneuch	eneuch	固有名詞
eneugh	eneugh	固有名詞
enew	enew	固有名詞
enface	enface	固有名詞
enfant	enfant	固有名詞
enfect	enfect	固有名詞
enfief	enfief	固有名詞
enfile	enfile	固有名詞
enfin	enfin	固有名詞
enfire	enfire	固有名詞
enfirm	enfirm	固有名詞
enfoil	enfoil	固有名詞
enfold	enfold	固有名詞
enfork	enfork	固有名詞
enform	enform	固有名詞
enfort	enfort	固有名詞
enfoul	enfoul	固有名詞
enfrai	enfrai	固有名詞
enfree	enfree	固有名詞
enfume	enfume	固有名詞
eng	eng	固有名詞
engage	engage	固有名詞
engaol	engaol	固有名詞
engarb	engarb	固有名詞
engaud	engaud	固有名詞
engaze	engaze	固有名詞
engem	engem	固有名詞
enghle	enghle	固有名詞
engild	engild	固有名詞
engin	engin	固有名詞
engine	engine	固有名詞
engird	engird	固有名詞
engirt	engirt	固有名詞
engl	engl	固有名詞
englad	englad	固有名詞
engle	engle	固有名詞
engler	engler	固有名詞
englue	englue	固有名詞
englut	englut	固有名詞
englyn	englyn	固有名詞
engobe	engobe	固有名詞
engold	engold	固有名詞
engore	engore	固有名詞
engoue	engoue	固有名詞
engr	engr	固有名詞
engram	engram	固有名詞
engrid	engrid	固有名詞
engs	engs	固有名詞
engulf	engulf	固有名詞
enhalo	enhalo	固有名詞
enhat	enhat	固有名詞
enhelm	enhelm	固有名詞
enhort	enhort	固有名詞
enhusk	enhusk	固有名詞
eniac	eniac	固有名詞
enid	enid	固有名詞
enif	enif	固有名詞
enigma	enigma	固有名詞
enigua	enigua	固有名詞
enisle	enisle	固有名詞
enjail	enjail	固有名詞
enjamb	enjamb	固有名詞
enjoin	enjoin	固有名詞
enjoy	enjoy	固有名詞
enjoys	enjoys	固有名詞
enki	enki	固有名詞
enkidu	enkidu	固有名詞
enl	enl	固有名詞
enlace	enlace	固有名詞
enlard	enlard	固有名詞
enlay	enlay	固有名詞
enleaf	enleaf	固有名詞
enleen	enleen	固有名詞
enlief	enlief	固有名詞
enlife	enlife	固有名詞
enlimn	enlimn	固有名詞
enlink	enlink	固有名詞
enlist	enlist	固有名詞
enlive	enlive	固有名詞
enlock	enlock	固有名詞
enlure	enlure	固有名詞
enlute	enlute	固有名詞
enmask	enmask	固有名詞
enmass	enmass	固有名詞
enmesh	enmesh	固有名詞
enmew	enmew	固有名詞
enmist	enmist	固有名詞
enmity	enmity	固有名詞
enmoss	enmoss	固有名詞
enmove	enmove	固有名詞
ennage	ennage	固有名詞
ennead	ennead	固有名詞
ennew	ennew	固有名詞
ennia	ennia	固有名詞
ennoic	ennoic	固有名詞
ennoy	ennoy	固有名詞
ennui	ennui	固有名詞
ennuis	ennuis	固有名詞
ennuye	ennuye	固有名詞
enoch	enoch	固有名詞
enodal	enodal	固有名詞
enode	enode	固有名詞
enoil	enoil	固有名詞
enoint	enoint	固有名詞
enol	enol	固有名詞
enolic	enolic	固有名詞
enols	enols	固有名詞
enopla	enopla	固有名詞
enorm	enorm	固有名詞
enorn	enorn	固有名詞
enos	enos	固有名詞
enosis	enosis	固有名詞
enough	enough	固有名詞
enow	enow	固有名詞
enows	enows	固有名詞
enpia	enpia	固有名詞
enrace	enrace	固有名詞
enrage	enrage	固有名詞
enrail	enrail	固有名詞
enrank	enrank	固有名詞
enrapt	enrapt	固有名詞
enray	enray	固有名詞
enrib	enrib	固有名詞
enrich	enrich	固有名詞
enring	enring	固有名詞
enrive	enrive	固有名詞
enrobe	enrobe	固有名詞
enrol	enrol	固有名詞
enroll	enroll	固有名詞
enrols	enrols	固有名詞
enroot	enroot	固有名詞
enruin	enruin	固有名詞
enrut	enrut	固有名詞
ens	ens	固有名詞
ensafe	ensafe	固有名詞
ensand	ensand	固有名詞
ensate	ensate	固有名詞
ense	ense	固有名詞
enseal	enseal	固有名詞
enseam	enseam	固有名詞
ensear	ensear	固有名詞
enseat	enseat	固有名詞
enseel	enseel	固有名詞
enseem	enseem	固有名詞
enserf	enserf	固有名詞
ensete	ensete	固有名詞
ensign	ensign	固有名詞
ensile	ensile	固有名詞
ensky	ensky	固有名詞
ensnow	ensnow	固有名詞
ensoul	ensoul	固有名詞
enstar	enstar	固有名詞
ensue	ensue	固有名詞
ensued	ensued	固有名詞
ensuer	ensuer	固有名詞
ensues	ensues	固有名詞
ensure	ensure	固有名詞
entach	entach	固有名詞
entad	entad	固有名詞
entada	entada	固有名詞
entail	entail	固有名詞
ental	ental	固有名詞
entame	entame	固有名詞
entea	entea	固有名詞
enter	enter	固有名詞
entera	entera	固有名詞
enters	enters	固有名詞
entete	entete	固有名詞
entia	entia	固有名詞
entice	entice	固有名詞
entier	entier	固有名詞
enties	enties	固有名詞
entify	entify	固有名詞
entire	entire	固有名詞
entity	entity	固有名詞
entoil	entoil	固有名詞
entom	entom	固有名詞
entomb	entomb	固有名詞
entone	entone	固有名詞
entour	entour	固有名詞
entr	entr	固有名詞
entrap	entrap	固有名詞
entre	entre	固有名詞
entrec	entrec	固有名詞
entree	entree	固有名詞
entrep	entrep	固有名詞
entrer	entrer	固有名詞
entrez	entrez	固有名詞
entria	entria	固有名詞
entry	entry	固有名詞
entte	entte	固有名詞
entune	entune	固有名詞
enukki	enukki	固有名詞
enure	enure	固有名詞
enured	enured	固有名詞
enures	enures	固有名詞
enurny	enurny	固有名詞
env	ENV	固有名詞
envaye	envaye	固有名詞
enveil	enveil	固有名詞
envied	envied	固有名詞
envier	envier	固有名詞
envies	envies	固有名詞
envine	envine	固有名詞
envire	envire	固有名詞
envoi	envoi	固有名詞
envois	envois	固有名詞
envoy	envoy	固有名詞
envoys	envoys	固有名詞
envy	envy	固有名詞
enwall	enwall	固有名詞
enweb	enweb	固有名詞
enwind	enwind	固有名詞
enwing	enwing	固有名詞
enwomb	enwomb	固有名詞
enwood	enwood	固有名詞
enwove	enwove	固有名詞
enwrap	enwrap	固有名詞
enzone	enzone	固有名詞
enzym	enzym	固有名詞
enzyme	enzyme	固有名詞
enzyms	enzyms	固有名詞
eoan	eoan	固有名詞
eocene	eocene	固有名詞
eof	eof	固有名詞
eogaea	eogaea	固有名詞
eoith	eoith	固有名詞
eoiths	eoiths	固有名詞
eole	eole	固有名詞
eolian	eolian	固有名詞
eolith	eolith	固有名詞
eom	eom	固有名詞
eon	eon	固有名詞
eonian	eonian	固有名詞
eonism	eonism	固有名詞
eons	eons	固有名詞
eos	eos	固有名詞
eosate	eosate	固有名詞
eoside	eoside	固有名詞
eosin	eosin	固有名詞
eosine	eosine	固有名詞
eosins	eosins	固有名詞
eozoic	eozoic	固有名詞
eozoon	eozoon	固有名詞
epa	epa	固有名詞
epacme	epacme	固有名詞
epact	epact	固有名詞
epacts	epacts	固有名詞
eparch	eparch	固有名詞
epaule	epaule	固有名詞
epee	epee	固有名詞
epees	epees	固有名詞
epeira	epeira	固有名詞
epenla	epenla	固有名詞
eperua	eperua	固有名詞
eperva	eperva	固有名詞
epeus	epeus	固有名詞
epha	epha	固有名詞
ephah	ephah	固有名詞
ephahs	ephahs	固有名詞
ephas	ephas	固有名詞
ephebe	ephebe	固有名詞
ephebi	ephebi	固有名詞
ephete	ephete	固有名詞
ephod	ephod	固有名詞
ephods	ephods	固有名詞
ephoi	ephoi	固有名詞
ephor	ephor	固有名詞
ephori	ephori	固有名詞
ephors	ephors	固有名詞
ephyra	ephyra	固有名詞
epi	epi	固有名詞
epic	epic	固有名詞
epical	epical	固有名詞
epicly	epicly	固有名詞
epics	epics	固有名詞
epidia	epidia	固有名詞
epigee	epigee	固有名詞
epigne	epigne	固有名詞
epigon	epigon	固有名詞
epikia	epikia	固有名詞
epiky	epiky	固有名詞
epil	epil	固有名詞
epilog	epilog	固有名詞
epimer	epimer	固有名詞
epirot	epirot	固有名詞
epist	epist	固有名詞
epit	epit	固有名詞
epithi	epithi	固有名詞
epitra	epitra	固有名詞
epizoa	epizoa	固有名詞
eplot	eplot	固有名詞
epoch	epoch	固有名詞
epocha	epocha	固有名詞
epoche	epoche	固有名詞
epochs	epochs	固有名詞
epode	epode	固有名詞
epodes	epodes	固有名詞
epodic	epodic	固有名詞
epoist	epoist	固有名詞
eponge	eponge	固有名詞
eponym	eponym	固有名詞
epop	epop	固有名詞
epopee	epopee	固有名詞
epopt	epopt	固有名詞
epos	epos	固有名詞
eposes	eposes	固有名詞
epoxy	epoxy	固有名詞
eppes	eppes	固有名詞
eppie	eppie	固有名詞
eppy	eppy	固有名詞
epris	epris	固有名詞
eprise	eprise	固有名詞
eprosy	eprosy	固有名詞
epsom	epsom	固有名詞
epulis	epulis	固有名詞
epulo	epulo	固有名詞
epural	epural	固有名詞
eqpt	eqpt	固有名詞
equal	equal	固有名詞
equals	equals	固有名詞
equant	equant	固有名詞
equate	equate	固有名詞
eques	eques	固有名詞
equid	equid	固有名詞
equine	equine	固有名詞
equip	equip	固有名詞
equips	equips	固有名詞
equipt	equipt	固有名詞
equity	equity	固有名詞
equiv	equiv	固有名詞
equoid	equoid	固有名詞
equus	equus	固有名詞
era	era	固有名詞
erade	erade	固有名詞
eral	eral	固有名詞
eras	eras	固有名詞
erase	erase	固有名詞
erased	erased	固有名詞
eraser	eraser	固有名詞
erases	erases	固有名詞
erat	erat	固有名詞
erato	erato	固有名詞
erava	erava	固有名詞
erbia	erbia	固有名詞
erbium	erbium	固有名詞
erd	erd	固有名詞
ere	ere	固有名詞
erebus	erebus	固有名詞
erect	erect	固有名詞
erects	erects	固有名詞
eremic	eremic	固有名詞
erenow	erenow	固有名詞
erept	erept	固有名詞
erer	erer	固有名詞
erf	erf	固有名詞
erg	erg	固有名詞
ergal	ergal	固有名詞
ergane	ergane	固有名詞
ergate	ergate	固有名詞
ergo	ergo	固有名詞
ergon	ergon	固有名詞
ergot	ergot	固有名詞
ergots	ergots	固有名詞
ergs	ergs	固有名詞
eria	eria	固有名詞
erian	erian	固有名詞
eric	eric	固有名詞
erica	erica	固有名詞
ericad	ericad	固有名詞
erical	erical	固有名詞
ericas	ericas	固有名詞
erick	erick	固有名詞
erie	erie	固有名詞
erik	erik	固有名詞
erika	erika	固有名詞
erin	erin	固有名詞
eringo	eringo	固有名詞
erinys	erinys	固有名詞
eris	eris	固有名詞
erizo	erizo	固有名詞
erk	erk	固有名詞
erke	erke	固有名詞
erlang	Erlang	固有名詞
erma	erma	固有名詞
ermani	ermani	固有名詞
erme	erme	固有名詞
ermine	ermine	固有名詞
ermit	ermit	固有名詞
ern	ern	固有名詞
erne	erne	固有名詞
ernes	ernes	固有名詞
ernest	ernest	固有名詞
ernie	ernie	固有名詞
erns	erns	固有名詞
ernst	ernst	固有名詞
erode	erode	固有名詞
eroded	eroded	固有名詞
erodes	erodes	固有名詞
eros	eros	固有名詞
erose	erose	固有名詞
eroses	eroses	固有名詞
erotic	erotic	固有名詞
err	err	固有名詞
errand	errand	固有名詞
errant	errant	固有名詞
errata	errata	固有名詞
erred	erred	固有名詞
erring	erring	固有名詞
errite	errite	固有名詞
erron	erron	固有名詞
error	error	固有名詞
errors	errors	固有名詞
errs	errs	固有名詞
errsyn	errsyn	固有名詞
ers	ers	固有名詞
ersar	ersar	固有名詞
ersatz	ersatz	固有名詞
erse	erse	固有名詞
erses	erses	固有名詞
ersh	ersh	固有名詞
erst	erst	固有名詞
erth	erth	固有名詞
erthen	erthen	固有名詞
erthly	erthly	固有名詞
eruc	eruc	固有名詞
eruca	eruca	固有名詞
erucic	erucic	固有名詞
erucin	erucin	固有名詞
eruct	eruct	固有名詞
eructs	eructs	固有名詞
erudit	erudit	固有名詞
erugo	erugo	固有名詞
erugos	erugos	固有名詞
erump	erump	固有名詞
erupt	erupt	固有名詞
erupts	erupts	固有名詞
ervil	ervil	固有名詞
ervils	ervils	固有名詞
ervum	ervum	固有名詞
erwin	erwin	固有名詞
eryngo	eryngo	固有名詞
eryon	eryon	固有名詞
eryops	eryops	固有名詞
eryx	eryx	固有名詞
esau	esau	固有名詞
esbay	esbay	固有名詞
esc	esc	固有名詞
esca	esca	固有名詞
escape	escape	固有名詞
escar	escar	固有名詞
escarp	escarp	固有名詞
escars	escars	固有名詞
eschar	eschar	固有名詞
eschel	eschel	固有名詞
eschew	eschew	固有名詞
escoba	escoba	固有名詞
escort	escort	固有名詞
escot	escot	固有名詞
escots	escots	固有名詞
escout	escout	固有名詞
escrod	escrod	固有名詞
escrol	escrol	固有名詞
escrow	escrow	固有名詞
escry	escry	固有名詞
escudo	escudo	固有名詞
esd	esd	固有名詞
esdras	esdras	固有名詞
ese	ese	固有名詞
esere	esere	固有名詞
eserin	eserin	固有名詞
eses	eses	固有名詞
eshin	eshin	固有名詞
eskar	eskar	固有名詞
eskars	eskars	固有名詞
esker	esker	固有名詞
eskers	eskers	固有名詞
eskimo	eskimo	固有名詞
eslint	eslint	固有名詞
esne	esne	固有名詞
esnecy	esnecy	固有名詞
esodic	esodic	固有名詞
esopgi	esopgi	固有名詞
esopus	esopus	固有名詞
esox	esox	固有名詞
esp	esp	固有名詞
espace	espace	固有名詞
espada	espada	固有名詞
espave	espave	固有名詞
espec	espec	固有名詞
espece	espece	固有名詞
espial	espial	固有名詞
espied	espied	固有名詞
espier	espier	固有名詞
espies	espies	固有名詞
espino	espino	固有名詞
esprit	esprit	固有名詞
espy	espy	固有名詞
esq	esq	固有名詞
esrog	esrog	固有名詞
esrogs	esrogs	固有名詞
ess	ess	固有名詞
essang	essang	固有名詞
essart	essart	固有名詞
essay	essay	固有名詞
essays	essays	固有名詞
esse	esse	固有名詞
essed	essed	固有名詞
esseda	esseda	固有名詞
essede	essede	固有名詞
essee	essee	固有名詞
essene	essene	固有名詞
essera	essera	固有名詞
esses	esses	固有名詞
essex	essex	固有名詞
essie	essie	固有名詞
essive	essive	固有名詞
essoin	essoin	固有名詞
est	est	固有名詞
estab	estab	固有名詞
estado	estado	固有名詞
estafa	estafa	固有名詞
estall	estall	固有名詞
estamp	estamp	固有名詞
estang	estang	固有名詞
estate	estate	固有名詞
estats	estats	固有名詞
esteem	esteem	固有名詞
ester	ester	固有名詞
esters	esters	固有名詞
esth	esth	固有名詞
esther	esther	固有名詞
estive	estive	固有名詞
estoc	estoc	固有名詞
estocs	estocs	固有名詞
estoil	estoil	固有名詞
estop	estop	固有名詞
estops	estops	固有名詞
estral	estral	固有名詞
estray	estray	固有名詞
estre	estre	固有名詞
estrif	estrif	固有名詞
estrin	estrin	固有名詞
estrum	estrum	固有名詞
estrus	estrus	固有名詞
estudy	estudy	固有名詞
estufa	estufa	固有名詞
esture	esture	固有名詞
estus	estus	固有名詞
esu	esu	固有名詞
eta	eta	固有名詞
etagre	etagre	固有名詞
etalon	etalon	固有名詞
etamin	etamin	固有名詞
etang	etang	固有名詞
etape	etape	固有名詞
etapes	etapes	固有名詞
etas	etas	固有名詞
etc	etc	固有名詞
etch	etch	固有名詞
etched	etched	固有名詞
etcher	etcher	固有名詞
etches	etches	固有名詞
eten	eten	固有名詞
eterne	eterne	固有名詞
eth	eth	固有名詞
ethal	ethal	固有名詞
ethan	ethan	固有名詞
ethane	ethane	固有名詞
ethel	ethel	固有名詞
ethene	ethene	固有名詞
ether	ether	固有名詞
ethers	ethers	固有名詞
ethic	ethic	固有名詞
ethics	ethics	固有名詞
ethid	ethid	固有名詞
ethide	ethide	固有名詞
ethine	ethine	固有名詞
ethion	ethion	固有名詞
ethiop	ethiop	固有名詞
ethize	ethize	固有名詞
ethnal	ethnal	固有名詞
ethnic	ethnic	固有名詞
ethnog	ethnog	固有名詞
ethnol	ethnol	固有名詞
ethnos	ethnos	固有名詞
ethos	ethos	固有名詞
ethoxy	ethoxy	固有名詞
ethrog	ethrog	固有名詞
eths	eths	固有名詞
ethyl	ethyl	固有名詞
ethyls	ethyls	固有名詞
ethyne	ethyne	固有名詞
etiam	etiam	固有名詞
etna	etna	固有名詞
etnas	etnas	固有名詞
etnean	etnean	固有名詞
etoffe	etoffe	固有名詞
etoile	etoile	固有名詞
eton	eton	固有名詞
etrier	etrier	固有名詞
etrog	etrog	固有名詞
etrogs	etrogs	固有名詞
etta	etta	固有名詞
ettle	ettle	固有名詞
ettled	ettled	固有名詞
etua	etua	固有名詞
etude	etude	固有名詞
etudes	etudes	固有名詞
etui	etui	固有名詞
etuis	etuis	固有名詞
etuve	etuve	固有名詞
etuvee	etuvee	固有名詞
etwas	etwas	固有名詞
etwee	etwee	固有名詞
etwees	etwees	固有名詞
etwite	etwite	固有名詞
ety	ety	固有名詞
etym	etym	固有名詞
etyma	etyma	固有名詞
etymic	etymic	固有名詞
etymol	etymol	固有名詞
etymon	etymon	固有名詞
etypic	etypic	固有名詞
euboic	euboic	固有名詞
eucgia	eucgia	固有名詞
euchre	euchre	固有名詞
euclea	euclea	固有名詞
euclid	euclid	固有名詞
eucone	eucone	固有名詞
eucre	eucre	固有名詞
eucti	eucti	固有名詞
euda	euda	固有名詞
eudeve	eudeve	固有名詞
eudist	eudist	固有名詞
eudora	eudora	固有名詞
euge	euge	固有名詞
eugene	eugene	固有名詞
eugeny	eugeny	固有名詞
euler	euler	固有名詞
eulima	eulima	固有名詞
eulogy	eulogy	固有名詞
eundem	eundem	固有名詞
eunice	eunice	固有名詞
eunomy	eunomy	固有名詞
eunuch	eunuch	固有名詞
euodic	euodic	固有名詞
euonym	euonym	固有名詞
euouae	euouae	固有名詞
eupad	eupad	固有名詞
euphon	euphon	固有名詞
eupion	eupion	固有名詞
eupnea	eupnea	固有名詞
eure	eure	固有名詞
eureka	eureka	固有名詞
euripi	euripi	固有名詞
eurite	eurite	固有名詞
euro	euro	固有名詞
europa	europa	固有名詞
europe	europe	固有名詞
euros	euros	固有名詞
eurous	eurous	固有名詞
eurus	eurus	固有名詞
euryon	euryon	固有名詞
euryte	euryte	固有名詞
eusol	eusol	固有名詞
eutaxy	eutaxy	固有名詞
eutony	eutony	固有名詞
euvrou	euvrou	固有名詞
euxine	euxine	固有名詞
eva	eva	固有名詞
evacue	evacue	固有名詞
evade	evade	固有名詞
evaded	evaded	固有名詞
evader	evader	固有名詞
evades	evades	固有名詞
evadne	evadne	固有名詞
eval	eval	固有名詞
evalue	evalue	固有名詞
evan	evan	固有名詞
evang	evang	固有名詞
evanid	evanid	固有名詞
evans	evans	固有名詞
evap	evap	固有名詞
evase	evase	固有名詞
eve	eve	固有名詞
evea	evea	固有名詞
eveck	eveck	固有名詞
evejar	evejar	固有名詞
evelyn	evelyn	固有名詞
even	even	固有名詞
evene	evene	固有名詞
evened	evened	固有名詞
evener	evener	固有名詞
evenly	evenly	固有名詞
evenoo	evenoo	固有名詞
evens	evens	固有名詞
event	event	固有名詞
events	events	固有名詞
eveque	eveque	固有名詞
ever	ever	固有名詞
everly	everly	固有名詞
evermo	evermo	固有名詞
everse	everse	固有名詞
evert	evert	固有名詞
everts	everts	固有名詞
every	every	固有名詞
eves	eves	固有名詞
evese	evese	固有名詞
evg	evg	固有名詞
evicke	evicke	固有名詞
evict	evict	固有名詞
evicts	evicts	固有名詞
evil	evil	固有名詞
eviler	eviler	固有名詞
evilly	evilly	固有名詞
evils	evils	固有名詞
evince	evince	固有名詞
evite	evite	固有名詞
evited	evited	固有名詞
evites	evites	固有名詞
evodia	evodia	固有名詞
evoe	evoe	固有名詞
evoke	evoke	固有名詞
evoked	evoked	固有名詞
evoker	evoker	固有名詞
evokes	evokes	固有名詞
evolve	evolve	固有名詞
evomit	evomit	固有名詞
evovae	evovae	固有名詞
evulge	evulge	固有名詞
evulse	evulse	固有名詞
evviva	evviva	固有名詞
evzone	evzone	固有名詞
ewder	ewder	固有名詞
ewe	ewe	固有名詞
ewer	ewer	固有名詞
ewerer	ewerer	固有名詞
ewers	ewers	固有名詞
ewery	ewery	固有名詞
ewes	ewes	固有名詞
ewest	ewest	固有名詞
ewhow	ewhow	固有名詞
ewing	ewing	固有名詞
ewound	ewound	固有名詞
ewry	ewry	固有名詞
ewte	ewte	固有名詞
exact	exact	固有名詞
exacta	exacta	固有名詞
exacts	exacts	固有名詞
exacum	exacum	固有名詞
exalt	exalt	固有名詞
exalte	exalte	固有名詞
exalts	exalts	固有名詞
exam	exam	固有名詞
examen	examen	固有名詞
exams	exams	固有名詞
exarch	exarch	固有名詞
exaudi	exaudi	固有名詞
exaun	exaun	固有名詞
excamb	excamb	固有名詞
excave	excave	固有名詞
exceed	exceed	固有名詞
excel	excel	固有名詞
excels	excels	固有名詞
except	except	固有名詞
excern	excern	固有名詞
excerp	excerp	固有名詞
excess	excess	固有名詞
exch	exch	固有名詞
excide	excide	固有名詞
excise	excise	固有名詞
excite	excite	固有名詞
excl	excl	固有名詞
exclam	exclam	固有名詞
excoct	excoct	固有名詞
excud	excud	固有名詞
excur	excur	固有名詞
excuse	excuse	固有名詞
excuss	excuss	固有名詞
excyst	excyst	固有名詞
exdie	exdie	固有名詞
exeat	exeat	固有名詞
exec	exec	固有名詞
execs	execs	固有名詞
exect	exect	固有名詞
exede	exede	固有名詞
exedra	exedra	固有名詞
exempt	exempt	固有名詞
exequy	exequy	固有名詞
exerce	exerce	固有名詞
exert	exert	固有名詞
exerts	exerts	固有名詞
exes	exes	固有名詞
exeunt	exeunt	固有名詞
exhale	exhale	固有名詞
exhbn	exhbn	固有名詞
exhort	exhort	固有名詞
exhume	exhume	固有名詞
exies	exies	固有名詞
exile	exile	固有名詞
exiled	exiled	固有名詞
exiler	exiler	固有名詞
exiles	exiles	固有名詞
exilic	exilic	固有名詞
exine	exine	固有名詞
exines	exines	固有名詞
exing	exing	固有名詞
exion	exion	固有名詞
exist	exist	固有名詞
exists	exists	固有名詞
exit	exit	固有名詞
exite	exite	固有名詞
exited	exited	固有名詞
exits	exits	固有名詞
exitus	exitus	固有名詞
exla	exla	固有名詞
exlex	exlex	固有名詞
exmoor	exmoor	固有名詞
exode	exode	固有名詞
exodic	exodic	固有名詞
exodoi	exodoi	固有名詞
exodos	exodos	固有名詞
exodus	exodus	固有名詞
exody	exody	固有名詞
exogen	exogen	固有名詞
exolve	exolve	固有名詞
exomis	exomis	固有名詞
exon	exon	固有名詞
exoner	exoner	固有名詞
exonym	exonym	固有名詞
exopod	exopod	固有名詞
exopt	exopt	固有名詞
exor	exor	固有名詞
exotic	exotic	固有名詞
exp	exp	固有名詞
expand	expand	固有名詞
expdt	expdt	固有名詞
expect	expect	固有名詞
expede	expede	固有名詞
expel	expel	固有名詞
expels	expels	固有名詞
expend	expend	固有名詞
expert	expert	固有名詞
expire	expire	固有名詞
expiry	expiry	固有名詞
explat	explat	固有名詞
expo	expo	固有名詞
expone	expone	固有名詞
export	export	固有名詞
expos	expos	固有名詞
expose	expose	固有名詞
expt	expt	固有名詞
exptl	exptl	固有名詞
expugn	expugn	固有名詞
expwy	expwy	固有名詞
expy	expy	固有名詞
exr	exr	固有名詞
exrx	exrx	固有名詞
exsec	exsec	固有名詞
exsect	exsect	固有名詞
exsert	exsert	固有名詞
exship	exship	固有名詞
ext	ext	固有名詞
exta	exta	固有名詞
extant	extant	固有名詞
extend	extend	固有名詞
extent	extent	固有名詞
exter	exter	固有名詞
extern	extern	固有名詞
extg	extg	固有名詞
extill	extill	固有名詞
extima	extima	固有名詞
extime	extime	固有名詞
extine	extine	固有名詞
extirp	extirp	固有名詞
extol	extol	固有名詞
extoll	extoll	固有名詞
extols	extols	固有名詞
extort	extort	固有名詞
extra	extra	固有名詞
extras	extras	固有名詞
extund	extund	固有名詞
exturb	exturb	固有名詞
exude	exude	固有名詞
exuded	exuded	固有名詞
exudes	exudes	固有名詞
exul	exul	固有名詞
exult	exult	固有名詞
exults	exults	固有名詞
exurb	exurb	固有名詞
exurbs	exurbs	固有名詞
exurge	exurge	固有名詞
exust	exust	固有名詞
exuvia	exuvia	固有名詞
exxon	exxon	固有名詞
eyah	eyah	固有名詞
eyalet	eyalet	固有名詞
eyas	eyas	固有名詞
eyases	eyases	固有名詞
eyass	eyass	固有名詞
eydent	eydent	固有名詞
eye	eye	固有名詞
eyebar	eyebar	固有名詞
eyecup	eyecup	固有名詞
eyed	eyed	固有名詞
eyedot	eyedot	固有名詞
eyeful	eyeful	固有名詞
eyeing	eyeing	固有名詞
eyeish	eyeish	固有名詞
eyelet	eyelet	固有名詞
eyelid	eyelid	固有名詞
eyen	eyen	固有名詞
eyepit	eyepit	固有名詞
eyer	eyer	固有名詞
eyers	eyers	固有名詞
eyes	eyes	固有名詞
eyess	eyess	固有名詞
eyey	eyey	固有名詞
eyght	eyght	固有名詞
eying	eying	固有名詞
eyl	eyl	固有名詞
eyliad	eyliad	固有名詞
eyn	eyn	固有名詞
eyne	eyne	固有名詞
eyot	eyot	固有名詞
eyoty	eyoty	固有名詞
eyr	eyr	固有名詞
eyra	eyra	固有名詞
eyrant	eyrant	固有名詞
eyrar	eyrar	固有名詞
eyras	eyras	固有名詞
eyre	eyre	固有名詞
eyren	eyren	固有名詞
eyrer	eyrer	固有名詞
eyres	eyres	固有名詞
eyrie	eyrie	固有名詞
eyries	eyries	固有名詞
eyrir	eyrir	固有名詞
eyry	eyry	固有名詞
eysoge	eysoge	固有名詞
ezan	ezan	固有名詞
ezba	ezba	固有名詞
ezod	ezod	固有名詞
ezra	ezra	固有名詞
faade	faade	固有名詞
faailk	faailk	固有名詞
fab	fab	固有名詞
faba	faba	固有名詞
fabes	fabes	固有名詞
fabian	fabian	固有名詞
fable	fable	固有名詞
fabled	fabled	固有名詞
fabler	fabler	固有名詞
fables	fables	固有名詞
fabric	fabric	固有名詞
fabula	fabula	固有名詞
fac	fac	固有名詞
facade	facade	固有名詞
face	face	固有名詞
facebook	Facebook	固有名詞
faced	faced	固有名詞
facer	facer	固有名詞
facers	facers	固有名詞
faces	faces	固有名詞
facet	facet	固有名詞
facete	facete	固有名詞
facets	facets	固有名詞
faceup	faceup	固有名詞
facia	facia	固有名詞
facial	facial	固有名詞
facias	facias	固有名詞
facie	facie	固有名詞
facier	facier	固有名詞
facies	facies	固有名詞
facile	facile	固有名詞
facily	facily	固有名詞
facing	facing	固有名詞
facit	facit	固有名詞
fack	fack	固有名詞
facks	facks	固有名詞
facsim	facsim	固有名詞
fact	fact	固有名詞
facto	facto	固有名詞
factor	factor	固有名詞
facts	facts	固有名詞
factum	factum	固有名詞
facty	facty	固有名詞
facula	facula	固有名詞
facund	facund	固有名詞
facy	facy	固有名詞
fad	fad	固有名詞
faddle	faddle	固有名詞
faddy	faddy	固有名詞
fade	fade	固有名詞
faded	faded	固有名詞
faden	faden	固有名詞
fader	fader	固有名詞
faders	faders	固有名詞
fades	fades	固有名詞
fadge	fadge	固有名詞
fadged	fadged	固有名詞
fadges	fadges	固有名詞
fading	fading	固有名詞
fadme	fadme	固有名詞
fado	fado	固有名詞
fados	fados	固有名詞
fads	fads	固有名詞
fady	fady	固有名詞
fae	fae	固有名詞
faecal	faecal	固有名詞
faeces	faeces	固有名詞
faena	faena	固有名詞
faenas	faenas	固有名詞
faence	faence	固有名詞
faenus	faenus	固有名詞
faerie	faerie	固有名詞
faeroe	faeroe	固有名詞
faery	faery	固有名詞
faff	faff	固有名詞
faffle	faffle	固有名詞
faffy	faffy	固有名詞
fafnir	fafnir	固有名詞
fag	fag	固有名詞
fagald	fagald	固有名詞
fagara	fagara	固有名詞
fage	fage	固有名詞
fager	fager	固有名詞
fagged	fagged	固有名詞
fagger	fagger	固有名詞
faggot	faggot	固有名詞
faggy	faggy	固有名詞
fagin	fagin	固有名詞
fagine	fagine	固有名詞
fagins	fagins	固有名詞
fagot	fagot	固有名詞
fagots	fagots	固有名詞
fagott	fagott	固有名詞
fagoty	fagoty	固有名詞
fags	fags	固有名詞
fagus	fagus	固有名詞
faham	faham	固有名詞
faikes	faikes	固有名詞
fail	fail	固有名詞
failed	failed	固有名詞
faille	faille	固有名詞
fails	fails	固有名詞
fain	fain	固有名詞
fainer	fainer	固有名詞
fainly	fainly	固有名詞
fains	fains	固有名詞
faint	faint	固有名詞
faints	faints	固有名詞
fainty	fainty	固有名詞
fair	fair	固有名詞
faire	faire	固有名詞
faired	faired	固有名詞
fairer	fairer	固有名詞
fairly	fairly	固有名詞
fairm	fairm	固有名詞
fairs	fairs	固有名詞
fairy	fairy	固有名詞
faisan	faisan	固有名詞
fait	fait	固有名詞
faith	faith	固有名詞
faiths	faiths	固有名詞
faitor	faitor	固有名詞
faits	faits	固有名詞
fake	fake	固有名詞
faked	faked	固有名詞
fakeer	fakeer	固有名詞
faker	faker	固有名詞
fakers	fakers	固有名詞
fakery	fakery	固有名詞
fakes	fakes	固有名詞
faki	faki	固有名詞
faking	faking	固有名詞
fakir	fakir	固有名詞
fakirs	fakirs	固有名詞
fakofo	fakofo	固有名詞
faky	faky	固有名詞
fala	fala	固有名詞
falcer	falcer	固有名詞
falces	falces	固有名詞
falco	falco	固有名詞
falcon	falcon	固有名詞
falda	falda	固有名詞
falern	falern	固有名詞
falk	falk	固有名詞
fall	fall	固有名詞
falla	falla	固有名詞
fallal	fallal	固有名詞
fallen	fallen	固有名詞
faller	faller	固有名詞
fallow	fallow	固有名詞
falls	falls	固有名詞
fally	fally	固有名詞
false	false	固有名詞
falsen	falsen	固有名詞
falser	falser	固有名詞
falsie	falsie	固有名詞
falsum	falsum	固有名詞
falter	falter	固有名詞
falun	falun	固有名詞
faluns	faluns	固有名詞
falus	falus	固有名詞
falx	falx	固有名詞
fam	fam	固有名詞
fama	fama	固有名詞
famble	famble	固有名詞
fame	fame	固有名詞
famed	famed	固有名詞
fames	fames	固有名詞
family	family	固有名詞
famine	famine	固有名詞
faming	faming	固有名詞
famish	famish	固有名詞
famose	famose	固有名詞
famous	famous	固有名詞
famp	famp	固有名詞
famuli	famuli	固有名詞
fan	fan	固有名詞
fana	fana	固有名詞
fanal	fanal	固有名詞
fanam	fanam	固有名詞
fancy	fancy	固有名詞
fand	fand	固有名詞
fandom	fandom	固有名詞
fane	fane	固有名詞
fanega	fanega	固有名詞
fanes	fanes	固有名詞
fang	fang	固有名詞
fanga	fanga	固有名詞
fangas	fangas	固有名詞
fanged	fanged	固有名詞
fanger	fanger	固有名詞
fangle	fangle	固有名詞
fango	fango	固有名詞
fangot	fangot	固有名詞
fangs	fangs	固有名詞
fangy	fangy	固有名詞
fanion	fanion	固有名詞
fanit	fanit	固有名詞
fanjet	fanjet	固有名詞
fankle	fankle	固有名詞
fanman	fanman	固有名詞
fanned	fanned	固有名詞
fannel	fannel	固有名詞
fanner	fanner	固有名詞
fannia	fannia	固有名詞
fannon	fannon	固有名詞
fanny	fanny	固有名詞
fano	fano	固有名詞
fanon	fanon	固有名詞
fanons	fanons	固有名詞
fanos	fanos	固有名詞
fanout	fanout	固有名詞
fans	fans	固有名詞
fant	fant	固有名詞
fantad	fantad	固有名詞
fantee	fantee	固有名詞
fanti	fanti	固有名詞
fantod	fantod	固有名詞
fantom	fantom	固有名詞
fanum	fanum	固有名詞
fanums	fanums	固有名詞
fanwe	fanwe	固有名詞
fany	fany	固有名詞
faon	faon	固有名詞
faq	faq	固有名詞
faqir	faqir	固有名詞
faqirs	faqirs	固有名詞
faquir	faquir	固有名詞
far	far	固有名詞
farad	farad	固有名詞
farads	farads	固有名詞
farand	farand	固有名詞
faraon	faraon	固有名詞
farce	farce	固有名詞
farced	farced	固有名詞
farcer	farcer	固有名詞
farces	farces	固有名詞
farci	farci	固有名詞
farcie	farcie	固有名詞
farcin	farcin	固有名詞
farcy	farcy	固有名詞
fard	fard	固有名詞
farde	farde	固有名詞
farded	farded	固有名詞
fardel	fardel	固有名詞
fardh	fardh	固有名詞
fardo	fardo	固有名詞
fards	fards	固有名詞
fare	fare	固有名詞
fared	fared	固有名詞
farer	farer	固有名詞
farers	farers	固有名詞
fares	fares	固有名詞
farfal	farfal	固有名詞
farfel	farfel	固有名詞
farfet	farfet	固有名詞
farina	farina	固有名詞
farine	farine	固有名詞
faring	faring	固有名詞
fario	fario	固有名詞
farish	farish	固有名詞
farl	farl	固有名詞
farle	farle	固有名詞
farles	farles	固有名詞
farleu	farleu	固有名詞
farley	farley	固有名詞
farls	farls	固有名詞
farm	farm	固有名詞
farmed	farmed	固有名詞
farmer	farmer	固有名詞
farms	farms	固有名詞
farmy	farmy	固有名詞
faro	faro	固有名詞
faroff	faroff	固有名詞
faros	faros	固有名詞
farouk	farouk	固有名詞
farrel	farrel	固有名詞
farris	farris	固有名詞
farrow	farrow	固有名詞
farse	farse	固有名詞
farset	farset	固有名詞
farsi	farsi	固有名詞
fart	fart	固有名詞
farted	farted	固有名詞
farth	farth	固有名詞
farts	farts	固有名詞
fas	fas	固有名詞
fasc	fasc	固有名詞
fasces	fasces	固有名詞
fascet	fascet	固有名詞
fascia	fascia	固有名詞
fascio	fascio	固有名詞
fascis	fascis	固有名詞
fasels	fasels	固有名詞
fash	fash	固有名詞
fashed	fashed	固有名詞
fasher	fasher	固有名詞
fashes	fashes	固有名詞
fasola	fasola	固有名詞
fass	fass	固有名詞
fast	fast	固有名詞
fasted	fasted	固有名詞
fasten	fasten	固有名詞
faster	faster	固有名詞
fasti	fasti	固有名詞
fastly	fastly	固有名詞
fasts	fasts	固有名詞
fastus	fastus	固有名詞
fat	fat	固有名詞
fatal	fatal	固有名詞
fatale	fatale	固有名詞
fatals	fatals	固有名詞
fate	fate	固有名詞
fated	fated	固有名詞
fates	fates	固有名詞
fath	fath	固有名詞
father	father	固有名詞
fathom	fathom	固有名詞
fatiha	fatiha	固有名詞
fatil	fatil	固有名詞
fatima	fatima	固有名詞
fating	fating	固有名詞
fatly	fatly	固有名詞
fator	fator	固有名詞
fats	fats	固有名詞
fatsia	fatsia	固有名詞
fatso	fatso	固有名詞
fatsos	fatsos	固有名詞
fatted	fatted	固有名詞
fatten	fatten	固有名詞
fatter	fatter	固有名詞
fatty	fatty	固有名詞
fatuus	fatuus	固有名詞
fatwa	fatwa	固有名詞
faucal	faucal	固有名詞
fauces	fauces	固有名詞
faucet	faucet	固有名詞
faucre	faucre	固有名詞
faufel	faufel	固有名詞
faugh	faugh	固有名詞
fauld	fauld	固有名詞
faulds	faulds	固有名詞
fault	fault	固有名詞
faults	faults	固有名詞
faulty	faulty	固有名詞
faulx	faulx	固有名詞
faun	faun	固有名詞
fauna	fauna	固有名詞
faunae	faunae	固有名詞
faunal	faunal	固有名詞
faunas	faunas	固有名詞
faunch	faunch	固有名詞
fauns	fauns	固有名詞
faunus	faunus	固有名詞
faurd	faurd	固有名詞
faured	faured	固有名詞
fause	fause	固有名詞
fausen	fausen	固有名詞
faust	faust	固有名詞
faut	faut	固有名詞
faute	faute	固有名詞
fautor	fautor	固有名詞
fauve	fauve	固有名詞
fauves	fauves	固有名詞
faux	faux	固有名詞
favel	favel	固有名詞
favela	favela	固有名詞
favi	favi	固有名詞
favism	favism	固有名詞
favn	favn	固有名詞
favor	favor	固有名詞
favors	favors	固有名詞
favose	favose	固有名詞
favour	favour	固有名詞
favous	favous	固有名詞
favus	favus	固有名詞
fawe	fawe	固有名詞
fawn	fawn	固有名詞
fawned	fawned	固有名詞
fawner	fawner	固有名詞
fawns	fawns	固有名詞
fawny	fawny	固有名詞
fax	fax	固有名詞
faxed	faxed	固有名詞
faxes	faxes	固有名詞
faxing	faxing	固有名詞
fay	fay	固有名詞
fayal	fayal	固有名詞
fayed	fayed	固有名詞
faying	faying	固有名詞
fayles	fayles	固有名詞
fays	fays	固有名詞
faze	faze	固有名詞
fazed	fazed	固有名詞
fazes	fazes	固有名詞
fazing	fazing	固有名詞
fbi	fbi	固有名詞
fchar	fchar	固有名詞
fcomp	fcomp	固有名詞
fconv	fconv	固有名詞
fcp	fcp	固有名詞
fcs	fcs	固有名詞
fcy	fcy	固有名詞
fdname	fdname	固有名詞
fdtype	fdtype	固有名詞
fdub	fdub	固有名詞
fdubs	fdubs	固有名詞
feague	feague	固有名詞
feak	feak	固有名詞
feaked	feaked	固有名詞
feal	feal	固有名詞
fealty	fealty	固有名詞
fear	fear	固有名詞
feared	feared	固有名詞
fearer	fearer	固有名詞
fears	fears	固有名詞
fease	fease	固有名詞
feased	feased	固有名詞
feases	feases	固有名詞
feasor	feasor	固有名詞
feast	feast	固有名詞
feasts	feasts	固有名詞
feat	feat	固有名詞
feater	feater	固有名詞
featly	featly	固有名詞
feats	feats	固有名詞
featy	featy	固有名詞
feaze	feaze	固有名詞
feazed	feazed	固有名詞
feazes	feazes	固有名詞
febres	febres	固有名詞
febris	febris	固有名詞
fec	fec	固有名詞
fecal	fecal	固有名詞
fecche	fecche	固有名詞
feces	feces	固有名詞
fecial	fecial	固有名詞
fecit	fecit	固有名詞
feck	feck	固有名詞
fecket	fecket	固有名詞
feckly	feckly	固有名詞
fecks	fecks	固有名詞
fecula	fecula	固有名詞
fecund	fecund	固有名詞
fed	fed	固有名詞
feddan	feddan	固有名詞
fedia	fedia	固有名詞
fedity	fedity	固有名詞
fedn	fedn	固有名詞
fedora	Fedora	固有名詞
feds	feds	固有名詞
fee	fee	固有名詞
feeb	feeb	固有名詞
feeble	feeble	固有名詞
feebly	feebly	固有名詞
feed	feed	固有名詞
feeded	feeded	固有名詞
feeder	feeder	固有名詞
feeds	feeds	固有名詞
feedy	feedy	固有名詞
feeing	feeing	固有名詞
feel	feel	固有名詞
feeler	feeler	固有名詞
feels	feels	固有名詞
feely	feely	固有名詞
feer	feer	固有名詞
feere	feere	固有名詞
feerie	feerie	固有名詞
fees	fees	固有名詞
feest	feest	固有名詞
feet	feet	固有名詞
feeze	feeze	固有名詞
feezed	feezed	固有名詞
feezes	feezes	固有名詞
feff	feff	固有名詞
fegary	fegary	固有名詞
fegs	fegs	固有名詞
feh	feh	固有名詞
fehmic	fehmic	固有名詞
fei	fei	固有名詞
feif	feif	固有名詞
feign	feign	固有名詞
feigns	feigns	固有名詞
feijoa	feijoa	固有名詞
feil	feil	固有名詞
feint	feint	固有名詞
feints	feints	固有名詞
feirie	feirie	固有名詞
feis	feis	固有名詞
feist	feist	固有名詞
feists	feists	固有名詞
feisty	feisty	固有名詞
fele	fele	固有名詞
felid	felid	固有名詞
felids	felids	固有名詞
feline	feline	固有名詞
felis	felis	固有名詞
felix	felix	固有名詞
fell	fell	固有名詞
fella	fella	固有名詞
fellah	fellah	固有名詞
fellas	fellas	固有名詞
felled	felled	固有名詞
fellen	fellen	固有名詞
feller	feller	固有名詞
fellic	fellic	固有名詞
felloe	felloe	固有名詞
fellon	fellon	固有名詞
fellow	fellow	固有名詞
fells	fells	固有名詞
felly	felly	固有名詞
feloid	feloid	固有名詞
felon	felon	固有名詞
felons	felons	固有名詞
felony	felony	固有名詞
fels	fels	固有名詞
felsic	felsic	固有名詞
felt	felt	固有名詞
felted	felted	固有名詞
felter	felter	固有名詞
felts	felts	固有名詞
felty	felty	固有名詞
felup	felup	固有名詞
fem	fem	固有名詞
female	female	固有名詞
femcee	femcee	固有名詞
feme	feme	固有名詞
femes	femes	固有名詞
femic	femic	固有名詞
femme	femme	固有名詞
femmes	femmes	固有名詞
femora	femora	固有名詞
fempty	fempty	固有名詞
femur	femur	固有名詞
femurs	femurs	固有名詞
fen	fen	固有名詞
fence	fence	固有名詞
fenced	fenced	固有名詞
fencer	fencer	固有名詞
fences	fences	固有名詞
fend	fend	固有名詞
fended	fended	固有名詞
fender	fender	固有名詞
fends	fends	固有名詞
fendy	fendy	固有名詞
fenian	fenian	固有名詞
fenite	fenite	固有名詞
fenks	fenks	固有名詞
fenman	fenman	固有名詞
fenmen	fenmen	固有名詞
fennec	fennec	固有名詞
fennel	fennel	固有名詞
fenner	fenner	固有名詞
fennig	fennig	固有名詞
fenny	fenny	固有名詞
fenrir	fenrir	固有名詞
fens	fens	固有名詞
fent	fent	固有名詞
fenter	fenter	固有名詞
feod	feod	固有名詞
feodal	feodal	固有名詞
feods	feods	固有名詞
feodum	feodum	固有名詞
feoff	feoff	固有名詞
feoffs	feoffs	固有名詞
feower	feower	固有名詞
fer	fer	固有名詞
ferae	ferae	固有名詞
feral	feral	固有名詞
ferash	ferash	固有名詞
ferbam	ferbam	固有名詞
ferd	ferd	固有名詞
fere	fere	固有名詞
feres	feres	固有名詞
ferfel	ferfel	固有名詞
ferfet	ferfet	固有名詞
fergus	fergus	固有名詞
feria	feria	固有名詞
feriae	feriae	固有名詞
ferial	ferial	固有名詞
ferias	ferias	固有名詞
ferie	ferie	固有名詞
ferine	ferine	固有名詞
ferio	ferio	固有名詞
ferity	ferity	固有名詞
ferk	ferk	固有名詞
ferkin	ferkin	固有名詞
ferlie	ferlie	固有名詞
ferly	ferly	固有名詞
fermal	fermal	固有名詞
ferme	ferme	固有名詞
fermi	fermi	固有名詞
fermis	fermis	固有名詞
fern	fern	固有名詞
ferned	ferned	固有名詞
ferns	ferns	固有名詞
ferny	ferny	固有名詞
feroce	feroce	固有名詞
ferous	ferous	固有名詞
ferox	ferox	固有名詞
ferr	ferr	固有名詞
ferrel	ferrel	固有名詞
ferren	ferren	固有名詞
ferrer	ferrer	固有名詞
ferret	ferret	固有名詞
ferri	ferri	固有名詞
ferric	ferric	固有名詞
ferris	ferris	固有名詞
ferrum	ferrum	固有名詞
ferry	ferry	固有名詞
fers	fers	固有名詞
ferter	ferter	固有名詞
ferth	ferth	固有名詞
fertil	fertil	固有名詞
feru	feru	固有名詞
ferula	ferula	固有名詞
ferule	ferule	固有名詞
ferv	ferv	固有名詞
fervid	fervid	固有名詞
fervor	fervor	固有名詞
fesapo	fesapo	固有名詞
fescue	fescue	固有名詞
fesels	fesels	固有名詞
fess	fess	固有名詞
fesse	fesse	固有名詞
fessed	fessed	固有名詞
fesses	fesses	固有名詞
fest	fest	固有名詞
festa	festa	固有名詞
festae	festae	固有名詞
festal	festal	固有名詞
feste	feste	固有名詞
fester	fester	固有名詞
festin	festin	固有名詞
feston	feston	固有名詞
festy	festy	固有名詞
fet	fet	固有名詞
feta	feta	固有名詞
fetal	fetal	固有名詞
fetas	fetas	固有名詞
fetch	fetch	固有名詞
fete	fete	固有名詞
feted	feted	固有名詞
fetes	fetes	固有名詞
fetial	fetial	固有名詞
fetich	fetich	固有名詞
fetid	fetid	固有名詞
feting	feting	固有名詞
fetis	fetis	固有名詞
fetise	fetise	固有名詞
fetish	fetish	固有名詞
fetlow	fetlow	固有名詞
fetor	fetor	固有名詞
fetors	fetors	固有名詞
fets	fets	固有名詞
fetted	fetted	固有名詞
fetter	fetter	固有名詞
fettle	fettle	固有名詞
feture	feture	固有名詞
fetus	fetus	固有名詞
fetwa	fetwa	固有名詞
feu	feu	固有名詞
feuage	feuage	固有名詞
feuar	feuar	固有名詞
feuars	feuars	固有名詞
feucht	feucht	固有名詞
feud	feud	固有名詞
feudal	feudal	固有名詞
feuded	feuded	固有名詞
feudee	feudee	固有名詞
feuder	feuder	固有名詞
feuds	feuds	固有名詞
feudum	feudum	固有名詞
feued	feued	固有名詞
feuing	feuing	固有名詞
feus	feus	固有名詞
feute	feute	固有名詞
feuter	feuter	固有名詞
fever	fever	固有名詞
fevers	fevers	固有名詞
fevery	fevery	固有名詞
few	few	固有名詞
fewer	fewer	固有名詞
fewest	fewest	固有名詞
fewnes	fewnes	固有名詞
fewter	fewter	固有名詞
fey	fey	固有名詞
feyer	feyer	固有名詞
feyest	feyest	固有名詞
fez	fez	固有名詞
fezes	fezes	固有名詞
fezzan	fezzan	固有名詞
fezzed	fezzed	固有名詞
fezzes	fezzes	固有名詞
fezzy	fezzy	固有名詞
ffa	ffa	固有名詞
fgn	fgn	固有名詞
fgrid	fgrid	固有名詞
fhrer	fhrer	固有名詞
fiacre	fiacre	固有名詞
fiador	fiador	固有名詞
fiance	fiance	固有名詞
fianna	fianna	固有名詞
fiant	fiant	固有名詞
fiants	fiants	固有名詞
fiar	fiar	固有名詞
fiard	fiard	固有名詞
fiars	fiars	固有名詞
fiasco	fiasco	固有名詞
fiat	fiat	固有名詞
fiats	fiats	固有名詞
fiaunt	fiaunt	固有名詞
fib	fib	固有名詞
fibbed	fibbed	固有名詞
fibber	fibber	固有名詞
fibdom	fibdom	固有名詞
fiber	fiber	固有名詞
fibers	fibers	固有名詞
fibra	fibra	固有名詞
fibre	fibre	固有名詞
fibred	fibred	固有名詞
fibres	fibres	固有名詞
fibril	fibril	固有名詞
fibrin	fibrin	固有名詞
fibro	fibro	固有名詞
fibry	fibry	固有名詞
fibs	fibs	固有名詞
fibula	fibula	固有名詞
fica	fica	固有名詞
ficary	ficary	固有名詞
ficche	ficche	固有名詞
fice	fice	固有名詞
fices	fices	固有名詞
fichat	fichat	固有名詞
fiche	fiche	固有名詞
fiches	fiches	固有名詞
fichu	fichu	固有名詞
fichus	fichus	固有名詞
ficin	ficin	固有名詞
ficins	ficins	固有名詞
fickle	fickle	固有名詞
fickly	fickly	固有名詞
fico	fico	固有名詞
ficoes	ficoes	固有名詞
ficoid	ficoid	固有名詞
fict	fict	固有名詞
fictil	fictil	固有名詞
fictor	fictor	固有名詞
ficula	ficula	固有名詞
ficus	ficus	固有名詞
fid	fid	固有名詞
fidac	fidac	固有名詞
fidate	fidate	固有名詞
fidawi	fidawi	固有名詞
fidded	fidded	固有名詞
fiddle	fiddle	固有名詞
fiddly	fiddly	固有名詞
fide	fide	固有名詞
fidel	fidel	固有名詞
fidele	fidele	固有名詞
fideos	fideos	固有名詞
fides	fides	固有名詞
fidfad	fidfad	固有名詞
fidge	fidge	固有名詞
fidged	fidged	固有名詞
fidges	fidges	固有名詞
fidget	fidget	固有名詞
fidia	fidia	固有名詞
fidley	fidley	固有名詞
fido	fido	固有名詞
fidos	fidos	固有名詞
fids	fids	固有名詞
fie	fie	固有名詞
fied	fied	固有名詞
fief	fief	固有名詞
fiefs	fiefs	固有名詞
fiel	fiel	固有名詞
field	field	固有名詞
fields	fields	固有名詞
fieldy	fieldy	固有名詞
fiend	fiend	固有名詞
fiends	fiends	固有名詞
fient	fient	固有名詞
fierce	fierce	固有名詞
fieri	fieri	固有名詞
fierte	fierte	固有名詞
fiery	fiery	固有名詞
fiesta	fiesta	固有名詞
fife	fife	固有名詞
fifed	fifed	固有名詞
fifer	fifer	固有名詞
fifers	fifers	固有名詞
fifes	fifes	固有名詞
fifie	fifie	固有名詞
fifing	fifing	固有名詞
fifish	fifish	固有名詞
fifo	fifo	固有名詞
fifth	fifth	固有名詞
fifths	fifths	固有名詞
fifty	fifty	固有名詞
fig	fig	固有名詞
figaro	figaro	固有名詞
figary	figary	固有名詞
figboy	figboy	固有名詞
figent	figent	固有名詞
figged	figged	固有名詞
figgle	figgle	固有名詞
figgum	figgum	固有名詞
figgy	figgy	固有名詞
fight	fight	固有名詞
fights	fights	固有名詞
figma	Figma	固有名詞
figo	figo	固有名詞
figs	figs	固有名詞
figura	figura	固有名詞
figure	figure	固有名詞
figury	figury	固有名詞
fiji	fiji	固有名詞
fijian	fijian	固有名詞
fike	fike	固有名詞
fiked	fiked	固有名詞
fikery	fikery	固有名詞
fikey	fikey	固有名詞
fikh	fikh	固有名詞
fikie	fikie	固有名詞
fiking	fiking	固有名詞
fil	fil	固有名詞
fila	fila	固有名詞
filace	filace	固有名詞
filago	filago	固有名詞
filao	filao	固有名詞
filar	filar	固有名詞
filate	filate	固有名詞
filaze	filaze	固有名詞
filch	filch	固有名詞
file	file	固有名詞
filea	filea	固有名詞
filed	filed	固有名詞
filer	filer	固有名詞
filers	filers	固有名詞
files	files	固有名詞
filet	filet	固有名詞
filets	filets	固有名詞
fili	fili	固有名詞
filial	filial	固有名詞
filii	filii	固有名詞
filing	filing	固有名詞
filite	filite	固有名詞
filius	filius	固有名詞
filix	filix	固有名詞
fill	fill	固有名詞
filla	filla	固有名詞
fille	fille	固有名詞
filled	filled	固有名詞
filler	filler	固有名詞
filles	filles	固有名詞
fillet	fillet	固有名詞
fillip	fillip	固有名詞
fills	fills	固有名詞
filly	filly	固有名詞
film	film	固有名詞
filmed	filmed	固有名詞
filmer	filmer	固有名詞
filmet	filmet	固有名詞
filmic	filmic	固有名詞
films	films	固有名詞
filmy	filmy	固有名詞
filo	filo	固有名詞
filosa	filosa	固有名詞
filose	filose	固有名詞
fils	fils	固有名詞
filt	filt	固有名詞
filter	filter	固有名詞
filth	filth	固有名詞
filths	filths	固有名詞
filthy	filthy	固有名詞
filtre	filtre	固有名詞
filum	filum	固有名詞
fimble	fimble	固有名詞
fin	fin	固有名詞
final	final	固有名詞
finale	finale	固有名詞
finals	finals	固有名詞
finary	finary	固有名詞
finca	finca	固有名詞
fincas	fincas	固有名詞
finch	finch	固有名詞
find	find	固有名詞
findal	findal	固有名詞
finder	finder	固有名詞
findon	findon	固有名詞
finds	finds	固有名詞
findy	findy	固有名詞
fine	fine	固有名詞
fined	fined	固有名詞
fineer	fineer	固有名詞
finely	finely	固有名詞
finer	finer	固有名詞
finery	finery	固有名詞
fines	fines	固有名詞
finest	finest	固有名詞
finew	finew	固有名詞
fingal	fingal	固有名詞
fingan	fingan	固有名詞
finger	finger	固有名詞
fingu	fingu	固有名詞
fini	fini	固有名詞
finial	finial	固有名詞
finick	finick	固有名詞
finify	finify	固有名詞
fining	fining	固有名詞
finis	finis	固有名詞
finish	finish	固有名詞
finite	finite	固有名詞
finity	finity	固有名詞
finjan	finjan	固有名詞
fink	fink	固有名詞
finked	finked	固有名詞
finkel	finkel	固有名詞
finks	finks	固有名詞
finlet	finlet	固有名詞
finn	finn	固有名詞
finnac	finnac	固有名詞
finnan	finnan	固有名詞
finned	finned	固有名詞
finner	finner	固有名詞
finnic	finnic	固有名詞
finnip	finnip	固有名詞
finnoc	finnoc	固有名詞
finns	finns	固有名詞
finny	finny	固有名詞
fino	fino	固有名詞
fins	fins	固有名詞
fiord	fiord	固有名詞
fiords	fiords	固有名詞
fiorin	fiorin	固有名詞
fiot	fiot	固有名詞
fip	fip	固有名詞
fipple	fipple	固有名詞
fiqh	fiqh	固有名詞
fique	fique	固有名詞
fiques	fiques	固有名詞
fir	fir	固有名詞
firca	firca	固有名詞
fire	fire	固有名詞
fired	fired	固有名詞
firefox	Firefox	固有名詞
firer	firer	固有名詞
firers	firers	固有名詞
fires	fires	固有名詞
firing	firing	固有名詞
firk	firk	固有名詞
firked	firked	固有名詞
firker	firker	固有名詞
firkin	firkin	固有名詞
firlot	firlot	固有名詞
firm	firm	固有名詞
firma	firma	固有名詞
firman	firman	固有名詞
firmed	firmed	固有名詞
firmer	firmer	固有名詞
firmly	firmly	固有名詞
firms	firms	固有名詞
firn	firn	固有名詞
firns	firns	固有名詞
firry	firry	固有名詞
firs	firs	固有名詞
first	first	固有名詞
firsts	firsts	固有名詞
firth	firth	固有名詞
firths	firths	固有名詞
firy	firy	固有名詞
fisc	fisc	固有名詞
fiscal	fiscal	固有名詞
fiscs	fiscs	固有名詞
fiscus	fiscus	固有名詞
fise	fise	固有名詞
fish	fish	固有名詞
fished	fished	固有名詞
fisher	fisher	固有名詞
fishes	fishes	固有名詞
fishet	fishet	固有名詞
fishy	fishy	固有名詞
fisk	fisk	固有名詞
fissle	fissle	固有名詞
fist	fist	固有名詞
fisted	fisted	固有名詞
fister	fister	固有名詞
fistic	fistic	固有名詞
fistle	fistle	固有名詞
fists	fists	固有名詞
fisty	fisty	固有名詞
fit	fit	固有名詞
fitch	fitch	固有名詞
fitche	fitche	固有名詞
fitchy	fitchy	固有名詞
fitful	fitful	固有名詞
fitly	fitly	固有名詞
fitout	fitout	固有名詞
fits	fits	固有名詞
fitted	fitted	固有名詞
fitten	fitten	固有名詞
fitter	fitter	固有名詞
fittit	fittit	固有名詞
fitty	fitty	固有名詞
fitz	fitz	固有名詞
fiuman	fiuman	固有名詞
five	five	固有名詞
fiver	fiver	固有名詞
fivers	fivers	固有名詞
fives	fives	固有名詞
fivish	fivish	固有名詞
fix	fix	固有名詞
fixage	fixage	固有名詞
fixate	fixate	固有名詞
fixe	fixe	固有名詞
fixed	fixed	固有名詞
fixer	fixer	固有名詞
fixers	fixers	固有名詞
fixes	fixes	固有名詞
fixgig	fixgig	固有名詞
fixing	fixing	固有名詞
fixion	fixion	固有名詞
fixity	fixity	固有名詞
fixive	fixive	固有名詞
fixt	fixt	固有名詞
fixup	fixup	固有名詞
fixups	fixups	固有名詞
fixure	fixure	固有名詞
fiz	fiz	固有名詞
fizgig	fizgig	固有名詞
fizz	fizz	固有名詞
fizzed	fizzed	固有名詞
fizzer	fizzer	固有名詞
fizzes	fizzes	固有名詞
fizzle	fizzle	固有名詞
fizzy	fizzy	固有名詞
fjeld	fjeld	固有名詞
fjelds	fjelds	固有名詞
fjord	fjord	固有名詞
fjords	fjords	固有名詞
flab	flab	固有名詞
flabby	flabby	固有名詞
flabel	flabel	固有名詞
flabra	flabra	固有名詞
flabs	flabs	固有名詞
flack	flack	固有名詞
flacks	flacks	固有名詞
flacon	flacon	固有名詞
flaff	flaff	固有名詞
flag	flag	固有名詞
flaggy	flaggy	固有名詞
flagon	flagon	固有名詞
flags	flags	固有名詞
flail	flail	固有名詞
flails	flails	固有名詞
flain	flain	固有名詞
flair	flair	固有名詞
flairs	flairs	固有名詞
flaite	flaite	固有名詞
flaith	flaith	固有名詞
flak	flak	固有名詞
flake	flake	固有名詞
flaked	flaked	固有名詞
flaker	flaker	固有名詞
flakes	flakes	固有名詞
flaky	flaky	固有名詞
flam	flam	固有名詞
flamb	flamb	固有名詞
flambe	flambe	固有名詞
flame	flame	固有名詞
flamed	flamed	固有名詞
flamen	flamen	固有名詞
flamer	flamer	固有名詞
flames	flames	固有名詞
flams	flams	固有名詞
flamy	flamy	固有名詞
flan	flan	固有名詞
flanch	flanch	固有名詞
flane	flane	固有名詞
flanes	flanes	固有名詞
flang	flang	固有名詞
flange	flange	固有名詞
flank	flank	固有名詞
flanks	flanks	固有名詞
flanky	flanky	固有名詞
flans	flans	固有名詞
flap	flap	固有名詞
flappy	flappy	固有名詞
flaps	flaps	固有名詞
flare	flare	固有名詞
flared	flared	固有名詞
flarer	flarer	固有名詞
flares	flares	固有名詞
flary	flary	固有名詞
flaser	flaser	固有名詞
flash	flash	固有名詞
flashy	flashy	固有名詞
flask	Flask	固有名詞
flasks	flasks	固有名詞
flat	flat	固有名詞
flated	flated	固有名詞
flathe	flathe	固有名詞
flatly	flatly	固有名詞
flats	flats	固有名詞
flatus	flatus	固有名詞
flaunt	flaunt	固有名詞
flauto	flauto	固有名詞
flav	flav	固有名詞
flavia	flavia	固有名詞
flavic	flavic	固有名詞
flavid	flavid	固有名詞
flavin	flavin	固有名詞
flavo	flavo	固有名詞
flavor	flavor	固有名詞
flaw	flaw	固有名詞
flawed	flawed	固有名詞
flawn	flawn	固有名詞
flaws	flaws	固有名詞
flawy	flawy	固有名詞
flax	flax	固有名詞
flaxen	flaxen	固有名詞
flaxes	flaxes	固有名詞
flaxy	flaxy	固有名詞
flay	flay	固有名詞
flayed	flayed	固有名詞
flayer	flayer	固有名詞
flays	flays	固有名詞
flb	flb	固有名詞
flche	flche	固有名詞
fld	fld	固有名詞
fldxt	fldxt	固有名詞
flea	flea	固有名詞
fleak	fleak	固有名詞
fleam	fleam	固有名詞
fleams	fleams	固有名詞
fleamy	fleamy	固有名詞
flear	flear	固有名詞
fleas	fleas	固有名詞
fleay	fleay	固有名詞
fleche	fleche	固有名詞
fleck	fleck	固有名詞
flecks	flecks	固有名詞
flecky	flecky	固有名詞
flect	flect	固有名詞
fled	fled	固有名詞
fledge	fledge	固有名詞
fledgy	fledgy	固有名詞
flee	flee	固有名詞
fleece	fleece	固有名詞
fleech	fleech	固有名詞
fleecy	fleecy	固有名詞
fleer	fleer	固有名詞
fleers	fleers	固有名詞
flees	flees	固有名詞
fleet	fleet	固有名詞
fleets	fleets	固有名詞
flegm	flegm	固有名詞
fleing	fleing	固有名詞
flem	flem	固有名詞
fleme	fleme	固有名詞
flemer	flemer	固有名詞
flench	flench	固有名詞
flense	flense	固有名詞
flerry	flerry	固有名詞
flesh	flesh	固有名詞
fleshy	fleshy	固有名詞
flet	flet	固有名詞
fleta	fleta	固有名詞
fletch	fletch	固有名詞
fleur	fleur	固有名詞
fleury	fleury	固有名詞
flew	flew	固有名詞
flewed	flewed	固有名詞
flewit	flewit	固有名詞
flews	flews	固有名詞
flex	flex	固有名詞
flexed	flexed	固有名詞
flexes	flexes	固有名詞
flexo	flexo	固有名詞
flexor	flexor	固有名詞
fley	fley	固有名詞
fleyed	fleyed	固有名詞
fleys	fleys	固有名詞
flic	flic	固有名詞
flick	flick	固有名詞
flicks	flicks	固有名詞
flicky	flicky	固有名詞
flics	flics	固有名詞
flidge	flidge	固有名詞
flied	flied	固有名詞
flier	flier	固有名詞
fliers	fliers	固有名詞
flies	flies	固有名詞
fliest	fliest	固有名詞
flight	flight	固有名詞
flimp	flimp	固有名詞
flimsy	flimsy	固有名詞
flinch	flinch	固有名詞
fling	fling	固有名詞
flings	flings	固有名詞
flingy	flingy	固有名詞
flint	flint	固有名詞
flints	flints	固有名詞
flinty	flinty	固有名詞
flioma	flioma	固有名詞
flip	flip	固有名詞
flipe	flipe	固有名詞
fliped	fliped	固有名詞
flips	flips	固有名詞
flirt	flirt	固有名詞
flirts	flirts	固有名詞
flirty	flirty	固有名詞
flisk	flisk	固有名詞
flisky	flisky	固有名詞
flit	flit	固有名詞
flitch	flitch	固有名詞
flite	flite	固有名詞
flited	flited	固有名詞
flites	flites	固有名詞
flits	flits	固有名詞
flitty	flitty	固有名詞
flix	flix	固有名詞
fll	fll	固有名詞
flneur	flneur	固有名詞
flo	flo	固有名詞
fload	fload	固有名詞
float	float	固有名詞
floats	floats	固有名詞
floaty	floaty	固有名詞
flob	flob	固有名詞
flobby	flobby	固有名詞
floc	floc	固有名詞
flocci	flocci	固有名詞
flock	flock	固有名詞
flocks	flocks	固有名詞
flocky	flocky	固有名詞
flocs	flocs	固有名詞
flodge	flodge	固有名詞
floe	floe	固有名詞
floes	floes	固有名詞
floey	floey	固有名詞
flog	flog	固有名詞
flogs	flogs	固有名詞
floit	floit	固有名詞
flon	flon	固有名詞
flong	flong	固有名詞
flongs	flongs	固有名詞
flood	flood	固有名詞
floods	floods	固有名詞
floody	floody	固有名詞
flooey	flooey	固有名詞
flook	flook	固有名詞
floor	floor	固有名詞
floors	floors	固有名詞
floosy	floosy	固有名詞
floozy	floozy	固有名詞
flop	flop	固有名詞
floppy	floppy	固有名詞
flops	flops	固有名詞
flor	flor	固有名詞
flora	flora	固有名詞
florae	florae	固有名詞
floral	floral	固有名詞
floran	floran	固有名詞
floras	floras	固有名詞
flores	flores	固有名詞
floret	floret	固有名詞
floria	floria	固有名詞
florid	florid	固有名詞
florin	florin	固有名詞
flory	flory	固有名詞
flosh	flosh	固有名詞
floss	floss	固有名詞
flossa	flossa	固有名詞
flossy	flossy	固有名詞
flot	flot	固有名詞
flota	flota	固有名詞
flotas	flotas	固有名詞
flote	flote	固有名詞
floter	floter	固有名詞
flots	flots	固有名詞
flour	flour	固有名詞
flours	flours	固有名詞
floury	floury	固有名詞
flouse	flouse	固有名詞
floush	floush	固有名詞
flout	flout	固有名詞
flouts	flouts	固有名詞
flow	flow	固有名詞
flowe	flowe	固有名詞
flowed	flowed	固有名詞
flower	flower	固有名詞
flowk	flowk	固有名詞
flown	flown	固有名詞
flows	flows	固有名詞
floyd	floyd	固有名詞
floyt	floyt	固有名詞
flrie	flrie	固有名詞
flu	flu	固有名詞
fluate	fluate	固有名詞
flub	flub	固有名詞
flubs	flubs	固有名詞
flucan	flucan	固有名詞
flue	flue	固有名詞
flued	flued	固有名詞
fluent	fluent	固有名詞
fluer	fluer	固有名詞
flues	flues	固有名詞
fluey	fluey	固有名詞
fluff	fluff	固有名詞
fluffs	fluffs	固有名詞
fluffy	fluffy	固有名詞
flugel	flugel	固有名詞
fluid	fluid	固有名詞
fluids	fluids	固有名詞
fluing	fluing	固有名詞
fluke	fluke	固有名詞
fluked	fluked	固有名詞
flukes	flukes	固有名詞
flukey	flukey	固有名詞
fluky	fluky	固有名詞
flume	flume	固有名詞
flumed	flumed	固有名詞
flumes	flumes	固有名詞
flump	flump	固有名詞
flumps	flumps	固有名詞
flung	flung	固有名詞
flunk	flunk	固有名詞
flunks	flunks	固有名詞
flunky	flunky	固有名詞
fluor	fluor	固有名詞
fluors	fluors	固有名詞
flurn	flurn	固有名詞
flurr	flurr	固有名詞
flurry	flurry	固有名詞
flurt	flurt	固有名詞
flus	flus	固有名詞
flush	flush	固有名詞
flushy	flushy	固有名詞
flusk	flusk	固有名詞
flute	flute	固有名詞
fluted	fluted	固有名詞
fluter	fluter	固有名詞
flutes	flutes	固有名詞
flutey	flutey	固有名詞
fluty	fluty	固有名詞
fluvio	fluvio	固有名詞
flux	flux	固有名詞
fluxed	fluxed	固有名詞
fluxer	fluxer	固有名詞
fluxes	fluxes	固有名詞
fluyt	fluyt	固有名詞
fluyts	fluyts	固有名詞
fly	fly	固有名詞
flyboy	flyboy	固有名詞
flyby	flyby	固有名詞
flybys	flybys	固有名詞
flyer	flyer	固有名詞
flyers	flyers	固有名詞
flying	flying	固有名詞
flyman	flyman	固有名詞
flymen	flymen	固有名詞
flyoff	flyoff	固有名詞
flype	flype	固有名詞
flysch	flysch	固有名詞
flyte	flyte	固有名詞
flyted	flyted	固有名詞
flytes	flytes	固有名詞
flyway	flyway	固有名詞
fmt	fmt	固有名詞
fname	fname	固有名詞
fnese	fnese	固有名詞
foal	foal	固有名詞
foaled	foaled	固有名詞
foals	foals	固有名詞
foaly	foaly	固有名詞
foam	foam	固有名詞
foamed	foamed	固有名詞
foamer	foamer	固有名詞
foams	foams	固有名詞
foamy	foamy	固有名詞
fob	fob	固有名詞
fobbed	fobbed	固有名詞
fobs	fobs	固有名詞
focal	focal	固有名詞
foci	foci	固有名詞
fockle	fockle	固有名詞
focsle	focsle	固有名詞
focus	focus	固有名詞
fod	fod	固有名詞
fodda	fodda	固有名詞
fodder	fodder	固有名詞
foder	foder	固有名詞
fodge	fodge	固有名詞
fodgel	fodgel	固有名詞
foe	foe	固有名詞
foehn	foehn	固有名詞
foehns	foehns	固有名詞
foeish	foeish	固有名詞
foeman	foeman	固有名詞
foemen	foemen	固有名詞
foes	foes	固有名詞
foetal	foetal	固有名詞
foeti	foeti	固有名詞
foetid	foetid	固有名詞
foetor	foetor	固有名詞
foetus	foetus	固有名詞
fog	fog	固有名詞
fogas	fogas	固有名詞
fogbow	fogbow	固有名詞
fogdog	fogdog	固有名詞
fogdom	fogdom	固有名詞
foge	foge	固有名詞
fogey	fogey	固有名詞
fogeys	fogeys	固有名詞
fogged	fogged	固有名詞
fogger	fogger	固有名詞
foggy	foggy	固有名詞
fogie	fogie	固有名詞
fogies	fogies	固有名詞
fogle	fogle	固有名詞
fogman	fogman	固有名詞
fogmen	fogmen	固有名詞
fogo	fogo	固有名詞
fogon	fogon	固有名詞
fogou	fogou	固有名詞
fogram	fogram	固有名詞
fogrum	fogrum	固有名詞
fogs	fogs	固有名詞
fogus	fogus	固有名詞
fogy	fogy	固有名詞
foh	foh	固有名詞
fohat	fohat	固有名詞
fohn	fohn	固有名詞
fohns	fohns	固有名詞
foible	foible	固有名詞
foil	foil	固有名詞
foiled	foiled	固有名詞
foiler	foiler	固有名詞
foils	foils	固有名詞
foin	foin	固有名詞
foined	foined	固有名詞
foins	foins	固有名詞
foism	foism	固有名詞
foison	foison	固有名詞
foist	foist	固有名詞
foists	foists	固有名詞
foisty	foisty	固有名詞
foiter	foiter	固有名詞
fokker	fokker	固有名詞
fol	fol	固有名詞
folate	folate	固有名詞
fold	fold	固有名詞
folded	folded	固有名詞
folden	folden	固有名詞
folder	folder	固有名詞
folds	folds	固有名詞
foldy	foldy	固有名詞
fole	fole	固有名詞
foleye	foleye	固有名詞
folia	folia	固有名詞
folial	folial	固有名詞
foliar	foliar	固有名詞
folic	folic	固有名詞
folie	folie	固有名詞
folies	folies	固有名詞
folily	folily	固有名詞
folio	folio	固有名詞
folios	folios	固有名詞
foliot	foliot	固有名詞
folium	folium	固有名詞
folk	folk	固有名詞
folks	folks	固有名詞
folksy	folksy	固有名詞
folky	folky	固有名詞
foll	foll	固有名詞
foller	foller	固有名詞
folles	folles	固有名詞
follis	follis	固有名詞
follow	follow	固有名詞
folly	folly	固有名詞
folsom	folsom	固有名詞
foment	foment	固有名詞
fomes	fomes	固有名詞
fon	fon	固有名詞
fond	fond	固有名詞
fondak	fondak	固有名詞
fonded	fonded	固有名詞
fonder	fonder	固有名詞
fondle	fondle	固有名詞
fondly	fondly	固有名詞
fondon	fondon	固有名詞
fonds	fonds	固有名詞
fondu	fondu	固有名詞
fondue	fondue	固有名詞
fonduk	fonduk	固有名詞
fondus	fondus	固有名詞
fone	fone	固有名詞
fonly	fonly	固有名詞
fono	fono	固有名詞
fons	fons	固有名詞
font	font	固有名詞
fontal	fontal	固有名詞
fonted	fonted	固有名詞
fontes	fontes	固有名詞
fonts	fonts	固有名詞
foo	foo	固有名詞
foobar	foobar	固有名詞
food	food	固有名詞
fooder	fooder	固有名詞
foods	foods	固有名詞
foody	foody	固有名詞
fool	fool	固有名詞
fooled	fooled	固有名詞
fooler	fooler	固有名詞
fools	fools	固有名詞
fooner	fooner	固有名詞
foot	foot	固有名詞
footed	footed	固有名詞
footer	footer	固有名詞
footie	footie	固有名詞
footle	footle	固有名詞
foots	foots	固有名詞
footsy	footsy	固有名詞
footy	footy	固有名詞
foozle	foozle	固有名詞
fop	fop	固有名詞
fopped	fopped	固有名詞
foppy	foppy	固有名詞
fops	fops	固有名詞
for	for	固有名詞
fora	fora	固有名詞
forage	forage	固有名詞
foram	foram	固有名詞
forams	forams	固有名詞
forane	forane	固有名詞
foray	foray	固有名詞
forays	forays	固有名詞
forb	forb	固有名詞
forbad	forbad	固有名詞
forbar	forbar	固有名詞
forbid	forbid	固有名詞
forbit	forbit	固有名詞
forbow	forbow	固有名詞
forbs	forbs	固有名詞
forby	forby	固有名詞
forbye	forbye	固有名詞
forcat	forcat	固有名詞
force	force	固有名詞
forced	forced	固有名詞
forcer	forcer	固有名詞
forces	forces	固有名詞
forcet	forcet	固有名詞
forche	forche	固有名詞
forcut	forcut	固有名詞
forcy	forcy	固有名詞
ford	ford	固有名詞
fordam	fordam	固有名詞
forded	forded	固有名詞
fordid	fordid	固有名詞
fordo	fordo	固有名詞
fords	fords	固有名詞
fordy	fordy	固有名詞
fore	fore	固有名詞
foreby	foreby	固有名詞
foredo	foredo	固有名詞
forego	forego	固有名詞
forel	forel	固有名詞
fores	fores	固有名詞
forest	forest	固有名詞
foret	foret	固有名詞
forex	forex	固有名詞
forfar	forfar	固有名詞
forfex	forfex	固有名詞
forfit	forfit	固有名詞
forgab	forgab	固有名詞
forgat	forgat	固有名詞
forge	forge	固有名詞
forged	forged	固有名詞
forger	forger	固有名詞
forges	forges	固有名詞
forget	forget	固有名詞
forgie	forgie	固有名詞
forgo	forgo	固有名詞
forgot	forgot	固有名詞
forhoo	forhoo	固有名詞
forhow	forhow	固有名詞
forint	forint	固有名詞
fork	fork	固有名詞
forked	forked	固有名詞
forker	forker	固有名詞
forks	forks	固有名詞
forky	forky	固有名詞
forlay	forlay	固有名詞
forlet	forlet	固有名詞
forlie	forlie	固有名詞
form	form	固有名詞
forma	forma	固有名詞
formal	formal	固有名詞
format	format	固有名詞
formby	formby	固有名詞
forme	forme	固有名詞
formed	formed	固有名詞
formee	formee	固有名詞
formel	formel	固有名詞
former	former	固有名詞
formes	formes	固有名詞
formic	formic	固有名詞
formin	formin	固有名詞
formly	formly	固有名詞
formol	formol	固有名詞
forms	forms	固有名詞
formy	formy	固有名詞
formyl	formyl	固有名詞
fornax	fornax	固有名詞
fornix	fornix	固有名詞
forold	forold	固有名詞
forpet	forpet	固有名詞
forpit	forpit	固有名詞
forra	forra	固有名詞
forrad	forrad	固有名詞
forrel	forrel	固有名詞
forril	forril	固有名詞
forrit	forrit	固有名詞
forrue	forrue	固有名詞
forsar	forsar	固有名詞
forsay	forsay	固有名詞
forsee	forsee	固有名詞
forset	forset	固有名詞
forst	forst	固有名詞
fort	fort	固有名詞
forte	forte	固有名詞
fortes	fortes	固有名詞
forth	forth	固有名詞
forthy	forthy	固有名詞
fortin	fortin	固有名詞
fortis	fortis	固有名詞
forts	forts	固有名詞
forty	forty	固有名詞
forum	forum	固有名詞
forums	forums	固有名詞
forvay	forvay	固有名詞
forwhy	forwhy	固有名詞
forz	forz	固有名詞
fosh	fosh	固有名詞
fosie	fosie	固有名詞
fosite	fosite	固有名詞
foss	foss	固有名詞
fossa	fossa	固有名詞
fossae	fossae	固有名詞
fosse	fosse	固有名詞
fossed	fossed	固有名詞
fosses	fosses	固有名詞
fosset	fosset	固有名詞
fossil	fossil	固有名詞
fossor	fossor	固有名詞
foster	foster	固有名詞
fot	fot	固有名詞
fotch	fotch	固有名詞
fother	fother	固有名詞
fotive	fotive	固有名詞
fotmal	fotmal	固有名詞
fotui	fotui	固有名詞
fou	fou	固有名詞
foud	foud	固有名詞
fouett	fouett	固有名詞
fought	fought	固有名詞
fougue	fougue	固有名詞
foul	foul	固有名詞
fouled	fouled	固有名詞
fouler	fouler	固有名詞
foully	foully	固有名詞
fouls	fouls	固有名詞
foun	foun	固有名詞
founce	founce	固有名詞
found	found	固有名詞
founds	founds	固有名詞
fount	fount	固有名詞
founte	founte	固有名詞
founts	founts	固有名詞
four	four	固有名詞
fourb	fourb	固有名詞
fourer	fourer	固有名詞
fourre	fourre	固有名詞
fours	fours	固有名詞
fourth	fourth	固有名詞
foussa	foussa	固有名詞
foute	foute	固有名詞
fouter	fouter	固有名詞
fouth	fouth	固有名詞
foutra	foutra	固有名詞
foutre	foutre	固有名詞
fouty	fouty	固有名詞
fovea	fovea	固有名詞
foveae	foveae	固有名詞
foveal	foveal	固有名詞
fovent	fovent	固有名詞
fow	fow	固有名詞
fowage	fowage	固有名詞
fowent	fowent	固有名詞
fowk	fowk	固有名詞
fowl	fowl	固有名詞
fowled	fowled	固有名詞
fowler	fowler	固有名詞
fowls	fowls	固有名詞
fox	fox	固有名詞
foxed	foxed	固有名詞
foxer	foxer	固有名詞
foxery	foxery	固有名詞
foxes	foxes	固有名詞
foxie	foxie	固有名詞
foxier	foxier	固有名詞
foxily	foxily	固有名詞
foxing	foxing	固有名詞
foxish	foxish	固有名詞
foxite	foxite	固有名詞
foxly	foxly	固有名詞
foxy	foxy	固有名詞
foy	foy	固有名詞
foyer	foyer	固有名詞
foyers	foyers	固有名詞
foys	foys	固有名詞
foysen	foysen	固有名詞
fozier	fozier	固有名詞
fozy	fozy	固有名詞
fplot	fplot	固有名詞
fpm	fpm	固有名詞
fps	fps	固有名詞
fpsps	fpsps	固有名詞
fra	fra	固有名詞
frab	frab	固有名詞
fracas	fracas	固有名詞
frache	frache	固有名詞
fracid	fracid	固有名詞
frack	frack	固有名詞
fract	fract	固有名詞
frae	frae	固有名詞
fraela	fraela	固有名詞
fraena	fraena	固有名詞
frag	frag	固有名詞
fragor	fragor	固有名詞
frags	frags	固有名詞
fraid	fraid	固有名詞
fraik	fraik	固有名詞
frail	frail	固有名詞
fraile	fraile	固有名詞
frails	frails	固有名詞
fraise	fraise	固有名詞
fraist	fraist	固有名詞
fraken	fraken	固有名詞
fram	fram	固有名詞
frame	frame	固有名詞
framea	framea	固有名詞
framed	framed	固有名詞
framer	framer	固有名詞
frames	frames	固有名詞
franc	franc	固有名詞
franca	franca	固有名詞
france	france	固有名詞
franco	franco	固有名詞
francs	francs	固有名詞
frangi	frangi	固有名詞
frank	frank	固有名詞
franks	franks	固有名詞
franz	franz	固有名詞
franzy	franzy	固有名詞
frap	frap	固有名詞
frape	frape	固有名詞
fraple	fraple	固有名詞
frapp	frapp	固有名詞
frappe	frappe	固有名詞
fraps	fraps	固有名詞
frary	frary	固有名詞
frasco	frasco	固有名詞
frase	frase	固有名詞
fraser	fraser	固有名詞
frass	frass	固有名詞
frasse	frasse	固有名詞
frat	frat	固有名詞
fratch	fratch	固有名詞
frate	frate	固有名詞
frater	frater	固有名詞
fratry	fratry	固有名詞
frats	frats	固有名詞
frau	frau	固有名詞
fraud	fraud	固有名詞
frauds	frauds	固有名詞
frauen	frauen	固有名詞
fraus	fraus	固有名詞
frawn	frawn	固有名詞
fraxin	fraxin	固有名詞
fray	fray	固有名詞
frayed	frayed	固有名詞
frayn	frayn	固有名詞
frayne	frayne	固有名詞
frays	frays	固有名詞
fraze	fraze	固有名詞
frazed	frazed	固有名詞
frazer	frazer	固有名詞
frazil	frazil	固有名詞
frden	frden	固有名詞
freak	freak	固有名詞
freaks	freaks	固有名詞
freaky	freaky	固有名詞
fream	fream	固有名詞
freath	freath	固有名詞
freck	freck	固有名詞
fred	fred	固有名詞
freddo	freddo	固有名詞
freddy	freddy	固有名詞
free	free	固有名詞
freeby	freeby	固有名詞
freed	freed	固有名詞
freefd	freefd	固有名詞
freely	freely	固有名詞
freen	freen	固有名詞
freend	freend	固有名詞
freer	freer	固有名詞
freers	freers	固有名詞
frees	frees	固有名詞
freesp	freesp	固有名詞
freest	freest	固有名詞
freet	freet	固有名詞
freety	freety	固有名詞
freeze	freeze	固有名詞
freezy	freezy	固有名詞
fregit	fregit	固有名詞
freijo	freijo	固有名詞
freir	freir	固有名詞
freit	freit	固有名詞
freith	freith	固有名詞
freity	freity	固有名詞
fremd	fremd	固有名詞
fremt	fremt	固有名詞
fren	fren	固有名詞
frena	frena	固有名詞
frenal	frenal	固有名詞
french	french	固有名詞
frenne	frenne	固有名詞
frenum	frenum	固有名詞
frenzy	frenzy	固有名詞
freon	freon	固有名詞
freq	freq	固有名詞
frere	frere	固有名詞
freres	freres	固有名詞
fresco	fresco	固有名詞
fresh	fresh	固有名詞
fresne	fresne	固有名詞
fresno	fresno	固有名詞
fress	fress	固有名詞
fret	fret	固有名詞
frets	frets	固有名詞
frett	frett	固有名詞
frette	frette	固有名詞
fretty	fretty	固有名詞
fretum	fretum	固有名詞
freud	freud	固有名詞
frey	frey	固有名詞
freya	freya	固有名詞
freyja	freyja	固有名詞
freyr	freyr	固有名詞
friand	friand	固有名詞
friar	friar	固有名詞
friars	friars	固有名詞
friary	friary	固有名詞
frib	frib	固有名詞
fribby	fribby	固有名詞
fricti	fricti	固有名詞
friday	friday	固有名詞
fridge	fridge	固有名詞
fried	fried	固有名詞
frieda	frieda	固有名詞
friend	friend	固有名詞
frier	frier	固有名詞
friers	friers	固有名詞
fries	fries	固有名詞
friese	friese	固有名詞
frieze	frieze	固有名詞
friezy	friezy	固有名詞
frig	frig	固有名詞
frigga	frigga	固有名詞
fright	fright	固有名詞
frigid	frigid	固有名詞
frigor	frigor	固有名詞
frigs	frigs	固有名詞
frija	frija	固有名詞
frijol	frijol	固有名詞
frike	frike	固有名詞
frilal	frilal	固有名詞
frill	frill	固有名詞
frills	frills	固有名詞
frilly	frilly	固有名詞
frim	frim	固有名詞
fringe	fringe	固有名詞
fringy	fringy	固有名詞
fris	fris	固有名詞
frisca	frisca	固有名詞
frisch	frisch	固有名詞
frisco	frisco	固有名詞
frise	frise	固有名詞
frises	frises	固有名詞
frisii	frisii	固有名詞
frisk	frisk	固有名詞
frisks	frisks	固有名詞
frisky	frisky	固有名詞
frison	frison	固有名詞
friss	friss	固有名詞
frist	frist	固有名詞
frit	frit	固有名詞
frith	frith	固有名詞
friths	friths	固有名詞
frithy	frithy	固有名詞
frits	frits	固有名詞
fritt	fritt	固有名詞
fritts	fritts	固有名詞
fritz	fritz	固有名詞
frivol	frivol	固有名詞
friz	friz	固有名詞
frize	frize	固有名詞
frized	frized	固有名詞
frizel	frizel	固有名詞
frizer	frizer	固有名詞
frizes	frizes	固有名詞
frizz	frizz	固有名詞
frizzy	frizzy	固有名詞
fro	fro	固有名詞
frock	frock	固有名詞
frocks	frocks	固有名詞
froe	froe	固有名詞
froes	froes	固有名詞
frog	frog	固有名詞
froggy	froggy	固有名詞
frogs	frogs	固有名詞
froise	froise	固有名詞
frokin	frokin	固有名詞
frolic	frolic	固有名詞
from	from	固有名詞
frond	frond	固有名詞
fronde	fronde	固有名詞
fronds	fronds	固有名詞
frons	frons	固有名詞
front	front	固有名詞
fronts	fronts	固有名詞
froom	froom	固有名詞
frore	frore	固有名詞
froren	froren	固有名詞
frory	frory	固有名詞
frosh	frosh	固有名詞
frosk	frosk	固有名詞
frost	frost	固有名詞
frosts	frosts	固有名詞
frosty	frosty	固有名詞
frot	frot	固有名詞
froth	froth	固有名詞
frothi	frothi	固有名詞
froths	froths	固有名詞
frothy	frothy	固有名詞
frough	frough	固有名詞
froust	froust	固有名詞
frousy	frousy	固有名詞
frouze	frouze	固有名詞
frouzy	frouzy	固有名詞
frow	frow	固有名詞
frower	frower	固有名詞
frowl	frowl	固有名詞
frown	frown	固有名詞
frowns	frowns	固有名詞
frowny	frowny	固有名詞
frows	frows	固有名詞
frowst	frowst	固有名詞
frowsy	frowsy	固有名詞
frowy	frowy	固有名詞
frowze	frowze	固有名詞
frowzy	frowzy	固有名詞
froze	froze	固有名詞
frozen	frozen	固有名詞
frs	frs	固有名詞
frt	frt	固有名詞
frug	frug	固有名詞
frugal	frugal	固有名詞
frugs	frugs	固有名詞
fruit	fruit	固有名詞
fruits	fruits	固有名詞
fruity	fruity	固有名詞
frump	frump	固有名詞
frumps	frumps	固有名詞
frumpy	frumpy	固有名詞
frush	frush	固有名詞
frusla	frusla	固有名詞
frust	frust	固有名詞
frusta	frusta	固有名詞
frutex	frutex	固有名詞
fruz	fruz	固有名詞
frwy	frwy	固有名詞
fry	fry	固有名詞
fryer	fryer	固有名詞
fryers	fryers	固有名詞
frying	frying	固有名詞
frypan	frypan	固有名詞
fsiest	fsiest	固有名詞
fstore	fstore	固有名詞
fth	fth	固有名詞
fthm	fthm	固有名詞
ftncmd	ftncmd	固有名詞
ftnerr	ftnerr	固有名詞
fuage	fuage	固有名詞
fub	fub	固有名詞
fubbed	fubbed	固有名詞
fubby	fubby	固有名詞
fubs	fubs	固有名詞
fubsy	fubsy	固有名詞
fucate	fucate	固有名詞
fuchi	fuchi	固有名詞
fuci	fuci	固有名詞
fuck	fuck	固有名詞
fucked	fucked	固有名詞
fucker	fucker	固有名詞
fucks	fucks	固有名詞
fucoid	fucoid	固有名詞
fucose	fucose	固有名詞
fucous	fucous	固有名詞
fucus	fucus	固有名詞
fud	fud	固有名詞
fudder	fudder	固有名詞
fuddle	fuddle	固有名詞
fuder	fuder	固有名詞
fudge	fudge	固有名詞
fudged	fudged	固有名詞
fudger	fudger	固有名詞
fudges	fudges	固有名詞
fudgy	fudgy	固有名詞
fuds	fuds	固有名詞
fuel	fuel	固有名詞
fueled	fueled	固有名詞
fueler	fueler	固有名詞
fuels	fuels	固有名詞
fuerte	fuerte	固有名詞
fuff	fuff	固有名詞
fuffit	fuffit	固有名詞
fuffle	fuffle	固有名詞
fuffy	fuffy	固有名詞
fug	fug	固有名詞
fugacy	fugacy	固有名詞
fugal	fugal	固有名詞
fugara	fugara	固有名詞
fugard	fugard	固有名詞
fugate	fugate	固有名詞
fugato	fugato	固有名詞
fugged	fugged	固有名詞
fuggy	fuggy	固有名詞
fugie	fugie	固有名詞
fugio	fugio	固有名詞
fugios	fugios	固有名詞
fugit	fugit	固有名詞
fugle	fugle	固有名詞
fugled	fugled	固有名詞
fugler	fugler	固有名詞
fugles	fugles	固有名詞
fugs	fugs	固有名詞
fugu	fugu	固有名詞
fugue	fugue	固有名詞
fugued	fugued	固有名詞
fugues	fugues	固有名詞
fuhrer	fuhrer	固有名詞
fuji	fuji	固有名詞
fujis	fujis	固有名詞
fula	fula	固有名詞
fulah	fulah	固有名詞
fulani	fulani	固有名詞
fulcra	fulcra	固有名詞
fulfil	fulfil	固有名詞
fulful	fulful	固有名詞
fulgid	fulgid	固有名詞
fulgor	fulgor	固有名詞
fulgur	fulgur	固有名詞
fulham	fulham	固有名詞
fulica	fulica	固有名詞
fuligo	fuligo	固有名詞
fulk	fulk	固有名詞
full	full	固有名詞
fullam	fullam	固有名詞
fulldo	fulldo	固有名詞
fulled	fulled	固有名詞
fuller	fuller	固有名詞
fullom	fullom	固有名詞
fulls	fulls	固有名詞
fully	fully	固有名詞
fulmar	fulmar	固有名詞
fulmen	fulmen	固有名詞
fulth	fulth	固有名詞
fultz	fultz	固有名詞
fulup	fulup	固有名詞
fulvid	fulvid	固有名詞
fulwa	fulwa	固有名詞
fulyie	fulyie	固有名詞
fulzie	fulzie	固有名詞
fum	fum	固有名詞
fumade	fumade	固有名詞
fumado	fumado	固有名詞
fumage	fumage	固有名詞
fumago	fumago	固有名詞
fumant	fumant	固有名詞
fumble	fumble	固有名詞
fume	fume	固有名詞
fumed	fumed	固有名詞
fumer	fumer	固有名詞
fumers	fumers	固有名詞
fumes	fumes	固有名詞
fumet	fumet	固有名詞
fumets	fumets	固有名詞
fumid	fumid	固有名詞
fumier	fumier	固有名詞
fumify	fumify	固有名詞
fumily	fumily	固有名詞
fuming	fuming	固有名詞
fumish	fumish	固有名詞
fummel	fummel	固有名詞
fummle	fummle	固有名詞
fumose	fumose	固有名詞
fumous	fumous	固有名詞
fumuli	fumuli	固有名詞
fumy	fumy	固有名詞
fun	fun	固有名詞
funbre	funbre	固有名詞
fund	fund	固有名詞
fundal	fundal	固有名詞
funded	funded	固有名詞
funder	funder	固有名詞
fundi	fundi	固有名詞
fundic	fundic	固有名詞
funds	funds	固有名詞
fundus	fundus	固有名詞
funest	funest	固有名詞
fungal	fungal	固有名詞
funge	funge	固有名詞
fungi	fungi	固有名詞
fungia	fungia	固有名詞
fungic	fungic	固有名詞
fungid	fungid	固有名詞
fungin	fungin	固有名詞
fungo	fungo	固有名詞
fungus	fungus	固有名詞
funic	funic	固有名詞
funis	funis	固有名詞
funje	funje	固有名詞
funk	funk	固有名詞
funked	funked	固有名詞
funker	funker	固有名詞
funkia	funkia	固有名詞
funks	funks	固有名詞
funky	funky	固有名詞
funli	funli	固有名詞
funned	funned	固有名詞
funnel	funnel	固有名詞
funny	funny	固有名詞
funori	funori	固有名詞
funs	funs	固有名詞
funt	funt	固有名詞
fur	fur	固有名詞
fural	fural	固有名詞
furan	furan	固有名詞
furane	furane	固有名詞
furans	furans	固有名詞
furca	furca	固有名詞
furcae	furcae	固有名詞
furcal	furcal	固有名詞
furdel	furdel	固有名詞
furdle	furdle	固有名詞
furfur	furfur	固有名詞
furial	furial	固有名詞
furied	furied	固有名詞
furies	furies	固有名詞
furify	furify	固有名詞
furil	furil	固有名詞
furile	furile	固有名詞
furl	furl	固有名詞
furlan	furlan	固有名詞
furled	furled	固有名詞
furler	furler	固有名詞
furls	furls	固有名詞
furner	furner	固有名詞
furnit	furnit	固有名詞
furoic	furoic	固有名詞
furoid	furoid	固有名詞
furoin	furoin	固有名詞
furole	furole	固有名詞
furor	furor	固有名詞
furore	furore	固有名詞
furors	furors	固有名詞
furphy	furphy	固有名詞
furred	furred	固有名詞
furrow	furrow	固有名詞
furry	furry	固有名詞
furs	furs	固有名詞
furthy	furthy	固有名詞
furtum	furtum	固有名詞
furud	furud	固有名詞
fury	fury	固有名詞
furyl	furyl	固有名詞
furze	furze	固有名詞
furzed	furzed	固有名詞
furzes	furzes	固有名詞
furzy	furzy	固有名詞
fusain	fusain	固有名詞
fusate	fusate	固有名詞
fusc	fusc	固有名詞
fuscin	fuscin	固有名詞
fuse	fuse	固有名詞
fuseau	fuseau	固有名詞
fused	fused	固有名詞
fusee	fusee	固有名詞
fusees	fusees	固有名詞
fusel	fusel	固有名詞
fusels	fusels	固有名詞
fuses	fuses	固有名詞
fusht	fusht	固有名詞
fusil	fusil	固有名詞
fusile	fusile	固有名詞
fusils	fusils	固有名詞
fusing	fusing	固有名詞
fusion	fusion	固有名詞
fusk	fusk	固有名詞
fusoid	fusoid	固有名詞
fuss	fuss	固有名詞
fussed	fussed	固有名詞
fusser	fusser	固有名詞
fusses	fusses	固有名詞
fussle	fussle	固有名詞
fussy	fussy	固有名詞
fust	fust	固有名詞
fustee	fustee	固有名詞
fuster	fuster	固有名詞
fustet	fustet	固有名詞
fustic	fustic	固有名詞
fustie	fustie	固有名詞
fustin	fustin	固有名詞
fustle	fustle	固有名詞
fustoc	fustoc	固有名詞
fusty	fusty	固有名詞
fusula	fusula	固有名詞
fusuma	fusuma	固有名詞
fusure	fusure	固有名詞
fusus	fusus	固有名詞
fut	fut	固有名詞
fute	fute	固有名詞
futile	futile	固有名詞
futtah	futtah	固有名詞
futter	futter	固有名詞
future	future	固有名詞
futuro	futuro	固有名詞
futwa	futwa	固有名詞
fuye	fuye	固有名詞
fuze	fuze	固有名詞
fuzed	fuzed	固有名詞
fuzee	fuzee	固有名詞
fuzees	fuzees	固有名詞
fuzes	fuzes	固有名詞
fuzil	fuzil	固有名詞
fuzils	fuzils	固有名詞
fuzing	fuzing	固有名詞
fuzz	fuzz	固有名詞
fuzzed	fuzzed	固有名詞
fuzzes	fuzzes	固有名詞
fuzzle	fuzzle	固有名詞
fuzzy	fuzzy	固有名詞
fwd	fwd	固有名詞
fyce	fyce	固有名詞
fyces	fyces	固有名詞
fyke	fyke	固有名詞
fykes	fykes	固有名詞
fylfot	fylfot	固有名詞
fylgja	fylgja	固有名詞
fylker	fylker	固有名詞
fyrd	fyrd	固有名詞
fytte	fytte	固有名詞
fyttes	fyttes	固有名詞
gaatch	gaatch	固有名詞
gab	gab	固有名詞
gabari	gabari	固有名詞
gabbai	gabbai	固有名詞
gabbed	gabbed	固有名詞
gabber	gabber	固有名詞
gabble	gabble	固有名詞
gabbro	gabbro	固有名詞
gabby	gabby	固有名詞
gabe	gabe	固有名詞
gabert	gabert	固有名詞
gabgab	gabgab	固有名詞
gabi	gabi	固有名詞
gabies	gabies	固有名詞
gabion	gabion	固有名詞
gable	gable	固有名詞
gabled	gabled	固有名詞
gabler	gabler	固有名詞
gables	gables	固有名詞
gablet	gablet	固有名詞
gabon	gabon	固有名詞
gaboon	gaboon	固有名詞
gabs	gabs	固有名詞
gaby	gaby	固有名詞
gad	gad	固有名詞
gadaba	gadaba	固有名詞
gadaea	gadaea	固有名詞
gadbee	gadbee	固有名詞
gadded	gadded	固有名詞
gadder	gadder	固有名詞
gaddi	gaddi	固有名詞
gaddis	gaddis	固有名詞
gade	gade	固有名詞
gadean	gadean	固有名詞
gader	gader	固有名詞
gades	gades	固有名詞
gadfly	gadfly	固有名詞
gadge	gadge	固有名詞
gadger	gadger	固有名詞
gadget	gadget	固有名詞
gadi	gadi	固有名詞
gadid	gadid	固有名詞
gadids	gadids	固有名詞
gadis	gadis	固有名詞
gadite	gadite	固有名詞
gadman	gadman	固有名詞
gadoid	gadoid	固有名詞
gads	gads	固有名詞
gadso	gadso	固有名詞
gaduin	gaduin	固有名詞
gadus	gadus	固有名詞
gae	gae	固有名詞
gaea	gaea	固有名詞
gaed	gaed	固有名詞
gael	gael	固有名詞
gaelic	gaelic	固有名詞
gaels	gaels	固有名詞
gaen	gaen	固有名詞
gaes	gaes	固有名詞
gaet	gaet	固有名詞
gaff	gaff	固有名詞
gaffe	gaffe	固有名詞
gaffed	gaffed	固有名詞
gaffer	gaffer	固有名詞
gaffes	gaffes	固有名詞
gaffle	gaffle	固有名詞
gaffs	gaffs	固有名詞
gag	gag	固有名詞
gaga	gaga	固有名詞
gagaku	gagaku	固有名詞
gagate	gagate	固有名詞
gage	gage	固有名詞
gaged	gaged	固有名詞
gagee	gagee	固有名詞
gager	gager	固有名詞
gagers	gagers	固有名詞
gages	gages	固有名詞
gagged	gagged	固有名詞
gagger	gagger	固有名詞
gaggle	gaggle	固有名詞
gaging	gaging	固有名詞
gagman	gagman	固有名詞
gagmen	gagmen	固有名詞
gagor	gagor	固有名詞
gags	gags	固有名詞
gaia	gaia	固有名詞
gaiety	gaiety	固有名詞
gail	gail	固有名詞
gaily	gaily	固有名詞
gain	gain	固有名詞
gaine	gaine	固有名詞
gained	gained	固有名詞
gainer	gainer	固有名詞
gainly	gainly	固有名詞
gainor	gainor	固有名詞
gains	gains	固有名詞
gainst	gainst	固有名詞
gair	gair	固有名詞
gaist	gaist	固有名詞
gait	gait	固有名詞
gaited	gaited	固有名詞
gaiter	gaiter	固有名詞
gaits	gaits	固有名詞
gaitt	gaitt	固有名詞
gaius	gaius	固有名詞
gaize	gaize	固有名詞
gaj	gaj	固有名詞
gal	gal	固有名詞
gala	gala	固有名詞
galago	galago	固有名詞
galah	galah	固有名詞
galahs	galahs	固有名詞
galant	galant	固有名詞
galany	galany	固有名詞
galas	galas	固有名詞
galax	galax	固有名詞
galaxy	galaxy	固有名詞
galban	galban	固有名詞
galbe	galbe	固有名詞
galcha	galcha	固有名詞
gale	gale	固有名詞
galea	galea	固有名詞
galeae	galeae	固有名詞
galeas	galeas	固有名詞
galee	galee	固有名詞
galega	galega	固有名詞
galei	galei	固有名詞
galeid	galeid	固有名詞
galen	galen	固有名詞
galena	galena	固有名詞
galeod	galeod	固有名詞
galera	galera	固有名詞
galere	galere	固有名詞
gales	gales	固有名詞
galet	galet	固有名詞
galeus	galeus	固有名詞
galey	galey	固有名詞
galga	galga	固有名詞
galgal	galgal	固有名詞
gali	gali	固有名詞
galibi	galibi	固有名詞
galik	galik	固有名詞
galiot	galiot	固有名詞
galium	galium	固有名詞
gall	gall	固有名詞
galla	galla	固有名詞
gallah	gallah	固有名詞
galled	galled	固有名詞
galler	galler	固有名詞
gallet	gallet	固有名詞
galley	galley	固有名詞
galli	galli	固有名詞
gallic	gallic	固有名詞
gallon	gallon	固有名詞
gallop	gallop	固有名詞
gallow	gallow	固有名詞
galls	galls	固有名詞
gallup	gallup	固有名詞
gallus	gallus	固有名詞
gally	gally	固有名詞
galoch	galoch	固有名詞
galoot	galoot	固有名詞
galop	galop	固有名詞
galops	galops	固有名詞
galore	galore	固有名詞
galosh	galosh	固有名詞
galp	galp	固有名詞
gals	gals	固有名詞
galt	galt	固有名詞
galut	galut	固有名詞
galuth	galuth	固有名詞
galv	galv	固有名詞
galvo	galvo	固有名詞
galyac	galyac	固有名詞
galyak	galyak	固有名詞
gam	gam	固有名詞
gamahe	gamahe	固有名詞
gamari	gamari	固有名詞
gamash	gamash	固有名詞
gamb	gamb	固有名詞
gamba	gamba	固有名詞
gambas	gambas	固有名詞
gambe	gambe	固有名詞
gambes	gambes	固有名詞
gambet	gambet	固有名詞
gambia	gambia	固有名詞
gambir	gambir	固有名詞
gambit	gambit	固有名詞
gamble	gamble	固有名詞
gambol	gambol	固有名詞
gambs	gambs	固有名詞
gamdia	gamdia	固有名詞
game	game	固有名詞
gamed	gamed	固有名詞
gamely	gamely	固有名詞
gamene	gamene	固有名詞
gamer	gamer	固有名詞
games	games	固有名詞
gamest	gamest	固有名詞
gamete	gamete	固有名詞
gamey	gamey	固有名詞
gamgee	gamgee	固有名詞
gamgia	gamgia	固有名詞
gamic	gamic	固有名詞
gamier	gamier	固有名詞
gamily	gamily	固有名詞
gamin	gamin	固有名詞
gamine	gamine	固有名詞
gaming	gaming	固有名詞
gamins	gamins	固有名詞
gamma	gamma	固有名詞
gammas	gammas	固有名詞
gammed	gammed	固有名詞
gammer	gammer	固有名詞
gammon	gammon	固有名詞
gammy	gammy	固有名詞
gamond	gamond	固有名詞
gamone	gamone	固有名詞
gamont	gamont	固有名詞
gamori	gamori	固有名詞
gamp	gamp	固有名詞
gamps	gamps	固有名詞
gams	gams	固有名詞
gamut	gamut	固有名詞
gamuts	gamuts	固有名詞
gamy	gamy	固有名詞
gan	gan	固有名詞
ganam	ganam	固有名詞
ganch	ganch	固有名詞
ganda	ganda	固有名詞
gander	gander	固有名詞
gandhi	gandhi	固有名詞
gandul	gandul	固有名詞
gandum	gandum	固有名詞
gane	gane	固有名詞
ganef	ganef	固有名詞
ganefs	ganefs	固有名詞
ganev	ganev	固有名詞
ganevs	ganevs	固有名詞
gang	gang	固有名詞
ganga	ganga	固有名詞
gangan	gangan	固有名詞
gange	gange	固有名詞
ganged	ganged	固有名詞
ganger	ganger	固有名詞
ganges	ganges	固有名詞
gangly	gangly	固有名詞
gangs	gangs	固有名詞
gangsa	gangsa	固有名詞
gangue	gangue	固有名詞
gangwa	gangwa	固有名詞
ganja	ganja	固有名詞
ganjas	ganjas	固有名詞
ganner	ganner	固有名詞
gannet	gannet	固有名詞
ganof	ganof	固有名詞
ganofs	ganofs	固有名詞
ganoid	ganoid	固有名詞
ganoin	ganoin	固有名詞
gansa	gansa	固有名詞
gansel	gansel	固有名詞
ganser	ganser	固有名詞
gansey	gansey	固有名詞
gansy	gansy	固有名詞
gant	gant	固有名詞
ganta	ganta	固有名詞
ganton	ganton	固有名詞
gantry	gantry	固有名詞
gantsl	gantsl	固有名詞
ganyie	ganyie	固有名詞
ganza	ganza	固有名詞
ganzie	ganzie	固有名詞
gaol	gaol	固有名詞
gaoled	gaoled	固有名詞
gaoler	gaoler	固有名詞
gaols	gaols	固有名詞
gaon	gaon	固有名詞
gaonic	gaonic	固有名詞
gap	gap	固有名詞
gapa	gapa	固有名詞
gape	gape	固有名詞
gaped	gaped	固有名詞
gaper	gaper	固有名詞
gapers	gapers	固有名詞
gapes	gapes	固有名詞
gaping	gaping	固有名詞
gapo	gapo	固有名詞
gapped	gapped	固有名詞
gapper	gapper	固有名詞
gappy	gappy	固有名詞
gaps	gaps	固有名詞
gapy	gapy	固有名詞
gar	gar	固有名詞
gara	gara	固有名詞
garad	garad	固有名詞
garage	garage	固有名詞
garau	garau	固有名詞
garava	garava	固有名詞
garawi	garawi	固有名詞
garb	garb	固有名詞
garbed	garbed	固有名詞
garbel	garbel	固有名詞
garble	garble	固有名詞
garbo	garbo	固有名詞
garbs	garbs	固有名詞
garce	garce	固有名詞
garcon	garcon	固有名詞
gard	gard	固有名詞
garde	garde	固有名詞
garden	garden	固有名詞
gardon	gardon	固有名詞
gardy	gardy	固有名詞
gare	gare	固有名詞
gareh	gareh	固有名詞
gareth	gareth	固有名詞
garg	garg	固有名詞
garget	garget	固有名詞
gargil	gargil	固有名詞
gargle	gargle	固有名詞
gargol	gargol	固有名詞
garial	garial	固有名詞
gariba	gariba	固有名詞
garish	garish	固有名詞
garle	garle	固有名詞
garlic	garlic	固有名詞
garn	garn	固有名詞
garnel	garnel	固有名詞
garner	garner	固有名詞
garnet	garnet	固有名詞
garni	garni	固有名詞
garo	garo	固有名詞
garon	garon	固有名詞
garoo	garoo	固有名詞
garote	garote	固有名詞
garous	garous	固有名詞
garran	garran	固有名詞
garrat	garrat	固有名詞
garred	garred	固有名詞
garret	garret	固有名詞
garron	garron	固有名詞
garroo	garroo	固有名詞
garrot	garrot	固有名詞
garrya	garrya	固有名詞
gars	gars	固有名詞
garse	garse	固有名詞
garsil	garsil	固有名詞
garten	garten	固有名詞
garter	garter	固有名詞
garth	garth	固有名詞
garths	garths	固有名詞
garua	garua	固有名詞
garuda	garuda	固有名詞
garum	garum	固有名詞
garvey	garvey	固有名詞
garvie	garvie	固有名詞
gary	gary	固有名詞
gas	gas	固有名詞
gasan	gasan	固有名詞
gasbag	gasbag	固有名詞
gascon	gascon	固有名詞
gases	gases	固有名詞
gash	gash	固有名詞
gashed	gashed	固有名詞
gasher	gasher	固有名詞
gashes	gashes	固有名詞
gashly	gashly	固有名詞
gashy	gashy	固有名詞
gasify	gasify	固有名詞
gasket	gasket	固有名詞
gaskin	gaskin	固有名詞
gaslit	gaslit	固有名詞
gasman	gasman	固有名詞
gasmen	gasmen	固有名詞
gasp	gasp	固有名詞
gaspar	gaspar	固有名詞
gasped	gasped	固有名詞
gasper	gasper	固有名詞
gasps	gasps	固有名詞
gaspy	gaspy	固有名詞
gassed	gassed	固有名詞
gasser	gasser	固有名詞
gasses	gasses	固有名詞
gassit	gassit	固有名詞
gassy	gassy	固有名詞
gast	gast	固有名詞
gasted	gasted	固有名詞
gaster	gaster	固有名詞
gastly	gastly	固有名詞
gasts	gasts	固有名詞
gat	gat	固有名詞
gata	gata	固有名詞
gatch	gatch	固有名詞
gate	gate	固有名詞
gateau	gateau	固有名詞
gated	gated	固有名詞
gater	gater	固有名詞
gates	gates	固有名詞
gatha	gatha	固有名詞
gather	gather	固有名詞
gathic	gathic	固有名詞
gating	gating	固有名詞
gator	gator	固有名詞
gats	gats	固有名詞
gatsby	gatsby	固有名詞
gatten	gatten	固有名詞
gatter	gatter	固有名詞
gau	gau	固有名詞
gaub	gaub	固有名詞
gauby	gauby	固有名詞
gauche	gauche	固有名詞
gaucho	gaucho	固有名詞
gaucie	gaucie	固有名詞
gaucy	gaucy	固有名詞
gaud	gaud	固有名詞
gauds	gauds	固有名詞
gaudy	gaudy	固有名詞
gaufer	gaufer	固有名詞
gaufre	gaufre	固有名詞
gauge	gauge	固有名詞
gauged	gauged	固有名詞
gauger	gauger	固有名詞
gauges	gauges	固有名詞
gauily	gauily	固有名詞
gauk	gauk	固有名詞
gaul	gaul	固有名詞
gaulic	gaulic	固有名詞
gaulin	gaulin	固有名詞
gauls	gauls	固有名詞
gaulsh	gaulsh	固有名詞
gault	gault	固有名詞
gaults	gaults	固有名詞
gaum	gaum	固有名詞
gaumed	gaumed	固有名詞
gaums	gaums	固有名詞
gaumy	gaumy	固有名詞
gaun	gaun	固有名詞
gaunch	gaunch	固有名詞
gaunt	gaunt	固有名詞
gaunty	gaunty	固有名詞
gaup	gaup	固有名詞
gaupus	gaupus	固有名詞
gaur	gaur	固有名詞
gaura	gaura	固有名詞
gaure	gaure	固有名詞
gauric	gauric	固有名詞
gaurie	gaurie	固有名詞
gaurs	gaurs	固有名詞
gaus	gaus	固有名詞
gauss	gauss	固有名詞
gaut	gaut	固有名詞
gauze	gauze	固有名詞
gauzes	gauzes	固有名詞
gauzy	gauzy	固有名詞
gavage	gavage	固有名詞
gavall	gavall	固有名詞
gave	gave	固有名詞
gavel	gavel	固有名詞
gavels	gavels	固有名詞
gavia	gavia	固有名詞
gaviae	gaviae	固有名詞
gavial	gavial	固有名詞
gavot	gavot	固有名詞
gavots	gavots	固有名詞
gaw	gaw	固有名詞
gawain	gawain	固有名詞
gawby	gawby	固有名詞
gawcey	gawcey	固有名詞
gawcie	gawcie	固有名詞
gawgaw	gawgaw	固有名詞
gawish	gawish	固有名詞
gawk	gawk	固有名詞
gawked	gawked	固有名詞
gawker	gawker	固有名詞
gawks	gawks	固有名詞
gawky	gawky	固有名詞
gawm	gawm	固有名詞
gawn	gawn	固有名詞
gawney	gawney	固有名詞
gawp	gawp	固有名詞
gawsie	gawsie	固有名詞
gawsy	gawsy	固有名詞
gay	gay	固有名詞
gayal	gayal	固有名詞
gayals	gayals	固有名詞
gaycat	gaycat	固有名詞
gayer	gayer	固有名詞
gayest	gayest	固有名詞
gayety	gayety	固有名詞
gayish	gayish	固有名詞
gayly	gayly	固有名詞
gaypoo	gaypoo	固有名詞
gays	gays	固有名詞
gayway	gayway	固有名詞
gayyou	gayyou	固有名詞
gaz	gaz	固有名詞
gazabo	gazabo	固有名詞
gaze	gaze	固有名詞
gazebo	gazebo	固有名詞
gazed	gazed	固有名詞
gazee	gazee	固有名詞
gazel	gazel	固有名詞
gazer	gazer	固有名詞
gazers	gazers	固有名詞
gazes	gazes	固有名詞
gazet	gazet	固有名詞
gazi	gazi	固有名詞
gazing	gazing	固有名詞
gazon	gazon	固有名詞
gazook	gazook	固有名詞
gazoz	gazoz	固有名詞
gazump	gazump	固有名詞
gazy	gazy	固有名詞
gcd	gcd	固有名詞
gconv	gconv	固有名詞
gdinfo	gdinfo	固有名詞
gds	gds	固有名詞
geal	geal	固有名詞
gean	gean	固有名詞
gear	gear	固有名詞
geared	geared	固有名詞
gears	gears	固有名詞
gease	gease	固有名詞
geason	geason	固有名詞
geast	geast	固有名詞
geat	geat	固有名詞
geatas	geatas	固有名詞
geb	geb	固有名詞
gebang	gebang	固有名詞
gebbie	gebbie	固有名詞
gebur	gebur	固有名詞
geck	geck	固有名詞
gecked	gecked	固有名詞
gecko	gecko	固有名詞
geckos	geckos	固有名詞
gecks	gecks	固有名詞
ged	ged	固有名詞
gedact	gedact	固有名詞
gedd	gedd	固有名詞
gedder	gedder	固有名詞
gedds	gedds	固有名詞
geds	geds	固有名詞
gedunk	gedunk	固有名詞
gee	gee	固有名詞
geed	geed	固有名詞
geegaw	geegaw	固有名詞
geeing	geeing	固有名詞
geejee	geejee	固有名詞
geek	geek	固有名詞
geeks	geeks	固有名詞
geer	geer	固有名詞
geerah	geerah	固有名詞
gees	gees	固有名詞
geese	geese	固有名詞
geest	geest	固有名詞
geests	geests	固有名詞
geet	geet	固有名詞
geez	geez	固有名詞
geezer	geezer	固有名詞
gegg	gegg	固有名詞
geggee	geggee	固有名詞
gegger	gegger	固有名詞
gehey	gehey	固有名詞
geic	geic	固有名詞
geiger	geiger	固有名詞
geikia	geikia	固有名詞
gein	gein	固有名詞
geir	geir	固有名詞
geira	geira	固有名詞
geisa	geisa	固有名詞
geisha	geisha	固有名詞
geison	geison	固有名詞
geist	geist	固有名詞
gekko	gekko	固有名詞
gel	gel	固有名詞
gelada	gelada	固有名詞
gelant	gelant	固有名詞
gelate	gelate	固有名詞
geld	geld	固有名詞
gelded	gelded	固有名詞
gelder	gelder	固有名詞
gelds	gelds	固有名詞
gelee	gelee	固有名詞
geleem	geleem	固有名詞
gelees	gelees	固有名詞
gelid	gelid	固有名詞
gell	gell	固有名詞
gelled	gelled	固有名詞
gelly	gelly	固有名詞
gelong	gelong	固有名詞
gelose	gelose	固有名詞
gels	gels	固有名詞
gelt	gelt	固有名詞
gelts	gelts	固有名詞
gem	gem	固有名詞
gemara	gemara	固有名詞
gemel	gemel	固有名詞
gemels	gemels	固有名詞
gemini	gemini	固有名詞
gemma	gemma	固有名詞
gemmae	gemmae	固有名詞
gemman	gemman	固有名詞
gemmed	gemmed	固有名詞
gemmel	gemmel	固有名詞
gemmer	gemmer	固有名詞
gemmy	gemmy	固有名詞
gemot	gemot	固有名詞
gemote	gemote	固有名詞
gemots	gemots	固有名詞
gems	gems	固有名詞
gemse	gemse	固有名詞
gemses	gemses	固有名詞
gemul	gemul	固有名詞
gemuti	gemuti	固有名詞
gen	gen	固有名詞
gena	gena	固有名詞
genae	genae	固有名詞
genal	genal	固有名詞
genapp	genapp	固有名詞
gender	gender	固有名詞
gene	gene	固有名詞
geneal	geneal	固有名詞
genear	genear	固有名詞
geneat	geneat	固有名詞
geneki	geneki	固有名詞
genep	genep	固有名詞
genepi	genepi	固有名詞
genera	genera	固有名詞
genes	genes	固有名詞
genet	genet	固有名詞
genets	genets	固有名詞
geneva	geneva	固有名詞
genial	genial	固有名詞
genian	genian	固有名詞
genic	genic	固有名詞
genie	genie	固有名詞
genies	genies	固有名詞
genii	genii	固有名詞
genin	genin	固有名詞
genio	genio	固有名詞
genion	genion	固有名詞
genip	genip	固有名詞
genipa	genipa	固有名詞
genips	genips	固有名詞
genit	genit	固有名詞
genius	genius	固有名詞
genl	genl	固有名詞
genny	genny	固有名詞
genoa	genoa	固有名詞
genoas	genoas	固有名詞
genom	genom	固有名詞
genome	genome	固有名詞
genoms	genoms	固有名詞
genos	genos	固有名詞
genre	genre	固有名詞
genres	genres	固有名詞
genro	genro	固有名詞
genros	genros	固有名詞
gens	gens	固有名詞
genson	genson	固有名詞
gent	gent	固有名詞
gentes	gentes	固有名詞
gentil	gentil	固有名詞
gentle	gentle	固有名詞
gently	gently	固有名詞
gentoo	gentoo	固有名詞
gentry	gentry	固有名詞
gents	gents	固有名詞
genty	genty	固有名詞
genu	genu	固有名詞
genua	genua	固有名詞
genual	genual	固有名詞
genus	genus	固有名詞
genys	genys	固有名詞
geo	geo	固有名詞
geod	geod	固有名詞
geodal	geodal	固有名詞
geode	geode	固有名詞
geodes	geodes	固有名詞
geodic	geodic	固有名詞
geoff	geoff	固有名詞
geog	geog	固有名詞
geogen	geogen	固有名詞
geoid	geoid	固有名詞
geoids	geoids	固有名詞
geol	geol	固有名詞
geom	geom	固有名詞
geomys	geomys	固有名詞
geon	geon	固有名詞
geonic	geonic	固有名詞
geonim	geonim	固有名詞
george	george	固有名詞
geosid	geosid	固有名詞
geotic	geotic	固有名詞
geoty	geoty	固有名詞
gepeoo	gepeoo	固有名詞
gepoun	gepoun	固有名詞
ger	ger	固有名詞
gerah	gerah	固有名詞
gerahs	gerahs	固有名詞
gerald	gerald	固有名詞
gerara	gerara	固有名詞
gerard	gerard	固有名詞
gerate	gerate	固有名詞
geraty	geraty	固有名詞
gerb	gerb	固有名詞
gerbe	gerbe	固有名詞
gerbil	gerbil	固有名詞
gerbo	gerbo	固有名詞
gere	gere	固有名詞
gerefa	gerefa	固有名詞
gerent	gerent	固有名詞
gerful	gerful	固有名詞
gerim	gerim	固有名詞
gerip	gerip	固有名詞
gerkin	gerkin	固有名詞
germ	germ	固有名詞
germal	germal	固有名詞
german	german	固有名詞
germen	germen	固有名詞
germin	germin	固有名詞
germon	germon	固有名詞
germs	germs	固有名詞
germy	germy	固有名詞
geront	geront	固有名詞
gerres	gerres	固有名詞
gers	gers	固有名詞
gersum	gersum	固有名詞
gertie	gertie	固有名詞
gerund	gerund	固有名詞
gervao	gervao	固有名詞
gervas	gervas	固有名詞
gery	gery	固有名詞
geryon	geryon	固有名詞
ges	ges	固有名詞
gesan	gesan	固有名詞
gesith	gesith	固有名詞
gess	gess	固有名詞
gesso	gesso	固有名詞
gest	gest	固有名詞
gestae	gestae	固有名詞
geste	geste	固有名詞
gested	gested	固有名詞
gesten	gesten	固有名詞
gester	gester	固有名詞
gestes	gestes	固有名詞
gestic	gestic	固有名詞
gestio	gestio	固有名詞
gestor	gestor	固有名詞
gests	gests	固有名詞
get	get	固有名詞
geta	geta	固有名詞
getae	getae	固有名詞
getah	getah	固有名詞
getas	getas	固有名詞
getfd	getfd	固有名詞
gether	gether	固有名詞
getic	getic	固有名詞
getid	getid	固有名詞
gets	gets	固有名詞
getspa	getspa	固有名詞
getsul	getsul	固有名詞
getter	getter	固有名詞
getup	getup	固有名詞
getups	getups	固有名詞
geulah	geulah	固有名詞
geum	geum	固有名詞
geums	geums	固有名詞
gewgaw	gewgaw	固有名詞
gey	gey	固有名詞
geyan	geyan	固有名詞
geyser	geyser	固有名詞
gez	gez	固有名詞
ggr	ggr	固有名詞
ghafir	ghafir	固有名詞
ghain	ghain	固有名詞
ghaist	ghaist	固有名詞
ghalva	ghalva	固有名詞
ghan	ghan	固有名詞
ghana	ghana	固有名詞
gharri	gharri	固有名詞
gharry	gharry	固有名詞
ghast	ghast	固有名詞
ghat	ghat	固有名詞
ghats	ghats	固有名詞
ghatti	ghatti	固有名詞
ghaut	ghaut	固有名詞
ghauts	ghauts	固有名詞
ghazal	ghazal	固有名詞
ghazel	ghazel	固有名詞
ghazi	ghazi	固有名詞
ghazis	ghazis	固有名詞
ghbor	ghbor	固有名詞
gheber	gheber	固有名詞
ghedda	ghedda	固有名詞
ghee	ghee	固有名詞
ghees	ghees	固有名詞
gheg	gheg	固有名詞
ghent	ghent	固有名詞
gherao	gherao	固有名詞
ghess	ghess	固有名詞
ghetti	ghetti	固有名詞
ghetto	ghetto	固有名詞
ghi	ghi	固有名詞
ghibli	ghibli	固有名詞
ghis	ghis	固有名詞
ghole	ghole	固有名詞
ghoom	ghoom	固有名詞
ghost	ghost	固有名詞
ghosts	ghosts	固有名詞
ghosty	ghosty	固有名詞
ghoul	ghoul	固有名詞
ghouls	ghouls	固有名詞
ghrush	ghrush	固有名詞
ghurry	ghurry	固有名詞
ghuz	ghuz	固有名詞
ghyll	ghyll	固有名詞
ghylls	ghylls	固有名詞
giant	giant	固有名詞
giants	giants	固有名詞
giaour	giaour	固有名詞
giarra	giarra	固有名詞
giarre	giarre	固有名詞
gib	gib	固有名詞
gibaro	gibaro	固有名詞
gibbar	gibbar	固有名詞
gibbed	gibbed	固有名詞
gibber	gibber	固有名詞
gibbet	gibbet	固有名詞
gibbi	gibbi	固有名詞
gibbol	gibbol	固有名詞
gibbon	gibbon	固有名詞
gibbus	gibbus	固有名詞
gibby	gibby	固有名詞
gibe	gibe	固有名詞
gibed	gibed	固有名詞
gibel	gibel	固有名詞
giber	giber	固有名詞
gibers	gibers	固有名詞
gibes	gibes	固有名詞
gibier	gibier	固有名詞
gibing	gibing	固有名詞
gibleh	gibleh	固有名詞
giblet	giblet	固有名詞
gibli	gibli	固有名詞
giboia	giboia	固有名詞
gibs	gibs	固有名詞
gibson	gibson	固有名詞
gibus	gibus	固有名詞
gid	gid	固有名詞
giddap	giddap	固有名詞
giddea	giddea	固有名詞
giddy	giddy	固有名詞
gideon	gideon	固有名詞
gidgea	gidgea	固有名詞
gidgee	gidgee	固有名詞
gidjee	gidjee	固有名詞
gids	gids	固有名詞
gidyea	gidyea	固有名詞
gie	gie	固有名詞
gied	gied	固有名詞
gieing	gieing	固有名詞
gien	gien	固有名詞
gienah	gienah	固有名詞
gies	gies	固有名詞
giesel	giesel	固有名詞
gif	gif	固有名詞
gifola	gifola	固有名詞
gift	gift	固有名詞
gifted	gifted	固有名詞
giftie	giftie	固有名詞
gifts	gifts	固有名詞
gig	gig	固有名詞
giga	giga	固有名詞
gigant	gigant	固有名詞
gigas	gigas	固有名詞
gigful	gigful	固有名詞
gigge	gigge	固有名詞
gigged	gigged	固有名詞
gigger	gigger	固有名詞
gigget	gigget	固有名詞
giggit	giggit	固有名詞
giggle	giggle	固有名詞
giggly	giggly	固有名詞
gighe	gighe	固有名詞
gigi	gigi	固有名詞
giglet	giglet	固有名詞
giglio	giglio	固有名詞
giglot	giglot	固有名詞
gigman	gigman	固有名詞
gigolo	gigolo	固有名詞
gigot	gigot	固有名詞
gigots	gigots	固有名詞
gigs	gigs	固有名詞
gigue	gigue	固有名詞
gigues	gigues	固有名詞
gigunu	gigunu	固有名詞
giher	giher	固有名詞
gil	gil	固有名詞
gila	gila	固有名詞
gilaki	gilaki	固有名詞
gild	gild	固有名詞
gilded	gilded	固有名詞
gilden	gilden	固有名詞
gilder	gilder	固有名詞
gilds	gilds	固有名詞
gile	gile	固有名詞
gileno	gileno	固有名詞
giles	giles	固有名詞
gilet	gilet	固有名詞
gilgai	gilgai	固有名詞
gilgie	gilgie	固有名詞
gilgul	gilgul	固有名詞
gilguy	gilguy	固有名詞
gilia	gilia	固有名詞
giliak	giliak	固有名詞
gilim	gilim	固有名詞
gill	gill	固有名詞
gillar	gillar	固有名詞
gilled	gilled	固有名詞
giller	giller	固有名詞
gilles	gilles	固有名詞
gillie	gillie	固有名詞
gillot	gillot	固有名詞
gills	gills	固有名詞
gilly	gilly	固有名詞
gilo	gilo	固有名詞
gilour	gilour	固有名詞
gilpey	gilpey	固有名詞
gilpy	gilpy	固有名詞
gils	gils	固有名詞
gilse	gilse	固有名詞
gilt	gilt	固有名詞
gilten	gilten	固有名詞
gilts	gilts	固有名詞
gilty	gilty	固有名詞
gilver	gilver	固有名詞
gim	gim	固有名詞
gimbal	gimbal	固有名詞
gimble	gimble	固有名詞
gimbri	gimbri	固有名詞
gimel	gimel	固有名詞
gimels	gimels	固有名詞
gimlet	gimlet	固有名詞
gimmal	gimmal	固有名詞
gimme	gimme	固有名詞
gimmer	gimmer	固有名詞
gimmor	gimmor	固有名詞
gimp	gimp	固有名詞
gimped	gimped	固有名詞
gimper	gimper	固有名詞
gimps	gimps	固有名詞
gimpy	gimpy	固有名詞
gin	gin	固有名詞
ginep	ginep	固有名詞
ginete	ginete	固有名詞
ging	ging	固有名詞
gingal	gingal	固有名詞
ginger	ginger	固有名詞
gingko	gingko	固有名詞
gingle	gingle	固有名詞
gink	gink	固有名詞
ginkgo	ginkgo	固有名詞
ginks	ginks	固有名詞
ginn	ginn	固有名詞
ginned	ginned	固有名詞
ginnel	ginnel	固有名詞
ginner	ginner	固有名詞
ginnet	ginnet	固有名詞
ginney	ginney	固有名詞
ginnle	ginnle	固有名詞
ginny	ginny	固有名詞
gins	gins	固有名詞
ginzo	ginzo	固有名詞
gio	gio	固有名詞
gip	gip	固有名詞
gipon	gipon	固有名詞
gipons	gipons	固有名詞
gipped	gipped	固有名詞
gipper	gipper	固有名詞
gippo	gippo	固有名詞
gippy	gippy	固有名詞
gips	gips	固有名詞
gipser	gipser	固有名詞
gipsy	gipsy	固有名詞
girba	girba	固有名詞
gird	gird	固有名詞
girded	girded	固有名詞
girder	girder	固有名詞
girdle	girdle	固有名詞
girds	girds	固有名詞
gire	gire	固有名詞
girja	girja	固有名詞
girkin	girkin	固有名詞
girl	girl	固有名詞
girlie	girlie	固有名詞
girls	girls	固有名詞
girly	girly	固有名詞
girn	girn	固有名詞
girnal	girnal	固有名詞
girned	girned	固有名詞
girnel	girnel	固有名詞
girnie	girnie	固有名詞
girns	girns	固有名詞
girny	girny	固有名詞
giro	giro	固有名詞
giron	giron	固有名詞
girons	girons	固有名詞
giros	giros	固有名詞
girr	girr	固有名詞
girrit	girrit	固有名詞
girse	girse	固有名詞
girsh	girsh	固有名詞
girsle	girsle	固有名詞
girt	girt	固有名詞
girted	girted	固有名詞
girth	girth	固有名詞
girths	girths	固有名詞
girts	girts	固有名詞
gis	gis	固有名詞
gisant	gisant	固有名詞
gise	gise	固有名詞
gisel	gisel	固有名詞
gish	gish	固有名詞
gisla	gisla	固有名詞
gisler	gisler	固有名詞
gismo	gismo	固有名詞
gismos	gismos	固有名詞
gispin	gispin	固有名詞
gist	gist	固有名詞
gists	gists	固有名詞
git	Git	固有名詞
gitana	gitana	固有名詞
gitano	gitano	固有名詞
gite	gite	固有名詞
gith	gith	固有名詞
github	GitHub	固有名詞
gitim	gitim	固有名詞
gitlab	GitLab	固有名詞
gitter	gitter	固有名詞
giulio	giulio	固有名詞
giunta	giunta	固有名詞
giust	giust	固有名詞
giusto	giusto	固有名詞
give	give	固有名詞
given	given	固有名詞
givens	givens	固有名詞
giver	giver	固有名詞
givers	givers	固有名詞
gives	gives	固有名詞
giveth	giveth	固有名詞
givey	givey	固有名詞
givin	givin	固有名詞
giving	giving	固有名詞
gizmo	gizmo	固有名詞
gizmos	gizmos	固有名詞
gizz	gizz	固有名詞
gizzen	gizzen	固有名詞
glace	glace	固有名詞
glaces	glaces	固有名詞
glacis	glacis	固有名詞
glack	glack	固有名詞
glacon	glacon	固有名詞
glad	glad	固有名詞
gladdy	gladdy	固有名詞
glade	glade	固有名詞
gladen	gladen	固有名詞
glades	glades	固有名詞
gladii	gladii	固有名詞
gladly	gladly	固有名詞
glads	glads	固有名詞
glady	glady	固有名詞
gladys	gladys	固有名詞
glaga	glaga	固有名詞
glagah	glagah	固有名詞
glagol	glagol	固有名詞
glaik	glaik	固有名詞
glaiks	glaiks	固有名詞
glair	glair	固有名詞
glaire	glaire	固有名詞
glairs	glairs	固有名詞
glairy	glairy	固有名詞
glaive	glaive	固有名詞
glaked	glaked	固有名詞
glaky	glaky	固有名詞
glali	glali	固有名詞
glam	glam	固有名詞
glamor	glamor	固有名詞
glance	glance	固有名詞
gland	gland	固有名詞
glands	glands	固有名詞
glanis	glanis	固有名詞
glans	glans	固有名詞
glar	glar	固有名詞
glare	glare	固有名詞
glared	glared	固有名詞
glares	glares	固有名詞
glarry	glarry	固有名詞
glary	glary	固有名詞
glass	glass	固有名詞
glassy	glassy	固有名詞
glauke	glauke	固有名詞
glaum	glaum	固有名詞
glaur	glaur	固有名詞
glaury	glaury	固有名詞
glaux	glaux	固有名詞
glave	glave	固有名詞
glaver	glaver	固有名詞
glaze	glaze	固有名詞
glazed	glazed	固有名詞
glazen	glazen	固有名詞
glazer	glazer	固有名詞
glazes	glazes	固有名詞
glazy	glazy	固有名詞
glb	glb	固有名詞
gld	gld	固有名詞
glead	glead	固有名詞
gleam	gleam	固有名詞
gleams	gleams	固有名詞
gleamy	gleamy	固有名詞
glean	glean	固有名詞
gleans	gleans	固有名詞
gleary	gleary	固有名詞
gleave	gleave	固有名詞
gleba	gleba	固有名詞
glebae	glebae	固有名詞
glebal	glebal	固有名詞
glebe	glebe	固有名詞
glebes	glebes	固有名詞
gleby	gleby	固有名詞
gled	gled	固有名詞
glede	glede	固有名詞
gledes	gledes	固有名詞
gledge	gledge	固有名詞
gleds	gleds	固有名詞
gledy	gledy	固有名詞
glee	glee	固有名詞
gleed	gleed	固有名詞
gleeds	gleeds	固有名詞
gleek	gleek	固有名詞
gleeks	gleeks	固有名詞
gleen	gleen	固有名詞
glees	glees	固有名詞
gleet	gleet	固有名詞
gleets	gleets	固有名詞
gleety	gleety	固有名詞
gleg	gleg	固有名詞
glegly	glegly	固有名詞
gleir	gleir	固有名詞
gleit	gleit	固有名詞
glen	glen	固有名詞
glene	glene	固有名詞
glenn	glenn	固有名詞
glens	glens	固有名詞
glent	glent	固有名詞
gletty	gletty	固有名詞
glew	glew	固有名詞
gley	gley	固有名詞
gleyde	gleyde	固有名詞
gleys	gleys	固有名詞
glia	glia	固有名詞
glial	glial	固有名詞
glib	glib	固有名詞
glibly	glibly	固有名詞
glick	glick	固有名詞
glide	glide	固有名詞
glided	glided	固有名詞
glider	glider	固有名詞
glides	glides	固有名詞
gliff	gliff	固有名詞
gliffs	gliffs	固有名詞
gliffy	gliffy	固有名詞
glike	glike	固有名詞
glim	glim	固有名詞
glime	glime	固有名詞
glimed	glimed	固有名詞
glimes	glimes	固有名詞
glims	glims	固有名詞
glink	glink	固有名詞
glinse	glinse	固有名詞
glint	glint	固有名詞
glints	glints	固有名詞
glioma	glioma	固有名詞
gliosa	gliosa	固有名詞
glires	glires	固有名詞
glis	glis	固有名詞
glisk	glisk	固有名詞
glisky	glisky	固有名詞
gliss	gliss	固有名詞
glist	glist	固有名詞
glitch	glitch	固有名詞
glitzy	glitzy	固有名詞
gloam	gloam	固有名詞
gloams	gloams	固有名詞
gloat	gloat	固有名詞
gloats	gloats	固有名詞
glob	glob	固有名詞
global	global	固有名詞
globe	globe	固有名詞
globed	globed	固有名詞
globes	globes	固有名詞
globin	globin	固有名詞
globs	globs	固有名詞
globus	globus	固有名詞
globy	globy	固有名詞
glod	glod	固有名詞
gloea	gloea	固有名詞
gloeal	gloeal	固有名詞
glogg	glogg	固有名詞
gloggs	gloggs	固有名詞
glom	glom	固有名詞
glome	glome	固有名詞
glomi	glomi	固有名詞
gloms	gloms	固有名詞
glomus	glomus	固有名詞
glood	glood	固有名詞
gloom	gloom	固有名詞
glooms	glooms	固有名詞
gloomy	gloomy	固有名詞
glop	glop	固有名詞
gloppy	gloppy	固有名詞
glops	glops	固有名詞
glor	glor	固有名詞
glore	glore	固有名詞
gloria	gloria	固有名詞
glory	glory	固有名詞
glos	glos	固有名詞
gloss	gloss	固有名詞
glossa	glossa	固有名詞
glossy	glossy	固有名詞
glost	glost	固有名詞
glosts	glosts	固有名詞
glotum	glotum	固有名詞
glout	glout	固有名詞
glouts	glouts	固有名詞
glove	glove	固有名詞
gloved	gloved	固有名詞
glover	glover	固有名詞
gloves	gloves	固有名詞
glovey	glovey	固有名詞
glow	glow	固有名詞
glowed	glowed	固有名詞
glower	glower	固有名詞
glows	glows	固有名詞
gloy	gloy	固有名詞
gloze	gloze	固有名詞
glozed	glozed	固有名詞
glozer	glozer	固有名詞
glozes	glozes	固有名詞
glt	glt	固有名詞
glub	glub	固有名詞
glucic	glucic	固有名詞
glucid	glucid	固有名詞
gluck	gluck	固有名詞
glucke	glucke	固有名詞
glue	glue	固有名詞
glued	glued	固有名詞
gluer	gluer	固有名詞
gluers	gluers	固有名詞
glues	glues	固有名詞
gluey	gluey	固有名詞
glug	glug	固有名詞
gluier	gluier	固有名詞
gluily	gluily	固有名詞
gluing	gluing	固有名詞
gluish	gluish	固有名詞
glum	glum	固有名詞
gluma	gluma	固有名詞
glumal	glumal	固有名詞
glume	glume	固有名詞
glumes	glumes	固有名詞
glumly	glumly	固有名詞
glummy	glummy	固有名詞
glump	glump	固有名詞
glumpy	glumpy	固有名詞
glunch	glunch	固有名詞
gluon	gluon	固有名詞
glusid	glusid	固有名詞
glut	glut	固有名詞
glutch	glutch	固有名詞
glutei	glutei	固有名詞
gluten	gluten	固有名詞
glutin	glutin	固有名詞
gluts	gluts	固有名詞
glyc	glyc	固有名詞
glycan	glycan	固有名詞
glycic	glycic	固有名詞
glycid	glycid	固有名詞
glycin	glycin	固有名詞
glycol	glycol	固有名詞
glycyl	glycyl	固有名詞
glyn	glyn	固有名詞
glynn	glynn	固有名詞
glyph	glyph	固有名詞
glyphs	glyphs	固有名詞
gnaeus	gnaeus	固有名詞
gnamma	gnamma	固有名詞
gnar	gnar	固有名詞
gnarl	gnarl	固有名詞
gnarls	gnarls	固有名詞
gnarly	gnarly	固有名詞
gnarr	gnarr	固有名詞
gnarrs	gnarrs	固有名詞
gnars	gnars	固有名詞
gnash	gnash	固有名詞
gnast	gnast	固有名詞
gnat	gnat	固有名詞
gnatho	gnatho	固有名詞
gnatoo	gnatoo	固有名詞
gnats	gnats	固有名詞
gnatty	gnatty	固有名詞
gnaw	gnaw	固有名詞
gnawed	gnawed	固有名詞
gnawer	gnawer	固有名詞
gnawn	gnawn	固有名詞
gnaws	gnaws	固有名詞
gneiss	gneiss	固有名詞
gnetum	gnetum	固有名詞
gneu	gneu	固有名詞
gnide	gnide	固有名詞
gnoff	gnoff	固有名詞
gnome	gnome	固有名詞
gnomed	gnomed	固有名詞
gnomes	gnomes	固有名詞
gnomic	gnomic	固有名詞
gnomon	gnomon	固有名詞
gnoses	gnoses	固有名詞
gnosis	gnosis	固有名詞
gnow	gnow	固有名詞
gns	gns	固有名詞
gnu	gnu	固有名詞
gnus	gnus	固有名詞
go	Go	固有名詞
goa	goa	固有名詞
goad	goad	固有名詞
goaded	goaded	固有名詞
goads	goads	固有名詞
goaf	goaf	固有名詞
goal	goal	固有名詞
goala	goala	固有名詞
goaled	goaled	固有名詞
goalee	goalee	固有名詞
goaler	goaler	固有名詞
goalie	goalie	固有名詞
goals	goals	固有名詞
goan	goan	固有名詞
goanna	goanna	固有名詞
goar	goar	固有名詞
goas	goas	固有名詞
goat	goat	固有名詞
goatee	goatee	固有名詞
goatly	goatly	固有名詞
goats	goats	固有名詞
goaty	goaty	固有名詞
goave	goave	固有名詞
goaves	goaves	固有名詞
gob	gob	固有名詞
goback	goback	固有名詞
goban	goban	固有名詞
gobang	gobang	固有名詞
gobans	gobans	固有名詞
gobbe	gobbe	固有名詞
gobbed	gobbed	固有名詞
gobber	gobber	固有名詞
gobbet	gobbet	固有名詞
gobbin	gobbin	固有名詞
gobble	gobble	固有名詞
gobby	gobby	固有名詞
gobet	gobet	固有名詞
gobi	gobi	固有名詞
gobia	gobia	固有名詞
gobian	gobian	固有名詞
gobies	gobies	固有名詞
gobiid	gobiid	固有名詞
gobio	gobio	固有名詞
goblet	goblet	固有名詞
goblin	goblin	固有名詞
gobo	gobo	固有名詞
goboes	goboes	固有名詞
gobony	gobony	固有名詞
gobos	gobos	固有名詞
gobs	gobs	固有名詞
goby	goby	固有名詞
gocart	gocart	固有名詞
god	god	固有名詞
goddam	goddam	固有名詞
godded	godded	固有名詞
gode	gode	固有名詞
godet	godet	固有名詞
godful	godful	固有名詞
godiva	godiva	固有名詞
godkin	godkin	固有名詞
godlet	godlet	固有名詞
godly	godly	固有名詞
godown	godown	固有名詞
gods	gods	固有名詞
godsib	godsib	固有名詞
godson	godson	固有名詞
godwin	godwin	固有名詞
godwit	godwit	固有名詞
goel	goel	固有名詞
goemot	goemot	固有名詞
goen	goen	固有名詞
goer	goer	固有名詞
goers	goers	固有名詞
goes	goes	固有名詞
goetae	goetae	固有名詞
goethe	goethe	固有名詞
goetia	goetia	固有名詞
goetic	goetic	固有名詞
goety	goety	固有名詞
gofer	gofer	固有名詞
gofers	gofers	固有名詞
goff	goff	固有名詞
goffer	goffer	固有名詞
goffle	goffle	固有名詞
gog	gog	固有名詞
gogga	gogga	固有名詞
goggan	goggan	固有名詞
goggle	goggle	固有名詞
goggly	goggly	固有名詞
goglet	goglet	固有名詞
gogo	gogo	固有名詞
gogos	gogos	固有名詞
gohila	gohila	固有名詞
goi	goi	固有名詞
goidel	goidel	固有名詞
going	going	固有名詞
goings	goings	固有名詞
gois	gois	固有名詞
goiter	goiter	固有名詞
goitre	goitre	固有名詞
gol	gol	固有名詞
gola	gola	固有名詞
golach	golach	固有名詞
gold	gold	固有名詞
golden	golden	固有名詞
golder	golder	固有名詞
goldi	goldi	固有名詞
goldic	goldic	固有名詞
goldie	goldie	固有名詞
goldin	goldin	固有名詞
golds	golds	固有名詞
goldy	goldy	固有名詞
golee	golee	固有名詞
golem	golem	固有名詞
golems	golems	固有名詞
goles	goles	固有名詞
golet	golet	固有名詞
golf	golf	固有名詞
golfed	golfed	固有名詞
golfer	golfer	固有名詞
golfs	golfs	固有名詞
golgi	golgi	固有名詞
goli	goli	固有名詞
goliad	goliad	固有名詞
goll	goll	固有名詞
gollar	gollar	固有名詞
goller	goller	固有名詞
gollop	gollop	固有名詞
golly	golly	固有名詞
golo	golo	固有名詞
goloch	goloch	固有名詞
goloe	goloe	固有名詞
goloka	goloka	固有名詞
golosh	golosh	固有名詞
golp	golp	固有名詞
golpe	golpe	固有名詞
goma	goma	固有名詞
gomari	gomari	固有名詞
gomart	gomart	固有名詞
gombay	gombay	固有名詞
gombo	gombo	固有名詞
gombos	gombos	固有名詞
gome	gome	固有名詞
gomer	gomer	固有名詞
gomlah	gomlah	固有名詞
gomuti	gomuti	固有名詞
gon	gon	固有名詞
gona	gona	固有名詞
gonad	gonad	固有名詞
gonads	gonads	固有名詞
gonake	gonake	固有名詞
gonal	gonal	固有名詞
gond	gond	固有名詞
gondi	gondi	固有名詞
gone	gone	固有名詞
goner	goner	固有名詞
goners	goners	固有名詞
goney	goney	固有名詞
gong	gong	固有名詞
gonged	gonged	固有名詞
gongs	gongs	固有名詞
gonia	gonia	固有名詞
goniac	goniac	固有名詞
gonial	gonial	固有名詞
gonid	gonid	固有名詞
gonif	gonif	固有名詞
gonifs	gonifs	固有名詞
gonion	gonion	固有名詞
gonium	gonium	固有名詞
gonk	gonk	固有名詞
gonna	gonna	固有名詞
gonne	gonne	固有名詞
gonof	gonof	固有名詞
gonofs	gonofs	固有名詞
gonoph	gonoph	固有名詞
gony	gony	固有名詞
gonys	gonys	固有名詞
gonzo	gonzo	固有名詞
goo	goo	固有名詞
goober	goober	固有名詞
good	good	固有名詞
goodby	goodby	固有名詞
gooder	gooder	固有名詞
goodie	goodie	固有名詞
goodly	goodly	固有名詞
goods	goods	固有名詞
goody	goody	固有名詞
gooey	gooey	固有名詞
goof	goof	固有名詞
goofah	goofah	固有名詞
goofed	goofed	固有名詞
goofer	goofer	固有名詞
goofs	goofs	固有名詞
goofy	goofy	固有名詞
goog	goog	固有名詞
google	Google	固有名詞
googly	googly	固有名詞
googol	googol	固有名詞
googul	googul	固有名詞
gooier	gooier	固有名詞
gook	gook	固有名詞
gooks	gooks	固有名詞
gooky	gooky	固有名詞
gool	gool	固有名詞
goolah	goolah	固有名詞
goolde	goolde	固有名詞
gools	gools	固有名詞
gooma	gooma	固有名詞
goon	goon	固有名詞
goonch	goonch	固有名詞
goonda	goonda	固有名詞
gooney	gooney	固有名詞
goonie	goonie	固有名詞
goons	goons	固有名詞
goony	goony	固有名詞
goop	goop	固有名詞
goops	goops	固有名詞
goopy	goopy	固有名詞
gooral	gooral	固有名詞
gooroo	gooroo	固有名詞
goos	goos	固有名詞
goose	goose	固有名詞
goosed	goosed	固有名詞
gooses	gooses	固有名詞
goosey	goosey	固有名詞
goosy	goosy	固有名詞
gootee	gootee	固有名詞
goozle	goozle	固有名詞
gopak	gopak	固有名詞
gopher	gopher	固有名詞
gopura	gopura	固有名詞
gor	gor	固有名詞
gora	gora	固有名詞
goral	goral	固有名詞
gorals	gorals	固有名詞
goran	goran	固有名詞
gorb	gorb	固有名詞
gorbal	gorbal	固有名詞
gorbet	gorbet	固有名詞
gorbit	gorbit	固有名詞
gorble	gorble	固有名詞
gorce	gorce	固有名詞
gordon	gordon	固有名詞
gore	gore	固有名詞
gored	gored	固有名詞
gorer	gorer	固有名詞
gores	gores	固有名詞
gorfly	gorfly	固有名詞
gorge	gorge	固有名詞
gorged	gorged	固有名詞
gorger	gorger	固有名詞
gorges	gorges	固有名詞
gorget	gorget	固有名詞
gorgia	gorgia	固有名詞
gorgio	gorgio	固有名詞
gorgon	gorgon	固有名詞
gorhen	gorhen	固有名詞
goric	goric	固有名詞
gorier	gorier	固有名詞
gorily	gorily	固有名詞
goring	goring	固有名詞
gorki	gorki	固有名詞
gorkun	gorkun	固有名詞
gorlin	gorlin	固有名詞
gorman	gorman	固有名詞
gormaw	gormaw	固有名詞
gormed	gormed	固有名詞
gorra	gorra	固有名詞
gorraf	gorraf	固有名詞
gorrel	gorrel	固有名詞
gorry	gorry	固有名詞
gorse	gorse	固有名詞
gorses	gorses	固有名詞
gorst	gorst	固有名詞
gorsy	gorsy	固有名詞
gory	gory	固有名詞
gos	gos	固有名詞
gosain	gosain	固有名詞
gosh	gosh	固有名詞
goshen	goshen	固有名詞
goslet	goslet	固有名詞
gospel	gospel	固有名詞
goss	goss	固有名詞
gossan	gossan	固有名詞
gossep	gossep	固有名詞
gossip	gossip	固有名詞
gossy	gossy	固有名詞
goster	goster	固有名詞
got	got	固有名詞
gotch	gotch	固有名詞
gotchy	gotchy	固有名詞
gote	gote	固有名詞
goter	goter	固有名詞
goth	goth	固有名詞
gotha	gotha	固有名詞
gotham	gotham	固有名詞
gothic	gothic	固有名詞
goths	goths	固有名詞
goto	goto	固有名詞
gotos	gotos	固有名詞
gotra	gotra	固有名詞
gotta	gotta	固有名詞
gotten	gotten	固有名詞
gou	gou	固有名詞
gouda	gouda	固有名詞
goudy	goudy	固有名詞
gouge	gouge	固有名詞
gouged	gouged	固有名詞
gouger	gouger	固有名詞
gouges	gouges	固有名詞
goujat	goujat	固有名詞
goujay	goujay	固有名詞
goujon	goujon	固有名詞
goulan	goulan	固有名詞
goumi	goumi	固有名詞
gounau	gounau	固有名詞
goup	goup	固有名詞
goupen	goupen	固有名詞
goupin	goupin	固有名詞
gour	gour	固有名詞
goura	goura	固有名詞
gourd	gourd	固有名詞
gourde	gourde	固有名詞
gourds	gourds	固有名詞
gourdy	gourdy	固有名詞
goury	goury	固有名詞
gousty	gousty	固有名詞
gout	gout	固有名詞
gouter	gouter	固有名詞
gouts	gouts	固有名詞
goutte	goutte	固有名詞
gouty	gouty	固有名詞
gov	gov	固有名詞
gove	gove	固有名詞
govern	govern	固有名詞
govt	govt	固有名詞
gowan	gowan	固有名詞
gowans	gowans	固有名詞
gowany	gowany	固有名詞
gowd	gowd	固有名詞
gowdie	gowdie	固有名詞
gowds	gowds	固有名詞
gowdy	gowdy	固有名詞
gowf	gowf	固有名詞
gowfer	gowfer	固有名詞
gowk	gowk	固有名詞
gowked	gowked	固有名詞
gowkit	gowkit	固有名詞
gowks	gowks	固有名詞
gowl	gowl	固有名詞
gowlan	gowlan	固有名詞
gown	gown	固有名詞
gowned	gowned	固有名詞
gowns	gowns	固有名詞
gowpen	gowpen	固有名詞
gowpin	gowpin	固有名詞
gox	gox	固有名詞
goxes	goxes	固有名詞
goy	goy	固有名詞
goyana	goyana	固有名詞
goyim	goyim	固有名詞
goyin	goyin	固有名詞
goyish	goyish	固有名詞
goyle	goyle	固有名詞
goys	goys	固有名詞
gozell	gozell	固有名詞
gozill	gozill	固有名詞
gozzan	gozzan	固有名詞
gpad	gpad	固有名詞
gpcd	gpcd	固有名詞
gpd	gpd	固有名詞
gph	gph	固有名詞
gpm	gpm	固有名詞
gps	gps	固有名詞
gpss	gpss	固有名詞
gpu	GPU	固有名詞
gra	gra	固有名詞
graal	graal	固有名詞
graals	graals	固有名詞
grab	grab	固有名詞
grabby	grabby	固有名詞
graben	graben	固有名詞
grabs	grabs	固有名詞
grace	grace	固有名詞
graced	graced	固有名詞
gracer	gracer	固有名詞
graces	graces	固有名詞
gracy	gracy	固有名詞
grad	grad	固有名詞
gradal	gradal	固有名詞
grade	grade	固有名詞
graded	graded	固有名詞
grader	grader	固有名詞
grades	grades	固有名詞
gradin	gradin	固有名詞
gradle	gradle	固有名詞
grads	grads	固有名詞
gradus	gradus	固有名詞
graeae	graeae	固有名詞
graeme	graeme	固有名詞
graf	graf	固有名詞
graff	graff	固有名詞
graft	graft	固有名詞
grafts	grafts	固有名詞
grager	grager	固有名詞
graham	graham	固有名詞
graian	graian	固有名詞
grail	grail	固有名詞
grails	grails	固有名詞
grain	grain	固有名詞
graine	graine	固有名詞
grains	grains	固有名詞
grainy	grainy	固有名詞
graip	graip	固有名詞
graith	graith	固有名詞
grakle	grakle	固有名詞
gram	gram	固有名詞
grama	grama	固有名詞
gramas	gramas	固有名詞
grame	grame	固有名詞
gramma	gramma	固有名詞
gramme	gramme	固有名詞
grammy	grammy	固有名詞
gramp	gramp	固有名詞
grampa	grampa	固有名詞
gramps	gramps	固有名詞
grams	grams	固有名詞
gramy	gramy	固有名詞
grana	grana	固有名詞
granam	granam	固有名詞
granat	granat	固有名詞
granch	granch	固有名詞
grand	grand	固有名詞
grande	grande	固有名詞
grando	grando	固有名詞
grands	grands	固有名詞
grane	grane	固有名詞
granes	granes	固有名詞
granet	granet	固有名詞
grange	grange	固有名詞
grank	grank	固有名詞
granma	granma	固有名詞
granny	granny	固有名詞
grano	grano	固有名詞
grant	grant	固有名詞
granth	granth	固有名詞
grants	grants	固有名詞
granum	granum	固有名詞
granza	granza	固有名詞
grape	grape	固有名詞
graped	graped	固有名詞
grapes	grapes	固有名詞
grapey	grapey	固有名詞
graph	graph	固有名詞
graphs	graphs	固有名詞
graphy	graphy	固有名詞
grappa	grappa	固有名詞
grapta	grapta	固有名詞
grapy	grapy	固有名詞
gras	gras	固有名詞
grasni	grasni	固有名詞
grasp	grasp	固有名詞
grasps	grasps	固有名詞
grass	grass	固有名詞
grassy	grassy	固有名詞
grat	grat	固有名詞
grata	grata	固有名詞
gratae	gratae	固有名詞
grate	grate	固有名詞
grated	grated	固有名詞
grater	grater	固有名詞
grates	grates	固有名詞
gratia	gratia	固有名詞
gratin	gratin	固有名詞
gratis	gratis	固有名詞
graunt	graunt	固有名詞
grav	grav	固有名詞
gravat	gravat	固有名詞
grave	grave	固有名詞
graved	graved	固有名詞
gravel	gravel	固有名詞
graven	graven	固有名詞
graver	graver	固有名詞
graves	graves	固有名詞
gravic	gravic	固有名詞
gravid	gravid	固有名詞
gravy	gravy	固有名詞
grawls	grawls	固有名詞
gray	gray	固有名詞
grayed	grayed	固有名詞
grayer	grayer	固有名詞
grayly	grayly	固有名詞
grays	grays	固有名詞
graze	graze	固有名詞
grazed	grazed	固有名詞
grazer	grazer	固有名詞
grazes	grazes	固有名詞
grazie	grazie	固有名詞
gre	gre	固有名詞
grease	grease	固有名詞
greasy	greasy	固有名詞
great	great	固有名詞
greats	greats	固有名詞
greave	greave	固有名詞
grebe	grebe	固有名詞
grebes	grebes	固有名詞
grebo	grebo	固有名詞
grece	grece	固有名詞
greco	greco	固有名詞
gree	gree	固有名詞
greece	greece	固有名詞
greed	greed	固有名詞
greeds	greeds	固有名詞
greedy	greedy	固有名詞
greek	greek	固有名詞
greeks	greeks	固有名詞
green	green	固有名詞
greens	greens	固有名詞
greeny	greeny	固有名詞
grees	grees	固有名詞
greese	greese	固有名詞
greet	greet	固有名詞
greets	greets	固有名詞
greeve	greeve	固有名詞
greffe	greffe	固有名詞
greg	greg	固有名詞
gregal	gregal	固有名詞
gregau	gregau	固有名詞
grege	grege	固有名詞
gregg	gregg	固有名詞
gregge	gregge	固有名詞
grego	grego	固有名詞
gregor	gregor	固有名詞
gregos	gregos	固有名詞
greige	greige	固有名詞
grein	grein	固有名詞
greing	greing	固有名詞
greit	greit	固有名詞
greith	greith	固有名詞
grelot	grelot	固有名詞
gremio	gremio	固有名詞
gremmy	gremmy	固有名詞
grenat	grenat	固有名詞
grene	grene	固有名詞
gres	gres	固有名詞
gresil	gresil	固有名詞
gret	gret	固有名詞
greta	greta	固有名詞
grete	grete	固有名詞
gretel	gretel	固有名詞
greund	greund	固有名詞
grew	grew	固有名詞
grewia	grewia	固有名詞
grewt	grewt	固有名詞
grex	grex	固有名詞
grey	grey	固有名詞
greyed	greyed	固有名詞
greyer	greyer	固有名詞
greyly	greyly	固有名詞
greys	greys	固有名詞
grf	grf	固有名詞
grice	grice	固有名詞
grid	grid	固有名詞
gride	gride	固有名詞
grided	grided	固有名詞
grides	grides	固有名詞
grids	grids	固有名詞
griece	griece	固有名詞
grief	grief	固有名詞
griefs	griefs	固有名詞
griege	griege	固有名詞
grieko	grieko	固有名詞
grieve	grieve	固有名詞
griff	griff	固有名詞
griffe	griffe	固有名詞
griffs	griffs	固有名詞
grift	grift	固有名詞
grifts	grifts	固有名詞
grig	grig	固有名詞
grigri	grigri	固有名詞
grigs	grigs	固有名詞
grike	grike	固有名詞
grill	grill	固有名詞
grille	grille	固有名詞
grills	grills	固有名詞
grilly	grilly	固有名詞
grilse	grilse	固有名詞
grim	grim	固有名詞
grime	grime	固有名詞
grimed	grimed	固有名詞
grimes	grimes	固有名詞
grimly	grimly	固有名詞
grimm	grimm	固有名詞
grimme	grimme	固有名詞
grimp	grimp	固有名詞
grimy	grimy	固有名詞
grin	grin	固有名詞
grinch	grinch	固有名詞
grind	grind	固有名詞
grinds	grinds	固有名詞
gringo	gringo	固有名詞
grinny	grinny	固有名詞
grins	grins	固有名詞
grint	grint	固有名詞
griot	griot	固有名詞
griots	griots	固有名詞
grip	grip	固有名詞
gripe	gripe	固有名詞
griped	griped	固有名詞
griper	griper	固有名詞
gripes	gripes	固有名詞
gripey	gripey	固有名詞
griph	griph	固有名詞
griphe	griphe	固有名詞
grippe	grippe	固有名詞
grippy	grippy	固有名詞
grips	grips	固有名詞
gript	gript	固有名詞
gripy	gripy	固有名詞
griqua	griqua	固有名詞
gris	gris	固有名詞
grise	grise	固有名詞
grisly	grisly	固有名詞
grison	grison	固有名詞
grist	grist	固有名詞
grists	grists	固有名詞
gristy	gristy	固有名詞
grit	grit	固有名詞
grith	grith	固有名詞
griths	griths	固有名詞
grits	grits	固有名詞
gritty	gritty	固有名詞
grivet	grivet	固有名詞
grivna	grivna	固有名詞
grizel	grizel	固有名詞
gro	gro	固有名詞
groan	groan	固有名詞
groans	groans	固有名詞
groat	groat	固有名詞
groats	groats	固有名詞
grocer	grocer	固有名詞
groff	groff	固有名詞
grog	grog	固有名詞
groggy	groggy	固有名詞
grogs	grogs	固有名詞
groin	groin	固有名詞
groins	groins	固有名詞
groma	groma	固有名詞
gromet	gromet	固有名詞
gromia	gromia	固有名詞
gromil	gromil	固有名詞
gromyl	gromyl	固有名詞
grond	grond	固有名詞
gront	gront	固有名詞
groof	groof	固有名詞
groom	groom	固有名詞
grooms	grooms	固有名詞
groomy	groomy	固有名詞
groop	groop	固有名詞
groose	groose	固有名詞
groot	groot	固有名詞
grooty	grooty	固有名詞
groove	groove	固有名詞
groovy	groovy	固有名詞
groow	groow	固有名詞
grope	grope	固有名詞
groped	groped	固有名詞
groper	groper	固有名詞
gropes	gropes	固有名詞
gros	gros	固有名詞
groser	groser	固有名詞
groset	groset	固有名詞
gross	gross	固有名詞
grosse	grosse	固有名詞
grosso	grosso	固有名詞
grosz	grosz	固有名詞
groszy	groszy	固有名詞
grot	grot	固有名詞
grote	grote	固有名詞
groten	groten	固有名詞
grots	grots	固有名詞
grotto	grotto	固有名詞
grotty	grotty	固有名詞
grouch	grouch	固有名詞
grouf	grouf	固有名詞
grough	grough	固有名詞
ground	ground	固有名詞
group	group	固有名詞
groups	groups	固有名詞
grouse	grouse	固有名詞
grousy	grousy	固有名詞
grout	grout	固有名詞
grouts	grouts	固有名詞
grouty	grouty	固有名詞
grouze	grouze	固有名詞
grove	grove	固有名詞
groved	groved	固有名詞
grovel	grovel	固有名詞
grover	grover	固有名詞
groves	groves	固有名詞
grovet	grovet	固有名詞
grovy	grovy	固有名詞
grow	grow	固有名詞
growan	growan	固有名詞
growed	growed	固有名詞
grower	grower	固有名詞
growl	growl	固有名詞
growls	growls	固有名詞
growly	growly	固有名詞
grown	grown	固有名詞
grows	grows	固有名詞
growse	growse	固有名詞
growth	growth	固有名詞
growze	growze	固有名詞
groyne	groyne	固有名詞
grozer	grozer	固有名詞
grozet	grozet	固有名詞
grr	grr	固有名詞
grs	grs	固有名詞
grub	grub	固有名詞
grubby	grubby	固有名詞
grubs	grubs	固有名詞
grudge	grudge	固有名詞
grue	grue	固有名詞
gruel	gruel	固有名詞
gruels	gruels	固有名詞
grues	grues	固有名詞
gruf	gruf	固有名詞
gruff	gruff	固有名詞
gruffs	gruffs	固有名詞
gruffy	gruffy	固有名詞
gruft	gruft	固有名詞
grugru	grugru	固有名詞
gruine	gruine	固有名詞
gruis	gruis	固有名詞
grulla	grulla	固有名詞
grum	grum	固有名詞
grume	grume	固有名詞
grumes	grumes	固有名詞
grumly	grumly	固有名詞
grump	grump	固有名詞
grumph	grumph	固有名詞
grumps	grumps	固有名詞
grumpy	grumpy	固有名詞
grun	grun	固有名詞
grunch	grunch	固有名詞
grundy	grundy	固有名詞
grungy	grungy	固有名詞
grunt	grunt	固有名詞
grunth	grunth	固有名詞
grunts	grunts	固有名詞
gruppo	gruppo	固有名詞
grus	grus	固有名詞
grush	grush	固有名詞
gruss	gruss	固有名詞
grutch	grutch	固有名詞
gruys	gruys	固有名詞
grx	grx	固有名詞
gry	gry	固有名詞
gryde	gryde	固有名詞
grylle	grylle	固有名詞
grylli	grylli	固有名詞
grype	grype	固有名詞
gryph	gryph	固有名詞
gtc	gtc	固有名詞
gtd	gtd	固有名詞
gte	gte	固有名詞
gteau	gteau	固有名詞
gthite	gthite	固有名詞
gtt	gtt	固有名詞
guaba	guaba	固有名詞
guacho	guacho	固有名詞
guacin	guacin	固有名詞
guaco	guaco	固有名詞
guacos	guacos	固有名詞
guadua	guadua	固有名詞
guaiac	guaiac	固有名詞
guaiol	guaiol	固有名詞
guaka	guaka	固有名詞
guam	guam	固有名詞
guama	guama	固有名詞
guan	guan	固有名詞
guana	guana	固有名詞
guanay	guanay	固有名詞
guango	guango	固有名詞
guanin	guanin	固有名詞
guano	guano	固有名詞
guanos	guanos	固有名詞
guans	guans	固有名詞
guanyl	guanyl	固有名詞
guao	guao	固有名詞
guaque	guaque	固有名詞
guar	guar	固有名詞
guara	guara	固有名詞
guard	guard	固有名詞
guardo	guardo	固有名詞
guards	guards	固有名詞
guarea	guarea	固有名詞
guarri	guarri	固有名詞
guars	guars	固有名詞
guary	guary	固有名詞
guasa	guasa	固有名詞
guato	guato	固有名詞
guava	guava	固有名詞
guavas	guavas	固有名詞
guaza	guaza	固有名詞
guazzo	guazzo	固有名詞
gubat	gubat	固有名詞
gubbin	gubbin	固有名詞
gubbo	gubbo	固有名詞
guck	guck	固有名詞
gucked	gucked	固有名詞
gucki	gucki	固有名詞
gucks	gucks	固有名詞
gud	gud	固有名詞
gudame	gudame	固有名詞
guddle	guddle	固有名詞
gude	gude	固有名詞
gudes	gudes	固有名詞
gudge	gudge	固有名詞
gudget	gudget	固有名詞
gudok	gudok	固有名詞
gudrun	gudrun	固有名詞
gue	gue	固有名詞
guebre	guebre	固有名詞
guelf	guelf	固有名詞
guelph	guelph	固有名詞
guemal	guemal	固有名詞
guemul	guemul	固有名詞
guenon	guenon	固有名詞
guerre	guerre	固有名詞
guess	guess	固有名詞
guest	guest	固有名詞
guests	guests	固有名詞
guetar	guetar	固有名詞
guetre	guetre	固有名詞
gufa	gufa	固有名詞
guff	guff	固有名詞
guffaw	guffaw	固有名詞
guffer	guffer	固有名詞
guffin	guffin	固有名詞
guffs	guffs	固有名詞
guffy	guffy	固有名詞
gugal	gugal	固有名詞
guggle	guggle	固有名詞
guglet	guglet	固有名詞
guglia	guglia	固有名詞
guglio	guglio	固有名詞
gugu	gugu	固有名詞
guha	guha	固有名詞
guhr	guhr	固有名詞
guiac	guiac	固有名詞
guiana	guiana	固有名詞
guib	guib	固有名詞
guiba	guiba	固有名詞
guid	guid	固有名詞
guide	guide	固有名詞
guided	guided	固有名詞
guider	guider	固有名詞
guides	guides	固有名詞
guido	guido	固有名詞
guidon	guidon	固有名詞
guids	guids	固有名詞
guige	guige	固有名詞
guigne	guigne	固有名詞
guijo	guijo	固有名詞
guild	guild	固有名詞
guilds	guilds	固有名詞
guile	guile	固有名詞
guiled	guiled	固有名詞
guiler	guiler	固有名詞
guiles	guiles	固有名詞
guilt	guilt	固有名詞
guilts	guilts	固有名詞
guilty	guilty	固有名詞
guily	guily	固有名詞
guimpe	guimpe	固有名詞
guinde	guinde	固有名詞
guinea	guinea	固有名詞
guinfo	guinfo	固有名詞
guiro	guiro	固有名詞
guise	guise	固有名詞
guised	guised	固有名詞
guiser	guiser	固有名詞
guises	guises	固有名詞
guitar	guitar	固有名詞
gujar	gujar	固有名詞
gul	gul	固有名詞
gula	gula	固有名詞
gulae	gulae	固有名詞
guland	guland	固有名詞
gular	gular	固有名詞
gulas	gulas	固有名詞
gulash	gulash	固有名詞
gulch	gulch	固有名詞
guld	guld	固有名詞
gulden	gulden	固有名詞
gule	gule	固有名詞
gules	gules	固有名詞
gulf	gulf	固有名詞
gulfed	gulfed	固有名詞
gulfs	gulfs	固有名詞
gulfy	gulfy	固有名詞
gulgul	gulgul	固有名詞
gulist	gulist	固有名詞
gulix	gulix	固有名詞
gull	gull	固有名詞
gullah	gullah	固有名詞
gulled	gulled	固有名詞
guller	guller	固有名詞
gullet	gullet	固有名詞
gulley	gulley	固有名詞
gulls	gulls	固有名詞
gully	gully	固有名詞
gulo	gulo	固有名詞
gulose	gulose	固有名詞
gulp	gulp	固有名詞
gulped	gulped	固有名詞
gulper	gulper	固有名詞
gulph	gulph	固有名詞
gulpin	gulpin	固有名詞
gulps	gulps	固有名詞
gulpy	gulpy	固有名詞
guls	guls	固有名詞
gult	gult	固有名詞
guly	guly	固有名詞
gum	gum	固有名詞
gumbo	gumbo	固有名詞
gumbos	gumbos	固有名詞
gumby	gumby	固有名詞
gumhar	gumhar	固有名詞
gumi	gumi	固有名詞
gumlah	gumlah	固有名詞
gumly	gumly	固有名詞
gumma	gumma	固有名詞
gummas	gummas	固有名詞
gummed	gummed	固有名詞
gummer	gummer	固有名詞
gummic	gummic	固有名詞
gummy	gummy	固有名詞
gump	gump	固有名詞
gumpus	gumpus	固有名詞
gums	gums	固有名詞
gun	gun	固有名詞
guna	guna	固有名詞
gunate	gunate	固有名詞
gunda	gunda	固有名詞
gundi	gundi	固有名詞
gundie	gundie	固有名詞
gundog	gundog	固有名詞
gundy	gundy	固有名詞
gunebo	gunebo	固有名詞
gung	gung	固有名詞
gunge	gunge	固有名詞
gunite	gunite	固有名詞
gunj	gunj	固有名詞
gunja	gunja	固有名詞
gunjah	gunjah	固有名詞
gunk	gunk	固有名詞
gunks	gunks	固有名詞
gunky	gunky	固有名詞
gunl	gunl	固有名詞
gunman	gunman	固有名詞
gunmen	gunmen	固有名詞
gunnar	gunnar	固有名詞
gunne	gunne	固有名詞
gunned	gunned	固有名詞
gunnel	gunnel	固有名詞
gunnen	gunnen	固有名詞
gunner	gunner	固有名詞
gunny	gunny	固有名詞
gunong	gunong	固有名詞
guns	guns	固有名詞
gunsel	gunsel	固有名詞
gunter	gunter	固有名詞
guntub	guntub	固有名詞
gunung	gunung	固有名詞
gunyah	gunyah	固有名詞
gunyeh	gunyeh	固有名詞
gunz	gunz	固有名詞
gup	gup	固有名詞
guppy	guppy	固有名詞
gur	gur	固有名詞
guran	guran	固有名詞
gurdle	gurdle	固有名詞
gurdy	gurdy	固有名詞
gurge	gurge	固有名詞
gurged	gurged	固有名詞
gurges	gurges	固有名詞
gurgle	gurgle	固有名詞
gurgly	gurgly	固有名詞
gurian	gurian	固有名詞
guric	guric	固有名詞
gurish	gurish	固有名詞
gurjan	gurjan	固有名詞
gurjun	gurjun	固有名詞
gurk	gurk	固有名詞
gurkha	gurkha	固有名詞
gurl	gurl	固有名詞
gurle	gurle	固有名詞
gurlet	gurlet	固有名詞
gurly	gurly	固有名詞
gurnet	gurnet	固有名詞
gurney	gurney	固有名詞
gurr	gurr	固有名詞
gurrah	gurrah	固有名詞
gurry	gurry	固有名詞
gursh	gursh	固有名詞
gurt	gurt	固有名詞
gurts	gurts	固有名詞
guru	guru	固有名詞
gurus	gurus	固有名詞
gus	gus	固有名詞
gusain	gusain	固有名詞
guser	guser	固有名詞
gush	gush	固有名詞
gushed	gushed	固有名詞
gusher	gusher	固有名詞
gushes	gushes	固有名詞
gushet	gushet	固有名詞
gushy	gushy	固有名詞
gusla	gusla	固有名詞
gusle	gusle	固有名詞
guslee	guslee	固有名詞
guss	guss	固有名詞
gusset	gusset	固有名詞
gussie	gussie	固有名詞
gussy	gussy	固有名詞
gust	gust	固有名詞
gusted	gusted	固有名詞
gusto	gusto	固有名詞
gusts	gusts	固有名詞
gustus	gustus	固有名詞
gusty	gusty	固有名詞
gut	gut	固有名詞
guti	guti	固有名詞
gutium	gutium	固有名詞
gutnic	gutnic	固有名詞
guts	guts	固有名詞
gutser	gutser	固有名詞
gutsy	gutsy	固有名詞
gutt	gutt	固有名詞
gutta	gutta	固有名詞
guttae	guttae	固有名詞
guttar	guttar	固有名詞
gutte	gutte	固有名詞
gutted	gutted	固有名詞
guttee	guttee	固有名詞
gutter	gutter	固有名詞
gutti	gutti	固有名詞
guttie	guttie	固有名詞
guttle	guttle	固有名詞
guttur	guttur	固有名詞
guttus	guttus	固有名詞
gutty	gutty	固有名詞
guv	guv	固有名詞
guy	guy	固有名詞
guyana	guyana	固有名詞
guydom	guydom	固有名詞
guyed	guyed	固有名詞
guyer	guyer	固有名詞
guyers	guyers	固有名詞
guying	guying	固有名詞
guyot	guyot	固有名詞
guyots	guyots	固有名詞
guys	guys	固有名詞
guz	guz	固有名詞
guze	guze	固有名詞
guzul	guzul	固有名詞
guzzle	guzzle	固有名詞
gwag	gwag	固有名詞
gweduc	gweduc	固有名詞
gweed	gweed	固有名詞
gweeon	gweeon	固有名詞
gwely	gwely	固有名詞
gwen	gwen	固有名詞
gwine	gwine	固有名詞
gyal	gyal	固有名詞
gyassa	gyassa	固有名詞
gybe	gybe	固有名詞
gybed	gybed	固有名詞
gybes	gybes	固有名詞
gybing	gybing	固有名詞
gye	gye	固有名詞
gyges	gyges	固有名詞
gygis	gygis	固有名詞
gyle	gyle	固有名詞
gym	gym	固有名詞
gymel	gymel	固有名詞
gymmal	gymmal	固有名詞
gymnic	gymnic	固有名詞
gympie	gympie	固有名詞
gyms	gyms	固有名詞
gymsia	gymsia	固有名詞
gyn	gyn	固有名詞
gyne	gyne	固有名詞
gynic	gynic	固有名詞
gynics	gynics	固有名詞
gynura	gynura	固有名詞
gyp	gyp	固有名詞
gype	gype	固有名詞
gypped	gypped	固有名詞
gypper	gypper	固有名詞
gyppo	gyppo	固有名詞
gyps	gyps	固有名詞
gypsum	gypsum	固有名詞
gypsy	gypsy	固有名詞
gyral	gyral	固有名詞
gyrant	gyrant	固有名詞
gyrate	gyrate	固有名詞
gyre	gyre	固有名詞
gyred	gyred	固有名詞
gyrene	gyrene	固有名詞
gyres	gyres	固有名詞
gyri	gyri	固有名詞
gyric	gyric	固有名詞
gyring	gyring	固有名詞
gyro	gyro	固有名詞
gyroma	gyroma	固有名詞
gyron	gyron	固有名詞
gyrons	gyrons	固有名詞
gyros	gyros	固有名詞
gyrose	gyrose	固有名詞
gyrous	gyrous	固有名詞
gyrus	gyrus	固有名詞
gyse	gyse	固有名詞
gyte	gyte	固有名詞
gyttja	gyttja	固有名詞
gyve	gyve	固有名詞
gyved	gyved	固有名詞
gyves	gyves	固有名詞
gyving	gyving	固有名詞
haab	haab	固有名詞
haaf	haaf	固有名詞
haafs	haafs	固有名詞
haak	haak	固有名詞
haar	haar	固有名詞
haars	haars	固有名詞
hab	hab	固有名詞
habab	habab	固有名詞
habbe	habbe	固有名詞
habble	habble	固有名詞
habbub	habbub	固有名詞
habe	habe	固有名詞
habeas	habeas	固有名詞
habena	habena	固有名詞
habere	habere	固有名詞
habet	habet	固有名詞
habile	habile	固有名詞
habiri	habiri	固有名詞
habiru	habiru	固有名詞
habit	habit	固有名詞
habits	habits	固有名詞
hable	hable	固有名詞
habnab	habnab	固有名詞
haboob	haboob	固有名詞
haboub	haboub	固有名詞
habu	habu	固有名詞
habub	habub	固有名詞
habuka	habuka	固有名詞
habus	habus	固有名詞
hacek	hacek	固有名詞
haceks	haceks	固有名詞
hache	hache	固有名詞
hachis	hachis	固有名詞
hacht	hacht	固有名詞
hack	hack	固有名詞
hacked	hacked	固有名詞
hackee	hackee	固有名詞
hacker	hacker	固有名詞
hackia	hackia	固有名詞
hackie	hackie	固有名詞
hackin	hackin	固有名詞
hackle	hackle	固有名詞
hackly	hackly	固有名詞
hacks	hacks	固有名詞
hacky	hacky	固有名詞
had	had	固有名詞
hadada	hadada	固有名詞
hadal	hadal	固有名詞
hadbot	hadbot	固有名詞
hadden	hadden	固有名詞
hadder	hadder	固有名詞
haddie	haddie	固有名詞
haddin	haddin	固有名詞
haddo	haddo	固有名詞
hade	hade	固有名詞
hadean	hadean	固有名詞
haded	haded	固有名詞
hades	hades	固有名詞
hading	hading	固有名詞
hadit	hadit	固有名詞
hadith	hadith	固有名詞
hadj	hadj	固有名詞
hadjee	hadjee	固有名詞
hadjes	hadjes	固有名詞
hadji	hadji	固有名詞
hadjis	hadjis	固有名詞
hadnt	hadnt	固有名詞
hadrom	hadrom	固有名詞
hadron	hadron	固有名詞
hadst	hadst	固有名詞
hae	hae	固有名詞
haec	haec	固有名詞
haed	haed	固有名詞
haeing	haeing	固有名詞
haem	haem	固有名詞
haemad	haemad	固有名詞
haemal	haemal	固有名詞
haemic	haemic	固有名詞
haemin	haemin	固有名詞
haems	haems	固有名詞
haen	haen	固有名詞
haeres	haeres	固有名詞
haes	haes	固有名詞
haet	haet	固有名詞
haets	haets	固有名詞
haf	haf	固有名詞
haff	haff	固有名詞
haffat	haffat	固有名詞
haffet	haffet	固有名詞
haffit	haffit	固有名詞
haffle	haffle	固有名詞
hafgan	hafgan	固有名詞
hafis	hafis	固有名詞
hafiz	hafiz	固有名詞
haflin	haflin	固有名詞
hafnia	hafnia	固有名詞
hafnyl	hafnyl	固有名詞
haft	haft	固有名詞
hafted	hafted	固有名詞
hafter	hafter	固有名詞
hafts	hafts	固有名詞
hag	hag	固有名詞
hagada	hagada	固有名詞
hagar	hagar	固有名詞
hagbut	hagbut	固有名詞
hagden	hagden	固有名詞
hagdin	hagdin	固有名詞
hagdon	hagdon	固有名詞
hageen	hageen	固有名詞
hagein	hagein	固有名詞
haggai	haggai	固有名詞
hagged	hagged	固有名詞
hagger	hagger	固有名詞
haggis	haggis	固有名詞
haggle	haggle	固有名詞
haggly	haggly	固有名詞
haggy	haggy	固有名詞
hagi	hagi	固有名詞
hagia	hagia	固有名詞
haglet	haglet	固有名詞
haglin	haglin	固有名詞
hagrid	hagrid	固有名詞
hags	hags	固有名詞
hague	hague	固有名詞
hah	hah	固有名詞
haha	haha	固有名詞
hahs	hahs	固有名詞
haiari	haiari	固有名詞
haick	haick	固有名詞
haida	haida	固有名詞
haidan	haidan	固有名詞
haidee	haidee	固有名詞
haiduk	haiduk	固有名詞
haik	haik	固有名詞
haika	haika	固有名詞
haikai	haikai	固有名詞
haikal	haikal	固有名詞
haikh	haikh	固有名詞
haiks	haiks	固有名詞
haiku	haiku	固有名詞
haikun	haikun	固有名詞
hail	hail	固有名詞
hailed	hailed	固有名詞
hailer	hailer	固有名詞
hailes	hailes	固有名詞
hails	hails	固有名詞
hailse	hailse	固有名詞
haily	haily	固有名詞
hain	hain	固有名詞
hainai	hainai	固有名詞
hainan	hainan	固有名詞
hainch	hainch	固有名詞
haine	haine	固有名詞
hained	hained	固有名詞
hair	hair	固有名詞
hairdo	hairdo	固有名詞
haire	haire	固有名詞
haired	haired	固有名詞
hairen	hairen	固有名詞
hairif	hairif	固有名詞
hairof	hairof	固有名詞
hairs	hairs	固有名詞
hairse	hairse	固有名詞
hairst	hairst	固有名詞
hairup	hairup	固有名詞
hairy	hairy	固有名詞
haisla	haisla	固有名詞
hait	hait	固有名詞
haiti	haiti	固有名詞
haiver	haiver	固有名詞
haj	haj	固有名詞
haje	haje	固有名詞
hajes	hajes	固有名詞
haji	haji	固有名詞
hajib	hajib	固有名詞
hajis	hajis	固有名詞
hajj	hajj	固有名詞
hajjes	hajjes	固有名詞
hajji	hajji	固有名詞
hajjis	hajjis	固有名詞
hak	hak	固有名詞
hakam	hakam	固有名詞
hakdar	hakdar	固有名詞
hake	hake	固有名詞
hakea	hakea	固有名詞
hakeem	hakeem	固有名詞
hakes	hakes	固有名詞
hakim	hakim	固有名詞
hakims	hakims	固有名詞
hakka	hakka	固有名詞
hako	hako	固有名詞
haku	haku	固有名詞
hal	hal	固有名詞
hala	hala	固有名詞
halaka	halaka	固有名詞
halal	halal	固有名詞
halala	halala	固有名詞
halas	halas	固有名詞
halawi	halawi	固有名詞
halch	halch	固有名詞
haldu	haldu	固有名詞
hale	hale	固有名詞
halebi	halebi	固有名詞
haled	haled	固有名詞
halely	halely	固有名詞
haler	haler	固有名詞
halers	halers	固有名詞
haleru	haleru	固有名詞
halerz	halerz	固有名詞
hales	hales	固有名詞
halest	halest	固有名詞
half	half	固有名詞
halfa	halfa	固有名詞
halfen	halfen	固有名詞
halfer	halfer	固有名詞
halfly	halfly	固有名詞
halfy	halfy	固有名詞
halid	halid	固有名詞
halide	halide	固有名詞
halids	halids	固有名詞
haling	haling	固有名詞
halite	halite	固有名詞
halke	halke	固有名詞
hall	hall	固有名詞
hallah	hallah	固有名詞
hallan	hallan	固有名詞
hallel	hallel	固有名詞
hallex	hallex	固有名詞
hallo	hallo	固有名詞
halloa	halloa	固有名詞
halloo	halloo	固有名詞
hallos	hallos	固有名詞
hallot	hallot	固有名詞
hallow	hallow	固有名詞
halls	halls	固有名詞
hallux	hallux	固有名詞
halm	halm	固有名詞
halma	halma	固有名詞
halms	halms	固有名詞
halo	halo	固有名詞
haloa	haloa	固有名詞
haloed	haloed	固有名詞
haloes	haloes	固有名詞
haloid	haloid	固有名詞
halos	halos	固有名詞
halp	halp	固有名詞
halper	halper	固有名詞
hals	hals	固有名詞
halse	halse	固有名詞
halsen	halsen	固有名詞
halser	halser	固有名詞
halt	halt	固有名詞
halte	halte	固有名詞
halted	halted	固有名詞
halter	halter	固有名詞
halts	halts	固有名詞
halutz	halutz	固有名詞
halva	halva	固有名詞
halvah	halvah	固有名詞
halvas	halvas	固有名詞
halve	halve	固有名詞
halved	halved	固有名詞
halver	halver	固有名詞
halves	halves	固有名詞
halwe	halwe	固有名詞
ham	ham	固有名詞
hamada	hamada	固有名詞
hamal	hamal	固有名詞
hamald	hamald	固有名詞
hamals	hamals	固有名詞
haman	haman	固有名詞
hamata	hamata	固有名詞
hamate	hamate	固有名詞
hamaul	hamaul	固有名詞
hamber	hamber	固有名詞
hamble	hamble	固有名詞
hambro	hambro	固有名詞
hame	hame	固有名詞
hameil	hameil	固有名詞
hamel	hamel	固有名詞
hamelt	hamelt	固有名詞
hames	hames	固有名詞
hametz	hametz	固有名詞
hamfat	hamfat	固有名詞
hami	hami	固有名詞
hamilt	hamilt	固有名詞
hamite	hamite	固有名詞
hamlah	hamlah	固有名詞
hamlet	hamlet	固有名詞
hamli	hamli	固有名詞
hammal	hammal	固有名詞
hammam	hammam	固有名詞
hammed	hammed	固有名詞
hammer	hammer	固有名詞
hammy	hammy	固有名詞
hamose	hamose	固有名詞
hamous	hamous	固有名詞
hamper	hamper	固有名詞
hams	hams	固有名詞
hamsa	hamsa	固有名詞
hamule	hamule	固有名詞
hamuli	hamuli	固有名詞
hamus	hamus	固有名詞
hamza	hamza	固有名詞
hamzah	hamzah	固有名詞
hamzas	hamzas	固有名詞
han	han	固有名詞
hanafi	hanafi	固有名詞
hanap	hanap	固有名詞
hance	hance	固有名詞
hanced	hanced	固有名詞
hances	hances	固有名詞
hanch	hanch	固有名詞
hand	hand	固有名詞
handed	handed	固有名詞
handel	handel	固有名詞
hander	hander	固有名詞
handle	handle	固有名詞
hands	hands	固有名詞
handy	handy	固有名詞
hang	hang	固有名詞
hangar	hangar	固有名詞
hangby	hangby	固有名詞
hange	hange	固有名詞
hanged	hanged	固有名詞
hangee	hangee	固有名詞
hanger	hanger	固有名詞
hangie	hangie	固有名詞
hangle	hangle	固有名詞
hangs	hangs	固有名詞
hangul	hangul	固有名詞
hangup	hangup	固有名詞
hanif	hanif	固有名詞
hank	hank	固有名詞
hanked	hanked	固有名詞
hanker	hanker	固有名詞
hankie	hankie	固有名詞
hankle	hankle	固有名詞
hanks	hanks	固有名詞
hankt	hankt	固有名詞
hankul	hankul	固有名詞
hanky	hanky	固有名詞
hanna	hanna	固有名詞
hano	hano	固有名詞
hanoi	hanoi	固有名詞
hans	hans	固有名詞
hansa	hansa	固有名詞
hanse	hanse	固有名詞
hansel	hansel	固有名詞
hanses	hanses	固有名詞
hansom	hansom	固有名詞
hant	hant	固有名詞
hanted	hanted	固有名詞
hantle	hantle	固有名詞
hants	hants	固有名詞
hao	hao	固有名詞
haole	haole	固有名詞
haoles	haoles	固有名詞
haoma	haoma	固有名詞
haori	haori	固有名詞
haoris	haoris	固有名詞
hap	hap	固有名詞
hapale	hapale	固有名詞
hapax	hapax	固有名詞
hapi	hapi	固有名詞
haply	haply	固有名詞
happed	happed	固有名詞
happen	happen	固有名詞
happer	happer	固有名詞
happy	happy	固有名詞
haps	haps	固有名詞
hapten	hapten	固有名詞
haptic	haptic	固有名詞
haptor	haptor	固有名詞
hapu	hapu	固有名詞
hapuku	hapuku	固有名詞
harace	harace	固有名詞
haram	haram	固有名詞
harang	harang	固有名詞
harari	harari	固有名詞
haras	haras	固有名詞
harass	harass	固有名詞
harast	harast	固有名詞
haraya	haraya	固有名詞
harb	harb	固有名詞
harbi	harbi	固有名詞
harbor	harbor	固有名詞
hard	hard	固有名詞
harden	harden	固有名詞
harder	harder	固有名詞
hardie	hardie	固有名詞
hardim	hardim	固有名詞
hardly	hardly	固有名詞
hards	hards	固有名詞
hardy	hardy	固有名詞
hare	hare	固有名詞
hared	hared	固有名詞
hareem	hareem	固有名詞
hareld	hareld	固有名詞
harem	harem	固有名詞
harems	harems	固有名詞
hares	hares	固有名詞
harico	harico	固有名詞
harier	harier	固有名詞
harim	harim	固有名詞
haring	haring	固有名詞
harish	harish	固有名詞
hark	hark	固有名詞
harka	harka	固有名詞
harked	harked	固有名詞
harkee	harkee	固有名詞
harken	harken	固有名詞
harks	harks	固有名詞
harl	harl	固有名詞
harle	harle	固有名詞
harled	harled	固有名詞
harlem	harlem	固有名詞
harlot	harlot	固有名詞
harls	harls	固有名詞
harm	harm	固有名詞
harmal	harmal	固有名詞
harman	harman	固有名詞
harmed	harmed	固有名詞
harmel	harmel	固有名詞
harmer	harmer	固有名詞
harmin	harmin	固有名詞
harmon	harmon	固有名詞
harms	harms	固有名詞
harn	harn	固有名詞
harns	harns	固有名詞
harold	harold	固有名詞
harp	harp	固有名詞
harpa	harpa	固有名詞
harped	harped	固有名詞
harper	harper	固有名詞
harpin	harpin	固有名詞
harps	harps	固有名詞
harpy	harpy	固有名詞
harr	harr	固有名詞
harre	harre	固有名詞
harrid	harrid	固有名詞
harris	harris	固有名詞
harrow	harrow	固有名詞
harry	harry	固有名詞
harsh	harsh	固有名詞
harst	harst	固有名詞
hart	hart	固有名詞
hartal	hartal	固有名詞
harten	harten	固有名詞
hartin	hartin	固有名詞
hartly	hartly	固有名詞
harts	harts	固有名詞
harv	harv	固有名詞
harvey	harvey	固有名詞
has	has	固有名詞
hasan	hasan	固有名詞
hasard	hasard	固有名詞
hash	hash	固有名詞
hashab	hashab	固有名詞
hashed	hashed	固有名詞
hasher	hasher	固有名詞
hashes	hashes	固有名詞
hasht	hasht	固有名詞
hashy	hashy	固有名詞
hasid	hasid	固有名詞
hask	hask	固有名詞
haskell	Haskell	固有名詞
hasky	hasky	固有名詞
haslet	haslet	固有名詞
hasn	hasn	固有名詞
hasnt	hasnt	固有名詞
hasp	hasp	固有名詞
hasped	hasped	固有名詞
hasps	hasps	固有名詞
hassar	hassar	固有名詞
hassel	hassel	固有名詞
hassle	hassle	固有名詞
hast	hast	固有名詞
hasta	hasta	固有名詞
haste	haste	固有名詞
hasted	hasted	固有名詞
hasten	hasten	固有名詞
haster	haster	固有名詞
hastes	hastes	固有名詞
hastif	hastif	固有名詞
hasty	hasty	固有名詞
hat	hat	固有名詞
hatbox	hatbox	固有名詞
hatch	hatch	固有名詞
hate	hate	固有名詞
hated	hated	固有名詞
hatel	hatel	固有名詞
hater	hater	固有名詞
haters	haters	固有名詞
hates	hates	固有名詞
hatful	hatful	固有名詞
hath	hath	固有名詞
hathi	hathi	固有名詞
hathor	hathor	固有名詞
hati	hati	固有名詞
hating	hating	固有名詞
hatpin	hatpin	固有名詞
hatred	hatred	固有名詞
hats	hats	固有名詞
hatt	hatt	固有名詞
hatte	hatte	固有名詞
hatted	hatted	固有名詞
hatter	hatter	固有名詞
hatti	hatti	固有名詞
hattic	hattic	固有名詞
hattie	hattie	固有名詞
hatty	hatty	固有名詞
hau	hau	固有名詞
haugh	haugh	固有名詞
haughs	haughs	固有名詞
haught	haught	固有名詞
haul	haul	固有名詞
hauld	hauld	固有名詞
hauled	hauled	固有名詞
hauler	hauler	固有名詞
haulm	haulm	固有名詞
haulms	haulms	固有名詞
haulmy	haulmy	固有名詞
hauls	hauls	固有名詞
haulse	haulse	固有名詞
hault	hault	固有名詞
haum	haum	固有名詞
haunce	haunce	固有名詞
haunch	haunch	固有名詞
haunt	haunt	固有名詞
haunts	haunts	固有名詞
haunty	haunty	固有名詞
haupia	haupia	固有名詞
hausa	hausa	固有名詞
hause	hause	固有名詞
hausen	hausen	固有名詞
hausse	hausse	固有名詞
haust	haust	固有名詞
haut	haut	固有名詞
haute	haute	固有名詞
hauyne	hauyne	固有名詞
hav	hav	固有名詞
havage	havage	固有名詞
havana	havana	固有名詞
have	have	固有名詞
havel	havel	固有名詞
haven	haven	固有名詞
havens	havens	固有名詞
havent	havent	固有名詞
haver	haver	固有名詞
havers	havers	固有名詞
haves	haves	固有名詞
havier	havier	固有名詞
having	having	固有名詞
havior	havior	固有名詞
havoc	havoc	固有名詞
havocs	havocs	固有名詞
haw	haw	固有名詞
hawaii	hawaii	固有名詞
hawed	hawed	固有名詞
hawer	hawer	固有名詞
hawing	hawing	固有名詞
hawiya	hawiya	固有名詞
hawk	hawk	固有名詞
hawked	hawked	固有名詞
hawker	hawker	固有名詞
hawkey	hawkey	固有名詞
hawkie	hawkie	固有名詞
hawks	hawks	固有名詞
hawky	hawky	固有名詞
hawm	hawm	固有名詞
hawok	hawok	固有名詞
haws	haws	固有名詞
hawse	hawse	固有名詞
hawsed	hawsed	固有名詞
hawser	hawser	固有名詞
hawses	hawses	固有名詞
hay	hay	固有名詞
haya	haya	固有名詞
haybox	haybox	固有名詞
haycap	haycap	固有名詞
haydn	haydn	固有名詞
haye	haye	固有名詞
hayed	hayed	固有名詞
hayer	hayer	固有名詞
hayers	hayers	固有名詞
hayes	hayes	固有名詞
hayey	hayey	固有名詞
haying	haying	固有名詞
haymow	haymow	固有名詞
hayne	hayne	固有名詞
hays	hays	固有名詞
haysel	haysel	固有名詞
hayz	hayz	固有名詞
hazan	hazan	固有名詞
hazans	hazans	固有名詞
hazara	hazara	固有名詞
hazard	hazard	固有名詞
haze	haze	固有名詞
hazed	hazed	固有名詞
hazel	hazel	固有名詞
hazels	hazels	固有名詞
hazen	hazen	固有名詞
hazer	hazer	固有名詞
hazers	hazers	固有名詞
hazes	hazes	固有名詞
hazier	hazier	固有名詞
hazily	hazily	固有名詞
hazing	hazing	固有名詞
hazle	hazle	固有名詞
hazy	hazy	固有名詞
hazzan	hazzan	固有名詞
hcb	hcb	固有名詞
hcf	hcf	固有名詞
hcl	hcl	固有名詞
hdbk	hdbk	固有名詞
hdkf	hdkf	固有名詞
hdlc	hdlc	固有名詞
hdqrs	hdqrs	固有名詞
hdwe	hdwe	固有名詞
head	head	固有名詞
headed	headed	固有名詞
header	header	固有名詞
headle	headle	固有名詞
headly	headly	固有名詞
heads	heads	固有名詞
heady	heady	固有名詞
heaf	heaf	固有名詞
heal	heal	固有名詞
heald	heald	固有名詞
healed	healed	固有名詞
healer	healer	固有名詞
heals	heals	固有名詞
health	health	固有名詞
heap	heap	固有名詞
heaped	heaped	固有名詞
heaper	heaper	固有名詞
heaps	heaps	固有名詞
heapy	heapy	固有名詞
hear	hear	固有名詞
heard	heard	固有名詞
hearer	hearer	固有名詞
hears	hears	固有名詞
hearse	hearse	固有名詞
hearst	hearst	固有名詞
heart	heart	固有名詞
hearth	hearth	固有名詞
hearts	hearts	固有名詞
hearty	hearty	固有名詞
heat	heat	固有名詞
heated	heated	固有名詞
heaten	heaten	固有名詞
heater	heater	固有名詞
heath	heath	固有名詞
heaths	heaths	固有名詞
heathy	heathy	固有名詞
heats	heats	固有名詞
heaume	heaume	固有名詞
heave	heave	固有名詞
heaved	heaved	固有名詞
heaven	heaven	固有名詞
heaver	heaver	固有名詞
heaves	heaves	固有名詞
heavy	heavy	固有名詞
heazy	heazy	固有名詞
hebe	hebe	固有名詞
heben	heben	固有名詞
hebete	hebete	固有名詞
hebrew	hebrew	固有名詞
hecate	hecate	固有名詞
hecco	hecco	固有名詞
hech	hech	固有名詞
hecht	hecht	固有名詞
heck	heck	固有名詞
heckle	heckle	固有名詞
hecks	hecks	固有名詞
hectar	hectar	固有名詞
hecte	hecte	固有名詞
hectic	hectic	固有名詞
hector	hector	固有名詞
hecuba	hecuba	固有名詞
hed	hed	固有名詞
heddle	heddle	固有名詞
hede	hede	固有名詞
hedebo	hedebo	固有名詞
heder	heder	固有名詞
hedera	hedera	固有名詞
heders	heders	固有名詞
hedge	hedge	固有名詞
hedged	hedged	固有名詞
hedger	hedger	固有名詞
hedges	hedges	固有名詞
hedgy	hedgy	固有名詞
hee	hee	固有名詞
heed	heed	固有名詞
heeded	heeded	固有名詞
heeder	heeder	固有名詞
heeds	heeds	固有名詞
heedy	heedy	固有名詞
heehaw	heehaw	固有名詞
heel	heel	固有名詞
heeled	heeled	固有名詞
heeler	heeler	固有名詞
heels	heels	固有名詞
heep	heep	固有名詞
heer	heer	固有名詞
heeze	heeze	固有名詞
heezed	heezed	固有名詞
heezes	heezes	固有名詞
heezie	heezie	固有名詞
heezy	heezy	固有名詞
heft	heft	固有名詞
hefted	hefted	固有名詞
hefter	hefter	固有名詞
hefts	hefts	固有名詞
hefty	hefty	固有名詞
hegari	hegari	固有名詞
hegira	hegira	固有名詞
heh	heh	固有名詞
hehe	hehe	固有名詞
hei	hei	固有名詞
heiau	heiau	固有名詞
heidi	heidi	固有名詞
heifer	heifer	固有名詞
heigh	heigh	固有名詞
height	height	固有名詞
heii	heii	固有名詞
heikum	heikum	固有名詞
heil	heil	固有名詞
heild	heild	固有名詞
heiled	heiled	固有名詞
heils	heils	固有名詞
heily	heily	固有名詞
heimin	heimin	固有名詞
hein	hein	固有名詞
heinie	heinie	固有名詞
heinz	heinz	固有名詞
heir	heir	固有名詞
heired	heired	固有名詞
heirlo	heirlo	固有名詞
heirs	heirs	固有名詞
heist	heist	固有名詞
heists	heists	固有名詞
heize	heize	固有名詞
heized	heized	固有名詞
hejazi	hejazi	固有名詞
hejira	hejira	固有名詞
hel	hel	固有名詞
helas	helas	固有名詞
helbeh	helbeh	固有名詞
helco	helco	固有名詞
held	held	固有名詞
helder	helder	固有名詞
hele	hele	固有名詞
helen	helen	固有名詞
helena	helena	固有名詞
helenn	helenn	固有名詞
helge	helge	固有名詞
heliac	heliac	固有名詞
helide	helide	固有名詞
heling	heling	固有名詞
helio	helio	固有名詞
helion	helion	固有名詞
helios	helios	固有名詞
helium	helium	固有名詞
helix	helix	固有名詞
hell	hell	固有名詞
helled	helled	固有名詞
hellen	hellen	固有名詞
heller	heller	固有名詞
hellim	hellim	固有名詞
hello	hello	固有名詞
hellos	hellos	固有名詞
hells	hells	固有名詞
helluo	helluo	固有名詞
helly	helly	固有名詞
helm	helm	固有名詞
helmed	helmed	固有名詞
helmet	helmet	固有名詞
helms	helms	固有名詞
heloe	heloe	固有名詞
heloma	heloma	固有名詞
helot	helot	固有名詞
helots	helots	固有名詞
help	help	固有名詞
helped	helped	固有名詞
helper	helper	固有名詞
helply	helply	固有名詞
helps	helps	固有名詞
helve	helve	固有名詞
helved	helved	固有名詞
helver	helver	固有名詞
helves	helves	固有名詞
helvin	helvin	固有名詞
helzel	helzel	固有名詞
hem	hem	固有名詞
hemad	hemad	固有名詞
hemal	hemal	固有名詞
heman	heman	固有名詞
hemase	hemase	固有名詞
heme	heme	固有名詞
hemen	hemen	固有名詞
hemera	hemera	固有名詞
hemes	hemes	固有名詞
hemic	hemic	固有名詞
hemin	hemin	固有名詞
hemina	hemina	固有名詞
hemine	hemine	固有名詞
hemins	hemins	固有名詞
heml	heml	固有名詞
hemmed	hemmed	固有名詞
hemmel	hemmel	固有名詞
hemmer	hemmer	固有名詞
hemoid	hemoid	固有名詞
hemol	hemol	固有名詞
hemp	hemp	固有名詞
hempen	hempen	固有名詞
hempie	hempie	固有名詞
hemps	hemps	固有名詞
hempy	hempy	固有名詞
hems	hems	固有名詞
hemule	hemule	固有名詞
hen	hen	固有名詞
henad	henad	固有名詞
henbit	henbit	固有名詞
hence	hence	固有名詞
hend	hend	固有名詞
hendly	hendly	固有名詞
hendy	hendy	固有名詞
henen	henen	固有名詞
heng	heng	固有名詞
henge	henge	固有名詞
henism	henism	固有名詞
henna	henna	固有名詞
hennas	hennas	固有名詞
hennes	hennes	固有名詞
hennin	hennin	固有名詞
henny	henny	固有名詞
henpen	henpen	固有名詞
henry	henry	固有名詞
henrys	henrys	固有名詞
hens	hens	固有名詞
hent	hent	固有名詞
hented	hented	固有名詞
henter	henter	固有名詞
hents	hents	固有名詞
heo	heo	固有名詞
hep	hep	固有名詞
hepar	hepar	固有名詞
hepcat	hepcat	固有名詞
heppen	heppen	固有名詞
hepper	hepper	固有名詞
heptad	heptad	固有名詞
heptal	heptal	固有名詞
heptyl	heptyl	固有名詞
her	her	固有名詞
hera	hera	固有名詞
herald	herald	固有名詞
herat	herat	固有名詞
heraud	heraud	固有名詞
heraus	heraus	固有名詞
herb	herb	固有名詞
herba	herba	固有名詞
herbal	herbal	固有名詞
herbar	herbar	固有名詞
herber	herber	固有名詞
herbid	herbid	固有名詞
herbs	herbs	固有名詞
herby	herby	固有名詞
herd	herd	固有名詞
herded	herded	固有名詞
herder	herder	固有名詞
herdic	herdic	固有名詞
herds	herds	固有名詞
here	here	固有名詞
hereat	hereat	固有名詞
hereby	hereby	固有名詞
herein	herein	固有名詞
herem	herem	固有名詞
hereof	hereof	固有名詞
hereon	hereon	固有名詞
herero	herero	固有名詞
heres	heres	固有名詞
heresy	heresy	固有名詞
hereto	hereto	固有名詞
herile	herile	固有名詞
heriot	heriot	固有名詞
herl	herl	固有名詞
herls	herls	固有名詞
herm	herm	固有名詞
herma	herma	固有名詞
hermae	hermae	固有名詞
hermai	hermai	固有名詞
herman	herman	固有名詞
hermes	hermes	固有名詞
hermi	hermi	固有名詞
hermit	hermit	固有名詞
hermo	hermo	固有名詞
herms	herms	固有名詞
hern	hern	固有名詞
herne	herne	固有名詞
hernia	hernia	固有名詞
herns	herns	固有名詞
hero	hero	固有名詞
heroes	heroes	固有名詞
heroic	heroic	固有名詞
heroid	heroid	固有名詞
heroin	heroin	固有名詞
herola	herola	固有名詞
heron	heron	固有名詞
herons	herons	固有名詞
heros	heros	固有名詞
herp	herp	固有名詞
herpes	herpes	固有名詞
herpet	herpet	固有名詞
herr	herr	固有名詞
herry	herry	固有名詞
hers	hers	固有名詞
herse	herse	固有名詞
hersed	hersed	固有名詞
hersir	hersir	固有名詞
hert	hert	固有名詞
hertz	hertz	固有名詞
heruli	heruli	固有名詞
herve	herve	固有名詞
hery	hery	固有名詞
hes	hes	固有名詞
hesped	hesped	固有名詞
hespel	hespel	固有名詞
hesper	hesper	固有名詞
hest	hest	固有名詞
hester	hester	固有名詞
hestia	hestia	固有名詞
hests	hests	固有名詞
het	het	固有名詞
hete	hete	固有名詞
hetero	hetero	固有名詞
heth	heth	固有名詞
hethen	hethen	固有名詞
heths	heths	固有名詞
hetman	hetman	固有名詞
hetter	hetter	固有名詞
hettie	hettie	固有名詞
hetty	hetty	固有名詞
heuau	heuau	固有名詞
heuch	heuch	固有名詞
heuchs	heuchs	固有名詞
heugh	heugh	固有名詞
heughs	heughs	固有名詞
heuk	heuk	固有名詞
heuvel	heuvel	固有名詞
hevea	hevea	固有名詞
heved	heved	固有名詞
hevi	hevi	固有名詞
hew	hew	固有名詞
hewe	hewe	固有名詞
hewed	hewed	固有名詞
hewel	hewel	固有名詞
hewer	hewer	固有名詞
hewers	hewers	固有名詞
hewgag	hewgag	固有名詞
hewgh	hewgh	固有名詞
hewing	hewing	固有名詞
hewn	hewn	固有名詞
hews	hews	固有名詞
hewt	hewt	固有名詞
hex	hex	固有名詞
hexa	hexa	固有名詞
hexace	hexace	固有名詞
hexact	hexact	固有名詞
hexad	hexad	固有名詞
hexadd	hexadd	固有名詞
hexade	hexade	固有名詞
hexads	hexads	固有名詞
hexane	hexane	固有名詞
hexdra	hexdra	固有名詞
hexed	hexed	固有名詞
hexene	hexene	固有名詞
hexer	hexer	固有名詞
hexers	hexers	固有名詞
hexes	hexes	固有名詞
hexine	hexine	固有名詞
hexing	hexing	固有名詞
hexis	hexis	固有名詞
hexode	hexode	固有名詞
hexoic	hexoic	固有名詞
hexone	hexone	固有名詞
hexose	hexose	固有名詞
hexs	hexs	固有名詞
hexsub	hexsub	固有名詞
hexyl	hexyl	固有名詞
hexyls	hexyls	固有名詞
hexyne	hexyne	固有名詞
hey	hey	固有名詞
heyday	heyday	固有名詞
heydey	heydey	固有名詞
heygh	heygh	固有名詞
heynne	heynne	固有名詞
heypen	heypen	固有名詞
heyrat	heyrat	固有名詞
hezron	hezron	固有名詞
hgt	hgt	固有名詞
hgwy	hgwy	固有名詞
hhd	hhd	固有名詞
hia	hia	固有名詞
hiant	hiant	固有名詞
hiatal	hiatal	固有名詞
hiate	hiate	固有名詞
hiatus	hiatus	固有名詞
hibbin	hibbin	固有名詞
hibito	hibito	固有名詞
hibla	hibla	固有名詞
hic	hic	固有名詞
hicaco	hicaco	固有名詞
hiccup	hiccup	固有名詞
hicht	hicht	固有名詞
hichu	hichu	固有名詞
hick	hick	固有名詞
hicket	hicket	固有名詞
hickey	hickey	固有名詞
hicks	hicks	固有名詞
hicky	hicky	固有名詞
hid	hid	固有名詞
hidage	hidage	固有名詞
hidden	hidden	固有名詞
hide	hide	固有名詞
hided	hided	固有名詞
hidel	hidel	固有名詞
hider	hider	固有名詞
hiders	hiders	固有名詞
hides	hides	固有名詞
hiding	hiding	固有名詞
hie	hie	固有名詞
hied	hied	固有名詞
hieder	hieder	固有名詞
hieing	hieing	固有名詞
hield	hield	固有名詞
hiemal	hiemal	固有名詞
hiems	hiems	固有名詞
hienz	hienz	固有名詞
hiera	hiera	固有名詞
hieron	hieron	固有名詞
hieros	hieros	固有名詞
hies	hies	固有名詞
higdon	higdon	固有名詞
higgle	higgle	固有名詞
high	high	固有名詞
higher	higher	固有名詞
highly	highly	固有名詞
highs	highs	固有名詞
hight	hight	固有名詞
highth	highth	固有名詞
hights	hights	固有名詞
higra	higra	固有名詞
hijack	hijack	固有名詞
hijra	hijra	固有名詞
hike	hike	固有名詞
hiked	hiked	固有名詞
hiker	hiker	固有名詞
hikers	hikers	固有名詞
hikes	hikes	固有名詞
hiking	hiking	固有名詞
hikuli	hikuli	固有名詞
hila	hila	固有名詞
hilar	hilar	固有名詞
hilary	hilary	固有名詞
hilch	hilch	固有名詞
hilda	hilda	固有名詞
hile	hile	固有名詞
hili	hili	固有名詞
hill	hill	固有名詞
hilled	hilled	固有名詞
hillel	hillel	固有名詞
hiller	hiller	固有名詞
hillet	hillet	固有名詞
hillo	hillo	固有名詞
hilloa	hilloa	固有名詞
hillos	hillos	固有名詞
hills	hills	固有名詞
hilly	hilly	固有名詞
hilsa	hilsa	固有名詞
hilsah	hilsah	固有名詞
hilt	hilt	固有名詞
hilted	hilted	固有名詞
hilts	hilts	固有名詞
hilum	hilum	固有名詞
hilus	hilus	固有名詞
him	him	固有名詞
hima	hima	固有名詞
himati	himati	固有名詞
himene	himene	固有名詞
himne	himne	固有名詞
himp	himp	固有名詞
himple	himple	固有名詞
hin	hin	固有名詞
hinau	hinau	固有名詞
hinch	hinch	固有名詞
hind	hind	固有名詞
hinder	hinder	固有名詞
hindi	hindi	固有名詞
hindoo	hindoo	固有名詞
hinds	hinds	固有名詞
hindu	hindu	固有名詞
hindus	hindus	固有名詞
hine	hine	固有名詞
hiney	hiney	固有名詞
hing	hing	固有名詞
hinge	hinge	固有名詞
hinged	hinged	固有名詞
hinger	hinger	固有名詞
hinges	hinges	固有名詞
hingle	hingle	固有名詞
hinner	hinner	固有名詞
hinney	hinney	固有名詞
hinny	hinny	固有名詞
hinoid	hinoid	固有名詞
hinoki	hinoki	固有名詞
hins	hins	固有名詞
hint	hint	固有名詞
hinted	hinted	固有名詞
hinter	hinter	固有名詞
hints	hints	固有名詞
hiodon	hiodon	固有名詞
hip	hip	固有名詞
hipe	hipe	固有名詞
hiper	hiper	固有名詞
hipmi	hipmi	固有名詞
hippa	hippa	固有名詞
hipped	hipped	固有名詞
hippen	hippen	固有名詞
hipper	hipper	固有名詞
hippi	hippi	固有名詞
hippia	hippia	固有名詞
hippic	hippic	固有名詞
hippie	hippie	固有名詞
hipple	hipple	固有名詞
hippo	hippo	固有名詞
hippos	hippos	固有名詞
hippus	hippus	固有名詞
hippy	hippy	固有名詞
hips	hips	固有名詞
hir	hir	固有名詞
hiram	hiram	固有名詞
hircic	hircic	固有名詞
hircin	hircin	固有名詞
hircus	hircus	固有名詞
hire	hire	固有名詞
hired	hired	固有名詞
hiren	hiren	固有名詞
hirer	hirer	固有名詞
hirers	hirers	固有名詞
hires	hires	固有名詞
hiring	hiring	固有名詞
hirmos	hirmos	固有名詞
hiro	hiro	固有名詞
hirple	hirple	固有名詞
hirse	hirse	固有名詞
hirsel	hirsel	固有名詞
hirsle	hirsle	固有名詞
hirst	hirst	固有名詞
hirtch	hirtch	固有名詞
hirudo	hirudo	固有名詞
his	his	固有名詞
hish	hish	固有名詞
hisis	hisis	固有名詞
hisn	hisn	固有名詞
hispa	hispa	固有名詞
hispid	hispid	固有名詞
hiss	hiss	固有名詞
hissed	hissed	固有名詞
hissel	hissel	固有名詞
hisser	hisser	固有名詞
hisses	hisses	固有名詞
hissy	hissy	固有名詞
hist	hist	固有名詞
histed	histed	固有名詞
hister	hister	固有名詞
histie	histie	固有名詞
histon	histon	固有名詞
hists	hists	固有名詞
hit	hit	固有名詞
hitch	hitch	固有名詞
hitchy	hitchy	固有名詞
hithe	hithe	固有名詞
hither	hither	固有名詞
hitler	hitler	固有名詞
hits	hits	固有名詞
hitter	hitter	固有名詞
hive	hive	固有名詞
hived	hived	固有名詞
hiver	hiver	固有名詞
hives	hives	固有名詞
hiving	hiving	固有名詞
hivite	hivite	固有名詞
hizz	hizz	固有名詞
hizzie	hizzie	固有名詞
hld	hld	固有名詞
hler	hler	固有名詞
hlqn	hlqn	固有名詞
hny	hny	固有名詞
hoagie	hoagie	固有名詞
hoagy	hoagy	固有名詞
hoar	hoar	固有名詞
hoard	hoard	固有名詞
hoards	hoards	固有名詞
hoared	hoared	固有名詞
hoars	hoars	固有名詞
hoarse	hoarse	固有名詞
hoary	hoary	固有名詞
hoast	hoast	固有名詞
hoax	hoax	固有名詞
hoaxed	hoaxed	固有名詞
hoaxee	hoaxee	固有名詞
hoaxer	hoaxer	固有名詞
hoaxes	hoaxes	固有名詞
hoazin	hoazin	固有名詞
hob	hob	固有名詞
hobbed	hobbed	固有名詞
hobber	hobber	固有名詞
hobbet	hobbet	固有名詞
hobbil	hobbil	固有名詞
hobbit	hobbit	固有名詞
hobble	hobble	固有名詞
hobbly	hobbly	固有名詞
hobby	hobby	固有名詞
hobits	hobits	固有名詞
hoblob	hoblob	固有名詞
hobnob	hobnob	固有名詞
hobo	hobo	固有名詞
hoboe	hoboe	固有名詞
hoboed	hoboed	固有名詞
hoboes	hoboes	固有名詞
hobos	hobos	固有名詞
hobs	hobs	固有名詞
hoc	hoc	固有名詞
hocco	hocco	固有名詞
hoch	hoch	固有名詞
hock	hock	固有名詞
hocked	hocked	固有名詞
hocker	hocker	固有名詞
hocket	hocket	固有名詞
hockey	hockey	固有名詞
hockle	hockle	固有名詞
hocks	hocks	固有名詞
hocky	hocky	固有名詞
hocus	hocus	固有名詞
hod	hod	固有名詞
hodad	hodad	固有名詞
hodads	hodads	固有名詞
hodden	hodden	固有名詞
hodder	hodder	固有名詞
hoddin	hoddin	固有名詞
hoddle	hoddle	固有名詞
hoddy	hoddy	固有名詞
hodful	hodful	固有名詞
hodge	hodge	固有名詞
hodman	hodman	固有名詞
hodmen	hodmen	固有名詞
hods	hods	固有名詞
hodure	hodure	固有名詞
hoe	hoe	固有名詞
hoed	hoed	固有名詞
hoeful	hoeful	固有名詞
hoeing	hoeing	固有名詞
hoer	hoer	固有名詞
hoers	hoers	固有名詞
hoes	hoes	固有名詞
hoey	hoey	固有名詞
hog	hog	固有名詞
hoga	hoga	固有名詞
hogan	hogan	固有名詞
hogans	hogans	固有名詞
hogen	hogen	固有名詞
hogg	hogg	固有名詞
hogged	hogged	固有名詞
hoggee	hoggee	固有名詞
hogger	hogger	固有名詞
hogget	hogget	固有名詞
hoggie	hoggie	固有名詞
hoggin	hoggin	固有名詞
hoggs	hoggs	固有名詞
hoggy	hoggy	固有名詞
hogni	hogni	固有名詞
hognut	hognut	固有名詞
hogo	hogo	固有名詞
hogpen	hogpen	固有名詞
hogs	hogs	固有名詞
hogsty	hogsty	固有名詞
hogtie	hogtie	固有名詞
hogton	hogton	固有名詞
hohe	hohe	固有名詞
hohn	hohn	固有名詞
hoho	hoho	固有名詞
hoi	hoi	固有名詞
hoick	hoick	固有名詞
hoicks	hoicks	固有名詞
hoiden	hoiden	固有名詞
hoin	hoin	固有名詞
hoise	hoise	固有名詞
hoised	hoised	固有名詞
hoises	hoises	固有名詞
hoist	hoist	固有名詞
hoists	hoists	固有名詞
hoit	hoit	固有名詞
hoju	hoju	固有名詞
hokan	hokan	固有名詞
hoke	hoke	固有名詞
hoked	hoked	固有名詞
hoker	hoker	固有名詞
hokes	hokes	固有名詞
hokey	hokey	固有名詞
hokier	hokier	固有名詞
hoking	hoking	固有名詞
hokku	hokku	固有名詞
hokum	hokum	固有名詞
hokums	hokums	固有名詞
hol	hol	固有名詞
hola	hola	固有名詞
holard	holard	固有名詞
holcad	holcad	固有名詞
holcus	holcus	固有名詞
hold	hold	固有名詞
holden	holden	固有名詞
holder	holder	固有名詞
holds	holds	固有名詞
holdup	holdup	固有名詞
hole	hole	固有名詞
holed	holed	固有名詞
holer	holer	固有名詞
holes	holes	固有名詞
holey	holey	固有名詞
holi	holi	固有名詞
holia	holia	固有名詞
holier	holier	固有名詞
holies	holies	固有名詞
holily	holily	固有名詞
holing	holing	固有名詞
holism	holism	固有名詞
holist	holist	固有名詞
holk	holk	固有名詞
holked	holked	固有名詞
holks	holks	固有名詞
holl	holl	固有名詞
holla	holla	固有名詞
hollas	hollas	固有名詞
holler	holler	固有名詞
hollin	hollin	固有名詞
hollo	hollo	固有名詞
holloa	holloa	固有名詞
holloo	holloo	固有名詞
hollos	hollos	固有名詞
hollow	hollow	固有名詞
holly	holly	固有名詞
holm	holm	固有名詞
holmes	holmes	固有名詞
holmia	holmia	固有名詞
holmic	holmic	固有名詞
holmos	holmos	固有名詞
holms	holms	固有名詞
holoku	holoku	固有名詞
holour	holour	固有名詞
holp	holp	固有名詞
holpen	holpen	固有名詞
hols	hols	固有名詞
holsom	holsom	固有名詞
holt	holt	固有名詞
holts	holts	固有名詞
holw	holw	固有名詞
holy	holy	固有名詞
hom	hom	固有名詞
homage	homage	固有名詞
homam	homam	固有名詞
homard	homard	固有名詞
hombre	hombre	固有名詞
home	home	固有名詞
homed	homed	固有名詞
homely	homely	固有名詞
homer	homer	固有名詞
homers	homers	固有名詞
homes	homes	固有名詞
homey	homey	固有名詞
homier	homier	固有名詞
homily	homily	固有名詞
homing	homing	固有名詞
hominy	hominy	固有名詞
homish	homish	固有名詞
homme	homme	固有名詞
homo	homo	固有名詞
homos	homos	固有名詞
homrai	homrai	固有名詞
homy	homy	固有名詞
hon	hon	固有名詞
honan	honan	固有名詞
honans	honans	固有名詞
honcho	honcho	固有名詞
hond	hond	固有名詞
honda	honda	固有名詞
hondas	hondas	固有名詞
hondo	hondo	固有名詞
hone	hone	固有名詞
honed	honed	固有名詞
honer	honer	固有名詞
honers	honers	固有名詞
hones	hones	固有名詞
honest	honest	固有名詞
honey	honey	固有名詞
honeys	honeys	固有名詞
hong	hong	固有名詞
hongs	hongs	固有名詞
honied	honied	固有名詞
honily	honily	固有名詞
honing	honing	固有名詞
honk	honk	固有名詞
honked	honked	固有名詞
honker	honker	固有名詞
honkey	honkey	固有名詞
honkie	honkie	固有名詞
honks	honks	固有名詞
honky	honky	固有名詞
honor	honor	固有名詞
honora	honora	固有名詞
honors	honors	固有名詞
honour	honour	固有名詞
hont	hont	固有名詞
honzo	honzo	固有名詞
hoo	hoo	固有名詞
hooch	hooch	固有名詞
hood	hood	固有名詞
hooded	hooded	固有名詞
hoodie	hoodie	固有名詞
hoodle	hoodle	固有名詞
hoodoo	hoodoo	固有名詞
hoods	hoods	固有名詞
hoody	hoody	固有名詞
hooey	hooey	固有名詞
hooeys	hooeys	固有名詞
hoof	hoof	固有名詞
hoofed	hoofed	固有名詞
hoofer	hoofer	固有名詞
hoofs	hoofs	固有名詞
hoofy	hoofy	固有名詞
hook	hook	固有名詞
hooka	hooka	固有名詞
hookah	hookah	固有名詞
hookas	hookas	固有名詞
hooked	hooked	固有名詞
hooker	hooker	固有名詞
hookey	hookey	固有名詞
hooks	hooks	固有名詞
hookum	hookum	固有名詞
hookup	hookup	固有名詞
hooky	hooky	固有名詞
hool	hool	固有名詞
hoolee	hoolee	固有名詞
hooley	hooley	固有名詞
hoolie	hoolie	固有名詞
hooly	hooly	固有名詞
hoom	hoom	固有名詞
hoon	hoon	固有名詞
hoondi	hoondi	固有名詞
hoop	hoop	固有名詞
hooped	hooped	固有名詞
hooper	hooper	固有名詞
hoopla	hoopla	固有名詞
hoople	hoople	固有名詞
hoopoe	hoopoe	固有名詞
hoopoo	hoopoo	固有名詞
hoops	hoops	固有名詞
hoorah	hoorah	固有名詞
hooray	hooray	固有名詞
hooroo	hooroo	固有名詞
hoose	hoose	固有名詞
hoosh	hoosh	固有名詞
hoot	hoot	固有名詞
hootay	hootay	固有名詞
hootch	hootch	固有名詞
hooted	hooted	固有名詞
hooter	hooter	固有名詞
hoots	hoots	固有名詞
hoove	hoove	固有名詞
hooved	hooved	固有名詞
hooven	hooven	固有名詞
hoover	hoover	固有名詞
hooves	hooves	固有名詞
hoovey	hoovey	固有名詞
hooye	hooye	固有名詞
hop	hop	固有名詞
hopak	hopak	固有名詞
hope	hope	固有名詞
hoped	hoped	固有名詞
hoper	hoper	固有名詞
hopers	hopers	固有名詞
hopes	hopes	固有名詞
hopi	hopi	固有名詞
hoping	hoping	固有名詞
hopis	hopis	固有名詞
hopoff	hopoff	固有名詞
hopped	hopped	固有名詞
hopper	hopper	固有名詞
hoppet	hoppet	固有名詞
hopple	hopple	固有名詞
hoppo	hoppo	固有名詞
hoppy	hoppy	固有名詞
hops	hops	固有名詞
hor	hor	固有名詞
hora	hora	固有名詞
horace	horace	固有名詞
horae	horae	固有名詞
horah	horah	固有名詞
horahs	horahs	固有名詞
horal	horal	固有名詞
horary	horary	固有名詞
horas	horas	固有名詞
horde	horde	固有名詞
horded	horded	固有名詞
hordes	hordes	固有名詞
hore	hore	固有名詞
horim	horim	固有名詞
horkey	horkey	固有名詞
horla	horla	固有名詞
horme	horme	固有名詞
hormic	hormic	固有名詞
hormos	hormos	固有名詞
horn	horn	固有名詞
horned	horned	固有名詞
horner	horner	固有名詞
hornet	hornet	固有名詞
hornie	hornie	固有名詞
horns	horns	固有名詞
horny	horny	固有名詞
horol	horol	固有名詞
horrah	horrah	固有名詞
horral	horral	固有名詞
horray	horray	固有名詞
horrid	horrid	固有名詞
horror	horror	固有名詞
horry	horry	固有名詞
hors	hors	固有名詞
horse	horse	固有名詞
horsed	horsed	固有名詞
horser	horser	固有名詞
horses	horses	固有名詞
horsey	horsey	固有名詞
horst	horst	固有名詞
horste	horste	固有名詞
horsts	horsts	固有名詞
horsy	horsy	固有名詞
hort	hort	固有名詞
hory	hory	固有名詞
hose	hose	固有名詞
hosea	hosea	固有名詞
hosed	hosed	固有名詞
hosel	hosel	固有名詞
hosels	hosels	固有名詞
hosen	hosen	固有名詞
hoses	hoses	固有名詞
hosier	hosier	固有名詞
hosing	hosing	固有名詞
hosp	hosp	固有名詞
hoss	hoss	固有名詞
host	host	固有名詞
hosta	hosta	固有名詞
hostal	hostal	固有名詞
hosted	hosted	固有名詞
hostel	hostel	固有名詞
hoster	hoster	固有名詞
hostie	hostie	固有名詞
hostle	hostle	固有名詞
hostly	hostly	固有名詞
hostry	hostry	固有名詞
hosts	hosts	固有名詞
hot	hot	固有名詞
hotbed	hotbed	固有名詞
hotbox	hotbox	固有名詞
hotch	hotch	固有名詞
hotcha	hotcha	固有名詞
hotdog	hotdog	固有名詞
hote	hote	固有名詞
hotel	hotel	固有名詞
hotels	hotels	固有名詞
hoti	hoti	固有名詞
hotkey	hotkey	固有名詞
hotly	hotly	固有名詞
hotpot	hotpot	固有名詞
hotrod	hotrod	固有名詞
hots	hots	固有名詞
hotta	hotta	固有名詞
hotted	hotted	固有名詞
hotter	hotter	固有名詞
hottie	hottie	固有名詞
hottle	hottle	固有名詞
houdah	houdah	固有名詞
houdan	houdan	固有名詞
hough	hough	固有名詞
houlet	houlet	固有名詞
hoult	hoult	固有名詞
hounce	hounce	固有名詞
hound	hound	固有名詞
hounds	hounds	固有名詞
houndy	houndy	固有名詞
hour	hour	固有名詞
houri	houri	固有名詞
houris	houris	固有名詞
hourly	hourly	固有名詞
hours	hours	固有名詞
housal	housal	固有名詞
house	house	固有名詞
housed	housed	固有名詞
housel	housel	固有名詞
houser	houser	固有名詞
houses	houses	固有名詞
houss	houss	固有名詞
housty	housty	固有名詞
housy	housy	固有名詞
hout	hout	固有名詞
houtou	houtou	固有名詞
houve	houve	固有名詞
hova	hova	固有名詞
hove	hove	固有名詞
hovel	hovel	固有名詞
hovels	hovels	固有名詞
hoven	hoven	固有名詞
hover	hover	固有名詞
hovers	hovers	固有名詞
how	how	固有名詞
howard	howard	固有名詞
howdah	howdah	固有名詞
howder	howder	固有名詞
howdie	howdie	固有名詞
howdy	howdy	固有名詞
howe	howe	固有名詞
howea	howea	固有名詞
howel	howel	固有名詞
howes	howes	固有名詞
howf	howf	固有名詞
howff	howff	固有名詞
howffs	howffs	固有名詞
howfs	howfs	固有名詞
howish	howish	固有名詞
howitz	howitz	固有名詞
howk	howk	固有名詞
howked	howked	固有名詞
howker	howker	固有名詞
howkit	howkit	固有名詞
howks	howks	固有名詞
howl	howl	固有名詞
howled	howled	固有名詞
howler	howler	固有名詞
howlet	howlet	固有名詞
howls	howls	固有名詞
hows	hows	固有名詞
howso	howso	固有名詞
hox	hox	固有名詞
hoy	hoy	固有名詞
hoya	hoya	固有名詞
hoyden	hoyden	固有名詞
hoyle	hoyle	固有名詞
hoyles	hoyles	固有名詞
hoyman	hoyman	固有名詞
hoys	hoys	固有名詞
hpital	hpital	固有名詞
hrdwre	hrdwre	固有名詞
hrs	hrs	固有名詞
hrzn	hrzn	固有名詞
hsi	hsi	固有名詞
hsien	hsien	固有名詞
hsuan	hsuan	固有名詞
htel	htel	固有名詞
html	HTML	固有名詞
hts	hts	固有名詞
http	HTTP	固有名詞
https	HTTPS	固有名詞
huaca	huaca	固有名詞
huaco	huaco	固有名詞
huari	huari	固有名詞
huashi	huashi	固有名詞
huave	huave	固有名詞
hub	hub	固有名詞
hubb	hubb	固有名詞
hubba	hubba	固有名詞
hubbed	hubbed	固有名詞
hubber	hubber	固有名詞
hubble	hubble	固有名詞
hubbly	hubbly	固有名詞
hubbob	hubbob	固有名詞
hubbub	hubbub	固有名詞
hubby	hubby	固有名詞
hubcap	hubcap	固有名詞
hubert	hubert	固有名詞
hubris	hubris	固有名詞
hubs	hubs	固有名詞
hubshi	hubshi	固有名詞
huchen	huchen	固有名詞
hucho	hucho	固有名詞
huck	huck	固有名詞
huckle	huckle	固有名詞
hucks	hucks	固有名詞
hud	hud	固有名詞
huddle	huddle	固有名詞
huddup	huddup	固有名詞
hudson	hudson	固有名詞
hue	hue	固有名詞
hued	hued	固有名詞
hueful	hueful	固有名詞
huemul	huemul	固有名詞
huer	huer	固有名詞
huerta	huerta	固有名詞
hues	hues	固有名詞
huey	huey	固有名詞
huff	huff	固有名詞
huffed	huffed	固有名詞
huffer	huffer	固有名詞
huffle	huffle	固有名詞
huffs	huffs	固有名詞
huffy	huffy	固有名詞
hug	hug	固有名詞
huge	huge	固有名詞
hugely	hugely	固有名詞
huger	huger	固有名詞
hugest	hugest	固有名詞
hugged	hugged	固有名詞
hugger	hugger	固有名詞
huggin	huggin	固有名詞
huggle	huggle	固有名詞
hugh	hugh	固有名詞
hughes	hughes	固有名詞
hughoc	hughoc	固有名詞
hugo	hugo	固有名詞
hugs	hugs	固有名詞
hugy	hugy	固有名詞
huh	huh	固有名詞
hui	hui	固有名詞
huia	huia	固有名詞
huic	huic	固有名詞
huile	huile	固有名詞
huipil	huipil	固有名詞
huitre	huitre	固有名詞
huk	huk	固有名詞
huke	huke	固有名詞
hula	hula	固有名詞
hulas	hulas	固有名詞
hulch	hulch	固有名詞
hulchy	hulchy	固有名詞
huldah	huldah	固有名詞
huldee	huldee	固有名詞
hulk	hulk	固有名詞
hulked	hulked	固有名詞
hulks	hulks	固有名詞
hulky	hulky	固有名詞
hull	hull	固有名詞
hulled	hulled	固有名詞
huller	huller	固有名詞
hullo	hullo	固有名詞
hulloa	hulloa	固有名詞
hulloo	hulloo	固有名詞
hullos	hullos	固有名詞
hulls	hulls	固有名詞
hulu	hulu	固有名詞
hulver	hulver	固有名詞
huly	huly	固有名詞
hum	hum	固有名詞
huma	huma	固有名詞
human	human	固有名詞
humane	humane	固有名詞
humans	humans	固有名詞
humate	humate	固有名詞
humble	humble	固有名詞
humbly	humbly	固有名詞
humbo	humbo	固有名詞
humbug	humbug	固有名詞
hume	hume	固有名詞
humean	humean	固有名詞
humect	humect	固有名詞
humeri	humeri	固有名詞
humet	humet	固有名詞
humhum	humhum	固有名詞
humic	humic	固有名詞
humid	humid	固有名詞
humify	humify	固有名詞
humin	humin	固有名詞
humism	humism	固有名詞
humist	humist	固有名詞
humit	humit	固有名詞
humite	humite	固有名詞
humlie	humlie	固有名詞
hummed	hummed	固有名詞
hummel	hummel	固有名詞
hummer	hummer	固有名詞
hummie	hummie	固有名詞
hummum	hummum	固有名詞
hummus	hummus	固有名詞
humor	humor	固有名詞
humors	humors	固有名詞
humour	humour	固有名詞
humous	humous	固有名詞
hump	hump	固有名詞
humped	humped	固有名詞
humph	humph	固有名詞
humphs	humphs	固有名詞
humps	humps	固有名詞
humpty	humpty	固有名詞
humpy	humpy	固有名詞
hums	hums	固有名詞
humus	humus	固有名詞
hun	hun	固有名詞
hunch	hunch	固有名詞
hunchy	hunchy	固有名詞
hund	hund	固有名詞
hunder	hunder	固有名詞
hundi	hundi	固有名詞
hung	hung	固有名詞
hungar	hungar	固有名詞
hunger	hunger	固有名詞
hungry	hungry	固有名詞
hunh	hunh	固有名詞
hunk	hunk	固有名詞
hunker	hunker	固有名詞
hunks	hunks	固有名詞
hunky	hunky	固有名詞
hunner	hunner	固有名詞
hunnic	hunnic	固有名詞
huns	huns	固有名詞
hunt	hunt	固有名詞
hunted	hunted	固有名詞
hunter	hunter	固有名詞
hunts	hunts	固有名詞
hunyak	hunyak	固有名詞
hup	hup	固有名詞
hupa	hupa	固有名詞
huppah	huppah	固有名詞
huppot	huppot	固有名詞
hura	hura	固有名詞
hurden	hurden	固有名詞
hurdis	hurdis	固有名詞
hurdle	hurdle	固有名詞
hurds	hurds	固有名詞
hure	hure	固有名詞
hureek	hureek	固有名詞
hurf	hurf	固有名詞
hurkle	hurkle	固有名詞
hurl	hurl	固有名詞
hurled	hurled	固有名詞
hurler	hurler	固有名詞
hurley	hurley	固有名詞
hurls	hurls	固有名詞
hurly	hurly	固有名詞
huron	huron	固有名詞
hurr	hurr	固有名詞
hurrah	hurrah	固有名詞
hurray	hurray	固有名詞
hurrer	hurrer	固有名詞
hurri	hurri	固有名詞
hurroo	hurroo	固有名詞
hurry	hurry	固有名詞
hurst	hurst	固有名詞
hurt	hurt	固有名詞
hurted	hurted	固有名詞
hurter	hurter	固有名詞
hurtle	hurtle	固有名詞
hurts	hurts	固有名詞
hurty	hurty	固有名詞
huse	huse	固有名詞
hush	hush	固有名詞
hushed	hushed	固有名詞
hushel	hushel	固有名詞
husher	husher	固有名詞
hushes	hushes	固有名詞
husho	husho	固有名詞
husht	husht	固有名詞
husk	husk	固有名詞
husked	husked	固有名詞
husker	husker	固有名詞
husks	husks	固有名詞
husky	husky	固有名詞
huso	huso	固有名詞
huspel	huspel	固有名詞
huspil	huspil	固有名詞
huss	huss	固有名詞
hussar	hussar	固有名詞
hussy	hussy	固有名詞
hust	hust	固有名詞
hustle	hustle	固有名詞
hut	hut	固有名詞
hutch	hutch	固有名詞
hutia	hutia	固有名詞
hutlet	hutlet	固有名詞
hutre	hutre	固有名詞
huts	huts	固有名詞
hutted	hutted	固有名詞
hutung	hutung	固有名詞
hutzpa	hutzpa	固有名詞
huxter	huxter	固有名詞
huzoor	huzoor	固有名詞
huzz	huzz	固有名詞
huzza	huzza	固有名詞
huzzah	huzzah	固有名詞
huzzas	huzzas	固有名詞
huzzy	huzzy	固有名詞
hvy	hvy	固有名詞
hwa	hwa	固有名詞
hwan	hwan	固有名詞
hwt	hwt	固有名詞
hwy	hwy	固有名詞
hwyl	hwyl	固有名詞
hyades	hyades	固有名詞
hyaena	hyaena	固有名詞
hyahya	hyahya	固有名詞
hyalin	hyalin	固有名詞
hyalts	hyalts	固有名詞
hybla	hybla	固有名詞
hyblan	hyblan	固有名詞
hybrid	hybrid	固有名詞
hybris	hybris	固有名詞
hyd	hyd	固有名詞
hydage	hydage	固有名詞
hyde	hyde	固有名詞
hydnum	hydnum	固有名詞
hydra	hydra	固有名詞
hydrae	hydrae	固有名詞
hydras	hydras	固有名詞
hydria	hydria	固有名詞
hydric	hydric	固有名詞
hydrid	hydrid	固有名詞
hydro	hydro	固有名詞
hydroa	hydroa	固有名詞
hydrol	hydrol	固有名詞
hydros	hydros	固有名詞
hydrus	hydrus	固有名詞
hye	hye	固有名詞
hyemal	hyemal	固有名詞
hyena	hyena	固有名詞
hyenas	hyenas	固有名詞
hyenia	hyenia	固有名詞
hyenic	hyenic	固有名詞
hyetal	hyetal	固有名詞
hygeen	hygeen	固有名詞
hygeia	hygeia	固有名詞
hygric	hygric	固有名詞
hygrin	hygrin	固有名詞
hying	hying	固有名詞
hyke	hyke	固有名詞
hyla	hyla	固有名詞
hylas	hylas	固有名詞
hyle	hyle	固有名詞
hylean	hylean	固有名詞
hyleg	hyleg	固有名詞
hyli	hyli	固有名詞
hylic	hylic	固有名詞
hylids	hylids	固有名詞
hylism	hylism	固有名詞
hylist	hylist	固有名詞
hyllus	hyllus	固有名詞
hyloid	hyloid	固有名詞
hymen	hymen	固有名詞
hymens	hymens	固有名詞
hymn	hymn	固有名詞
hymnal	hymnal	固有名詞
hymned	hymned	固有名詞
hymner	hymner	固有名詞
hymnic	hymnic	固有名詞
hymns	hymns	固有名詞
hynd	hynd	固有名詞
hynde	hynde	固有名詞
hynder	hynder	固有名詞
hyne	hyne	固有名詞
hyoid	hyoid	固有名詞
hyoids	hyoids	固有名詞
hyp	hyp	固有名詞
hypate	hypate	固有名詞
hype	hype	固有名詞
hyped	hyped	固有名詞
hyper	hyper	固有名詞
hypes	hypes	固有名詞
hypha	hypha	固有名詞
hyphae	hyphae	固有名詞
hyphal	hyphal	固有名詞
hyphen	hyphen	固有名詞
hypho	hypho	固有名詞
hyping	hyping	固有名詞
hypnic	hypnic	固有名詞
hypnos	hypnos	固有名詞
hypnum	hypnum	固有名詞
hypo	hypo	固有名詞
hypoed	hypoed	固有名詞
hypoid	hypoid	固有名詞
hypos	hypos	固有名詞
hypoth	hypoth	固有名詞
hypped	hypped	固有名詞
hyps	hyps	固有名詞
hypt	hypt	固有名詞
hyrate	hyrate	固有名詞
hyrax	hyrax	固有名詞
hyrcan	hyrcan	固有名詞
hyrse	hyrse	固有名詞
hyrst	hyrst	固有名詞
hyson	hyson	固有名詞
hysons	hysons	固有名詞
hyssop	hyssop	固有名詞
hyte	hyte	固有名詞
hyzone	hyzone	固有名詞
iago	iago	固有名詞
iamb	iamb	固有名詞
iambe	iambe	固有名詞
iambi	iambi	固有名詞
iambic	iambic	固有名詞
iambs	iambs	固有名詞
iambus	iambus	固有名詞
ian	ian	固有名詞
ianus	ianus	固有名詞
iao	iao	固有名詞
iare	iare	固有名詞
iatric	iatric	固有名詞
iba	iba	固有名詞
ibad	ibad	固有名詞
iban	iban	固有名詞
ibanag	ibanag	固有名詞
iberes	iberes	固有名詞
iberi	iberi	固有名詞
iberia	iberia	固有名詞
iberic	iberic	固有名詞
iberis	iberis	固有名詞
ibex	ibex	固有名詞
ibexes	ibexes	固有名詞
ibices	ibices	固有名詞
ibid	ibid	固有名詞
ibidem	ibidem	固有名詞
ibilao	ibilao	固有名詞
ibis	ibis	固有名詞
ibises	ibises	固有名詞
ibm	ibm	固有名詞
ibo	ibo	固有名詞
ibota	ibota	固有名詞
ibycus	ibycus	固有名詞
icaco	icaco	固有名詞
icaria	icaria	固有名詞
icarus	icarus	固有名詞
icasm	icasm	固有名詞
icbm	icbm	固有名詞
ice	ice	固有名詞
icebox	icebox	固有名詞
icecap	icecap	固有名詞
iced	iced	固有名詞
iceman	iceman	固有名詞
icemen	icemen	固有名詞
iceni	iceni	固有名詞
icerya	icerya	固有名詞
ices	ices	固有名詞
ich	ich	固有名詞
ichebu	ichebu	固有名詞
ichibu	ichibu	固有名詞
icho	icho	固有名詞
ichor	ichor	固有名詞
ichors	ichors	固有名詞
ichs	ichs	固有名詞
ichth	ichth	固有名詞
ichu	ichu	固有名詞
icica	icica	固有名詞
icicle	icicle	固有名詞
icier	icier	固有名詞
iciest	iciest	固有名詞
icily	icily	固有名詞
icing	icing	固有名詞
icings	icings	固有名詞
icker	icker	固有名詞
ickers	ickers	固有名詞
ickier	ickier	固有名詞
ickle	ickle	固有名詞
icky	icky	固有名詞
icod	icod	固有名詞
icon	icon	固有名詞
icones	icones	固有名詞
iconic	iconic	固有名詞
icons	icons	固有名詞
iconv	iconv	固有名詞
ictic	ictic	固有名詞
ictus	ictus	固有名詞
icy	icy	固有名詞
ida	ida	固有名詞
idaean	idaean	固有名詞
idaein	idaein	固有名詞
idaho	idaho	固有名詞
idaic	idaic	固有名詞
idalia	idalia	固有名詞
idant	idant	固有名詞
idcue	idcue	固有名詞
iddat	iddat	固有名詞
iddhi	iddhi	固有名詞
iddio	iddio	固有名詞
ide	IDE	固有名詞
idea	idea	固有名詞
ideaed	ideaed	固有名詞
ideal	ideal	固有名詞
ideals	ideals	固有名詞
idealy	idealy	固有名詞
idean	idean	固有名詞
ideas	ideas	固有名詞
ideata	ideata	固有名詞
ideate	ideate	固有名詞
idee	idee	固有名詞
ideist	ideist	固有名詞
idem	idem	固有名詞
idence	idence	固有名詞
ident	ident	固有名詞
ideo	ideo	固有名詞
ides	ides	固有名詞
idesia	idesia	固有名詞
idest	idest	固有名詞
ideta	ideta	固有名詞
idgah	idgah	固有名詞
idiasm	idiasm	固有名詞
idic	idic	固有名詞
idigbo	idigbo	固有名詞
idiocy	idiocy	固有名詞
idiom	idiom	固有名詞
idioms	idioms	固有名詞
idion	idion	固有名詞
idiot	idiot	固有名詞
idiots	idiots	固有名詞
idism	idism	固有名詞
idist	idist	固有名詞
idite	idite	固有名詞
iditol	iditol	固有名詞
idle	idle	固有名詞
idleby	idleby	固有名詞
idled	idled	固有名詞
idler	idler	固有名詞
idlers	idlers	固有名詞
idles	idles	固有名詞
idlest	idlest	固有名詞
idlety	idlety	固有名詞
idling	idling	固有名詞
idlish	idlish	固有名詞
idly	idly	固有名詞
ido	ido	固有名詞
idoism	idoism	固有名詞
idoist	idoist	固有名詞
idol	idol	固有名詞
idola	idola	固有名詞
idolet	idolet	固有名詞
idolon	idolon	固有名詞
idols	idols	固有名詞
idolum	idolum	固有名詞
idose	idose	固有名詞
idotea	idotea	固有名詞
idryl	idryl	固有名詞
ids	ids	固有名詞
idyl	idyl	固有名詞
idyler	idyler	固有名詞
idyll	idyll	固有名詞
idylls	idylls	固有名詞
idyls	idyls	固有名詞
ieee	ieee	固有名詞
ierne	ierne	固有名詞
ife	ife	固有名詞
ifecks	ifecks	固有名詞
iff	iff	固有名詞
iffier	iffier	固有名詞
iffy	iffy	固有名詞
ifint	ifint	固有名詞
ifreal	ifreal	固有名詞
ifree	ifree	固有名詞
ifrit	ifrit	固有名詞
ifs	ifs	固有名詞
ifugao	ifugao	固有名詞
igad	igad	固有名詞
igara	igara	固有名詞
igbira	igbira	固有名詞
igdyr	igdyr	固有名詞
ighly	ighly	固有名詞
igitur	igitur	固有名詞
igloo	igloo	固有名詞
igloos	igloos	固有名詞
iglu	iglu	固有名詞
iglus	iglus	固有名詞
ign	ign	固有名詞
igname	igname	固有名詞
ignaro	ignaro	固有名詞
ignaw	ignaw	固有名詞
ignify	ignify	固有名詞
ignis	ignis	固有名詞
ignite	ignite	固有名詞
ignore	ignore	固有名詞
ignote	ignote	固有名詞
igorot	igorot	固有名詞
iguana	iguana	固有名詞
ihi	ihi	固有名詞
ihlat	ihlat	固有名詞
ihp	ihp	固有名詞
ihram	ihram	固有名詞
ihrams	ihrams	固有名詞
ihs	ihs	固有名詞
iiasa	iiasa	固有名詞
iii	iii	固有名詞
iiwi	iiwi	固有名詞
ijma	ijma	固有名詞
ijmaa	ijmaa	固有名詞
ijo	ijo	固有名詞
ijore	ijore	固有名詞
ikan	ikan	固有名詞
ikary	ikary	固有名詞
ikat	ikat	固有名詞
ike	ike	固有名詞
ikey	ikey	固有名詞
ikhwan	ikhwan	固有名詞
ikon	ikon	固有名詞
ikona	ikona	固有名詞
ikons	ikons	固有名詞
ikra	ikra	固有名詞
ila	ila	固有名詞
ilama	ilama	固有名詞
ile	ile	固有名詞
ilea	ilea	固有名詞
ileac	ileac	固有名詞
ileal	ileal	固有名詞
ileon	ileon	固有名詞
ileum	ileum	固有名詞
ileus	ileus	固有名詞
ilex	ilex	固有名詞
ilexes	ilexes	固有名詞
ilia	ilia	固有名詞
iliac	iliac	固有名詞
iliad	iliad	固有名詞
iliads	iliads	固有名詞
iliahi	iliahi	固有名詞
ilial	ilial	固有名詞
ilian	ilian	固有名詞
iliau	iliau	固有名詞
ilicic	ilicic	固有名詞
ilicin	ilicin	固有名詞
ilima	ilima	固有名詞
ilion	ilion	固有名詞
ilium	ilium	固有名詞
ilk	ilk	固有名詞
ilka	ilka	固有名詞
ilkane	ilkane	固有名詞
ilks	ilks	固有名詞
ill	ill	固有名詞
illano	illano	固有名詞
illeck	illeck	固有名詞
illect	illect	固有名詞
iller	iller	固有名詞
illess	illess	固有名詞
illest	illest	固有名詞
illing	illing	固有名詞
illipe	illipe	固有名詞
illish	illish	固有名詞
illite	illite	固有名詞
illium	illium	固有名詞
ills	ills	固有名詞
illth	illth	固有名詞
illude	illude	固有名詞
illume	illume	固有名詞
illupi	illupi	固有名詞
illure	illure	固有名詞
illus	illus	固有名詞
illust	illust	固有名詞
illy	illy	固有名詞
iloko	iloko	固有名詞
ilot	ilot	固有名詞
ilth	ilth	固有名詞
ilya	ilya	固有名詞
ilysia	ilysia	固有名詞
ima	ima	固有名詞
image	image	固有名詞
imaged	imaged	固有名詞
imagen	imagen	固有名詞
imager	imager	固有名詞
images	images	固有名詞
imago	imago	固有名詞
imam	imam	固有名詞
imamah	imamah	固有名詞
imamic	imamic	固有名詞
imams	imams	固有名詞
iman	iman	固有名詞
imaret	imaret	固有名詞
imaum	imaum	固有名詞
imaums	imaums	固有名詞
imbalm	imbalm	固有名詞
imban	imban	固有名詞
imband	imband	固有名詞
imbark	imbark	固有名詞
imbarn	imbarn	固有名詞
imbase	imbase	固有名詞
imbat	imbat	固有名詞
imbe	imbe	固有名詞
imbed	imbed	固有名詞
imbeds	imbeds	固有名詞
imber	imber	固有名詞
imbibe	imbibe	固有名詞
imbody	imbody	固有名詞
imbosk	imbosk	固有名詞
imbred	imbred	固有名詞
imbrex	imbrex	固有名詞
imbrue	imbrue	固有名詞
imbu	imbu	固有名詞
imbue	imbue	固有名詞
imbued	imbued	固有名詞
imbues	imbues	固有名詞
imbuia	imbuia	固有名詞
imbute	imbute	固有名詞
imcnt	imcnt	固有名詞
imdtly	imdtly	固有名詞
imelle	imelle	固有名詞
imer	imer	固有名詞
imi	imi	固有名詞
imid	imid	固有名詞
imide	imide	固有名詞
imides	imides	固有名詞
imidic	imidic	固有名詞
imido	imido	固有名詞
imids	imids	固有名詞
imine	imine	固有名詞
imines	imines	固有名詞
imino	imino	固有名詞
imit	imit	固有名詞
immane	immane	固有名詞
immask	immask	固有名詞
immerd	immerd	固有名詞
immesh	immesh	固有名詞
immew	immew	固有名詞
immi	immi	固有名詞
immies	immies	固有名詞
immind	immind	固有名詞
immis	immis	固有名詞
immiss	immiss	固有名詞
immit	immit	固有名詞
immix	immix	固有名詞
immixt	immixt	固有名詞
immote	immote	固有名詞
immov	immov	固有名詞
immun	immun	固有名詞
immund	immund	固有名詞
immune	immune	固有名詞
immure	immure	固有名詞
immute	immute	固有名詞
immy	immy	固有名詞
imogen	imogen	固有名詞
imp	imp	固有名詞
impack	impack	固有名詞
impact	impact	固有名詞
impair	impair	固有名詞
impala	impala	固有名詞
impale	impale	固有名詞
impall	impall	固有名詞
impalm	impalm	固有名詞
impane	impane	固有名詞
impar	impar	固有名詞
impark	impark	固有名詞
imparl	imparl	固有名詞
impart	impart	固有名詞
impave	impave	固有名詞
impawn	impawn	固有名詞
imped	imped	固有名詞
impede	impede	固有名詞
impel	impel	固有名詞
impels	impels	固有名詞
impen	impen	固有名詞
impend	impend	固有名詞
impent	impent	固有名詞
imper	imper	固有名詞
imperf	imperf	固有名詞
impers	impers	固有名詞
impery	impery	固有名詞
impest	impest	固有名詞
impf	impf	固有名詞
imphee	imphee	固有名詞
impi	impi	固有名詞
impies	impies	固有名詞
imping	imping	固有名詞
impis	impis	固有名詞
impish	impish	固有名詞
implex	implex	固有名詞
imply	imply	固有名詞
impofo	impofo	固有名詞
impone	impone	固有名詞
impoor	impoor	固有名詞
import	import	固有名詞
impose	impose	固有名詞
impost	impost	固有名詞
impot	impot	固有名詞
impreg	impreg	固有名詞
imps	imps	固有名詞
impugn	impugn	固有名詞
impune	impune	固有名詞
impure	impure	固有名詞
imput	imput	固有名詞
impute	impute	固有名詞
impv	impv	固有名詞
impy	impy	固有名詞
imshi	imshi	固有名詞
imu	imu	固有名詞
imvia	imvia	固有名詞
inable	inable	固有名詞
inact	inact	固有名詞
inaja	inaja	固有名詞
inamia	inamia	固有名詞
inane	inane	固有名詞
inaner	inaner	固有名詞
inanes	inanes	固有名詞
inanga	inanga	固有名詞
inapt	inapt	固有名詞
inarch	inarch	固有名詞
inark	inark	固有名詞
inarm	inarm	固有名詞
inarms	inarms	固有名詞
inaxon	inaxon	固有名詞
inbd	inbd	固有名詞
inbe	inbe	固有名詞
inbent	inbent	固有名詞
inbits	inbits	固有名詞
inblow	inblow	固有名詞
inbody	inbody	固有名詞
inbond	inbond	固有名詞
inborn	inborn	固有名詞
inbow	inbow	固有名詞
inbred	inbred	固有名詞
inbush	inbush	固有名詞
inby	inby	固有名詞
inbye	inbye	固有名詞
inc	inc	固有名詞
inca	inca	固有名詞
incage	incage	固有名詞
incaic	incaic	固有名詞
incamp	incamp	固有名詞
incan	incan	固有名詞
incant	incant	固有名詞
incarn	incarn	固有名詞
incas	incas	固有名詞
incase	incase	固有名詞
incask	incask	固有名詞
incast	incast	固有名詞
incave	incave	固有名詞
incavo	incavo	固有名詞
incede	incede	固有名詞
incend	incend	固有名詞
incept	incept	固有名詞
incest	incest	固有名詞
inch	inch	固有名詞
inched	inched	固有名詞
incher	incher	固有名詞
inches	inches	固有名詞
incide	incide	固有名詞
incise	incise	固有名詞
incite	incite	固有名詞
incl	incl	固有名詞
incle	incle	固有名詞
inclip	inclip	固有名詞
incog	incog	固有名詞
incogs	incogs	固有名詞
income	income	固有名詞
incony	incony	固有名詞
incor	incor	固有名詞
incord	incord	固有名詞
incorp	incorp	固有名詞
incorr	incorr	固有名詞
incoup	incoup	固有名詞
incr	incr	固有名詞
incra	incra	固有名詞
inctri	inctri	固有名詞
incube	incube	固有名詞
incubi	incubi	固有名詞
inculk	inculk	固有名詞
inculp	inculp	固有名詞
incult	incult	固有名詞
incur	incur	固有名詞
incurs	incurs	固有名詞
incus	incus	固有名詞
incuse	incuse	固有名詞
incuss	incuss	固有名詞
incut	incut	固有名詞
incute	incute	固有名詞
ind	ind	固有名詞
indaba	indaba	固有名詞
indan	indan	固有名詞
indane	indane	固有名詞
indart	indart	固有名詞
inde	inde	固有名詞
indear	indear	固有名詞
indebt	indebt	固有名詞
indecl	indecl	固有名詞
indeed	indeed	固有名詞
indef	indef	固有名詞
indene	indene	固有名詞
indent	indent	固有名詞
indew	indew	固有名詞
index	index	固有名詞
india	india	固有名詞
indian	indian	固有名詞
indic	indic	固有名詞
indice	indice	固有名詞
indico	indico	固有名詞
indict	indict	固有名詞
indies	indies	固有名詞
indign	indign	固有名詞
indigo	indigo	固有名詞
indii	indii	固有名詞
indin	indin	固有名詞
indish	indish	固有名詞
indite	indite	固有名詞
indium	indium	固有名詞
indiv	indiv	固有名詞
indn	indn	固有名詞
indoin	indoin	固有名詞
indol	indol	固有名詞
indole	indole	固有名詞
indols	indols	固有名詞
indone	indone	固有名詞
indoor	indoor	固有名詞
indow	indow	固有名詞
indows	indows	固有名詞
indra	indra	固有名詞
indri	indri	固有名詞
indris	indris	固有名詞
induc	induc	固有名詞
induce	induce	固有名詞
induct	induct	固有名詞
indue	indue	固有名詞
indued	indued	固有名詞
indues	indues	固有名詞
indult	indult	固有名詞
induna	induna	固有名詞
indure	indure	固有名詞
indus	indus	固有名詞
indy	indy	固有名詞
indyl	indyl	固有名詞
inept	inept	固有名詞
ineri	ineri	固有名詞
inerm	inerm	固有名詞
inermi	inermi	固有名詞
inert	inert	固有名詞
inerts	inerts	固有名詞
ineunt	ineunt	固有名詞
ineye	ineye	固有名詞
inez	inez	固有名詞
inf	inf	固有名詞
inface	inface	固有名詞
infair	infair	固有名詞
infall	infall	固有名詞
infame	infame	固有名詞
infamy	infamy	固有名詞
infand	infand	固有名詞
infang	infang	固有名詞
infans	infans	固有名詞
infant	infant	固有名詞
infare	infare	固有名詞
infect	infect	固有名詞
infeed	infeed	固有名詞
infeft	infeft	固有名詞
infelt	infelt	固有名詞
infeof	infeof	固有名詞
infer	infer	固有名詞
infern	infern	固有名詞
infers	infers	固有名詞
infest	infest	固有名詞
infile	infile	固有名詞
infill	infill	固有名詞
infilm	infilm	固有名詞
infima	infima	固有名詞
infin	infin	固有名詞
infirm	infirm	固有名詞
infit	infit	固有名詞
infix	infix	固有名詞
infl	infl	固有名詞
inflex	inflex	固有名詞
inflow	inflow	固有名詞
influe	influe	固有名詞
influx	influx	固有名詞
info	info	固有名詞
infold	infold	固有名詞
inform	inform	固有名詞
infos	infos	固有名詞
infra	infra	固有名詞
infree	infree	固有名詞
infula	infula	固有名詞
infume	infume	固有名詞
infund	infund	固有名詞
infuse	infuse	固有名詞
ing	ing	固有名詞
inga	inga	固有名詞
ingan	ingan	固有名詞
ingang	ingang	固有名詞
ingate	ingate	固有名詞
ingem	ingem	固有名詞
ingene	ingene	固有名詞
ingent	ingent	固有名詞
ingenu	ingenu	固有名詞
ingeny	ingeny	固有名詞
inger	inger	固有名詞
ingest	ingest	固有名詞
ingine	ingine	固有名詞
ingirt	ingirt	固有名詞
ingle	ingle	固有名詞
ingles	ingles	固有名詞
inglu	inglu	固有名詞
inglut	inglut	固有名詞
ingnue	ingnue	固有名詞
ingot	ingot	固有名詞
ingots	ingots	固有名詞
ingram	ingram	固有名詞
ingrow	ingrow	固有名詞
inguen	inguen	固有名詞
ingulf	ingulf	固有名詞
ingush	ingush	固有名詞
inhale	inhale	固有名詞
inhame	inhame	固有名詞
inhaul	inhaul	固有名詞
inhell	inhell	固有名詞
inhere	inhere	固有名詞
inhive	inhive	固有名詞
inhold	inhold	固有名詞
inhoop	inhoop	固有名詞
inhume	inhume	固有名詞
inia	inia	固有名詞
inial	inial	固有名詞
inigo	inigo	固有名詞
iniome	iniome	固有名詞
iniomi	iniomi	固有名詞
inion	inion	固有名詞
inique	inique	固有名詞
inisle	inisle	固有名詞
init	init	固有名詞
inital	inital	固有名詞
initio	initio	固有名詞
initis	initis	固有名詞
inject	inject	固有名詞
injoin	injoin	固有名詞
injun	injun	固有名詞
injure	injure	固有名詞
injury	injury	固有名詞
injust	injust	固有名詞
ink	ink	固有名詞
inked	inked	固有名詞
inken	inken	固有名詞
inker	inker	固有名詞
inkers	inkers	固有名詞
inket	inket	固有名詞
inkie	inkie	固有名詞
inkier	inkier	固有名詞
inkies	inkies	固有名詞
inking	inking	固有名詞
inkish	inkish	固有名詞
inkle	inkle	固有名詞
inkles	inkles	固有名詞
inkman	inkman	固有名詞
inknit	inknit	固有名詞
inknot	inknot	固有名詞
inkos	inkos	固有名詞
inkosi	inkosi	固有名詞
inkpot	inkpot	固有名詞
inkra	inkra	固有名詞
inks	inks	固有名詞
inky	inky	固有名詞
inlace	inlace	固有名詞
inlaid	inlaid	固有名詞
inlaik	inlaik	固有名詞
inlake	inlake	固有名詞
inland	inland	固有名詞
inlard	inlard	固有名詞
inlaut	inlaut	固有名詞
inlaw	inlaw	固有名詞
inlay	inlay	固有名詞
inlays	inlays	固有名詞
inleak	inleak	固有名詞
inless	inless	固有名詞
inlet	inlet	固有名詞
inlets	inlets	固有名詞
inlier	inlier	固有名詞
inlike	inlike	固有名詞
inline	inline	固有名詞
inlook	inlook	固有名詞
inly	inly	固有名詞
inmate	inmate	固有名詞
inmeat	inmeat	固有名詞
inmesh	inmesh	固有名詞
inmew	inmew	固有名詞
inmore	inmore	固有名詞
inmost	inmost	固有名詞
inn	inn	固有名詞
innage	innage	固有名詞
innate	innate	固有名詞
inne	inne	固有名詞
inned	inned	固有名詞
inner	inner	固有名詞
inners	inners	固有名詞
inness	inness	固有名詞
innest	innest	固有名詞
innet	innet	固有名詞
inning	inning	固有名詞
inns	inns	固有名詞
innuit	innuit	固有名詞
ino	ino	固有名詞
inodes	inodes	固有名詞
inogen	inogen	固有名詞
inoma	inoma	固有名詞
inone	inone	固有名詞
inorb	inorb	固有名詞
inorg	inorg	固有名詞
inosic	inosic	固有名詞
inosin	inosin	固有名詞
inower	inower	固有名詞
inport	inport	固有名詞
inpour	inpour	固有名詞
inpush	inpush	固有名詞
input	input	固有名詞
inputs	inputs	固有名詞
inrail	inrail	固有名詞
inring	inring	固有名詞
inro	inro	固有名詞
inroad	inroad	固有名詞
inrol	inrol	固有名詞
inroll	inroll	固有名詞
inrub	inrub	固有名詞
inrun	inrun	固有名詞
inrush	inrush	固有名詞
ins	ins	固有名詞
insack	insack	固有名詞
insame	insame	固有名詞
insane	insane	固有名詞
insea	insea	固有名詞
inseam	inseam	固有名詞
insect	insect	固有名詞
insee	insee	固有名詞
inseer	inseer	固有名詞
insep	insep	固有名詞
insert	insert	固有名詞
inset	inset	固有名詞
insets	insets	固有名詞
inship	inship	固有名詞
inshoe	inshoe	固有名詞
inside	inside	固有名詞
insist	insist	固有名詞
insite	insite	固有名詞
insol	insol	固有名詞
insole	insole	固有名詞
insorb	insorb	固有名詞
insoul	insoul	固有名詞
insp	insp	固有名詞
inspan	inspan	固有名詞
inst	inst	固有名詞
instagram	Instagram	固有名詞
instal	instal	固有名詞
instar	instar	固有名詞
instep	instep	固有名詞
instil	instil	固有名詞
instop	instop	固有名詞
instr	instr	固有名詞
insue	insue	固有名詞
insula	insula	固有名詞
insult	insult	固有名詞
insume	insume	固有名詞
insunk	insunk	固有名詞
insure	insure	固有名詞
int	int	固有名詞
inta	inta	固有名詞
intact	intact	固有名詞
intail	intail	固有名詞
intake	intake	固有名詞
intel	intel	固有名詞
intend	intend	固有名詞
intens	intens	固有名詞
intent	intent	固有名詞
inter	inter	固有名詞
interj	interj	固有名詞
intern	intern	固有名詞
inters	inters	固有名詞
intext	intext	固有名詞
intice	intice	固有名詞
intil	intil	固有名詞
intill	intill	固有名詞
intima	intima	固有名詞
intime	intime	固有名詞
intine	intine	固有名詞
intire	intire	固有名詞
intisy	intisy	固有名詞
intl	intl	固有名詞
intnl	intnl	固有名詞
into	into	固有名詞
intoed	intoed	固有名詞
intomb	intomb	固有名詞
intone	intone	固有名詞
intort	intort	固有名詞
intown	intown	固有名詞
intr	intr	固有名詞
intra	intra	固有名詞
intrap	intrap	固有名詞
intro	intro	固有名詞
introd	introd	固有名詞
intros	intros	固有名詞
intrus	intrus	固有名詞
intsv	intsv	固有名詞
intube	intube	固有名詞
intue	intue	固有名詞
intuit	intuit	固有名詞
intune	intune	固有名詞
inturn	inturn	固有名詞
intuse	intuse	固有名詞
inula	inula	固有名詞
inulin	inulin	固有名詞
inunct	inunct	固有名詞
inure	inure	固有名詞
inured	inured	固有名詞
inures	inures	固有名詞
inurn	inurn	固有名詞
inurns	inurns	固有名詞
inust	inust	固有名詞
inv	inv	固有名詞
invade	invade	固有名詞
invar	invar	固有名詞
invars	invars	固有名詞
invect	invect	固有名詞
inveil	inveil	固有名詞
invein	invein	固有名詞
invent	invent	固有名詞
invert	invert	固有名詞
invest	invest	固有名詞
invict	invict	固有名詞
invile	invile	固有名詞
invite	invite	固有名詞
invoke	invoke	固有名詞
invoy	invoy	固有名詞
invt	invt	固有名詞
inwale	inwale	固有名詞
inwall	inwall	固有名詞
inward	inward	固有名詞
inweed	inweed	固有名詞
inwick	inwick	固有名詞
inwind	inwind	固有名詞
inwit	inwit	固有名詞
inwith	inwith	固有名詞
inwood	inwood	固有名詞
inwork	inwork	固有名詞
inworn	inworn	固有名詞
inwove	inwove	固有名詞
inwrap	inwrap	固有名詞
inwrit	inwrit	固有名詞
inyala	inyala	固有名詞
inyoke	inyoke	固有名詞
iocs	iocs	固有名詞
iodal	iodal	固有名詞
iodate	iodate	固有名詞
iode	iode	固有名詞
iodic	iodic	固有名詞
iodid	iodid	固有名詞
iodide	iodide	固有名詞
iodids	iodids	固有名詞
iodin	iodin	固有名詞
iodine	iodine	固有名詞
iodins	iodins	固有名詞
iodism	iodism	固有名詞
iodite	iodite	固有名詞
iodize	iodize	固有名詞
iodo	iodo	固有名詞
iodol	iodol	固有名詞
iodols	iodols	固有名詞
iodoso	iodoso	固有名詞
iodous	iodous	固有名詞
iodoxy	iodoxy	固有名詞
iof	iof	固有名詞
iolite	iolite	固有名詞
ion	ion	固有名詞
ione	ione	固有名詞
ioni	ioni	固有名詞
ionian	ionian	固有名詞
ionic	ionic	固有名詞
ionics	ionics	固有名詞
ionise	ionise	固有名詞
ionism	ionism	固有名詞
ionist	ionist	固有名詞
ionium	ionium	固有名詞
ionize	ionize	固有名詞
ionone	ionone	固有名詞
ions	ions	固有名詞
iortn	iortn	固有名詞
ios	iOS	固有名詞
iota	iota	固有名詞
iotas	iotas	固有名詞
iotize	iotize	固有名詞
iou	iou	固有名詞
iowa	iowa	固有名詞
iowan	iowan	固有名詞
iowans	iowans	固有名詞
iowt	iowt	固有名詞
ipecac	ipecac	固有名詞
iph	iph	固有名詞
iphis	iphis	固有名詞
iphone	iPhone	固有名詞
ipid	ipid	固有名詞
ipidae	ipidae	固有名詞
ipil	ipil	固有名詞
ipl	ipl	固有名詞
ipm	ipm	固有名詞
ipomea	ipomea	固有名詞
ipr	ipr	固有名詞
ips	ips	固有名詞
ipse	ipse	固有名詞
ipso	ipso	固有名詞
iqs	iqs	固有名詞
ira	ira	固有名詞
irade	irade	固有名詞
irades	irades	固有名詞
iran	iran	固有名詞
irani	irani	固有名詞
iranic	iranic	固有名詞
iraq	iraq	固有名詞
iraqi	iraqi	固有名詞
iraqis	iraqis	固有名詞
irate	irate	固有名詞
irater	irater	固有名詞
irbis	irbis	固有名詞
irchin	irchin	固有名詞
ire	ire	固有名詞
ired	ired	固有名詞
ireful	ireful	固有名詞
irena	irena	固有名詞
irene	irene	固有名詞
irenic	irenic	固有名詞
ireos	ireos	固有名詞
ires	ires	固有名詞
irfan	irfan	固有名詞
irgun	irgun	固有名詞
irian	irian	固有名詞
irid	irid	固有名詞
iridal	iridal	固有名詞
irides	irides	固有名詞
iridic	iridic	固有名詞
iridin	iridin	固有名詞
irido	irido	固有名詞
iring	iring	固有名詞
iris	iris	固有名詞
irised	irised	固有名詞
irises	irises	固有名詞
irish	irish	固有名詞
irishy	irishy	固有名詞
irisin	irisin	固有名詞
iritic	iritic	固有名詞
iritis	iritis	固有名詞
irk	irk	固有名詞
irked	irked	固有名詞
irking	irking	固有名詞
irks	irks	固有名詞
irma	irma	固有名詞
iroha	iroha	固有名詞
irok	irok	固有名詞
iroko	iroko	固有名詞
iron	iron	固有名詞
irone	irone	固有名詞
ironed	ironed	固有名詞
ironer	ironer	固有名詞
irones	irones	固有名詞
ironic	ironic	固有名詞
ironly	ironly	固有名詞
irons	irons	固有名詞
irony	irony	固有名詞
irous	irous	固有名詞
irpe	irpe	固有名詞
irpex	irpex	固有名詞
irrate	irrate	固有名詞
irreal	irreal	固有名詞
irred	irred	固有名詞
irreg	irreg	固有名詞
irride	irride	固有名詞
irrite	irrite	固有名詞
irrupt	irrupt	固有名詞
irs	irs	固有名詞
irvin	irvin	固有名詞
irving	irving	固有名詞
irwin	irwin	固有名詞
isaac	isaac	固有名詞
isabel	isabel	固有名詞
isagon	isagon	固有名詞
isaiah	isaiah	固有名詞
isaian	isaian	固有名詞
isamin	isamin	固有名詞
isaria	isaria	固有名詞
isatic	isatic	固有名詞
isatid	isatid	固有名詞
isatin	isatin	固有名詞
isatis	isatis	固有名詞
isawa	isawa	固有名詞
isba	isba	固有名詞
isbas	isbas	固有名詞
ischar	ischar	固有名詞
ischia	ischia	固有名詞
iscose	iscose	固有名詞
isdn	isdn	固有名詞
ise	ise	固有名詞
ised	ised	固有名詞
iseult	iseult	固有名詞
iseum	iseum	固有名詞
ish	ish	固有名詞
ishime	ishime	固有名詞
isiac	isiac	固有名詞
isicle	isicle	固有名詞
isidae	isidae	固有名詞
isidia	isidia	固有名詞
isinai	isinai	固有名詞
ising	ising	固有名詞
isis	isis	固有名詞
isize	isize	固有名詞
isl	isl	固有名詞
islam	islam	固有名詞
island	island	固有名詞
islay	islay	固有名詞
isle	isle	固有名詞
isled	isled	固有名詞
isles	isles	固有名詞
islet	islet	固有名詞
isleta	isleta	固有名詞
islets	islets	固有名詞
isling	isling	固有名詞
islot	islot	固有名詞
isls	isls	固有名詞
ism	ism	固有名詞
ismal	ismal	固有名詞
ismdom	ismdom	固有名詞
isms	isms	固有名詞
ismy	ismy	固有名詞
isn	isn	固有名詞
isnad	isnad	固有名詞
isnt	isnt	固有名詞
iso	iso	固有名詞
isobar	isobar	固有名詞
isodef	isodef	固有名詞
isogam	isogam	固有名詞
isogen	isogen	固有名詞
isogon	isogon	固有名詞
isohel	isohel	固有名詞
isolde	isolde	固有名詞
isolex	isolex	固有名詞
isoln	isoln	固有名詞
isolog	isolog	固有名詞
isomer	isomer	固有名詞
isonym	isonym	固有名詞
isopag	isopag	固有名詞
isopod	isopod	固有名詞
isopor	isopor	固有名詞
isort	isort	固有名詞
isotac	isotac	固有名詞
israel	israel	固有名詞
issei	issei	固有名詞
isseis	isseis	固有名詞
issite	issite	固有名詞
issue	issue	固有名詞
issued	issued	固有名詞
issuer	issuer	固有名詞
issues	issues	固有名詞
ist	ist	固有名詞
istana	istana	固有名詞
isth	isth	固有名詞
isthm	isthm	固有名詞
isthmi	isthmi	固有名詞
istle	istle	固有名詞
istles	istles	固有名詞
istoke	istoke	固有名詞
isuret	isuret	固有名詞
isurus	isurus	固有名詞
iswara	iswara	固有名詞
isz	isz	固有名詞
ita	ita	固有名詞
itai	itai	固有名詞
ital	ital	固有名詞
itala	itala	固有名詞
itali	itali	固有名詞
italic	italic	固有名詞
italon	italon	固有名詞
italy	italy	固有名詞
itauba	itauba	固有名詞
itaves	itaves	固有名詞
itch	itch	固有名詞
itched	itched	固有名詞
itches	itches	固有名詞
itchy	itchy	固有名詞
itcze	itcze	固有名詞
itd	itd	固有名詞
itea	itea	固有名詞
itel	itel	固有名詞
item	item	固有名詞
itemed	itemed	固有名詞
items	items	固有名詞
itemy	itemy	固有名詞
iten	iten	固有名詞
iter	iter	固有名詞
iters	iters	固有名詞
iterum	iterum	固有名詞
ithaca	ithaca	固有名詞
ithand	ithand	固有名詞
ither	ither	固有名詞
ithiel	ithiel	固有名詞
itll	itll	固有名詞
itmo	itmo	固有名詞
ito	ito	固有名詞
itoism	itoism	固有名詞
itoist	itoist	固有名詞
itonia	itonia	固有名詞
its	its	固有名詞
itself	itself	固有名詞
itsy	itsy	固有名詞
ittria	ittria	固有名詞
itylus	itylus	固有名詞
itys	itys	固有名詞
itza	itza	固有名詞
itzebu	itzebu	固有名詞
iud	iud	固有名詞
iuds	iuds	固有名詞
iulus	iulus	固有名詞
iurant	iurant	固有名詞
iuus	iuus	固有名詞
iva	iva	固有名詞
ivan	ivan	固有名詞
ive	ive	固有名詞
ivied	ivied	固有名詞
ivies	ivies	固有名詞
ivin	ivin	固有名詞
ivory	ivory	固有名詞
ivray	ivray	固有名詞
ivy	ivy	固有名詞
iwa	iwa	固有名詞
iwaiwa	iwaiwa	固有名詞
iwis	iwis	固有名詞
iworth	iworth	固有名詞
iwound	iwound	固有名詞
iwwood	iwwood	固有名詞
iwwort	iwwort	固有名詞
ixia	ixia	固有名詞
ixiama	ixiama	固有名詞
ixias	ixias	固有名詞
ixil	ixil	固有名詞
ixion	ixion	固有名詞
ixodes	ixodes	固有名詞
ixodic	ixodic	固有名詞
ixodid	ixodid	固有名詞
ixora	ixora	固有名詞
ixtle	ixtle	固有名詞
ixtles	ixtles	固有名詞
iyar	iyar	固有名詞
iyo	iyo	固有名詞
izafat	izafat	固有名詞
izar	izar	固有名詞
izard	izard	固有名詞
izars	izars	固有名詞
izba	izba	固有名詞
izchak	izchak	固有名詞
izing	izing	固有名詞
izle	izle	固有名詞
izote	izote	固有名詞
iztle	iztle	固有名詞
izumi	izumi	固有名詞
izzard	izzard	固有名詞
izzat	izzat	固有名詞
izzy	izzy	固有名詞
jaalin	jaalin	固有名詞
jaap	jaap	固有名詞
jab	jab	固有名詞
jabbed	jabbed	固有名詞
jabber	jabber	固有名詞
jabble	jabble	固有名詞
jabers	jabers	固有名詞
jabia	jabia	固有名詞
jabiru	jabiru	固有名詞
jabot	jabot	固有名詞
jabots	jabots	固有名詞
jabs	jabs	固有名詞
jabul	jabul	固有名詞
jacal	jacal	固有名詞
jacals	jacals	固有名詞
jacami	jacami	固有名詞
jacana	jacana	固有名詞
jacare	jacare	固有名詞
jacate	jacate	固有名詞
jacens	jacens	固有名詞
jacent	jacent	固有名詞
jacht	jacht	固有名詞
jack	jack	固有名詞
jackal	jackal	固有名詞
jacked	jacked	固有名詞
jacker	jacker	固有名詞
jacket	jacket	固有名詞
jackey	jackey	固有名詞
jackie	jackie	固有名詞
jacko	jacko	固有名詞
jacks	jacks	固有名詞
jacky	jacky	固有名詞
jackye	jackye	固有名詞
jacob	jacob	固有名詞
jacoby	jacoby	固有名詞
jactus	jactus	固有名詞
jacu	jacu	固有名詞
jad	jad	固有名詞
jadded	jadded	固有名詞
jadder	jadder	固有名詞
jade	jade	固有名詞
jaded	jaded	固有名詞
jadery	jadery	固有名詞
jades	jades	固有名詞
jading	jading	固有名詞
jadish	jadish	固有名詞
jady	jady	固有名詞
jaeger	jaeger	固有名詞
jag	jag	固有名詞
jaga	jaga	固有名詞
jagat	jagat	固有名詞
jagath	jagath	固有名詞
jageer	jageer	固有名詞
jager	jager	固有名詞
jagers	jagers	固有名詞
jagg	jagg	固有名詞
jaggar	jaggar	固有名詞
jagged	jagged	固有名詞
jagger	jagger	固有名詞
jaggs	jaggs	固有名詞
jaggy	jaggy	固有名詞
jaghir	jaghir	固有名詞
jagir	jagir	固有名詞
jagla	jagla	固有名詞
jagong	jagong	固有名詞
jagra	jagra	固有名詞
jagras	jagras	固有名詞
jags	jags	固有名詞
jagua	jagua	固有名詞
jaguar	jaguar	固有名詞
jaguey	jaguey	固有名詞
jah	jah	固有名詞
jahve	jahve	固有名詞
jahveh	jahveh	固有名詞
jai	jai	固有名詞
jail	jail	固有名詞
jailed	jailed	固有名詞
jailer	jailer	固有名詞
jailor	jailor	固有名詞
jails	jails	固有名詞
jaime	jaime	固有名詞
jain	jain	固有名詞
jaina	jaina	固有名詞
jajman	jajman	固有名詞
jak	jak	固有名詞
jake	jake	固有名詞
jakes	jakes	固有名詞
jakey	jakey	固有名詞
jako	jako	固有名詞
jakob	jakob	固有名詞
jakos	jakos	固有名詞
jakun	jakun	固有名詞
jalap	jalap	固有名詞
jalapa	jalapa	固有名詞
jalaps	jalaps	固有名詞
jalee	jalee	固有名詞
jalet	jalet	固有名詞
jalkar	jalkar	固有名詞
jalop	jalop	固有名詞
jalops	jalops	固有名詞
jalopy	jalopy	固有名詞
jalor	jalor	固有名詞
jalur	jalur	固有名詞
jam	jam	固有名詞
jama	jama	固有名詞
jaman	jaman	固有名詞
jamb	jamb	固有名詞
jambe	jambe	固有名詞
jambed	jambed	固有名詞
jambee	jambee	固有名詞
jamber	jamber	固有名詞
jambes	jambes	固有名詞
jambo	jambo	固有名詞
jambon	jambon	固有名詞
jambos	jambos	固有名詞
jamboy	jamboy	固有名詞
jambs	jambs	固有名詞
jambul	jambul	固有名詞
james	james	固有名詞
jami	jami	固有名詞
jamie	jamie	固有名詞
jammed	jammed	固有名詞
jammer	jammer	固有名詞
jammy	jammy	固有名詞
jamnia	jamnia	固有名詞
jamnut	jamnut	固有名詞
jamoke	jamoke	固有名詞
jampan	jampan	固有名詞
jams	jams	固有名詞
jan	jan	固有名詞
janapa	janapa	固有名詞
jane	jane	固有名詞
janes	janes	固有名詞
janet	janet	固有名詞
jangar	jangar	固有名詞
jangle	jangle	固有名詞
jangly	jangly	固有名詞
janice	janice	固有名詞
jank	jank	固有名詞
janker	janker	固有名詞
jann	jann	固有名詞
janner	janner	固有名詞
janos	janos	固有名詞
jant	jant	固有名詞
jantee	jantee	固有名詞
jantu	jantu	固有名詞
janty	janty	固有名詞
janua	janua	固有名詞
janus	janus	固有名詞
jaob	jaob	固有名詞
jap	jap	固有名詞
japan	japan	固有名詞
japans	japans	固有名詞
jape	jape	固有名詞
japed	japed	固有名詞
japer	japer	固有名詞
japers	japers	固有名詞
japery	japery	固有名詞
japes	japes	固有名詞
japing	japing	固有名詞
japish	japish	固有名詞
japyx	japyx	固有名詞
jar	jar	固有名詞
jara	jara	固有名詞
jarabe	jarabe	固有名詞
jarana	jarana	固有名詞
jarble	jarble	固有名詞
jarbot	jarbot	固有名詞
jarde	jarde	固有名詞
jardin	jardin	固有名詞
jardon	jardon	固有名詞
jared	jared	固有名詞
jareed	jareed	固有名詞
jarfly	jarfly	固有名詞
jarful	jarful	固有名詞
jarg	jarg	固有名詞
jargle	jargle	固有名詞
jargon	jargon	固有名詞
jarina	jarina	固有名詞
jark	jark	固有名詞
jarl	jarl	固有名詞
jarls	jarls	固有名詞
jarmo	jarmo	固有名詞
jarnut	jarnut	固有名詞
jarool	jarool	固有名詞
jarp	jarp	固有名詞
jarra	jarra	固有名詞
jarrah	jarrah	固有名詞
jarred	jarred	固有名詞
jarret	jarret	固有名詞
jarry	jarry	固有名詞
jars	jars	固有名詞
jarvey	jarvey	固有名詞
jarvie	jarvie	固有名詞
jarvis	jarvis	固有名詞
jarvy	jarvy	固有名詞
jasey	jasey	固有名詞
jaseys	jaseys	固有名詞
jasies	jasies	固有名詞
jasmin	jasmin	固有名詞
jason	jason	固有名詞
jasp	jasp	固有名詞
jaspe	jaspe	固有名詞
jasper	jasper	固有名詞
jaspis	jaspis	固有名詞
jass	jass	固有名詞
jassid	jassid	固有名詞
jasy	jasy	固有名詞
jasz	jasz	固有名詞
jat	jat	固有名詞
jataco	jataco	固有名詞
jataka	jataka	固有名詞
jatha	jatha	固有名詞
jati	jati	固有名詞
jatki	jatki	固有名詞
jatni	jatni	固有名詞
jato	jato	固有名詞
jatoba	jatoba	固有名詞
jatos	jatos	固有名詞
jaudie	jaudie	固有名詞
jauk	jauk	固有名詞
jauked	jauked	固有名詞
jauks	jauks	固有名詞
jaun	jaun	固有名詞
jaunce	jaunce	固有名詞
jauner	jauner	固有名詞
jaunt	jaunt	固有名詞
jaunts	jaunts	固有名詞
jaunty	jaunty	固有名詞
jaup	jaup	固有名詞
jauped	jauped	固有名詞
jaups	jaups	固有名詞
java	Java	固有名詞
javali	javali	固有名詞
javan	javan	固有名詞
javas	javas	固有名詞
javascript	JavaScript	固有名詞
javel	javel	固有名詞
javer	javer	固有名詞
jaw	jaw	固有名詞
jawab	jawab	固有名詞
jawan	jawan	固有名詞
jawans	jawans	固有名詞
jawed	jawed	固有名詞
jawing	jawing	固有名詞
jawn	jawn	固有名詞
jawp	jawp	固有名詞
jaws	jaws	固有名詞
jawy	jawy	固有名詞
jay	jay	固有名詞
jayant	jayant	固有名詞
jaycee	jaycee	固有名詞
jayesh	jayesh	固有名詞
jaygee	jaygee	固有名詞
jaypie	jaypie	固有名詞
jays	jays	固有名詞
jayvee	jayvee	固有名詞
jazey	jazey	固有名詞
jazeys	jazeys	固有名詞
jazies	jazies	固有名詞
jazy	jazy	固有名詞
jazz	jazz	固有名詞
jazzed	jazzed	固有名詞
jazzer	jazzer	固有名詞
jazzes	jazzes	固有名詞
jazzy	jazzy	固有名詞
jcl	jcl	固有名詞
jct	jct	固有名詞
jctn	jctn	固有名詞
jeames	jeames	固有名詞
jean	jean	固有名詞
jeanie	jeanie	固有名詞
jeanne	jeanne	固有名詞
jeans	jeans	固有名詞
jeany	jeany	固有名詞
jear	jear	固有名詞
jebat	jebat	固有名詞
jebel	jebel	固有名詞
jebels	jebels	固有名詞
jebus	jebus	固有名詞
jebusi	jebusi	固有名詞
jed	jed	固有名詞
jee	jee	固有名詞
jeed	jeed	固有名詞
jeeing	jeeing	固有名詞
jeel	jeel	固有名詞
jeep	jeep	固有名詞
jeeps	jeeps	固有名詞
jeer	jeer	固有名詞
jeered	jeered	固有名詞
jeerer	jeerer	固有名詞
jeers	jeers	固有名詞
jeery	jeery	固有名詞
jees	jees	固有名詞
jeetee	jeetee	固有名詞
jeez	jeez	固有名詞
jef	jef	固有名詞
jefe	jefe	固有名詞
jefes	jefes	固有名詞
jeff	jeff	固有名詞
jeffie	jeffie	固有名詞
jeg	jeg	固有名詞
jehad	jehad	固有名詞
jehads	jehads	固有名詞
jehu	jehu	固有名詞
jehup	jehup	固有名詞
jehus	jehus	固有名詞
jejuna	jejuna	固有名詞
jejune	jejune	固有名詞
jekyll	jekyll	固有名詞
jelab	jelab	固有名詞
jelib	jelib	固有名詞
jelick	jelick	固有名詞
jell	jell	固有名詞
jellab	jellab	固有名詞
jelled	jelled	固有名詞
jellib	jellib	固有名詞
jello	jello	固有名詞
jells	jells	固有名詞
jelly	jelly	固有名詞
jelske	jelske	固有名詞
jem	jem	固有名詞
jembe	jembe	固有名詞
jemble	jemble	固有名詞
jemez	jemez	固有名詞
jemima	jemima	固有名詞
jemmy	jemmy	固有名詞
jen	jen	固有名詞
jenine	jenine	固有名詞
jenkin	jenkin	固有名詞
jenna	jenna	固有名詞
jennet	jennet	固有名詞
jennie	jennie	固有名詞
jenny	jenny	固有名詞
jenoar	jenoar	固有名詞
jenson	jenson	固有名詞
jeon	jeon	固有名詞
jer	jer	固有名詞
jerald	jerald	固有名詞
jerbil	jerbil	固有名詞
jerboa	jerboa	固有名詞
jere	jere	固有名詞
jereed	jereed	固有名詞
jeremy	jeremy	固有名詞
jerez	jerez	固有名詞
jerib	jerib	固有名詞
jerid	jerid	固有名詞
jerids	jerids	固有名詞
jerk	jerk	固有名詞
jerked	jerked	固有名詞
jerker	jerker	固有名詞
jerkin	jerkin	固有名詞
jerks	jerks	固有名詞
jerky	jerky	固有名詞
jerl	jerl	固有名詞
jerm	jerm	固有名詞
jernie	jernie	固有名詞
jerome	jerome	固有名詞
jerque	jerque	固有名詞
jerrid	jerrid	固有名詞
jerrie	jerrie	固有名詞
jerry	jerry	固有名詞
jersey	jersey	固有名詞
jert	jert	固有名詞
jervia	jervia	固有名詞
jervin	jervin	固有名詞
jesper	jesper	固有名詞
jess	jess	固有名詞
jesse	jesse	固有名詞
jessed	jessed	固有名詞
jesses	jesses	固有名詞
jessie	jessie	固有名詞
jessur	jessur	固有名詞
jest	jest	固有名詞
jested	jested	固有名詞
jestee	jestee	固有名詞
jester	jester	固有名詞
jests	jests	固有名詞
jesu	jesu	固有名詞
jesuit	jesuit	固有名詞
jesus	jesus	固有名詞
jet	jet	固有名詞
jete	jete	固有名詞
jetes	jetes	固有名詞
jethro	jethro	固有名詞
jeton	jeton	固有名詞
jetons	jetons	固有名詞
jets	jets	固有名詞
jetsam	jetsam	固有名詞
jetsom	jetsom	固有名詞
jetted	jetted	固有名詞
jetter	jetter	固有名詞
jetton	jetton	固有名詞
jettru	jettru	固有名詞
jetty	jetty	固有名詞
jeu	jeu	固有名詞
jeux	jeux	固有名詞
jew	jew	固有名詞
jewdom	jewdom	固有名詞
jewed	jewed	固有名詞
jewel	jewel	固有名詞
jewels	jewels	固有名詞
jewely	jewely	固有名詞
jewess	jewess	固有名詞
jewing	jewing	固有名詞
jewis	jewis	固有名詞
jewish	jewish	固有名詞
jewism	jewism	固有名詞
jewry	jewry	固有名詞
jews	jews	固有名詞
jewy	jewy	固有名詞
jezail	jezail	固有名詞
jeziah	jeziah	固有名詞
jger	jger	固有名詞
jharal	jharal	固有名詞
jheel	jheel	固有名詞
jhool	jhool	固有名詞
jhow	jhow	固有名詞
jhuria	jhuria	固有名詞
jhvh	jhvh	固有名詞
jiao	jiao	固有名詞
jib	jib	固有名詞
jibb	jibb	固有名詞
jibba	jibba	固有名詞
jibbah	jibbah	固有名詞
jibbed	jibbed	固有名詞
jibbeh	jibbeh	固有名詞
jibber	jibber	固有名詞
jibbs	jibbs	固有名詞
jibby	jibby	固有名詞
jibe	jibe	固有名詞
jibed	jibed	固有名詞
jiber	jiber	固有名詞
jibers	jibers	固有名詞
jibes	jibes	固有名詞
jibi	jibi	固有名詞
jibing	jibing	固有名詞
jibman	jibman	固有名詞
jibmen	jibmen	固有名詞
jiboa	jiboa	固有名詞
jiboya	jiboya	固有名詞
jibs	jibs	固有名詞
jicama	jicama	固有名詞
jicara	jicara	固有名詞
jiff	jiff	固有名詞
jiffle	jiffle	固有名詞
jiffs	jiffs	固有名詞
jiffy	jiffy	固有名詞
jig	jig	固有名詞
jigged	jigged	固有名詞
jigger	jigger	固有名詞
jigget	jigget	固有名詞
jiggit	jiggit	固有名詞
jiggle	jiggle	固有名詞
jiggly	jiggly	固有名詞
jiggy	jiggy	固有名詞
jigman	jigman	固有名詞
jigmen	jigmen	固有名詞
jigote	jigote	固有名詞
jigs	jigs	固有名詞
jigsaw	jigsaw	固有名詞
jihad	jihad	固有名詞
jihads	jihads	固有名詞
jill	jill	固有名詞
jillet	jillet	固有名詞
jills	jills	固有名詞
jilt	jilt	固有名詞
jilted	jilted	固有名詞
jiltee	jiltee	固有名詞
jilter	jilter	固有名詞
jilts	jilts	固有名詞
jim	jim	固有名詞
jimbo	jimbo	固有名詞
jiminy	jiminy	固有名詞
jimjam	jimjam	固有名詞
jimmer	jimmer	固有名詞
jimmy	jimmy	固有名詞
jimp	jimp	固有名詞
jimper	jimper	固有名詞
jimply	jimply	固有名詞
jimpy	jimpy	固有名詞
jimson	jimson	固有名詞
jin	jin	固有名詞
jina	jina	固有名詞
jincan	jincan	固有名詞
jinete	jinete	固有名詞
jing	jing	固有名詞
jingal	jingal	固有名詞
jingko	jingko	固有名詞
jingle	jingle	固有名詞
jingly	jingly	固有名詞
jingo	jingo	固有名詞
jingu	jingu	固有名詞
jinja	jinja	固有名詞
jink	jink	固有名詞
jinked	jinked	固有名詞
jinker	jinker	固有名詞
jinket	jinket	固有名詞
jinkle	jinkle	固有名詞
jinks	jinks	固有名詞
jinn	jinn	固有名詞
jinnee	jinnee	固有名詞
jinni	jinni	固有名詞
jinns	jinns	固有名詞
jinny	jinny	固有名詞
jins	jins	固有名詞
jinsha	jinsha	固有名詞
jinx	jinx	固有名詞
jinxed	jinxed	固有名詞
jinxes	jinxes	固有名詞
jipper	jipper	固有名詞
jiqui	jiqui	固有名詞
jirble	jirble	固有名詞
jirga	jirga	固有名詞
jirgah	jirgah	固有名詞
jiri	jiri	固有名詞
jism	jism	固有名詞
jisms	jisms	固有名詞
jissom	jissom	固有名詞
jiti	jiti	固有名詞
jitney	jitney	固有名詞
jitro	jitro	固有名詞
jitter	jitter	固有名詞
jiva	jiva	固有名詞
jivaro	jivaro	固有名詞
jive	jive	固有名詞
jived	jived	固有名詞
jives	jives	固有名詞
jiving	jiving	固有名詞
jixie	jixie	固有名詞
jizya	jizya	固有名詞
jizyah	jizyah	固有名詞
jizzen	jizzen	固有名詞
jms	jms	固有名詞
jnana	jnana	固有名詞
jnanas	jnanas	固有名詞
jnd	jnd	固有名詞
jnt	jnt	固有名詞
joan	joan	固有名詞
joanna	joanna	固有名詞
joanne	joanne	固有名詞
job	job	固有名詞
jobade	jobade	固有名詞
jobbed	jobbed	固有名詞
jobber	jobber	固有名詞
jobbet	jobbet	固有名詞
jobble	jobble	固有名詞
jobe	jobe	固有名詞
jobman	jobman	固有名詞
jobmen	jobmen	固有名詞
jobo	jobo	固有名詞
jobs	jobs	固有名詞
jobson	jobson	固有名詞
jocant	jocant	固有名詞
joch	joch	固有名詞
jochen	jochen	固有名詞
jock	jock	固有名詞
jocker	jocker	固有名詞
jockey	jockey	固有名詞
jocko	jocko	固有名詞
jockos	jockos	固有名詞
jocks	jocks	固有名詞
jocose	jocose	固有名詞
jocote	jocote	固有名詞
jocu	jocu	固有名詞
jocum	jocum	固有名詞
jocuma	jocuma	固有名詞
jocund	jocund	固有名詞
jocuno	jocuno	固有名詞
jodel	jodel	固有名詞
jodelr	jodelr	固有名詞
jodo	jodo	固有名詞
joe	joe	固有名詞
joel	joel	固有名詞
joes	joes	固有名詞
joey	joey	固有名詞
joeyes	joeyes	固有名詞
joeys	joeys	固有名詞
jog	jog	固有名詞
jogged	jogged	固有名詞
jogger	jogger	固有名詞
joggle	joggle	固有名詞
joggly	joggly	固有名詞
jogs	jogs	固有名詞
johan	johan	固有名詞
johann	johann	固有名詞
john	john	固有名詞
johnin	johnin	固有名詞
johnny	johnny	固有名詞
johns	johns	固有名詞
joie	joie	固有名詞
join	join	固有名詞
joined	joined	固有名詞
joiner	joiner	固有名詞
joins	joins	固有名詞
joint	joint	固有名詞
joints	joints	固有名詞
jointy	jointy	固有名詞
joist	joist	固有名詞
joists	joists	固有名詞
jojoba	jojoba	固有名詞
joke	joke	固有名詞
joked	joked	固有名詞
joker	joker	固有名詞
jokers	jokers	固有名詞
jokes	jokes	固有名詞
jokey	jokey	固有名詞
jokier	jokier	固有名詞
joking	joking	固有名詞
jokish	jokish	固有名詞
jokist	jokist	固有名詞
jokul	jokul	固有名詞
joky	joky	固有名詞
jole	jole	固有名詞
joles	joles	固有名詞
joll	joll	固有名詞
jollop	jollop	固有名詞
jolly	jolly	固有名詞
jolt	jolt	固有名詞
jolted	jolted	固有名詞
jolter	jolter	固有名詞
jolts	jolts	固有名詞
jolty	jolty	固有名詞
jomon	jomon	固有名詞
jon	jon	固有名詞
jonah	jonah	固有名詞
jonahs	jonahs	固有名詞
jonas	jonas	固有名詞
jondla	jondla	固有名詞
jones	jones	固有名詞
jong	jong	固有名詞
joni	joni	固有名詞
jonque	jonque	固有名詞
jonval	jonval	固有名詞
jook	jook	固有名詞
joola	joola	固有名詞
joom	joom	固有名詞
joon	joon	固有名詞
joram	joram	固有名詞
jorams	jorams	固有名詞
jordan	jordan	固有名詞
jorden	jorden	固有名詞
joree	joree	固有名詞
jorge	jorge	固有名詞
jorist	jorist	固有名詞
joropo	joropo	固有名詞
jorram	jorram	固有名詞
jorum	jorum	固有名詞
jorums	jorums	固有名詞
jos	jos	固有名詞
jose	jose	固有名詞
joseph	joseph	固有名詞
josey	josey	固有名詞
josh	josh	固有名詞
joshed	joshed	固有名詞
josher	josher	固有名詞
joshes	joshes	固有名詞
joshi	joshi	固有名詞
joshua	joshua	固有名詞
josiah	josiah	固有名詞
josie	josie	固有名詞
josip	josip	固有名詞
joskin	joskin	固有名詞
joss	joss	固有名詞
josser	josser	固有名詞
josses	josses	固有名詞
jostle	jostle	固有名詞
jot	jot	固有名詞
jota	jota	固有名詞
jotas	jotas	固有名詞
jotisi	jotisi	固有名詞
jots	jots	固有名詞
jotted	jotted	固有名詞
jotter	jotter	固有名詞
jotty	jotty	固有名詞
jotunn	jotunn	固有名詞
joual	joual	固有名詞
jouals	jouals	固有名詞
joug	joug	固有名詞
jough	jough	固有名詞
jougs	jougs	固有名詞
jouk	jouk	固有名詞
jouked	jouked	固有名詞
jouks	jouks	固有名詞
joul	joul	固有名詞
joule	joule	固有名詞
joules	joules	固有名詞
jounce	jounce	固有名詞
jouncy	jouncy	固有名詞
jour	jour	固有名詞
journ	journ	固有名詞
journo	journo	固有名詞
jours	jours	固有名詞
joust	joust	固有名詞
jousts	jousts	固有名詞
joutes	joutes	固有名詞
jova	jova	固有名詞
jove	jove	固有名詞
jovial	jovial	固有名詞
jovian	jovian	固有名詞
jovite	jovite	固有名詞
jovy	jovy	固有名詞
jow	jow	固有名詞
jowar	jowar	固有名詞
jowari	jowari	固有名詞
jowars	jowars	固有名詞
jowed	jowed	固有名詞
jowel	jowel	固有名詞
jower	jower	固有名詞
jowery	jowery	固有名詞
jowing	jowing	固有名詞
jowl	jowl	固有名詞
jowled	jowled	固有名詞
jowler	jowler	固有名詞
jowlop	jowlop	固有名詞
jowls	jowls	固有名詞
jowly	jowly	固有名詞
jowpy	jowpy	固有名詞
jows	jows	固有名詞
jowser	jowser	固有名詞
jowter	jowter	固有名詞
joy	joy	固有名詞
joyant	joyant	固有名詞
joyce	joyce	固有名詞
joyed	joyed	固有名詞
joyful	joyful	固有名詞
joyhop	joyhop	固有名詞
joying	joying	固有名詞
joylet	joylet	固有名詞
joyous	joyous	固有名詞
joypop	joypop	固有名詞
joys	joys	固有名詞
jozy	jozy	固有名詞
js	JS	固有名詞
json	JSON	固有名詞
juan	juan	固有名詞
juang	juang	固有名詞
juans	juans	固有名詞
juba	juba	固有名詞
jubarb	jubarb	固有名詞
jubas	jubas	固有名詞
jubate	jubate	固有名詞
jubbah	jubbah	固有名詞
jubbe	jubbe	固有名詞
jube	jube	固有名詞
jubes	jubes	固有名詞
jubhah	jubhah	固有名詞
jubile	jubile	固有名詞
jubili	jubili	固有名詞
jubus	jubus	固有名詞
juck	juck	固有名詞
jucuna	jucuna	固有名詞
jud	jud	固有名詞
judah	judah	固有名詞
judaic	judaic	固有名詞
judas	judas	固有名詞
judder	judder	固有名詞
jude	jude	固有名詞
judean	judean	固有名詞
judex	judex	固有名詞
judge	judge	固有名詞
judged	judged	固有名詞
judger	judger	固有名詞
judges	judges	固有名詞
judica	judica	固有名詞
judice	judice	固有名詞
judith	judith	固有名詞
judo	judo	固有名詞
judogi	judogi	固有名詞
judoka	judoka	固有名詞
judos	judos	固有名詞
judy	judy	固有名詞
jueces	jueces	固有名詞
juffer	juffer	固有名詞
jufti	jufti	固有名詞
jufts	jufts	固有名詞
jug	jug	固有名詞
juga	juga	固有名詞
jugal	jugal	固有名詞
jugale	jugale	固有名詞
jugate	jugate	固有名詞
juger	juger	固有名詞
jugful	jugful	固有名詞
jugged	jugged	固有名詞
jugger	jugger	固有名詞
juggle	juggle	固有名詞
juglar	juglar	固有名詞
jugs	jugs	固有名詞
jugula	jugula	固有名詞
jugum	jugum	固有名詞
jugums	jugums	固有名詞
juha	juha	固有名詞
juice	juice	固有名詞
juiced	juiced	固有名詞
juicer	juicer	固有名詞
juices	juices	固有名詞
juicy	juicy	固有名詞
juise	juise	固有名詞
juju	juju	固有名詞
jujube	jujube	固有名詞
jujus	jujus	固有名詞
juke	juke	固有名詞
juked	juked	固有名詞
jukes	jukes	固有名詞
juking	juking	固有名詞
jule	jule	固有名詞
julep	julep	固有名詞
juleps	juleps	固有名詞
jules	jules	固有名詞
julia	Julia	固有名詞
julian	julian	固有名詞
julid	julid	固有名詞
julie	julie	固有名詞
julien	julien	固有名詞
julies	julies	固有名詞
juliet	juliet	固有名詞
julio	julio	固有名詞
julius	julius	固有名詞
juloid	juloid	固有名詞
julole	julole	固有名詞
julus	julus	固有名詞
july	july	固有名詞
jumada	jumada	固有名詞
jumana	jumana	固有名詞
jumart	jumart	固有名詞
jumba	jumba	固有名詞
jumbal	jumbal	固有名詞
jumbie	jumbie	固有名詞
jumble	jumble	固有名詞
jumbly	jumbly	固有名詞
jumbo	jumbo	固有名詞
jumbos	jumbos	固有名詞
jumby	jumby	固有名詞
jument	jument	固有名詞
jumfru	jumfru	固有名詞
jumma	jumma	固有名詞
jump	jump	固有名詞
jumped	jumped	固有名詞
jumper	jumper	固有名詞
jumps	jumps	固有名詞
jumpy	jumpy	固有名詞
jun	jun	固有名詞
junc	junc	固有名詞
juncat	juncat	固有名詞
junco	junco	固有名詞
juncos	juncos	固有名詞
juncus	juncus	固有名詞
jundie	jundie	固有名詞
jundy	jundy	固有名詞
june	june	固有名詞
juneau	juneau	固有名詞
jungle	jungle	固有名詞
jungli	jungli	固有名詞
jungly	jungly	固有名詞
junior	junior	固有名詞
junit	junit	固有名詞
junius	junius	固有名詞
junk	junk	固有名詞
junked	junked	固有名詞
junker	junker	固有名詞
junket	junket	固有名詞
junkie	junkie	固有名詞
junks	junks	固有名詞
junky	junky	固有名詞
juno	juno	固有名詞
junt	junt	固有名詞
junta	junta	固有名詞
juntas	juntas	固有名詞
junto	junto	固有名詞
juntos	juntos	固有名詞
jupard	jupard	固有名詞
jupati	jupati	固有名詞
jupe	jupe	固有名詞
jupes	jupes	固有名詞
jupon	jupon	固有名詞
jupons	jupons	固有名詞
jur	jur	固有名詞
jura	jura	固有名詞
jural	jural	固有名詞
jurane	jurane	固有名詞
jurant	jurant	固有名詞
jurara	jurara	固有名詞
jurare	jurare	固有名詞
jurat	jurat	固有名詞
jurata	jurata	固有名詞
jurats	jurats	固有名詞
jure	jure	固有名詞
jurel	jurel	固有名詞
jurels	jurels	固有名詞
juri	juri	固有名詞
juries	juries	固有名詞
juring	juring	固有名詞
juris	juris	固有名詞
jurisp	jurisp	固有名詞
jurist	jurist	固有名詞
juror	juror	固有名詞
jurors	jurors	固有名詞
jury	jury	固有名詞
jus	jus	固有名詞
juslik	juslik	固有名詞
jussal	jussal	固有名詞
jussel	jussel	固有名詞
jussi	jussi	固有名詞
just	just	固有名詞
justed	justed	固有名詞
justen	justen	固有名詞
juster	juster	固有名詞
justin	justin	固有名詞
justle	justle	固有名詞
justly	justly	固有名詞
justo	justo	固有名詞
justs	justs	固有名詞
justus	justus	固有名詞
jut	jut	固有名詞
jute	jute	固有名詞
jutes	jutes	固有名詞
jutic	jutic	固有名詞
jutish	jutish	固有名詞
jutka	jutka	固有名詞
juts	juts	固有名詞
jutted	jutted	固有名詞
jutty	jutty	固有名詞
juv	juv	固有名詞
juvent	juvent	固有名詞
juvia	juvia	固有名詞
juvite	juvite	固有名詞
juwise	juwise	固有名詞
juxta	juxta	固有名詞
juyas	juyas	固有名詞
juza	juza	固有名詞
jwahar	jwahar	固有名詞
jwt	JWT	固有名詞
jymold	jymold	固有名詞
jynx	jynx	固有名詞
kaaba	kaaba	固有名詞
kaama	kaama	固有名詞
kaas	kaas	固有名詞
kab	kab	固有名詞
kabab	kabab	固有名詞
kababs	kababs	固有名詞
kabaka	kabaka	固有名詞
kabala	kabala	固有名詞
kabar	kabar	固有名詞
kabard	kabard	固有名詞
kabars	kabars	固有名詞
kabaya	kabaya	固有名詞
kabel	kabel	固有名詞
kaberu	kaberu	固有名詞
kabiet	kabiet	固有名詞
kabiki	kabiki	固有名詞
kabob	kabob	固有名詞
kabobs	kabobs	固有名詞
kabs	kabs	固有名詞
kabuki	kabuki	固有名詞
kabuli	kabuli	固有名詞
kabyle	kabyle	固有名詞
kacha	kacha	固有名詞
kachin	kachin	固有名詞
kadaga	kadaga	固有名詞
kadaya	kadaya	固有名詞
kadder	kadder	固有名詞
kadein	kadein	固有名詞
kadi	kadi	固有名詞
kadine	kadine	固有名詞
kadis	kadis	固有名詞
kadish	kadish	固有名詞
kadmi	kadmi	固有名詞
kados	kados	固有名詞
kadu	kadu	固有名詞
kae	kae	固有名詞
kaes	kaes	固有名詞
kaf	kaf	固有名詞
kafa	kafa	固有名詞
kaffir	kaffir	固有名詞
kafila	kafila	固有名詞
kafir	kafir	固有名詞
kafiri	kafiri	固有名詞
kafirs	kafirs	固有名詞
kafiz	kafiz	固有名詞
kafka	kafka	固有名詞
kafta	kafta	固有名詞
kaftan	kaftan	固有名詞
kago	kago	固有名詞
kagos	kagos	固有名詞
kagu	kagu	固有名詞
kagura	kagura	固有名詞
kagus	kagus	固有名詞
kaha	kaha	固有名詞
kahala	kahala	固有名詞
kahar	kahar	固有名詞
kahau	kahau	固有名詞
kahili	kahili	固有名詞
kahu	kahu	固有名詞
kahuna	kahuna	固有名詞
kai	kai	固有名詞
kaiak	kaiak	固有名詞
kaiaks	kaiaks	固有名詞
kaibab	kaibab	固有名詞
kaid	kaid	固有名詞
kaif	kaif	固有名詞
kaifs	kaifs	固有名詞
kaik	kaik	固有名詞
kail	kail	固有名詞
kails	kails	固有名詞
kaiman	kaiman	固有名詞
kaimo	kaimo	固有名詞
kain	kain	固有名詞
kainah	kainah	固有名詞
kainga	kainga	固有名詞
kainit	kainit	固有名詞
kains	kains	固有名詞
kainsi	kainsi	固有名詞
kainyn	kainyn	固有名詞
kairin	kairin	固有名詞
kairos	kairos	固有名詞
kaiser	kaiser	固有名詞
kaithi	kaithi	固有名詞
kaiwi	kaiwi	固有名詞
kaj	kaj	固有名詞
kajar	kajar	固有名詞
kaka	kaka	固有名詞
kakan	kakan	固有名詞
kakapo	kakapo	固有名詞
kakar	kakar	固有名詞
kakas	kakas	固有名詞
kaki	kaki	固有名詞
kakis	kakis	固有名詞
kakkak	kakkak	固有名詞
kakke	kakke	固有名詞
kal	kal	固有名詞
kala	kala	固有名詞
kalach	kalach	固有名詞
kalam	kalam	固有名詞
kalams	kalams	固有名詞
kalan	kalan	固有名詞
kalang	kalang	固有名詞
kale	kale	固有名詞
kalema	kalema	固有名詞
kalend	kalend	固有名詞
kales	kales	固有名詞
kali	kali	固有名詞
kalian	kalian	固有名詞
kalif	kalif	固有名詞
kalifs	kalifs	固有名詞
kaliph	kaliph	固有名詞
kalis	kalis	固有名詞
kalium	kalium	固有名詞
kallah	kallah	固有名詞
kalmia	kalmia	固有名詞
kalmuk	kalmuk	固有名詞
kalo	kalo	固有名詞
kalon	kalon	固有名詞
kalong	kalong	固有名詞
kalpa	kalpa	固有名詞
kalpak	kalpak	固有名詞
kalpas	kalpas	固有名詞
kalpis	kalpis	固有名詞
kalwar	kalwar	固有名詞
kam	kam	固有名詞
kama	kama	固有名詞
kamahi	kamahi	固有名詞
kamala	kamala	固有名詞
kamao	kamao	固有名詞
kamas	kamas	固有名詞
kamass	kamass	固有名詞
kamba	kamba	固有名詞
kambal	kambal	固有名詞
kamboh	kamboh	固有名詞
kambou	kambou	固有名詞
kame	kame	固有名詞
kameel	kameel	固有名詞
kamel	kamel	固有名詞
kames	kames	固有名詞
kami	kami	固有名詞
kamian	kamian	固有名詞
kamias	kamias	固有名詞
kamik	kamik	固有名詞
kamika	kamika	固有名詞
kamiks	kamiks	固有名詞
kamis	kamis	固有名詞
kamiya	kamiya	固有名詞
kammeu	kammeu	固有名詞
kamsin	kamsin	固有名詞
kan	kan	固有名詞
kana	kana	固有名詞
kanae	kanae	固有名詞
kanaff	kanaff	固有名詞
kanagi	kanagi	固有名詞
kanaka	kanaka	固有名詞
kanap	kanap	固有名詞
kanara	kanara	固有名詞
kanari	kanari	固有名詞
kanas	kanas	固有名詞
kanat	kanat	固有名詞
kand	kand	固有名詞
kande	kande	固有名詞
kandol	kandol	固有名詞
kane	kane	固有名詞
kaneh	kaneh	固有名詞
kanes	kanes	固有名詞
kang	kang	固有名詞
kanga	kanga	固有名詞
kangla	kangla	固有名詞
kangli	kangli	固有名詞
kangri	kangri	固有名詞
kanji	kanji	固有名詞
kanjis	kanjis	固有名詞
kankie	kankie	固有名詞
kannen	kannen	固有名詞
kannu	kannu	固有名詞
kanone	kanone	固有名詞
kanoon	kanoon	固有名詞
kanred	kanred	固有名詞
kans	kans	固有名詞
kansa	kansa	固有名詞
kansan	kansan	固有名詞
kansas	kansas	固有名詞
kant	kant	固有名詞
kantar	kantar	固有名詞
kanten	kanten	固有名詞
kantry	kantry	固有名詞
kanuka	kanuka	固有名詞
kanuri	kanuri	固有名詞
kanwar	kanwar	固有名詞
kanyaw	kanyaw	固有名詞
kanzu	kanzu	固有名詞
kaolin	kaolin	固有名詞
kaon	kaon	固有名詞
kaons	kaons	固有名詞
kapa	kapa	固有名詞
kapai	kapai	固有名詞
kapas	kapas	固有名詞
kaph	kaph	固有名詞
kaphs	kaphs	固有名詞
kapok	kapok	固有名詞
kapoks	kapoks	固有名詞
kapote	kapote	固有名詞
kapp	kapp	固有名詞
kappa	kappa	固有名詞
kappas	kappas	固有名詞
kappe	kappe	固有名詞
kappie	kappie	固有名詞
kapuka	kapuka	固有名詞
kapur	kapur	固有名詞
kaput	kaput	固有名詞
kaputt	kaputt	固有名詞
karaka	karaka	固有名詞
karamu	karamu	固有名詞
karat	karat	固有名詞
karate	karate	固有名詞
karats	karats	固有名詞
karaya	karaya	固有名詞
karbi	karbi	固有名詞
karch	karch	固有名詞
kareao	kareao	固有名詞
kareau	kareau	固有名詞
karel	karel	固有名詞
karela	karela	固有名詞
karen	karen	固有名詞
karewa	karewa	固有名詞
karez	karez	固有名詞
kari	kari	固有名詞
karite	karite	固有名詞
kariti	kariti	固有名詞
karl	karl	固有名詞
karluk	karluk	固有名詞
karma	karma	固有名詞
karmas	karmas	固有名詞
karmic	karmic	固有名詞
karn	karn	固有名詞
karns	karns	固有名詞
karo	karo	固有名詞
karoo	karoo	固有名詞
karoos	karoos	固有名詞
karos	karos	固有名詞
kaross	kaross	固有名詞
karou	karou	固有名詞
karpas	karpas	固有名詞
karree	karree	固有名詞
karren	karren	固有名詞
karri	karri	固有名詞
karroo	karroo	固有名詞
karsha	karsha	固有名詞
karst	karst	固有名詞
karsts	karsts	固有名詞
kart	kart	固有名詞
kartel	kartel	固有名詞
kartos	kartos	固有名詞
karts	karts	固有名詞
karuna	karuna	固有名詞
karval	karval	固有名詞
karvar	karvar	固有名詞
karwar	karwar	固有名詞
karyon	karyon	固有名詞
kas	kas	固有名詞
kasa	kasa	固有名詞
kasbah	kasbah	固有名詞
kaser	kaser	固有名詞
kasha	kasha	固有名詞
kashan	kashan	固有名詞
kashas	kashas	固有名詞
kasher	kasher	固有名詞
kashga	kashga	固有名詞
kashi	kashi	固有名詞
kashim	kashim	固有名詞
kasida	kasida	固有名詞
kaska	kaska	固有名詞
kasm	kasm	固有名詞
kassak	kassak	固有名詞
kassu	kassu	固有名詞
kat	kat	固有名詞
katana	katana	固有名詞
katar	katar	固有名詞
katat	katat	固有名詞
kate	kate	固有名詞
kath	kath	固有名詞
katha	katha	固有名詞
kathak	kathak	固有名詞
kathal	kathal	固有名詞
kathy	kathy	固有名詞
katie	katie	固有名詞
katik	katik	固有名詞
kation	kation	固有名詞
katipo	katipo	固有名詞
katmon	katmon	固有名詞
kats	kats	固有名詞
katsup	katsup	固有名詞
katuka	katuka	固有名詞
katun	katun	固有名詞
katy	katy	固有名詞
kauch	kauch	固有名詞
kauri	kauri	固有名詞
kauris	kauris	固有名詞
kaury	kaury	固有名詞
kava	kava	固有名詞
kavaic	kavaic	固有名詞
kavas	kavas	固有名詞
kavass	kavass	固有名詞
kaver	kaver	固有名詞
kavi	kavi	固有名詞
kavika	kavika	固有名詞
kaw	kaw	固有名詞
kawaka	kawaka	固有名詞
kawika	kawika	固有名詞
kay	kay	固有名詞
kayak	kayak	固有名詞
kayaks	kayaks	固有名詞
kayan	kayan	固有名詞
kayles	kayles	固有名詞
kayo	kayo	固有名詞
kayoed	kayoed	固有名詞
kayoes	kayoes	固有名詞
kayos	kayos	固有名詞
kays	kays	固有名詞
kayvan	kayvan	固有名詞
kazak	kazak	固有名詞
kazi	kazi	固有名詞
kazoo	kazoo	固有名詞
kazoos	kazoos	固有名詞
kbar	kbar	固有名詞
kbps	kbps	固有名詞
kcal	kcal	固有名詞
kea	kea	固有名詞
keach	keach	固有名詞
keap	keap	固有名詞
kearn	kearn	固有名詞
keas	keas	固有名詞
keat	keat	固有名詞
keats	keats	固有名詞
keawe	keawe	固有名詞
keb	keb	固有名詞
kebab	kebab	固有名詞
kebabs	kebabs	固有名詞
kebar	kebar	固有名詞
kebars	kebars	固有名詞
kebbie	kebbie	固有名詞
kebby	kebby	固有名詞
keblah	keblah	固有名詞
kebob	kebob	固有名詞
kebobs	kebobs	固有名詞
kebyar	kebyar	固有名詞
kechel	kechel	固有名詞
keck	keck	固有名詞
kecked	kecked	固有名詞
keckle	keckle	固有名詞
kecks	kecks	固有名詞
kecksy	kecksy	固有名詞
kecky	kecky	固有名詞
ked	ked	固有名詞
kedar	kedar	固有名詞
keddah	keddah	固有名詞
kedge	kedge	固有名詞
kedged	kedged	固有名詞
kedger	kedger	固有名詞
kedges	kedges	固有名詞
kedgy	kedgy	固有名詞
kee	kee	固有名詞
keech	keech	固有名詞
keef	keef	固有名詞
keefs	keefs	固有名詞
keek	keek	固有名詞
keeked	keeked	固有名詞
keeker	keeker	固有名詞
keeks	keeks	固有名詞
keel	keel	固有名詞
keeled	keeled	固有名詞
keeler	keeler	固有名詞
keelie	keelie	固有名詞
keels	keels	固有名詞
keen	keen	固有名詞
keena	keena	固有名詞
keened	keened	固有名詞
keener	keener	固有名詞
keenly	keenly	固有名詞
keens	keens	固有名詞
keep	keep	固有名詞
keeper	keeper	固有名詞
keeps	keeps	固有名詞
keerie	keerie	固有名詞
kees	kees	固有名詞
keest	keest	固有名詞
keet	keet	固有名詞
keets	keets	固有名詞
keeve	keeve	固有名詞
keeves	keeves	固有名詞
kef	kef	固有名詞
keffel	keffel	固有名詞
kefir	kefir	固有名詞
kefirs	kefirs	固有名詞
kefs	kefs	固有名詞
kefti	kefti	固有名詞
keftiu	keftiu	固有名詞
keg	keg	固有名詞
kegful	kegful	固有名詞
kegler	kegler	固有名詞
kegs	kegs	固有名詞
kehaya	kehaya	固有名詞
keid	keid	固有名詞
keir	keir	固有名詞
keirs	keirs	固有名詞
keist	keist	固有名詞
keita	keita	固有名詞
keith	keith	固有名詞
kekchi	kekchi	固有名詞
kekuna	kekuna	固有名詞
keld	keld	固有名詞
kelder	kelder	固有名詞
kele	kele	固有名詞
kelebe	kelebe	固有名詞
keleh	keleh	固有名詞
kelek	kelek	固有名詞
kelep	kelep	固有名詞
kelia	kelia	固有名詞
kelima	kelima	固有名詞
kelk	kelk	固有名詞
kell	kell	固有名詞
kella	kella	固有名詞
kelleg	kelleg	固有名詞
kellet	kellet	固有名詞
kellia	kellia	固有名詞
kelly	kelly	固有名詞
kellys	kellys	固有名詞
keloid	keloid	固有名詞
kelp	kelp	固有名詞
kelped	kelped	固有名詞
kelper	kelper	固有名詞
kelpie	kelpie	固有名詞
kelps	kelps	固有名詞
kelpy	kelpy	固有名詞
kelson	kelson	固有名詞
kelt	kelt	固有名詞
kelter	kelter	固有名詞
keltic	keltic	固有名詞
keltie	keltie	固有名詞
keltoi	keltoi	固有名詞
kelts	kelts	固有名詞
kelty	kelty	固有名詞
kelvin	kelvin	固有名詞
kemal	kemal	固有名詞
kemb	kemb	固有名詞
kemp	kemp	固有名詞
kempas	kempas	固有名詞
kemple	kemple	固有名詞
kemps	kemps	固有名詞
kempt	kempt	固有名詞
kempts	kempts	固有名詞
kempy	kempy	固有名詞
ken	ken	固有名詞
kenaf	kenaf	固有名詞
kenafs	kenafs	固有名詞
kenai	kenai	固有名詞
kench	kench	固有名詞
kend	kend	固有名詞
kendal	kendal	固有名詞
kendir	kendir	固有名詞
kendna	kendna	固有名詞
kendo	kendo	固有名詞
kendos	kendos	固有名詞
kendy	kendy	固有名詞
kendyr	kendyr	固有名詞
kenelm	kenelm	固有名詞
kenema	kenema	固有名詞
kenmpy	kenmpy	固有名詞
kenn	kenn	固有名詞
kenned	kenned	固有名詞
kennel	kennel	固有名詞
kenner	kenner	固有名詞
kennet	kennet	固有名詞
kenno	kenno	固有名詞
kenny	kenny	固有名詞
keno	keno	固有名詞
kenos	kenos	固有名詞
kens	kens	固有名詞
kent	kent	固有名詞
kente	kente	固有名詞
kentia	kentia	固有名詞
kentle	kentle	固有名詞
kenton	kenton	固有名詞
kenya	kenya	固有名詞
kenyan	kenyan	固有名詞
kenyte	kenyte	固有名詞
keout	keout	固有名詞
kep	kep	固有名詞
kephir	kephir	固有名詞
kepi	kepi	固有名詞
kepis	kepis	固有名詞
kepped	kepped	固有名詞
keppen	keppen	固有名詞
keps	keps	固有名詞
kept	kept	固有名詞
ker	ker	固有名詞
keraci	keraci	固有名詞
kerana	kerana	固有名詞
kerat	kerat	固有名詞
kerb	kerb	固有名詞
kerbed	kerbed	固有名詞
kerbs	kerbs	固有名詞
kerch	kerch	固有名詞
kerel	kerel	固有名詞
keres	keres	固有名詞
kerewa	kerewa	固有名詞
kerf	kerf	固有名詞
kerfed	kerfed	固有名詞
kerfs	kerfs	固有名詞
kerite	kerite	固有名詞
kerl	kerl	固有名詞
kerman	kerman	固有名詞
kermes	kermes	固有名詞
kermis	kermis	固有名詞
kern	kern	固有名詞
kerne	kerne	固有名詞
kerned	kerned	固有名詞
kernel	kernel	固有名詞
kerner	kerner	固有名詞
kernes	kernes	固有名詞
kernoi	kernoi	固有名詞
kernos	kernos	固有名詞
kerns	kerns	固有名詞
kero	kero	固有名詞
keros	keros	固有名詞
kerri	kerri	固有名詞
kerria	kerria	固有名詞
kerrie	kerrie	固有名詞
kerril	kerril	固有名詞
kerry	kerry	固有名詞
kers	kers	固有名詞
kersey	kersey	固有名詞
kerve	kerve	固有名詞
keryx	keryx	固有名詞
kesar	kesar	固有名詞
keslep	keslep	固有名詞
kesse	kesse	固有名詞
ket	ket	固有名詞
keta	keta	固有名詞
ketal	ketal	固有名詞
ketch	ketch	固有名詞
ketchy	ketchy	固有名詞
keten	keten	固有名詞
ketene	ketene	固有名詞
kethib	kethib	固有名詞
ketine	ketine	固有名詞
ketmie	ketmie	固有名詞
keto	keto	固有名詞
ketol	ketol	固有名詞
ketole	ketole	固有名詞
ketone	ketone	固有名詞
ketose	ketose	固有名詞
kette	kette	固有名詞
kettle	kettle	固有名詞
ketty	ketty	固有名詞
ketu	ketu	固有名詞
ketuba	ketuba	固有名詞
ketupa	ketupa	固有名詞
ketway	ketway	固有名詞
ketyl	ketyl	固有名詞
keup	keup	固有名詞
keuper	keuper	固有名詞
kevan	kevan	固有名詞
kevel	kevel	固有名詞
kevels	kevels	固有名詞
kever	kever	固有名詞
kevil	kevil	固有名詞
kevils	kevils	固有名詞
kevin	kevin	固有名詞
kevyn	kevyn	固有名詞
kewpie	kewpie	固有名詞
kex	kex	固有名詞
kexes	kexes	固有名詞
kexy	kexy	固有名詞
key	key	固有名詞
keyage	keyage	固有名詞
keyaki	keyaki	固有名詞
keyed	keyed	固有名詞
keying	keying	固有名詞
keylet	keylet	固有名詞
keyman	keyman	固有名詞
keymen	keymen	固有名詞
keypad	keypad	固有名詞
keys	keys	固有名詞
keyset	keyset	固有名詞
keyway	keyway	固有名詞
keywd	keywd	固有名詞
keywrd	keywrd	固有名詞
kgf	kgf	固有名詞
kgr	kgr	固有名詞
kha	kha	固有名詞
khadi	khadi	固有名詞
khadis	khadis	固有名詞
khaiki	khaiki	固有名詞
khair	khair	固有名詞
khaja	khaja	固有名詞
khajur	khajur	固有名詞
khaki	khaki	固有名詞
khakis	khakis	固有名詞
khalal	khalal	固有名詞
khalat	khalat	固有名詞
khalif	khalif	固有名詞
khalsa	khalsa	固有名詞
khamal	khamal	固有名詞
khami	khami	固有名詞
khamti	khamti	固有名詞
khan	khan	固有名詞
khanda	khanda	固有名詞
khanga	khanga	固有名詞
khans	khans	固有名詞
khanum	khanum	固有名詞
khar	khar	固有名詞
kharaj	kharaj	固有名詞
kharia	kharia	固有名詞
kharif	kharif	固有名詞
kharua	kharua	固有名詞
kharwa	kharwa	固有名詞
khasa	khasa	固有名詞
khasi	khasi	固有名詞
khass	khass	固有名詞
khat	khat	固有名詞
khatib	khatib	固有名詞
khatin	khatin	固有名詞
khatri	khatri	固有名詞
khats	khats	固有名詞
khatti	khatti	固有名詞
khaya	khaya	固有名詞
khayal	khayal	固有名詞
khazar	khazar	固有名詞
khazen	khazen	固有名詞
kheda	kheda	固有名詞
khedah	khedah	固有名詞
khedas	khedas	固有名詞
khella	khella	固有名詞
khet	khet	固有名詞
khi	khi	固有名詞
khila	khila	固有名詞
khilat	khilat	固有名詞
khir	khir	固有名詞
khirka	khirka	固有名詞
khis	khis	固有名詞
khitan	khitan	固有名詞
khivan	khivan	固有名詞
khmer	khmer	固有名詞
khodja	khodja	固有名詞
khoja	khoja	固有名詞
khojah	khojah	固有名詞
khoka	khoka	固有名詞
khond	khond	固有名詞
khot	khot	固有名詞
khotan	khotan	固有名詞
khowar	khowar	固有名詞
khu	khu	固有名詞
khuai	khuai	固有名詞
khud	khud	固有名詞
khula	khula	固有名詞
khulda	khulda	固有名詞
khutba	khutba	固有名詞
khuzi	khuzi	固有名詞
khvat	khvat	固有名詞
kiaat	kiaat	固有名詞
kiack	kiack	固有名詞
kiaki	kiaki	固有名詞
kialee	kialee	固有名詞
kiang	kiang	固有名詞
kiangs	kiangs	固有名詞
kiaugh	kiaugh	固有名詞
kibbeh	kibbeh	固有名詞
kibber	kibber	固有名詞
kibble	kibble	固有名詞
kibe	kibe	固有名詞
kibei	kibei	固有名詞
kibes	kibes	固有名詞
kibitz	kibitz	固有名詞
kibla	kibla	固有名詞
kiblah	kiblah	固有名詞
kiblas	kiblas	固有名詞
kibosh	kibosh	固有名詞
kibsey	kibsey	固有名詞
kiby	kiby	固有名詞
kichel	kichel	固有名詞
kick	kick	固有名詞
kicked	kicked	固有名詞
kickee	kickee	固有名詞
kicker	kicker	固有名詞
kicks	kicks	固有名詞
kickup	kickup	固有名詞
kicky	kicky	固有名詞
kid	kid	固有名詞
kidang	kidang	固有名詞
kidded	kidded	固有名詞
kidder	kidder	固有名詞
kiddie	kiddie	固有名詞
kiddle	kiddle	固有名詞
kiddo	kiddo	固有名詞
kiddos	kiddos	固有名詞
kiddy	kiddy	固有名詞
kidlet	kidlet	固有名詞
kidnap	kidnap	固有名詞
kidney	kidney	固有名詞
kids	kids	固有名詞
kidvid	kidvid	固有名詞
kie	kie	固有名詞
kief	kief	固有名詞
kiefs	kiefs	固有名詞
kiekie	kiekie	固有名詞
kiel	kiel	固有名詞
kier	kier	固有名詞
kieran	kieran	固有名詞
kiers	kiers	固有名詞
kiev	kiev	固有名詞
kieye	kieye	固有名詞
kif	kif	固有名詞
kifs	kifs	固有名詞
kiho	kiho	固有名詞
kikar	kikar	固有名詞
kike	kike	固有名詞
kikes	kikes	固有名詞
kiki	kiki	固有名詞
kikki	kikki	固有名詞
kikoi	kikoi	固有名詞
kikori	kikori	固有名詞
kiku	kiku	固有名詞
kikuel	kikuel	固有名詞
kikuyu	kikuyu	固有名詞
kil	kil	固有名詞
kilah	kilah	固有名詞
kilan	kilan	固有名詞
kildee	kildee	固有名詞
kileh	kileh	固有名詞
kilerg	kilerg	固有名詞
kiley	kiley	固有名詞
kileys	kileys	固有名詞
kilhig	kilhig	固有名詞
kilij	kilij	固有名詞
kilim	kilim	固有名詞
kilims	kilims	固有名詞
kill	kill	固有名詞
killas	killas	固有名詞
killcu	killcu	固有名詞
killed	killed	固有名詞
killer	killer	固有名詞
killig	killig	固有名詞
killow	killow	固有名詞
kills	kills	固有名詞
killy	killy	固有名詞
kiln	kiln	固有名詞
kilned	kilned	固有名詞
kilns	kilns	固有名詞
kilo	kilo	固有名詞
kilohm	kilohm	固有名詞
kilom	kilom	固有名詞
kilos	kilos	固有名詞
kilp	kilp	固有名詞
kilt	kilt	固有名詞
kilted	kilted	固有名詞
kilter	kilter	固有名詞
kiltie	kiltie	固有名詞
kilts	kilts	固有名詞
kilty	kilty	固有名詞
kiluba	kiluba	固有名詞
kiluck	kiluck	固有名詞
kim	kim	固有名詞
kimbo	kimbo	固有名詞
kimchi	kimchi	固有名詞
kimmer	kimmer	固有名詞
kimmo	kimmo	固有名詞
kimnel	kimnel	固有名詞
kimono	kimono	固有名詞
kimura	kimura	固有名詞
kin	kin	固有名詞
kina	kina	固有名詞
kinah	kinah	固有名詞
kinase	kinase	固有名詞
kinbot	kinbot	固有名詞
kinch	kinch	固有名詞
kincob	kincob	固有名詞
kind	kind	固有名詞
kindal	kindal	固有名詞
kinder	kinder	固有名詞
kindle	kindle	固有名詞
kindly	kindly	固有名詞
kinds	kinds	固有名詞
kine	kine	固有名詞
kinema	kinema	固有名詞
kines	kines	固有名詞
king	king	固有名詞
kinged	kinged	固有名詞
kingly	kingly	固有名詞
kings	kings	固有名詞
kingu	kingu	固有名詞
kinhin	kinhin	固有名詞
kinic	kinic	固有名詞
kinin	kinin	固有名詞
kinins	kinins	固有名詞
kink	kink	固有名詞
kinked	kinked	固有名詞
kinker	kinker	固有名詞
kinkle	kinkle	固有名詞
kinkly	kinkly	固有名詞
kinks	kinks	固有名詞
kinky	kinky	固有名詞
kinnor	kinnor	固有名詞
kino	kino	固有名詞
kinone	kinone	固有名詞
kinoo	kinoo	固有名詞
kinoos	kinoos	固有名詞
kinos	kinos	固有名詞
kinot	kinot	固有名詞
kins	kins	固有名詞
kinsen	kinsen	固有名詞
kintar	kintar	固有名詞
kintra	kintra	固有名詞
kintry	kintry	固有名詞
kinura	kinura	固有名詞
kioea	kioea	固有名詞
kioko	kioko	固有名詞
kiosk	kiosk	固有名詞
kiosks	kiosks	固有名詞
kiowa	kiowa	固有名詞
kiowan	kiowan	固有名詞
kioway	kioway	固有名詞
kip	kip	固有名詞
kipage	kipage	固有名詞
kipe	kipe	固有名詞
kipfel	kipfel	固有名詞
kipped	kipped	固有名詞
kippen	kippen	固有名詞
kipper	kipper	固有名詞
kippin	kippin	固有名詞
kippur	kippur	固有名詞
kippy	kippy	固有名詞
kips	kips	固有名詞
kipsey	kipsey	固有名詞
kipuka	kipuka	固有名詞
kirby	kirby	固有名詞
kiri	kiri	固有名詞
kirk	kirk	固有名詞
kirker	kirker	固有名詞
kirks	kirks	固有名詞
kirman	kirman	固有名詞
kirmew	kirmew	固有名詞
kirn	kirn	固有名詞
kirned	kirned	固有名詞
kirns	kirns	固有名詞
kirpan	kirpan	固有名詞
kirsch	kirsch	固有名詞
kirsen	kirsen	固有名詞
kirsty	kirsty	固有名詞
kirtle	kirtle	固有名詞
kirve	kirve	固有名詞
kirver	kirver	固有名詞
kisan	kisan	固有名詞
kisang	kisang	固有名詞
kish	kish	固有名詞
kishen	kishen	固有名詞
kishka	kishka	固有名詞
kishke	kishke	固有名詞
kishon	kishon	固有名詞
kishy	kishy	固有名詞
kislev	kislev	固有名詞
kismat	kismat	固有名詞
kismet	kismet	固有名詞
kisra	kisra	固有名詞
kiss	kiss	固有名詞
kissar	kissar	固有名詞
kissed	kissed	固有名詞
kissel	kissel	固有名詞
kisser	kisser	固有名詞
kisses	kisses	固有名詞
kissy	kissy	固有名詞
kist	kist	固有名詞
kists	kists	固有名詞
kiswa	kiswa	固有名詞
kiswah	kiswah	固有名詞
kit	kit	固有名詞
kitab	kitab	固有名詞
kitabi	kitabi	固有名詞
kitan	kitan	固有名詞
kitar	kitar	固有名詞
kitbag	kitbag	固有名詞
kitcat	kitcat	固有名詞
kite	kite	固有名詞
kited	kited	固有名詞
kiter	kiter	固有名詞
kiters	kiters	固有名詞
kites	kites	固有名詞
kith	kith	固有名詞
kithe	kithe	固有名詞
kithed	kithed	固有名詞
kithes	kithes	固有名詞
kiths	kiths	固有名詞
kiting	kiting	固有名詞
kitish	kitish	固有名詞
kitman	kitman	固有名詞
kits	kits	固有名詞
kitsch	kitsch	固有名詞
kittar	kittar	固有名詞
kitted	kitted	固有名詞
kittel	kittel	固有名詞
kitten	kitten	固有名詞
kitter	kitter	固有名詞
kittie	kittie	固有名詞
kittle	kittle	固有名詞
kittly	kittly	固有名詞
kittul	kittul	固有名詞
kitty	kitty	固有名詞
kiutle	kiutle	固有名詞
kiva	kiva	固有名詞
kivas	kivas	固有名詞
kiver	kiver	固有名詞
kivu	kivu	固有名詞
kiwach	kiwach	固有名詞
kiwai	kiwai	固有名詞
kiwi	kiwi	固有名詞
kiwis	kiwis	固有名詞
kiyas	kiyas	固有名詞
kiyi	kiyi	固有名詞
kizil	kizil	固有名詞
klam	klam	固有名詞
klan	klan	固有名詞
klans	klans	固有名詞
klatch	klatch	固有名詞
klaus	klaus	固有名詞
klaxon	klaxon	固有名詞
kleig	kleig	固有名詞
klepht	klepht	固有名詞
klesha	klesha	固有名詞
klick	klick	固有名詞
klieg	klieg	固有名詞
kling	kling	固有名詞
klino	klino	固有名詞
klip	klip	固有名詞
klippe	klippe	固有名詞
kln	kln	固有名詞
klom	klom	固有名詞
klong	klong	固有名詞
klongs	klongs	固有名詞
klooch	klooch	固有名詞
kloof	kloof	固有名詞
kloofs	kloofs	固有名詞
klop	klop	固有名詞
klops	klops	固有名詞
klosh	klosh	固有名詞
klosse	klosse	固有名詞
klowet	klowet	固有名詞
kluck	kluck	固有名詞
kludge	kludge	固有名詞
klunk	klunk	固有名詞
klutz	klutz	固有名詞
klutzy	klutzy	固有名詞
kluxer	kluxer	固有名詞
klva	klva	固有名詞
kmel	kmel	固有名詞
kmet	kmet	固有名詞
kmole	kmole	固有名詞
knab	knab	固有名詞
knack	knack	固有名詞
knacks	knacks	固有名詞
knacky	knacky	固有名詞
knag	knag	固有名詞
knaggy	knaggy	固有名詞
knap	knap	固有名詞
knape	knape	固有名詞
knappe	knappe	固有名詞
knappy	knappy	固有名詞
knaps	knaps	固有名詞
knar	knar	固有名詞
knark	knark	固有名詞
knarl	knarl	固有名詞
knarle	knarle	固有名詞
knarry	knarry	固有名詞
knars	knars	固有名詞
knatch	knatch	固有名詞
knatte	knatte	固有名詞
knave	knave	固有名詞
knaves	knaves	固有名詞
knaw	knaw	固有名詞
knawel	knawel	固有名詞
knead	knead	固有名詞
kneads	kneads	固有名詞
knee	knee	固有名詞
kneed	kneed	固有名詞
kneel	kneel	固有名詞
kneels	kneels	固有名詞
knees	knees	固有名詞
knell	knell	固有名詞
knells	knells	固有名詞
knelt	knelt	固有名詞
knet	knet	固有名詞
knetch	knetch	固有名詞
knevel	knevel	固有名詞
knew	knew	固有名詞
knez	knez	固有名詞
knezi	knezi	固有名詞
kniaz	kniaz	固有名詞
kniazi	kniazi	固有名詞
knick	knick	固有名詞
knife	knife	固有名詞
knifed	knifed	固有名詞
knifer	knifer	固有名詞
knifes	knifes	固有名詞
knight	knight	固有名詞
knish	knish	固有名詞
knit	knit	固有名詞
knitch	knitch	固有名詞
knits	knits	固有名詞
knive	knive	固有名詞
knived	knived	固有名詞
knives	knives	固有名詞
knivey	knivey	固有名詞
knob	knob	固有名詞
knobby	knobby	固有名詞
knobs	knobs	固有名詞
knock	knock	固有名詞
knocks	knocks	固有名詞
knoit	knoit	固有名詞
knoll	knoll	固有名詞
knolls	knolls	固有名詞
knolly	knolly	固有名詞
knop	knop	固有名詞
knoppy	knoppy	固有名詞
knops	knops	固有名詞
knorr	knorr	固有名詞
knosp	knosp	固有名詞
knosps	knosps	固有名詞
knot	knot	固有名詞
knots	knots	固有名詞
knotty	knotty	固有名詞
knout	knout	固有名詞
knouts	knouts	固有名詞
know	know	固有名詞
knowe	knowe	固有名詞
knower	knower	固有名詞
known	known	固有名詞
knowns	knowns	固有名詞
knows	knows	固有名詞
knox	knox	固有名詞
knub	knub	固有名詞
knubby	knubby	固有名詞
knucks	knucks	固有名詞
knuffe	knuffe	固有名詞
knur	knur	固有名詞
knurl	knurl	固有名詞
knurls	knurls	固有名詞
knurly	knurly	固有名詞
knurry	knurry	固有名詞
knurs	knurs	固有名詞
knut	knut	固有名詞
knute	knute	固有名詞
knuth	knuth	固有名詞
knutty	knutty	固有名詞
knyaz	knyaz	固有名詞
knyazi	knyazi	固有名詞
knysna	knysna	固有名詞
koa	koa	固有名詞
koae	koae	固有名詞
koala	koala	固有名詞
koalas	koalas	固有名詞
koali	koali	固有名詞
koan	koan	固有名詞
koans	koans	固有名詞
koas	koas	固有名詞
kob	kob	固有名詞
koban	koban	固有名詞
kobang	kobang	固有名詞
kobi	kobi	固有名詞
kobird	kobird	固有名詞
kobold	kobold	固有名詞
kobong	kobong	固有名詞
kobu	kobu	固有名詞
kobus	kobus	固有名詞
koch	koch	固有名詞
kochab	kochab	固有名詞
kochia	kochia	固有名詞
koda	koda	固有名詞
kodagu	kodagu	固有名詞
kodak	kodak	固有名詞
kodiak	kodiak	固有名詞
kodkod	kodkod	固有名詞
kodogu	kodogu	固有名詞
kodro	kodro	固有名詞
koel	koel	固有名詞
koels	koels	固有名詞
koeri	koeri	固有名詞
koff	koff	固有名詞
koft	koft	固有名詞
kofta	kofta	固有名詞
kogai	kogai	固有名詞
kogia	kogia	固有名詞
kohemp	kohemp	固有名詞
kohen	kohen	固有名詞
kohens	kohens	固有名詞
kohl	kohl	固有名詞
kohlan	kohlan	固有名詞
kohls	kohls	固有名詞
kohua	kohua	固有名詞
koi	koi	固有名詞
koiari	koiari	固有名詞
koibal	koibal	固有名詞
koil	koil	固有名詞
koila	koila	固有名詞
koilon	koilon	固有名詞
koine	koine	固有名詞
koines	koines	固有名詞
koinon	koinon	固有名詞
kojang	kojang	固有名詞
kojiki	kojiki	固有名詞
kojima	kojima	固有名詞
kojiri	kojiri	固有名詞
kokako	kokako	固有名詞
kokam	kokam	固有名詞
kokama	kokama	固有名詞
kokan	kokan	固有名詞
kokia	kokia	固有名詞
kokil	kokil	固有名詞
kokila	kokila	固有名詞
kokio	kokio	固有名詞
koklas	koklas	固有名詞
koko	koko	固有名詞
kokoon	kokoon	固有名詞
kokopu	kokopu	固有名詞
kokos	kokos	固有名詞
kokra	kokra	固有名詞
koku	koku	固有名詞
kokum	kokum	固有名詞
kol	kol	固有名詞
kola	kola	固有名詞
kolach	kolach	固有名詞
kolami	kolami	固有名詞
kolas	kolas	固有名詞
kolea	kolea	固有名詞
kolhoz	kolhoz	固有名詞
koli	koli	固有名詞
kolis	kolis	固有名詞
kolkka	kolkka	固有名詞
kolkoz	kolkoz	固有名詞
koller	koller	固有名詞
kolo	kolo	固有名詞
kolos	kolos	固有名詞
kolsun	kolsun	固有名詞
kolush	kolush	固有名詞
komati	komati	固有名詞
kombu	kombu	固有名詞
kome	kome	固有名詞
komi	komi	固有名詞
kommos	kommos	固有名詞
kompow	kompow	固有名詞
komtok	komtok	固有名詞
kon	kon	固有名詞
kona	kona	固有名詞
konak	konak	固有名詞
konde	konde	固有名詞
kondo	kondo	固有名詞
konfyt	konfyt	固有名詞
kong	kong	固有名詞
kongo	kongo	固有名詞
kongu	kongu	固有名詞
konia	konia	固有名詞
koniga	koniga	固有名詞
konini	konini	固有名詞
konjak	konjak	固有名詞
konrad	konrad	固有名詞
konyak	konyak	固有名詞
koodoo	koodoo	固有名詞
kook	kook	固有名詞
kooka	kooka	固有名詞
kookie	kookie	固有名詞
kookri	kookri	固有名詞
kooks	kooks	固有名詞
kooky	kooky	固有名詞
koolah	koolah	固有名詞
koolau	koolau	固有名詞
koonti	koonti	固有名詞
koorg	koorg	固有名詞
koorka	koorka	固有名詞
koosin	koosin	固有名詞
kop	kop	固有名詞
kopec	kopec	固有名詞
kopeck	kopeck	固有名詞
kopek	kopek	固有名詞
kopeks	kopeks	固有名詞
koph	koph	固有名詞
kophs	kophs	固有名詞
kopi	kopi	固有名詞
kopis	kopis	固有名詞
kopje	kopje	固有名詞
kopjes	kopjes	固有名詞
koppa	koppa	固有名詞
koppas	koppas	固有名詞
koppen	koppen	固有名詞
koppie	koppie	固有名詞
kops	kops	固有名詞
kor	kor	固有名詞
kora	kora	固有名詞
korah	korah	固有名詞
korai	korai	固有名詞
korait	korait	固有名詞
koran	koran	固有名詞
korana	korana	固有名詞
korari	korari	固有名詞
kordax	kordax	固有名詞
kore	kore	固有名詞
korea	korea	固有名詞
korean	korean	固有名詞
korec	korec	固有名詞
koreci	koreci	固有名詞
korero	korero	固有名詞
korhmn	korhmn	固有名詞
kori	kori	固有名詞
korin	korin	固有名詞
korma	korma	固有名詞
koroa	koroa	固有名詞
korona	korona	固有名詞
korova	korova	固有名詞
korrel	korrel	固有名詞
kors	kors	固有名詞
korun	korun	固有名詞
koruna	koruna	固有名詞
koruny	koruny	固有名詞
korwa	korwa	固有名詞
kory	kory	固有名詞
koryak	koryak	固有名詞
korzec	korzec	固有名詞
kos	kos	固有名詞
kosha	kosha	固有名詞
kosher	kosher	固有名詞
kosimo	kosimo	固有名詞
kosin	kosin	固有名詞
koso	koso	固有名詞
kosong	kosong	固有名詞
kosos	kosos	固有名詞
koss	koss	固有名詞
kota	kota	固有名詞
kotal	kotal	固有名詞
kotar	kotar	固有名詞
kotlin	Kotlin	固有名詞
koto	koto	固有名詞
kotoko	kotoko	固有名詞
kotos	kotos	固有名詞
kotow	kotow	固有名詞
kotows	kotows	固有名詞
kotuku	kotuku	固有名詞
kotwal	kotwal	固有名詞
kotyle	kotyle	固有名詞
kou	kou	固有名詞
koulan	koulan	固有名詞
koumis	koumis	固有名詞
koumys	koumys	固有名詞
kouroi	kouroi	固有名詞
kouros	kouros	固有名詞
kousin	kousin	固有名詞
kousso	kousso	固有名詞
kouza	kouza	固有名詞
kovil	kovil	固有名詞
kowhai	kowhai	固有名詞
kowtow	kowtow	固有名詞
koyan	koyan	固有名詞
kozo	kozo	固有名詞
kozuka	kozuka	固有名詞
kpc	kpc	固有名詞
kph	kph	固有名詞
kpuesi	kpuesi	固有名詞
kra	kra	固有名詞
kraal	kraal	固有名詞
kraals	kraals	固有名詞
kraft	kraft	固有名詞
krafts	krafts	固有名詞
krag	krag	固有名詞
krait	krait	固有名詞
kraits	kraits	固有名詞
kraken	kraken	固有名詞
kral	kral	固有名詞
krama	krama	固有名詞
kran	kran	固有名詞
krang	krang	固有名詞
krans	krans	固有名詞
krantz	krantz	固有名詞
kras	kras	固有名詞
krasis	krasis	固有名詞
krater	krater	固有名詞
kraut	kraut	固有名詞
krauts	krauts	固有名詞
krebs	krebs	固有名詞
kreese	kreese	固有名詞
kreil	kreil	固有名詞
kreis	kreis	固有名詞
krelos	krelos	固有名詞
krems	krems	固有名詞
kreng	kreng	固有名詞
krepi	krepi	固有名詞
krepis	krepis	固有名詞
krigia	krigia	固有名詞
krill	krill	固有名詞
krills	krills	固有名詞
krina	krina	固有名詞
kris	kris	固有名詞
krises	krises	固有名詞
kriss	kriss	固有名詞
kristi	kristi	固有名詞
kriton	kriton	固有名詞
krivu	krivu	固有名詞
krna	krna	固有名詞
krome	krome	固有名詞
krona	krona	固有名詞
krone	krone	固有名詞
kronen	kronen	固有名詞
kroner	kroner	固有名詞
kronor	kronor	固有名詞
kronos	kronos	固有名詞
kronur	kronur	固有名詞
kroo	kroo	固有名詞
kroon	kroon	固有名詞
krooni	krooni	固有名詞
kroons	kroons	固有名詞
krosa	krosa	固有名詞
krs	krs	固有名詞
kru	kru	固有名詞
krubi	krubi	固有名詞
krubis	krubis	固有名詞
krubut	krubut	固有名詞
kruman	kruman	固有名詞
ksar	ksar	固有名詞
ksi	ksi	固有名詞
kthibh	kthibh	固有名詞
kua	kua	固有名詞
kuan	kuan	固有名詞
kuar	kuar	固有名詞
kuba	kuba	固有名詞
kubba	kubba	固有名詞
kubera	kubera	固有名詞
kubernetes	Kubernetes	固有名詞
kubong	kubong	固有名詞
kuchen	kuchen	固有名詞
kudize	kudize	固有名詞
kudo	kudo	固有名詞
kudos	kudos	固有名詞
kudrun	kudrun	固有名詞
kudu	kudu	固有名詞
kudus	kudus	固有名詞
kudzu	kudzu	固有名詞
kudzus	kudzus	固有名詞
kue	kue	固有名詞
kueh	kueh	固有名詞
kuei	kuei	固有名詞
kues	kues	固有名詞
kufic	kufic	固有名詞
kuge	kuge	固有名詞
kugel	kugel	固有名詞
kuhnia	kuhnia	固有名詞
kui	kui	固有名詞
kukang	kukang	固有名詞
kukeri	kukeri	固有名詞
kuki	kuki	固有名詞
kukri	kukri	固有名詞
kuku	kuku	固有名詞
kukui	kukui	固有名詞
kukupa	kukupa	固有名詞
kula	kula	固有名詞
kulack	kulack	固有名詞
kulah	kulah	固有名詞
kulak	kulak	固有名詞
kulaki	kulaki	固有名詞
kulaks	kulaks	固有名詞
kulan	kulan	固有名詞
kulang	kulang	固有名詞
kuldip	kuldip	固有名詞
kuli	kuli	固有名詞
kulm	kulm	固有名詞
kulmet	kulmet	固有名詞
kultur	kultur	固有名詞
kuman	kuman	固有名詞
kumara	kumara	固有名詞
kumari	kumari	固有名詞
kumbi	kumbi	固有名詞
kumbuk	kumbuk	固有名詞
kumhar	kumhar	固有名詞
kumis	kumis	固有名詞
kumiss	kumiss	固有名詞
kumkum	kumkum	固有名詞
kummel	kummel	固有名詞
kumni	kumni	固有名詞
kumrah	kumrah	固有名詞
kumyk	kumyk	固有名詞
kumys	kumys	固有名詞
kunai	kunai	固有名詞
kunbi	kunbi	固有名詞
kundry	kundry	固有名詞
kung	kung	固有名詞
kunk	kunk	固有名詞
kunkur	kunkur	固有名詞
kuphar	kuphar	固有名詞
kupper	kupper	固有名詞
kurd	kurd	固有名詞
kurgan	kurgan	固有名詞
kuri	kuri	固有名詞
kurku	kurku	固有名詞
kurmi	kurmi	固有名詞
kurn	kurn	固有名詞
kursch	kursch	固有名詞
kurt	kurt	固有名詞
kurta	kurta	固有名詞
kurtas	kurtas	固有名詞
kuru	kuru	固有名詞
kuruba	kuruba	固有名詞
kurukh	kurukh	固有名詞
kuruma	kuruma	固有名詞
kurung	kurung	固有名詞
kurus	kurus	固有名詞
kurvey	kurvey	固有名詞
kusa	kusa	固有名詞
kusam	kusam	固有名詞
kusan	kusan	固有名詞
kusha	kusha	固有名詞
kuskos	kuskos	固有名詞
kuskus	kuskus	固有名詞
kusso	kusso	固有名詞
kussos	kussos	固有名詞
kusti	kusti	固有名詞
kusum	kusum	固有名詞
kutch	kutch	固有名詞
kutcha	kutcha	固有名詞
kutta	kutta	固有名詞
kuttab	kuttab	固有名詞
kuttar	kuttar	固有名詞
kuvasz	kuvasz	固有名詞
kuvera	kuvera	固有名詞
kuwait	kuwait	固有名詞
kvah	kvah	固有名詞
kvar	kvar	固有名詞
kvas	kvas	固有名詞
kvases	kvases	固有名詞
kvass	kvass	固有名詞
kvetch	kvetch	固有名詞
kvint	kvint	固有名詞
kvutza	kvutza	固有名詞
kwacha	kwacha	固有名詞
kwamme	kwamme	固有名詞
kwan	kwan	固有名詞
kwanza	kwanza	固有名詞
kwapa	kwapa	固有名詞
kwarta	kwarta	固有名詞
kwela	kwela	固有名詞
kwhr	kwhr	固有名詞
kyack	kyack	固有名詞
kyacks	kyacks	固有名詞
kyah	kyah	固有名詞
kyak	kyak	固有名詞
kyang	kyang	固有名詞
kyanol	kyanol	固有名詞
kyar	kyar	固有名詞
kyars	kyars	固有名詞
kyat	kyat	固有名詞
kyats	kyats	固有名詞
kyaung	kyaung	固有名詞
kybele	kybele	固有名詞
kyd	kyd	固有名詞
kye	kye	固有名詞
kyke	kyke	固有名詞
kyl	kyl	固有名詞
kyle	kyle	固有名詞
kylie	kylie	固有名詞
kylies	kylies	固有名詞
kylin	kylin	固有名詞
kylite	kylite	固有名詞
kylix	kylix	固有名詞
kylo	kylo	固有名詞
kyloe	kyloe	固有名詞
kymnel	kymnel	固有名詞
kymric	kymric	固有名詞
kyoto	kyoto	固有名詞
kyrial	kyrial	固有名詞
kyrie	kyrie	固有名詞
kyries	kyries	固有名詞
kyrine	kyrine	固有名詞
kyrios	kyrios	固有名詞
kyte	kyte	固有名詞
kytes	kytes	固有名詞
kythe	kythe	固有名詞
kythed	kythed	固有名詞
kythes	kythes	固有名詞
kytoon	kytoon	固有名詞
kyu	kyu	固有名詞
kyung	kyung	固有名詞
kyurin	kyurin	固有名詞
laager	laager	固有名詞
laang	laang	固有名詞
lab	lab	固有名詞
laban	laban	固有名詞
labara	labara	固有名詞
labba	labba	固有名詞
labber	labber	固有名詞
labby	labby	固有名詞
labefy	labefy	固有名詞
label	label	固有名詞
labels	labels	固有名詞
labia	labia	固有名詞
labial	labial	固有名詞
labile	labile	固有名詞
labis	labis	固有名詞
labite	labite	固有名詞
labium	labium	固有名詞
lablab	lablab	固有名詞
labor	labor	固有名詞
labors	labors	固有名詞
labour	labour	固有名詞
labra	labra	固有名詞
labral	labral	固有名詞
labras	labras	固有名詞
labret	labret	固有名詞
labrid	labrid	固有名詞
labrum	labrum	固有名詞
labrus	labrus	固有名詞
labrys	labrys	固有名詞
labs	labs	固有名詞
lac	lac	固有名詞
lacca	lacca	固有名詞
laccic	laccic	固有名詞
laccin	laccin	固有名詞
laccol	laccol	固有名詞
lace	lace	固有名詞
laced	laced	固有名詞
lacer	lacer	固有名詞
lacers	lacers	固有名詞
lacert	lacert	固有名詞
lacery	lacery	固有名詞
laces	laces	固有名詞
lacet	lacet	固有名詞
lacey	lacey	固有名詞
lache	lache	固有名詞
laches	laches	固有名詞
lachsa	lachsa	固有名詞
lacier	lacier	固有名詞
lacily	lacily	固有名詞
lacing	lacing	固有名詞
lacis	lacis	固有名詞
lack	lack	固有名詞
lacked	lacked	固有名詞
lacker	lacker	固有名詞
lackey	lackey	固有名詞
lacks	lacks	固有名詞
lacmus	lacmus	固有名詞
lacoca	lacoca	固有名詞
lacrym	lacrym	固有名詞
lacs	lacs	固有名詞
lactam	lactam	固有名詞
lactic	lactic	固有名詞
lactid	lactid	固有名詞
lactim	lactim	固有名詞
lacto	lacto	固有名詞
lactol	lactol	固有名詞
lactyl	lactyl	固有名詞
lacuna	lacuna	固有名詞
lacune	lacune	固有名詞
lacy	lacy	固有名詞
lad	lad	固有名詞
ladang	ladang	固有名詞
ladder	ladder	固有名詞
laddie	laddie	固有名詞
lade	lade	固有名詞
laded	laded	固有名詞
laden	laden	固有名詞
ladens	ladens	固有名詞
lader	lader	固有名詞
laders	laders	固有名詞
lades	lades	固有名詞
ladies	ladies	固有名詞
ladify	ladify	固有名詞
ladik	ladik	固有名詞
ladin	ladin	固有名詞
lading	lading	固有名詞
ladino	ladino	固有名詞
ladkin	ladkin	固有名詞
ladle	ladle	固有名詞
ladled	ladled	固有名詞
ladler	ladler	固有名詞
ladles	ladles	固有名詞
ladner	ladner	固有名詞
ladron	ladron	固有名詞
lads	lads	固有名詞
lady	lady	固有名詞
ladyfy	ladyfy	固有名詞
ladyly	ladyly	固有名詞
laelia	laelia	固有名詞
laen	laen	固有名詞
laet	laet	固有名詞
laeti	laeti	固有名詞
laetic	laetic	固有名詞
laevo	laevo	固有名詞
lafite	lafite	固有名詞
laft	laft	固有名詞
lag	lag	固有名詞
lagan	lagan	固有名詞
lagans	lagans	固有名詞
lagen	lagen	固有名詞
lagena	lagena	固有名詞
lagend	lagend	固有名詞
lager	lager	固有名詞
lagers	lagers	固有名詞
laggar	laggar	固有名詞
lagged	lagged	固有名詞
laggen	laggen	固有名詞
lagger	lagger	固有名詞
laggin	laggin	固有名詞
lagly	lagly	固有名詞
lagna	lagna	固有名詞
lagoon	lagoon	固有名詞
lags	lags	固有名詞
laguna	laguna	固有名詞
lagune	lagune	固有名詞
lah	lah	固有名詞
lahar	lahar	固有名詞
lahnda	lahnda	固有名詞
lahore	lahore	固有名詞
lahuli	lahuli	固有名詞
lai	lai	固有名詞
laic	laic	固有名詞
laical	laical	固有名詞
laich	laich	固有名詞
laichs	laichs	固有名詞
laics	laics	固有名詞
laid	laid	固有名詞
laidly	laidly	固有名詞
laigh	laigh	固有名詞
laighs	laighs	固有名詞
laik	laik	固有名詞
lain	lain	固有名詞
laine	laine	固有名詞
lainer	lainer	固有名詞
laiose	laiose	固有名詞
lair	lair	固有名詞
laird	laird	固有名詞
lairds	lairds	固有名詞
laired	laired	固有名詞
lairs	lairs	固有名詞
lairy	lairy	固有名詞
laiser	laiser	固有名詞
laisse	laisse	固有名詞
lait	lait	固有名詞
laith	laith	固有名詞
laithe	laithe	固有名詞
laity	laity	固有名詞
laius	laius	固有名詞
lak	lak	固有名詞
lake	lake	固有名詞
laked	laked	固有名詞
laker	laker	固有名詞
lakers	lakers	固有名詞
lakes	lakes	固有名詞
lakey	lakey	固有名詞
lakh	lakh	固有名詞
lakhs	lakhs	固有名詞
lakie	lakie	固有名詞
lakier	lakier	固有名詞
lakin	lakin	固有名詞
laking	laking	固有名詞
lakish	lakish	固有名詞
lakism	lakism	固有名詞
lakist	lakist	固有名詞
lakke	lakke	固有名詞
lakmus	lakmus	固有名詞
lakota	lakota	固有名詞
laksa	laksa	固有名詞
laky	laky	固有名詞
lalang	lalang	固有名詞
lall	lall	固有名詞
lallan	lallan	固有名詞
lalled	lalled	固有名詞
lalls	lalls	固有名詞
lally	lally	固有名詞
lalo	lalo	固有名詞
lam	lam	固有名詞
lama	lama	固有名詞
lamaic	lamaic	固有名詞
lamano	lamano	固有名詞
lamany	lamany	固有名詞
lamas	lamas	固有名詞
lamb	lamb	固有名詞
lamba	lamba	固有名詞
lambda	lambda	固有名詞
lambed	lambed	固有名詞
lamber	lamber	固有名詞
lambes	lambes	固有名詞
lambie	lambie	固有名詞
lambly	lambly	固有名詞
lamboy	lamboy	固有名詞
lambs	lambs	固有名詞
lamby	lamby	固有名詞
lamda	lamda	固有名詞
lamdan	lamdan	固有名詞
lamden	lamden	固有名詞
lame	lame	固有名詞
lamed	lamed	固有名詞
lamedh	lamedh	固有名詞
lameds	lameds	固有名詞
lamel	lamel	固有名詞
lamely	lamely	固有名詞
lament	lament	固有名詞
lamer	lamer	固有名詞
lames	lames	固有名詞
lamest	lamest	固有名詞
lamia	lamia	固有名詞
lamiae	lamiae	固有名詞
lamias	lamias	固有名詞
lamiid	lamiid	固有名詞
lamin	lamin	固有名詞
lamina	lamina	固有名詞
laming	laming	固有名詞
lamish	lamish	固有名詞
lamium	lamium	固有名詞
lamm	lamm	固有名詞
lammas	lammas	固有名詞
lammed	lammed	固有名詞
lammer	lammer	固有名詞
lammie	lammie	固有名詞
lammy	lammy	固有名詞
lamna	lamna	固有名詞
lamnid	lamnid	固有名詞
lamp	lamp	固有名詞
lampad	lampad	固有名詞
lampas	lampas	固有名詞
lamped	lamped	固有名詞
lamper	lamper	固有名詞
lampf	lampf	固有名詞
lampic	lampic	固有名詞
lamps	lamps	固有名詞
lams	lams	固有名詞
lamus	lamus	固有名詞
lamut	lamut	固有名詞
lan	lan	固有名詞
lana	lana	固有名詞
lanai	lanai	固有名詞
lanais	lanais	固有名詞
lanao	lanao	固有名詞
lanas	lanas	固有名詞
lanate	lanate	固有名詞
lanaz	lanaz	固有名詞
lance	lance	固有名詞
lanced	lanced	固有名詞
lancer	lancer	固有名詞
lances	lances	固有名詞
lancet	lancet	固有名詞
lanch	lanch	固有名詞
lancha	lancha	固有名詞
land	land	固有名詞
landau	landau	固有名詞
lande	lande	固有名詞
landed	landed	固有名詞
lander	lander	固有名詞
lands	lands	固有名詞
lane	lane	固有名詞
lanely	lanely	固有名詞
lanes	lanes	固有名詞
lanete	lanete	固有名詞
laney	laney	固有名詞
lang	lang	固有名詞
langca	langca	固有名詞
langel	langel	固有名詞
langi	langi	固有名詞
langka	langka	固有名詞
langle	langle	固有名詞
lango	lango	固有名詞
langue	langue	固有名詞
langur	langur	固有名詞
lanier	lanier	固有名詞
lanius	lanius	固有名詞
lank	lank	固有名詞
lanker	lanker	固有名詞
lanket	lanket	固有名詞
lankly	lankly	固有名詞
lanky	lanky	固有名詞
lanner	lanner	固有名詞
lanny	lanny	固有名詞
lanose	lanose	固有名詞
lansa	lansa	固有名詞
lansat	lansat	固有名詞
lanseh	lanseh	固有名詞
lanson	lanson	固有名詞
lant	lant	固有名詞
lantum	lantum	固有名詞
lanugo	lanugo	固有名詞
lanum	lanum	固有名詞
lanx	lanx	固有名詞
lanzon	lanzon	固有名詞
lao	lao	固有名詞
laodah	laodah	固有名詞
laos	laos	固有名詞
lap	lap	固有名詞
lapb	lapb	固有名詞
lapdog	lapdog	固有名詞
lapel	lapel	固有名詞
lapels	lapels	固有名詞
lapful	lapful	固有名詞
lapies	lapies	固有名詞
lapin	lapin	固有名詞
lapins	lapins	固有名詞
lapis	lapis	固有名詞
lapith	lapith	固有名詞
lapon	lapon	固有名詞
lapp	lapp	固有名詞
lappa	lappa	固有名詞
lapped	lapped	固有名詞
lapper	lapper	固有名詞
lappet	lappet	固有名詞
lappic	lappic	固有名詞
lapps	lapps	固有名詞
laps	laps	固有名詞
lapse	lapse	固有名詞
lapsed	lapsed	固有名詞
lapser	lapser	固有名詞
lapses	lapses	固有名詞
lapsi	lapsi	固有名詞
lapsus	lapsus	固有名詞
laptop	laptop	固有名詞
laputa	laputa	固有名詞
laquei	laquei	固有名詞
lar	lar	固有名詞
laravel	Laravel	固有名詞
larch	larch	固有名詞
larcin	larcin	固有名詞
lard	lard	固有名詞
larded	larded	固有名詞
larder	larder	固有名詞
lardon	lardon	固有名詞
lardry	lardry	固有名詞
lards	lards	固有名詞
lardy	lardy	固有名詞
lare	lare	固有名詞
lares	lares	固有名詞
large	large	固有名詞
largen	largen	固有名詞
larger	larger	固有名詞
larges	larges	固有名詞
larget	larget	固有名詞
largo	largo	固有名詞
largos	largos	固有名詞
largy	largy	固有名詞
lari	lari	固有名詞
laria	laria	固有名詞
lariat	lariat	固有名詞
larick	larick	固有名詞
larid	larid	固有名詞
larigo	larigo	固有名詞
lariid	lariid	固有名詞
larin	larin	固有名詞
larine	larine	固有名詞
larix	larix	固有名詞
lark	lark	固有名詞
larked	larked	固有名詞
larker	larker	固有名詞
larks	larks	固有名詞
larky	larky	固有名詞
larn	larn	固有名詞
larnax	larnax	固有名詞
larnyx	larnyx	固有名詞
laroid	laroid	固有名詞
laron	laron	固有名詞
larree	larree	固有名詞
larrup	larrup	固有名詞
larry	larry	固有名詞
lars	lars	固有名詞
larum	larum	固有名詞
larums	larums	固有名詞
larus	larus	固有名詞
larva	larva	固有名詞
larvae	larvae	固有名詞
larval	larval	固有名詞
larvas	larvas	固有名詞
larve	larve	固有名詞
larynx	larynx	固有名詞
las	las	固有名詞
lasa	lasa	固有名詞
lascar	lascar	固有名詞
lase	lase	固有名詞
lased	lased	固有名詞
laser	laser	固有名詞
lasers	lasers	固有名詞
lases	lases	固有名詞
lash	lash	固有名詞
lashed	lashed	固有名詞
lasher	lasher	固有名詞
lashes	lashes	固有名詞
lasi	lasi	固有名詞
lasing	lasing	固有名詞
lasius	lasius	固有名詞
lask	lask	固有名詞
lasket	lasket	固有名詞
lasque	lasque	固有名詞
lass	lass	固有名詞
lasses	lasses	固有名詞
lasset	lasset	固有名詞
lassie	lassie	固有名詞
lasso	lasso	固有名詞
lassos	lassos	固有名詞
lassu	lassu	固有名詞
last	last	固有名詞
lasted	lasted	固有名詞
laster	laster	固有名詞
lastex	lastex	固有名詞
lastly	lastly	固有名詞
lastre	lastre	固有名詞
lasts	lasts	固有名詞
lasty	lasty	固有名詞
lat	lat	固有名詞
lata	lata	固有名詞
latah	latah	固有名詞
latax	latax	固有名詞
latch	latch	固有名詞
late	late	固有名詞
lated	lated	固有名詞
lateen	lateen	固有名詞
lately	lately	固有名詞
laten	laten	固有名詞
latens	latens	固有名詞
latent	latent	固有名詞
later	later	固有名詞
latera	latera	固有名詞
latest	latest	固有名詞
latex	latex	固有名詞
lath	lath	固有名詞
latham	latham	固有名詞
lathe	lathe	固有名詞
lathed	lathed	固有名詞
lathee	lathee	固有名詞
lathen	lathen	固有名詞
lather	lather	固有名詞
lathes	lathes	固有名詞
lathi	lathi	固有名詞
lathie	lathie	固有名詞
laths	laths	固有名詞
lathy	lathy	固有名詞
lati	lati	固有名詞
latian	latian	固有名詞
latigo	latigo	固有名詞
latin	latin	固有名詞
latino	latino	固有名詞
latins	latins	固有名詞
lation	lation	固有名詞
latish	latish	固有名詞
latite	latite	固有名詞
lative	lative	固有名詞
latke	latke	固有名詞
latomy	latomy	固有名詞
laton	laton	固有名詞
latona	latona	固有名詞
latoun	latoun	固有名詞
latria	latria	固有名詞
latris	latris	固有名詞
latro	latro	固有名詞
latron	latron	固有名詞
lats	lats	固有名詞
latten	latten	固有名詞
latter	latter	固有名詞
lattin	lattin	固有名詞
latuka	latuka	固有名詞
latus	latus	固有名詞
latvia	latvia	固有名詞
lauan	lauan	固有名詞
lauans	lauans	固有名詞
laud	laud	固有名詞
laude	laude	固有名詞
lauded	lauded	固有名詞
lauder	lauder	固有名詞
laudes	laudes	固有名詞
lauds	lauds	固有名詞
laugh	laugh	固有名詞
laughs	laughs	固有名詞
laughy	laughy	固有名詞
lauia	lauia	固有名詞
laulau	laulau	固有名詞
laun	laun	固有名詞
launce	launce	固有名詞
launch	launch	固有名詞
laund	laund	固有名詞
laur	laur	固有名詞
laura	laura	固有名詞
laurae	laurae	固有名詞
lauras	lauras	固有名詞
laure	laure	固有名詞
laurel	laurel	固有名詞
lauric	lauric	固有名詞
laurie	laurie	固有名詞
laurin	laurin	固有名詞
laurus	laurus	固有名詞
laury	laury	固有名詞
lauryl	lauryl	固有名詞
laus	laus	固有名詞
lauter	lauter	固有名詞
lautu	lautu	固有名詞
lav	lav	固有名詞
lava	lava	固有名詞
lavabo	lavabo	固有名詞
lavage	lavage	固有名詞
lavant	lavant	固有名詞
lavas	lavas	固有名詞
lavash	lavash	固有名詞
lave	lave	固有名詞
laved	laved	固有名詞
laveer	laveer	固有名詞
lavehr	lavehr	固有名詞
laver	laver	固有名詞
lavers	lavers	固有名詞
laves	laves	固有名詞
lavic	lavic	固有名詞
laving	laving	固有名詞
lavish	lavish	固有名詞
lavy	lavy	固有名詞
law	law	固有名詞
lawed	lawed	固有名詞
lawful	lawful	固有名詞
lawine	lawine	固有名詞
lawing	lawing	固有名詞
lawish	lawish	固有名詞
lawk	lawk	固有名詞
lawks	lawks	固有名詞
lawman	lawman	固有名詞
lawmen	lawmen	固有名詞
lawn	lawn	固有名詞
lawned	lawned	固有名詞
lawner	lawner	固有名詞
lawns	lawns	固有名詞
lawny	lawny	固有名詞
lawrie	lawrie	固有名詞
laws	laws	固有名詞
lawson	lawson	固有名詞
lawter	lawter	固有名詞
lawton	lawton	固有名詞
lawyer	lawyer	固有名詞
lawzy	lawzy	固有名詞
lax	lax	固有名詞
laxate	laxate	固有名詞
laxer	laxer	固有名詞
laxest	laxest	固有名詞
laxism	laxism	固有名詞
laxist	laxist	固有名詞
laxity	laxity	固有名詞
laxly	laxly	固有名詞
lay	lay	固有名詞
layboy	layboy	固有名詞
layed	layed	固有名詞
layer	layer	固有名詞
layers	layers	固有名詞
layery	layery	固有名詞
layia	layia	固有名詞
laying	laying	固有名詞
layloc	layloc	固有名詞
layman	layman	固有名詞
laymen	laymen	固有名詞
layne	layne	固有名詞
layner	layner	固有名詞
layoff	layoff	固有名詞
layout	layout	固有名詞
lays	lays	固有名詞
layup	layup	固有名詞
laz	laz	固有名詞
lazar	lazar	固有名詞
lazars	lazars	固有名詞
lazary	lazary	固有名詞
laze	laze	固有名詞
lazed	lazed	固有名詞
lazes	lazes	固有名詞
lazied	lazied	固有名詞
lazier	lazier	固有名詞
lazies	lazies	固有名詞
lazily	lazily	固有名詞
lazing	lazing	固有名詞
lazule	lazule	固有名詞
lazuli	lazuli	固有名詞
lazy	lazy	固有名詞
lbf	lbf	固有名詞
lbinit	lbinit	固有名詞
lbs	lbs	固有名詞
lbw	lbw	固有名詞
lca	lca	固有名詞
lcd	lcd	固有名詞
lcm	lcm	固有名詞
ldg	ldg	固有名詞
ldinfo	ldinfo	固有名詞
lea	lea	固有名詞
leach	leach	固有名詞
leachy	leachy	固有名詞
lead	lead	固有名詞
leaded	leaded	固有名詞
leaden	leaden	固有名詞
leader	leader	固有名詞
leadin	leadin	固有名詞
leads	leads	固有名詞
leady	leady	固有名詞
leaf	leaf	固有名詞
leafed	leafed	固有名詞
leafen	leafen	固有名詞
leafer	leafer	固有名詞
leafit	leafit	固有名詞
leafs	leafs	固有名詞
leafy	leafy	固有名詞
league	league	固有名詞
leah	leah	固有名詞
leak	leak	固有名詞
leaked	leaked	固有名詞
leaker	leaker	固有名詞
leaks	leaks	固有名詞
leaky	leaky	固有名詞
leal	leal	固有名詞
leally	leally	固有名詞
lealty	lealty	固有名詞
leam	leam	固有名詞
leamer	leamer	固有名詞
lean	lean	固有名詞
leaned	leaned	固有名詞
leaner	leaner	固有名詞
leanly	leanly	固有名詞
leans	leans	固有名詞
leant	leant	固有名詞
leany	leany	固有名詞
leap	leap	固有名詞
leaped	leaped	固有名詞
leaper	leaper	固有名詞
leaps	leaps	固有名詞
leapt	leapt	固有名詞
lear	lear	固有名詞
learn	learn	固有名詞
learns	learns	固有名詞
learnt	learnt	固有名詞
lears	lears	固有名詞
leary	leary	固有名詞
leas	leas	固有名詞
lease	lease	固有名詞
leased	leased	固有名詞
leaser	leaser	固有名詞
leases	leases	固有名詞
leash	leash	固有名詞
leasow	leasow	固有名詞
least	least	固有名詞
leasts	leasts	固有名詞
leat	leat	固有名詞
leath	leath	固有名詞
leave	leave	固有名詞
leaved	leaved	固有名詞
leaven	leaven	固有名詞
leaver	leaver	固有名詞
leaves	leaves	固有名詞
leavy	leavy	固有名詞
leban	leban	固有名詞
lebban	lebban	固有名詞
lebbek	lebbek	固有名詞
leben	leben	固有名詞
lebens	lebens	固有名詞
lebes	lebes	固有名詞
lecama	lecama	固有名詞
lech	lech	固有名詞
leche	leche	固有名詞
lechea	lechea	固有名詞
lecher	lecher	固有名詞
leches	leches	固有名詞
lechwe	lechwe	固有名詞
leck	leck	固有名詞
lecker	lecker	固有名詞
lect	lect	固有名詞
lecthi	lecthi	固有名詞
lector	lector	固有名詞
lecyth	lecyth	固有名詞
led	led	固有名詞
leda	leda	固有名詞
lede	lede	固有名詞
leden	leden	固有名詞
ledge	ledge	固有名詞
ledged	ledged	固有名詞
ledger	ledger	固有名詞
ledges	ledges	固有名詞
ledget	ledget	固有名詞
ledgy	ledgy	固有名詞
ledol	ledol	固有名詞
leds	leds	固有名詞
ledum	ledum	固有名詞
lee	lee	固有名詞
leech	leech	固有名詞
leed	leed	固有名詞
leeds	leeds	固有名詞
leef	leef	固有名詞
leeful	leeful	固有名詞
leegte	leegte	固有名詞
leek	leek	固有名詞
leeks	leeks	固有名詞
leeky	leeky	固有名詞
leep	leep	固有名詞
leepit	leepit	固有名詞
leer	leer	固有名詞
leered	leered	固有名詞
leers	leers	固有名詞
leery	leery	固有名詞
lees	lees	固有名詞
leese	leese	固有名詞
leeser	leeser	固有名詞
leet	leet	固有名詞
leetle	leetle	固有名詞
leets	leets	固有名詞
leewan	leewan	固有名詞
leeway	leeway	固有名詞
lefsel	lefsel	固有名詞
lefsen	lefsen	固有名詞
left	left	固有名詞
lefter	lefter	固有名詞
lefts	lefts	固有名詞
lefty	lefty	固有名詞
leg	leg	固有名詞
legacy	legacy	固有名詞
legal	legal	固有名詞
legals	legals	固有名詞
legate	legate	固有名詞
legati	legati	固有名詞
legato	legato	固有名詞
legbar	legbar	固有名詞
lege	lege	固有名詞
legend	legend	固有名詞
leger	leger	固有名詞
legers	legers	固有名詞
leges	leges	固有名詞
legge	legge	固有名詞
legged	legged	固有名詞
legger	legger	固有名詞
leggin	leggin	固有名詞
leggy	leggy	固有名詞
legion	legion	固有名詞
legis	legis	固有名詞
legist	legist	固有名詞
legit	legit	固有名詞
legits	legits	固有名詞
leglen	leglen	固有名詞
leglet	leglet	固有名詞
legman	legman	固有名詞
legmen	legmen	固有名詞
legoa	legoa	固有名詞
legong	legong	固有名詞
legs	legs	固有名詞
legua	legua	固有名詞
leguan	leguan	固有名詞
legume	legume	固有名詞
lehay	lehay	固有名詞
lehi	lehi	固有名詞
lehmer	lehmer	固有名詞
lehr	lehr	固有名詞
lehrs	lehrs	固有名詞
lehua	lehua	固有名詞
lehuas	lehuas	固有名詞
lei	lei	固有名詞
leif	leif	固有名詞
leiger	leiger	固有名詞
leigh	leigh	固有名詞
leila	leila	固有名詞
leipoa	leipoa	固有名詞
leis	leis	固有名詞
leiss	leiss	固有名詞
leith	leith	固有名詞
lek	lek	固有名詞
lekach	lekach	固有名詞
lekane	lekane	固有名詞
lekha	lekha	固有名詞
lekker	lekker	固有名詞
leks	leks	固有名詞
lelia	lelia	固有名詞
lelwel	lelwel	固有名詞
leman	leman	固有名詞
lemans	lemans	固有名詞
leme	leme	固有名詞
lemel	lemel	固有名詞
lemma	lemma	固有名詞
lemmas	lemmas	固有名詞
lemmon	lemmon	固有名詞
lemmus	lemmus	固有名詞
lemna	lemna	固有名詞
lemnad	lemnad	固有名詞
lemon	lemon	固有名詞
lemons	lemons	固有名詞
lemony	lemony	固有名詞
lemosi	lemosi	固有名詞
lemuel	lemuel	固有名詞
lemur	lemur	固有名詞
lemurs	lemurs	固有名詞
len	len	固有名詞
lena	lena	固有名詞
lenad	lenad	固有名詞
lenaea	lenaea	固有名詞
lenape	lenape	固有名詞
lenard	lenard	固有名詞
lenca	lenca	固有名詞
lencan	lencan	固有名詞
lench	lench	固有名詞
lend	lend	固有名詞
lended	lended	固有名詞
lendee	lendee	固有名詞
lender	lender	固有名詞
lends	lends	固有名詞
lendu	lendu	固有名詞
lene	lene	固有名詞
lenes	lenes	固有名詞
leng	leng	固有名詞
lenger	lenger	固有名詞
length	length	固有名詞
lenify	lenify	固有名詞
lenin	lenin	固有名詞
lenis	lenis	固有名詞
lenity	lenity	固有名詞
lennow	lennow	固有名詞
lenny	lenny	固有名詞
leno	leno	固有名詞
lenora	lenora	固有名詞
lenos	lenos	固有名詞
lens	lens	固有名詞
lense	lense	固有名詞
lensed	lensed	固有名詞
lenses	lenses	固有名詞
lent	lent	固有名詞
lenten	lenten	固有名詞
lenth	lenth	固有名詞
lentic	lentic	固有名詞
lentil	lentil	固有名詞
lento	lento	固有名詞
lentor	lentor	固有名詞
lentos	lentos	固有名詞
lenvoi	lenvoi	固有名詞
lenvoy	lenvoy	固有名詞
leo	leo	固有名詞
leon	leon	固有名詞
leone	leone	固有名詞
leones	leones	固有名詞
leonid	leonid	固有名詞
leonis	leonis	固有名詞
leora	leora	固有名詞
leos	leos	固有名詞
lep	lep	固有名詞
lepa	lepa	固有名詞
lepage	lepage	固有名詞
lepal	lepal	固有名詞
lepas	lepas	固有名詞
lepcha	lepcha	固有名詞
leper	leper	固有名詞
lepero	lepero	固有名詞
lepers	lepers	固有名詞
lepid	lepid	固有名詞
leppy	leppy	固有名詞
lepra	lepra	固有名詞
lepre	lepre	固有名詞
lepric	lepric	固有名詞
leprid	leprid	固有名詞
lepry	lepry	固有名詞
lepta	lepta	固有名詞
leptid	leptid	固有名詞
lepton	lepton	固有名詞
leptus	leptus	固有名詞
lepus	lepus	固有名詞
ler	ler	固有名詞
lere	lere	固有名詞
lerot	lerot	固有名詞
lerp	lerp	固有名詞
lerret	lerret	固有名詞
lerwa	lerwa	固有名詞
les	les	固有名詞
lesath	lesath	固有名詞
lesbia	lesbia	固有名詞
lesche	lesche	固有名詞
lese	lese	固有名詞
lesed	lesed	固有名詞
lesgh	lesgh	固有名詞
lesion	lesion	固有名詞
lesiy	lesiy	固有名詞
leskea	leskea	固有名詞
leslie	leslie	固有名詞
less	less	固有名詞
lessee	lessee	固有名詞
lessen	lessen	固有名詞
lesser	lesser	固有名詞
lesses	lesses	固有名詞
lessn	lessn	固有名詞
lesson	lesson	固有名詞
lessor	lessor	固有名詞
lest	lest	固有名詞
leste	leste	固有名詞
lester	lester	固有名詞
lesya	lesya	固有名詞
let	let	固有名詞
letch	letch	固有名詞
letchy	letchy	固有名詞
lete	lete	固有名詞
lethal	lethal	固有名詞
lethe	lethe	固有名詞
lethes	lethes	固有名詞
lethy	lethy	固有名詞
leto	leto	固有名詞
letoff	letoff	固有名詞
lets	lets	固有名詞
lett	lett	固有名詞
letted	letted	固有名詞
letten	letten	固有名詞
letter	letter	固有名詞
lettic	lettic	固有名詞
letty	letty	固有名詞
letup	letup	固有名詞
letups	letups	固有名詞
leu	leu	固有名詞
leuch	leuch	固有名詞
leucic	leucic	固有名詞
leucin	leucin	固有名詞
leuco	leuco	固有名詞
leucon	leucon	固有名詞
leucyl	leucyl	固有名詞
leud	leud	固有名詞
leudes	leudes	固有名詞
leuds	leuds	固有名詞
leuk	leuk	固有名詞
leukon	leukon	固有名詞
leuma	leuma	固有名詞
leung	leung	固有名詞
lev	lev	固有名詞
leva	leva	固有名詞
levade	levade	固有名詞
levana	levana	固有名詞
levant	levant	固有名詞
leve	leve	固有名詞
levee	levee	固有名詞
leveed	leveed	固有名詞
levees	levees	固有名詞
level	level	固有名詞
levels	levels	固有名詞
leven	leven	固有名詞
lever	lever	固有名詞
levers	levers	固有名詞
levet	levet	固有名詞
levi	levi	固有名詞
levied	levied	固有名詞
levier	levier	固有名詞
levies	levies	固有名詞
levin	levin	固有名詞
levins	levins	固有名詞
levir	levir	固有名詞
levis	levis	固有名詞
levite	levite	固有名詞
levity	levity	固有名詞
levo	levo	固有名詞
levy	levy	固有名詞
levyne	levyne	固有名詞
lew	lew	固有名詞
lewd	lewd	固有名詞
lewder	lewder	固有名詞
lewdly	lewdly	固有名詞
lewie	lewie	固有名詞
lewing	lewing	固有名詞
lewis	lewis	固有名詞
lewist	lewist	固有名詞
lewth	lewth	固有名詞
lewty	lewty	固有名詞
lex	lex	固有名詞
lexeme	lexeme	固有名詞
lexia	lexia	固有名詞
lexic	lexic	固有名詞
lexica	lexica	固有名詞
lexis	lexis	固有名詞
ley	ley	固有名詞
leyden	leyden	固有名詞
leys	leys	固有名詞
lgth	lgth	固有名詞
lhb	lhb	固有名詞
lhd	lhd	固有名詞
lhota	lhota	固有名詞
liable	liable	固有名詞
liaise	liaise	固有名詞
liamba	liamba	固有名詞
liana	liana	固有名詞
lianas	lianas	固有名詞
liane	liane	固有名詞
lianes	lianes	固有名詞
liang	liang	固有名詞
liangs	liangs	固有名詞
liar	liar	固有名詞
liard	liard	固有名詞
liards	liards	固有名詞
liars	liars	固有名詞
lias	lias	固有名詞
liason	liason	固有名詞
lib	lib	固有名詞
libant	libant	固有名詞
libard	libard	固有名詞
libate	libate	固有名詞
libbed	libbed	固有名詞
libber	libber	固有名詞
libbet	libbet	固有名詞
libbra	libbra	固有名詞
libby	libby	固有名詞
libel	libel	固有名詞
libels	libels	固有名詞
liber	liber	固有名詞
libera	libera	固有名詞
libers	libers	固有名詞
libget	libget	固有名詞
libido	libido	固有名詞
libken	libken	固有名詞
libkin	libkin	固有名詞
libr	libr	固有名詞
libra	libra	固有名詞
librae	librae	固有名詞
libral	libral	固有名詞
libras	libras	固有名詞
libre	libre	固有名詞
libri	libri	固有名詞
librid	librid	固有名詞
libris	libris	固有名詞
libs	libs	固有名詞
libya	libya	固有名詞
libyan	libyan	固有名詞
licca	licca	固有名詞
lice	lice	固有名詞
licet	licet	固有名詞
lich	lich	固有名詞
licham	licham	固有名詞
lichee	lichee	固有名詞
lichen	lichen	固有名詞
lichi	lichi	固有名詞
lichis	lichis	固有名詞
licht	licht	固有名詞
lichts	lichts	固有名詞
licit	licit	固有名詞
lick	lick	固有名詞
licked	licked	固有名詞
licker	licker	固有名詞
licks	licks	固有名詞
licorn	licorn	固有名詞
licour	licour	固有名詞
lictor	lictor	固有名詞
licuri	licuri	固有名詞
licury	licury	固有名詞
lid	lid	固有名詞
lida	lida	固有名詞
lidar	lidar	固有名詞
lidars	lidars	固有名詞
lidded	lidded	固有名詞
lidder	lidder	固有名詞
lide	lide	固有名詞
lidia	lidia	固有名詞
lidias	lidias	固有名詞
lido	lido	固有名詞
lidos	lidos	固有名詞
lids	lids	固有名詞
lie	lie	固有名詞
liebig	liebig	固有名詞
lied	lied	固有名詞
lieder	lieder	固有名詞
lief	lief	固有名詞
liefer	liefer	固有名詞
liefly	liefly	固有名詞
liege	liege	固有名詞
lieger	lieger	固有名詞
lieges	lieges	固有名詞
lien	lien	固有名詞
lienal	lienal	固有名詞
lienee	lienee	固有名詞
lienic	lienic	固有名詞
lienor	lienor	固有名詞
liens	liens	固有名詞
liepot	liepot	固有名詞
lier	lier	固有名詞
lierne	lierne	固有名詞
lierre	lierre	固有名詞
liers	liers	固有名詞
lies	lies	固有名詞
liesh	liesh	固有名詞
liest	liest	固有名詞
lieu	lieu	固有名詞
lieue	lieue	固有名詞
lieus	lieus	固有名詞
lieut	lieut	固有名詞
lieve	lieve	固有名詞
liever	liever	固有名詞
lif	lif	固有名詞
life	life	固有名詞
lifen	lifen	固有名詞
lifer	lifer	固有名詞
lifers	lifers	固有名詞
lifey	lifey	固有名詞
liflod	liflod	固有名詞
lifo	lifo	固有名詞
lift	lift	固有名詞
lifted	lifted	固有名詞
lifter	lifter	固有名詞
lifts	lifts	固有名詞
lig	lig	固有名詞
ligan	ligan	固有名詞
ligand	ligand	固有名詞
ligans	ligans	固有名詞
ligas	ligas	固有名詞
ligase	ligase	固有名詞
ligate	ligate	固有名詞
lige	lige	固有名詞
liger	liger	固有名詞
liggat	liggat	固有名詞
ligge	ligge	固有名詞
ligger	ligger	固有名詞
light	light	固有名詞
lights	lights	固有名詞
lighty	lighty	固有名詞
ligne	ligne	固有名詞
lignes	lignes	固有名詞
lignin	lignin	固有名詞
lignum	lignum	固有名詞
ligula	ligula	固有名詞
ligule	ligule	固有名詞
ligure	ligure	固有名詞
ligyda	ligyda	固有名詞
liin	liin	固有名詞
lija	lija	固有名詞
like	like	固有名詞
liked	liked	固有名詞
likely	likely	固有名詞
liken	liken	固有名詞
likens	likens	固有名詞
liker	liker	固有名詞
likers	likers	固有名詞
likes	likes	固有名詞
likest	likest	固有名詞
likin	likin	固有名詞
liking	liking	固有名詞
likker	likker	固有名詞
liknon	liknon	固有名詞
likuta	likuta	固有名詞
lila	lila	固有名詞
lilac	lilac	固有名詞
lilacs	lilacs	固有名詞
lilas	lilas	固有名詞
lile	lile	固有名詞
liles	liles	固有名詞
lilial	lilial	固有名詞
lilian	lilian	固有名詞
lilied	lilied	固有名詞
lilies	lilies	固有名詞
lilith	lilith	固有名詞
lilium	lilium	固有名詞
lill	lill	固有名詞
lilly	lilly	固有名詞
lilt	lilt	固有名詞
lilted	lilted	固有名詞
lilts	lilts	固有名詞
lily	lily	固有名詞
lilyfy	lilyfy	固有名詞
lim	lim	固有名詞
lima	lima	固有名詞
limace	limace	固有名詞
limail	limail	固有名詞
liman	liman	固有名詞
limans	limans	固有名詞
limas	limas	固有名詞
limax	limax	固有名詞
limb	limb	固有名詞
limba	limba	固有名詞
limbal	limbal	固有名詞
limbas	limbas	固有名詞
limbat	limbat	固有名詞
limbec	limbec	固有名詞
limbed	limbed	固有名詞
limber	limber	固有名詞
limbi	limbi	固有名詞
limbic	limbic	固有名詞
limbie	limbie	固有名詞
limbo	limbo	固有名詞
limbos	limbos	固有名詞
limbs	limbs	固有名詞
limbu	limbu	固有名詞
limbus	limbus	固有名詞
limby	limby	固有名詞
lime	lime	固有名詞
limean	limean	固有名詞
limed	limed	固有名詞
limen	limen	固有名詞
limens	limens	固有名詞
limer	limer	固有名詞
limes	limes	固有名詞
limey	limey	固有名詞
limeys	limeys	固有名詞
limier	limier	固有名詞
limina	limina	固有名詞
limine	limine	固有名詞
liming	liming	固有名詞
limit	limit	固有名詞
limits	limits	固有名詞
limity	limity	固有名詞
limli	limli	固有名詞
limma	limma	固有名詞
limmer	limmer	固有名詞
limmu	limmu	固有名詞
limn	limn	固有名詞
limnal	limnal	固有名詞
limned	limned	固有名詞
limner	limner	固有名詞
limnic	limnic	固有名詞
limns	limns	固有名詞
limo	limo	固有名詞
limoid	limoid	固有名詞
limos	limos	固有名詞
limosa	limosa	固有名詞
limose	limose	固有名詞
limosi	limosi	固有名詞
limous	limous	固有名詞
limp	limp	固有名詞
limped	limped	固有名詞
limper	limper	固有名詞
limpet	limpet	固有名詞
limpid	limpid	固有名詞
limpin	limpin	固有名詞
limply	limply	固有名詞
limps	limps	固有名詞
limpsy	limpsy	固有名詞
limpy	limpy	固有名詞
limsy	limsy	固有名詞
limu	limu	固有名詞
limuli	limuli	固有名詞
limy	limy	固有名詞
lin	lin	固有名詞
lina	lina	固有名詞
linac	linac	固有名詞
linacs	linacs	固有名詞
linaga	linaga	固有名詞
linage	linage	固有名詞
linch	linch	固有名詞
lind	lind	固有名詞
linda	linda	固有名詞
linden	linden	固有名詞
linder	linder	固有名詞
lindo	lindo	固有名詞
lindy	lindy	固有名詞
line	line	固有名詞
linea	linea	固有名詞
lineal	lineal	固有名詞
linear	linear	固有名詞
lineas	lineas	固有名詞
lined	lined	固有名詞
linen	linen	固有名詞
linene	linene	固有名詞
linens	linens	固有名詞
lineny	lineny	固有名詞
liner	liner	固有名詞
liners	liners	固有名詞
lines	lines	固有名詞
linet	linet	固有名詞
lineup	lineup	固有名詞
liney	liney	固有名詞
ling	ling	固有名詞
linga	linga	固有名詞
lingam	lingam	固有名詞
lingas	lingas	固有名詞
linge	linge	固有名詞
lingel	lingel	固有名詞
linger	linger	固有名詞
linget	linget	固有名詞
lingle	lingle	固有名詞
lingo	lingo	固有名詞
lingoe	lingoe	固有名詞
lingot	lingot	固有名詞
lings	lings	固有名詞
lingua	lingua	固有名詞
lingy	lingy	固有名詞
linha	linha	固有名詞
linhay	linhay	固有名詞
linie	linie	固有名詞
linier	linier	固有名詞
linin	linin	固有名詞
lining	lining	固有名詞
linins	linins	固有名詞
liniya	liniya	固有名詞
linja	linja	固有名詞
linje	linje	固有名詞
link	link	固有名詞
linked	linked	固有名詞
linker	linker	固有名詞
links	links	固有名詞
linkup	linkup	固有名詞
linky	linky	固有名詞
linley	linley	固有名詞
linn	linn	固有名詞
linne	linne	固有名詞
linnet	linnet	固有名詞
linns	linns	固有名詞
lino	lino	固有名詞
linon	linon	固有名詞
linos	linos	固有名詞
linous	linous	固有名詞
linpin	linpin	固有名詞
lins	lins	固有名詞
linsey	linsey	固有名詞
lint	lint	固有名詞
lintel	lintel	固有名詞
linten	linten	固有名詞
linter	linter	固有名詞
lintie	lintie	固有名詞
lintol	lintol	固有名詞
lints	lints	固有名詞
linty	linty	固有名詞
linum	linum	固有名詞
linums	linums	固有名詞
linus	linus	固有名詞
linux	Linux	固有名詞
liny	liny	固有名詞
lion	lion	固有名詞
lionel	lionel	固有名詞
lionet	lionet	固有名詞
lionly	lionly	固有名詞
lionne	lionne	固有名詞
lions	lions	固有名詞
lip	lip	固有名詞
lipa	lipa	固有名詞
lipan	lipan	固有名詞
lipase	lipase	固有名詞
lipic	lipic	固有名詞
lipid	lipid	固有名詞
lipide	lipide	固有名詞
lipids	lipids	固有名詞
lipin	lipin	固有名詞
lipins	lipins	固有名詞
liplet	liplet	固有名詞
lipoid	lipoid	固有名詞
lipoma	lipoma	固有名詞
lipped	lipped	固有名詞
lippen	lippen	固有名詞
lipper	lipper	固有名詞
lippia	lippia	固有名詞
lippie	lippie	固有名詞
lippy	lippy	固有名詞
lips	lips	固有名詞
lipse	lipse	固有名詞
liq	liq	固有名詞
liquer	liquer	固有名詞
liquet	liquet	固有名詞
liquid	liquid	固有名詞
liquor	liquor	固有名詞
lir	lir	固有名詞
lira	lira	固有名詞
liras	liras	固有名詞
lirate	lirate	固有名詞
lire	lire	固有名詞
lirot	lirot	固有名詞
liroth	liroth	固有名詞
lis	lis	固有名詞
lisa	lisa	固有名詞
lisbon	lisbon	固有名詞
lise	lise	固有名詞
lisere	lisere	固有名詞
lish	lish	固有名詞
lisk	lisk	固有名詞
lisle	lisle	固有名詞
lisles	lisles	固有名詞
lisp	lisp	固有名詞
lisped	lisped	固有名詞
lisper	lisper	固有名詞
lisps	lisps	固有名詞
liss	liss	固有名詞
lisses	lisses	固有名詞
lissom	lissom	固有名詞
list	list	固有名詞
listed	listed	固有名詞
listel	listel	固有名詞
listen	listen	固有名詞
lister	lister	固有名詞
lists	lists	固有名詞
listy	listy	固有名詞
liszt	liszt	固有名詞
lit	lit	固有名詞
litai	litai	固有名詞
litany	litany	固有名詞
litas	litas	固有名詞
litatu	litatu	固有名詞
litch	litch	固有名詞
litchi	litchi	固有名詞
lite	lite	固有名詞
liter	liter	固有名詞
liters	liters	固有名詞
lites	lites	固有名詞
lith	lith	固有名詞
lithe	lithe	固有名詞
lither	lither	固有名詞
lithi	lithi	固有名詞
lithia	lithia	固有名詞
lithic	lithic	固有名詞
litho	litho	固有名詞
lithog	lithog	固有名詞
lithol	lithol	固有名詞
lithos	lithos	固有名詞
lithy	lithy	固有名詞
liti	liti	固有名詞
litmus	litmus	固有名詞
litra	litra	固有名詞
litre	litre	固有名詞
litres	litres	固有名詞
lits	lits	固有名詞
litsea	litsea	固有名詞
litten	litten	固有名詞
litter	litter	固有名詞
little	little	固有名詞
litu	litu	固有名詞
litui	litui	固有名詞
litus	litus	固有名詞
lituus	lituus	固有名詞
litvak	litvak	固有名詞
litz	litz	固有名詞
liukiu	liukiu	固有名詞
liv	liv	固有名詞
live	live	固有名詞
lived	lived	固有名詞
livedo	livedo	固有名詞
lively	lively	固有名詞
liven	liven	固有名詞
livens	livens	固有名詞
liver	liver	固有名詞
livers	livers	固有名詞
livery	livery	固有名詞
lives	lives	固有名詞
livest	livest	固有名詞
liveth	liveth	固有名詞
livian	livian	固有名詞
livid	livid	固有名詞
livier	livier	固有名詞
living	living	固有名詞
livish	livish	固有名詞
livor	livor	固有名詞
livre	livre	固有名詞
livres	livres	固有名詞
livyer	livyer	固有名詞
liwan	liwan	固有名詞
lixive	lixive	固有名詞
liyuan	liyuan	固有名詞
liz	liz	固有名詞
liza	liza	固有名詞
lizard	lizard	固有名詞
lizary	lizary	固有名詞
lizzie	lizzie	固有名詞
llama	llama	固有名詞
llamas	llamas	固有名詞
llano	llano	固有名詞
llanos	llanos	固有名詞
llautu	llautu	固有名詞
llb	llb	固有名詞
ller	ller	固有名詞
lleu	lleu	固有名詞
llew	llew	固有名詞
llm	LLM	固有名詞
lloyd	lloyd	固有名詞
lludd	lludd	固有名詞
llyn	llyn	固有名詞
lndg	lndg	固有名詞
lnr	lnr	固有名詞
loa	loa	固有名詞
loach	loach	固有名詞
load	load	固有名詞
loaded	loaded	固有名詞
loaden	loaden	固有名詞
loader	loader	固有名詞
loads	loads	固有名詞
loadum	loadum	固有名詞
loaf	loaf	固有名詞
loafed	loafed	固有名詞
loafer	loafer	固有名詞
loafs	loafs	固有名詞
loam	loam	固有名詞
loamed	loamed	固有名詞
loammi	loammi	固有名詞
loams	loams	固有名詞
loamy	loamy	固有名詞
loan	loan	固有名詞
loaned	loaned	固有名詞
loaner	loaner	固有名詞
loange	loange	固有名詞
loanin	loanin	固有名詞
loans	loans	固有名詞
loasa	loasa	固有名詞
loath	loath	固有名詞
loathe	loathe	固有名詞
loathy	loathy	固有名詞
loave	loave	固有名詞
loaves	loaves	固有名詞
lob	lob	固有名詞
lobal	lobal	固有名詞
lobale	lobale	固有名詞
lobar	lobar	固有名詞
lobata	lobata	固有名詞
lobate	lobate	固有名詞
lobbed	lobbed	固有名詞
lobber	lobber	固有名詞
lobby	lobby	固有名詞
lobe	lobe	固有名詞
lobed	lobed	固有名詞
lobes	lobes	固有名詞
lobfig	lobfig	固有名詞
lobi	lobi	固有名詞
lobing	lobing	固有名詞
lobo	lobo	固有名詞
lobola	lobola	固有名詞
lobolo	lobolo	固有名詞
lobos	lobos	固有名詞
lobosa	lobosa	固有名詞
lobose	lobose	固有名詞
lobs	lobs	固有名詞
lobule	lobule	固有名詞
lobuli	lobuli	固有名詞
lobus	lobus	固有名詞
loc	loc	固有名詞
loca	loca	固有名詞
local	local	固有名詞
locale	locale	固有名詞
locals	locals	固有名詞
locate	locate	固有名詞
loch	loch	固有名詞
lochan	lochan	固有名詞
loche	loche	固有名詞
lochi	lochi	固有名詞
lochia	lochia	固有名詞
lochs	lochs	固有名詞
lochus	lochus	固有名詞
lochy	lochy	固有名詞
loci	loci	固有名詞
lock	lock	固有名詞
locked	locked	固有名詞
locker	locker	固有名詞
locket	locket	固有名詞
locks	locks	固有名詞
lockup	lockup	固有名詞
locky	locky	固有名詞
locn	locn	固有名詞
loco	loco	固有名詞
locoed	locoed	固有名詞
locoes	locoes	固有名詞
locos	locos	固有名詞
locule	locule	固有名詞
loculi	loculi	固有名詞
locum	locum	固有名詞
locums	locums	固有名詞
locus	locus	固有名詞
locust	locust	固有名詞
lod	lod	固有名詞
lode	lode	固有名詞
loden	loden	固有名詞
lodens	lodens	固有名詞
lodes	lodes	固有名詞
lodge	lodge	固有名詞
lodged	lodged	固有名詞
lodger	lodger	固有名詞
lodges	lodges	固有名詞
lodha	lodha	固有名詞
lodur	lodur	固有名詞
loe	loe	固有名詞
loed	loed	固有名詞
loeil	loeil	固有名詞
loeing	loeing	固有名詞
loess	loess	固有名詞
lof	lof	固有名詞
loft	loft	固有名詞
lofted	lofted	固有名詞
lofter	lofter	固有名詞
lofts	lofts	固有名詞
lofty	lofty	固有名詞
log	log	固有名詞
logan	logan	固有名詞
logans	logans	固有名詞
loge	loge	固有名詞
logeia	logeia	固有名詞
loges	loges	固有名詞
logeum	logeum	固有名詞
loggat	loggat	固有名詞
logged	logged	固有名詞
logger	logger	固有名詞
logget	logget	固有名詞
loggia	loggia	固有名詞
loggie	loggie	固有名詞
loggin	loggin	固有名詞
loggy	loggy	固有名詞
logia	logia	固有名詞
logic	logic	固有名詞
logics	logics	固有名詞
logie	logie	固有名詞
logier	logier	固有名詞
logily	logily	固有名詞
login	login	固有名詞
logins	logins	固有名詞
logion	logion	固有名詞
logis	logis	固有名詞
logium	logium	固有名詞
logjam	logjam	固有名詞
loglet	loglet	固有名詞
loglog	loglog	固有名詞
logman	logman	固有名詞
logo	logo	固有名詞
logoes	logoes	固有名詞
logoff	logoff	固有名詞
logoi	logoi	固有名詞
logos	logos	固有名詞
logout	logout	固有名詞
logres	logres	固有名詞
logria	logria	固有名詞
logris	logris	固有名詞
logs	logs	固有名詞
logway	logway	固有名詞
logy	logy	固有名詞
lohan	lohan	固有名詞
lohana	lohana	固有名詞
lohar	lohar	固有名詞
lohoch	lohoch	固有名詞
lohock	lohock	固有名詞
loimic	loimic	固有名詞
loin	loin	固有名詞
loined	loined	固有名詞
loins	loins	固有名詞
loir	loir	固有名詞
lois	lois	固有名詞
loiter	loiter	固有名詞
loka	loka	固有名詞
lokao	lokao	固有名詞
loke	loke	固有名詞
loket	loket	固有名詞
loki	loki	固有名詞
lokiec	lokiec	固有名詞
lokman	lokman	固有名詞
lola	lola	固有名詞
loli	loli	固有名詞
loligo	loligo	固有名詞
lolium	lolium	固有名詞
loll	loll	固有名詞
lolled	lolled	固有名詞
loller	loller	固有名詞
lollop	lollop	固有名詞
lolls	lolls	固有名詞
lollup	lollup	固有名詞
lolly	lolly	固有名詞
lolo	lolo	固有名詞
loma	loma	固有名詞
lomata	lomata	固有名詞
lomboy	lomboy	固有名詞
loment	loment	固有名詞
lomita	lomita	固有名詞
lomta	lomta	固有名詞
lond	lond	固有名詞
london	london	固有名詞
lone	lone	固有名詞
lonely	lonely	固有名詞
loner	loner	固有名詞
loners	loners	固有名詞
long	long	固有名詞
longa	longa	固有名詞
longan	longan	固有名詞
longe	longe	固有名詞
longed	longed	固有名詞
longee	longee	固有名詞
longer	longer	固有名詞
longes	longes	固有名詞
longly	longly	固有名詞
longs	longs	固有名詞
longue	longue	固有名詞
longus	longus	固有名詞
longyi	longyi	固有名詞
lonhyn	lonhyn	固有名詞
lonk	lonk	固有名詞
lontar	lontar	固有名詞
loo	loo	固有名詞
loob	loob	固有名詞
looby	looby	固有名詞
looch	looch	固有名詞
lood	lood	固有名詞
looed	looed	固有名詞
looey	looey	固有名詞
looeys	looeys	固有名詞
loof	loof	固有名詞
loofa	loofa	固有名詞
loofah	loofah	固有名詞
loofas	loofas	固有名詞
loofie	loofie	固有名詞
loofs	loofs	固有名詞
looie	looie	固有名詞
looies	looies	固有名詞
looing	looing	固有名詞
look	look	固有名詞
looked	looked	固有名詞
lookee	lookee	固有名詞
looker	looker	固有名詞
looks	looks	固有名詞
lookum	lookum	固有名詞
lookup	lookup	固有名詞
looky	looky	固有名詞
loom	loom	固有名詞
loomed	loomed	固有名詞
loomer	loomer	固有名詞
looms	looms	固有名詞
loon	loon	固有名詞
looney	looney	固有名詞
loons	loons	固有名詞
loony	loony	固有名詞
loop	loop	固有名詞
loope	loope	固有名詞
looped	looped	固有名詞
looper	looper	固有名詞
loops	loops	固有名詞
loopy	loopy	固有名詞
loord	loord	固有名詞
loory	loory	固有名詞
loos	loos	固有名詞
loose	loose	固有名詞
loosed	loosed	固有名詞
loosen	loosen	固有名詞
looser	looser	固有名詞
looses	looses	固有名詞
loot	loot	固有名詞
looted	looted	固有名詞
looten	looten	固有名詞
looter	looter	固有名詞
lootie	lootie	固有名詞
loots	loots	固有名詞
loover	loover	固有名詞
lop	lop	固有名詞
lope	lope	固有名詞
loped	loped	固有名詞
loper	loper	固有名詞
lopers	lopers	固有名詞
lopes	lopes	固有名詞
lophin	lophin	固有名詞
loping	loping	固有名詞
lopped	lopped	固有名詞
lopper	lopper	固有名詞
loppet	loppet	固有名詞
loppy	loppy	固有名詞
lops	lops	固有名詞
loq	loq	固有名詞
loquat	loquat	固有名詞
lor	lor	固有名詞
lora	lora	固有名詞
loral	loral	固有名詞
loran	loran	固有名詞
lorans	lorans	固有名詞
lorate	lorate	固有名詞
lorcha	lorcha	固有名詞
lord	lord	固有名詞
lordan	lordan	固有名詞
lorded	lorded	固有名詞
lordly	lordly	固有名詞
lords	lords	固有名詞
lordy	lordy	固有名詞
lore	lore	固有名詞
loreal	loreal	固有名詞
lored	lored	固有名詞
lorel	lorel	固有名詞
loren	loren	固有名詞
lores	lores	固有名詞
lori	lori	固有名詞
loric	loric	固有名詞
lorica	lorica	固有名詞
lorien	lorien	固有名詞
lories	lories	固有名詞
loring	loring	固有名詞
loriot	loriot	固有名詞
loris	loris	固有名詞
lorius	lorius	固有名詞
lorn	lorn	固有名詞
loro	loro	固有名詞
loros	loros	固有名詞
lorry	lorry	固有名詞
lors	lors	固有名詞
lorum	lorum	固有名詞
lory	lory	固有名詞
losang	losang	固有名詞
lose	lose	固有名詞
losel	losel	固有名詞
losels	losels	固有名詞
loser	loser	固有名詞
losers	losers	固有名詞
loses	loses	固有名詞
losh	losh	固有名詞
losing	losing	固有名詞
loss	loss	固有名詞
losser	losser	固有名詞
losses	losses	固有名詞
lossy	lossy	固有名詞
lost	lost	固有名詞
lot	lot	固有名詞
lota	lota	固有名詞
lotah	lotah	固有名詞
lotahs	lotahs	固有名詞
lotan	lotan	固有名詞
lotas	lotas	固有名詞
lotase	lotase	固有名詞
lote	lote	固有名詞
loth	loth	固有名詞
lothly	lothly	固有名詞
lotic	lotic	固有名詞
lotion	lotion	固有名詞
lotium	lotium	固有名詞
loto	loto	固有名詞
lotong	lotong	固有名詞
lotor	lotor	固有名詞
lotos	lotos	固有名詞
lots	lots	固有名詞
lotta	lotta	固有名詞
lotte	lotte	固有名詞
lotted	lotted	固有名詞
lotter	lotter	固有名詞
lottie	lottie	固有名詞
lotto	lotto	固有名詞
lottos	lottos	固有名詞
lotuko	lotuko	固有名詞
lotus	lotus	固有名詞
lou	lou	固有名詞
louch	louch	固有名詞
louche	louche	固有名詞
loud	loud	固有名詞
louden	louden	固有名詞
louder	louder	固有名詞
loudly	loudly	固有名詞
louey	louey	固有名詞
lough	lough	固有名詞
loughs	loughs	固有名詞
louie	louie	固有名詞
louies	louies	固有名詞
louiqa	louiqa	固有名詞
louis	louis	固有名詞
louisa	louisa	固有名詞
louise	louise	固有名詞
louk	louk	固有名詞
loukas	loukas	固有名詞
loulu	loulu	固有名詞
loun	loun	固有名詞
lounge	lounge	固有名詞
loungy	loungy	固有名詞
loup	loup	固有名詞
loupe	loupe	固有名詞
louped	louped	固有名詞
loupen	loupen	固有名詞
loupes	loupes	固有名詞
loups	loups	固有名詞
lour	lour	固有名詞
lourd	lourd	固有名詞
lourdy	lourdy	固有名詞
loured	loured	固有名詞
lourie	lourie	固有名詞
lours	lours	固有名詞
loury	loury	固有名詞
louse	louse	固有名詞
loused	loused	固有名詞
louses	louses	固有名詞
lousy	lousy	固有名詞
lout	lout	固有名詞
louted	louted	固有名詞
louter	louter	固有名詞
loutre	loutre	固有名詞
louts	louts	固有名詞
louty	louty	固有名詞
louvar	louvar	固有名詞
louver	louver	固有名詞
louvre	louvre	固有名詞
lovage	lovage	固有名詞
lovat	lovat	固有名詞
love	love	固有名詞
loved	loved	固有名詞
lovee	lovee	固有名詞
lovely	lovely	固有名詞
lover	lover	固有名詞
lovers	lovers	固有名詞
lovery	lovery	固有名詞
loves	loves	固有名詞
lovey	lovey	固有名詞
lovier	lovier	固有名詞
loving	loving	固有名詞
low	low	固有名詞
lowa	lowa	固有名詞
lowan	lowan	固有名詞
lowboy	lowboy	固有名詞
lowdah	lowdah	固有名詞
lowder	lowder	固有名詞
lowe	lowe	固有名詞
lowed	lowed	固有名詞
lowell	lowell	固有名詞
lower	lower	固有名詞
lowers	lowers	固有名詞
lowery	lowery	固有名詞
lowes	lowes	固有名詞
lowest	lowest	固有名詞
lowing	lowing	固有名詞
lowish	lowish	固有名詞
lowly	lowly	固有名詞
lowman	lowman	固有名詞
lowmen	lowmen	固有名詞
lown	lown	固有名詞
lownly	lownly	固有名詞
lowrie	lowrie	固有名詞
lowry	lowry	固有名詞
lows	lows	固有名詞
lowse	lowse	固有名詞
lowsed	lowsed	固有名詞
lowser	lowser	固有名詞
lowsin	lowsin	固有名詞
lowth	lowth	固有名詞
lowy	lowy	固有名詞
lox	lox	固有名詞
loxed	loxed	固有名詞
loxes	loxes	固有名詞
loxia	loxia	固有名詞
loxic	loxic	固有名詞
loxing	loxing	固有名詞
loy	loy	固有名詞
loyal	loyal	固有名詞
loyd	loyd	固有名詞
loyn	loyn	固有名詞
lpm	lpm	固有名詞
lrecl	lrecl	固有名詞
lsc	lsc	固有名詞
lst	lst	固有名詞
ltr	ltr	固有名詞
lua	Lua	固有名詞
luau	luau	固有名詞
luaus	luaus	固有名詞
lub	lub	固有名詞
luba	luba	固有名詞
lubber	lubber	固有名詞
lube	lube	固有名詞
lubes	lubes	固有名詞
lubra	lubra	固有名詞
lubric	lubric	固有名詞
luc	luc	固有名詞
lucan	lucan	固有名詞
lucban	lucban	固有名詞
luce	luce	固有名詞
lucent	lucent	固有名詞
lucern	lucern	固有名詞
luces	luces	固有名詞
lucet	lucet	固有名詞
lucia	lucia	固有名詞
lucian	lucian	固有名詞
lucid	lucid	固有名詞
lucida	lucida	固有名詞
lucile	lucile	固有名詞
lucina	lucina	固有名詞
lucite	lucite	固有名詞
lucius	lucius	固有名詞
luck	luck	固有名詞
lucked	lucked	固有名詞
lucken	lucken	固有名詞
luckie	luckie	固有名詞
luckly	luckly	固有名詞
lucks	lucks	固有名詞
lucky	lucky	固有名詞
lucre	lucre	固有名詞
lucres	lucres	固有名詞
lucrum	lucrum	固有名詞
lucule	lucule	固有名詞
lucuma	lucuma	固有名詞
lucumo	lucumo	固有名詞
lucy	lucy	固有名詞
lud	lud	固有名詞
ludden	ludden	固有名詞
luddy	luddy	固有名詞
ludian	ludian	固有名詞
ludlow	ludlow	固有名詞
ludo	ludo	固有名詞
ludwig	ludwig	固有名詞
lue	lue	固有名詞
luella	luella	固有名詞
lues	lues	固有名詞
luetic	luetic	固有名詞
luff	luff	固有名詞
luffa	luffa	固有名詞
luffas	luffas	固有名詞
luffed	luffed	固有名詞
luffer	luffer	固有名詞
luffs	luffs	固有名詞
lug	lug	固有名詞
luge	luge	固有名詞
luger	luger	固有名詞
luges	luges	固有名詞
luggar	luggar	固有名詞
lugged	lugged	固有名詞
lugger	lugger	固有名詞
luggie	luggie	固有名詞
luging	luging	固有名詞
lugnas	lugnas	固有名詞
lugs	lugs	固有名詞
lui	lui	固有名詞
luian	luian	固有名詞
luigi	luigi	固有名詞
luis	luis	固有名詞
luite	luite	固有名詞
lujula	lujula	固有名詞
lukan	lukan	固有名詞
lukas	lukas	固有名詞
luke	luke	固有名詞
lukely	lukely	固有名詞
luket	luket	固有名詞
lula	lula	固有名詞
lulab	lulab	固有名詞
lulabs	lulabs	固有名詞
lulav	lulav	固有名詞
lulavs	lulavs	固有名詞
lull	lull	固有名詞
lullay	lullay	固有名詞
lulled	lulled	固有名詞
luller	luller	固有名詞
lulls	lulls	固有名詞
lully	lully	固有名詞
lulu	lulu	固有名詞
luluai	luluai	固有名詞
lulus	lulus	固有名詞
lum	lum	固有名詞
lumbar	lumbar	固有名詞
lumber	lumber	固有名詞
lumbus	lumbus	固有名詞
lumen	lumen	固有名詞
lumens	lumens	固有名詞
lumina	lumina	固有名詞
lumine	lumine	固有名詞
lumme	lumme	固有名詞
lummox	lummox	固有名詞
lummy	lummy	固有名詞
lump	lump	固有名詞
lumped	lumped	固有名詞
lumpen	lumpen	固有名詞
lumper	lumper	固有名詞
lumpet	lumpet	固有名詞
lumps	lumps	固有名詞
lumpy	lumpy	固有名詞
lums	lums	固有名詞
lumut	lumut	固有名詞
luna	luna	固有名詞
lunacy	lunacy	固有名詞
lunar	lunar	固有名詞
lunare	lunare	固有名詞
lunars	lunars	固有名詞
lunary	lunary	固有名詞
lunas	lunas	固有名詞
lunata	lunata	固有名詞
lunate	lunate	固有名詞
lunch	lunch	固有名詞
lunda	lunda	固有名詞
lune	lune	固有名詞
lunel	lunel	固有名詞
lunes	lunes	固有名詞
lunet	lunet	固有名詞
lunets	lunets	固有名詞
lung	lung	固有名詞
lungan	lungan	固有名詞
lunge	lunge	固有名詞
lunged	lunged	固有名詞
lungee	lungee	固有名詞
lunger	lunger	固有名詞
lunges	lunges	固有名詞
lungi	lungi	固有名詞
lungie	lungie	固有名詞
lungis	lungis	固有名詞
lungs	lungs	固有名詞
lungy	lungy	固有名詞
lungyi	lungyi	固有名詞
lunier	lunier	固有名詞
lunies	lunies	固有名詞
lunk	lunk	固有名詞
lunka	lunka	固有名詞
lunker	lunker	固有名詞
lunks	lunks	固有名詞
lunn	lunn	固有名詞
lunoid	lunoid	固有名詞
lunt	lunt	固有名詞
lunted	lunted	固有名詞
lunts	lunts	固有名詞
lunula	lunula	固有名詞
lunule	lunule	固有名詞
luny	luny	固有名詞
lunyie	lunyie	固有名詞
luo	luo	固有名詞
lupe	lupe	固有名詞
lupeol	lupeol	固有名詞
lupid	lupid	固有名詞
lupin	lupin	固有名詞
lupine	lupine	固有名詞
lupins	lupins	固有名詞
lupis	lupis	固有名詞
lupoid	lupoid	固有名詞
lupoma	lupoma	固有名詞
lupous	lupous	固有名詞
lupus	lupus	固有名詞
lur	lur	固有名詞
lura	lura	固有名詞
lural	lural	固有名詞
lurch	lurch	固有名詞
lurdan	lurdan	固有名詞
lure	lure	固有名詞
lured	lured	固有名詞
lurer	lurer	固有名詞
lurers	lurers	固有名詞
lures	lures	固有名詞
lurg	lurg	固有名詞
luri	luri	固有名詞
lurid	lurid	固有名詞
luring	luring	固有名詞
lurk	lurk	固有名詞
lurked	lurked	固有名詞
lurker	lurker	固有名詞
lurks	lurks	固有名詞
lurky	lurky	固有名詞
lurry	lurry	固有名詞
luser	luser	固有名詞
lush	lush	固有名詞
lushai	lushai	固有名詞
lushed	lushed	固有名詞
lushei	lushei	固有名詞
lusher	lusher	固有名詞
lushes	lushes	固有名詞
lushly	lushly	固有名詞
lushy	lushy	固有名詞
lusiad	lusiad	固有名詞
lusian	lusian	固有名詞
lusk	lusk	固有名詞
lusky	lusky	固有名詞
lusory	lusory	固有名詞
lust	lust	固有名詞
lusted	lusted	固有名詞
luster	luster	固有名詞
lustly	lustly	固有名詞
lustra	lustra	固有名詞
lustre	lustre	固有名詞
lusts	lusts	固有名詞
lusty	lusty	固有名詞
lusus	lusus	固有名詞
lut	lut	固有名詞
lutany	lutany	固有名詞
lutao	lutao	固有名詞
lutayo	lutayo	固有名詞
lute	lute	固有名詞
lutea	lutea	固有名詞
luteal	luteal	固有名詞
luted	luted	固有名詞
luteic	luteic	固有名詞
lutein	lutein	固有名詞
luteo	luteo	固有名詞
luter	luter	固有名詞
lutes	lutes	固有名詞
luteum	luteum	固有名詞
luther	luther	固有名詞
luting	luting	固有名詞
lutist	lutist	固有名詞
lutose	lutose	固有名詞
lutra	lutra	固有名詞
lutrin	lutrin	固有名詞
luvian	luvian	固有名詞
luvish	luvish	固有名詞
luwian	luwian	固有名詞
lux	lux	固有名詞
luxate	luxate	固有名詞
luxe	luxe	固有名詞
luxes	luxes	固有名詞
luxive	luxive	固有名詞
luxury	luxury	固有名詞
luxus	luxus	固有名詞
luzula	luzula	固有名詞
lvalue	lvalue	固有名詞
lvov	lvov	固有名詞
lwl	lwl	固有名詞
lwm	lwm	固有名詞
lwo	lwo	固有名詞
lwop	lwop	固有名詞
lwp	lwp	固有名詞
lxx	lxx	固有名詞
lyam	lyam	固有名詞
lyance	lyance	固有名詞
lyard	lyard	固有名詞
lyart	lyart	固有名詞
lyas	lyas	固有名詞
lyase	lyase	固有名詞
lyases	lyases	固有名詞
lyc	lyc	固有名詞
lycea	lycea	固有名詞
lyceal	lyceal	固有名詞
lycee	lycee	固有名詞
lycees	lycees	固有名詞
lyceum	lyceum	固有名詞
lych	lych	固有名詞
lychee	lychee	固有名詞
lycian	lycian	固有名詞
lycid	lycid	固有名詞
lycine	lycine	固有名詞
lycium	lycium	固有名詞
lycosa	lycosa	固有名詞
lyctid	lyctid	固有名詞
lyctus	lyctus	固有名詞
lycus	lycus	固有名詞
lydia	lydia	固有名詞
lydian	lydian	固有名詞
lydite	lydite	固有名詞
lye	lye	固有名詞
lyery	lyery	固有名詞
lyes	lyes	固有名詞
lyfkie	lyfkie	固有名詞
lygeum	lygeum	固有名詞
lygus	lygus	固有名詞
lying	lying	固有名詞
lyings	lyings	固有名詞
lyken	lyken	固有名詞
lym	lym	固有名詞
lymph	lymph	固有名詞
lymphs	lymphs	固有名詞
lymphy	lymphy	固有名詞
lyn	lyn	固有名詞
lynch	lynch	固有名詞
lyncid	lyncid	固有名詞
lyndon	lyndon	固有名詞
lynn	lynn	固有名詞
lynne	lynne	固有名詞
lynx	lynx	固有名詞
lynxes	lynxes	固有名詞
lyon	lyon	固有名詞
lyra	lyra	固有名詞
lyraid	lyraid	固有名詞
lyrate	lyrate	固有名詞
lyre	lyre	固有名詞
lyres	lyres	固有名詞
lyric	lyric	固有名詞
lyrics	lyrics	固有名詞
lyrid	lyrid	固有名詞
lyrism	lyrism	固有名詞
lyrist	lyrist	固有名詞
lys	lys	固有名詞
lysate	lysate	固有名詞
lyse	lyse	固有名詞
lysed	lysed	固有名詞
lyses	lyses	固有名詞
lysin	lysin	固有名詞
lysine	lysine	固有名詞
lysing	lysing	固有名詞
lysins	lysins	固有名詞
lysis	lysis	固有名詞
lysol	lysol	固有名詞
lyssa	lyssa	固有名詞
lyssas	lyssas	固有名詞
lyssic	lyssic	固有名詞
lythe	lythe	固有名詞
lytic	lytic	固有名詞
lytta	lytta	固有名詞
lyttae	lyttae	固有名詞
lyttas	lyttas	固有名詞
lyxose	lyxose	固有名詞
maad	maad	固有名詞
maam	maam	固有名詞
maana	maana	固有名詞
maar	maar	固有名詞
maars	maars	固有名詞
maat	maat	固有名詞
mab	mab	固有名詞
maba	maba	固有名詞
mabble	mabble	固有名詞
mabel	mabel	固有名詞
mabela	mabela	固有名詞
mabi	mabi	固有名詞
mabolo	mabolo	固有名詞
mabuti	mabuti	固有名詞
mabyer	mabyer	固有名詞
macabi	macabi	固有名詞
macaca	macaca	固有名詞
macaco	macaco	固有名詞
macan	macan	固有名詞
macana	macana	固有名詞
macao	macao	固有名詞
macaw	macaw	固有名詞
macaws	macaws	固有名詞
macco	macco	固有名詞
maccus	maccus	固有名詞
mace	mace	固有名詞
maced	maced	固有名詞
macer	macer	固有名詞
macers	macers	固有名詞
maces	maces	固有名詞
mach	mach	固有名詞
machan	machan	固有名詞
machar	machar	固有名詞
machi	machi	固有名詞
machin	machin	固有名詞
macho	macho	固有名詞
machos	machos	固有名詞
machs	machs	固有名詞
macies	macies	固有名詞
macing	macing	固有名詞
mack	mack	固有名詞
mackle	mackle	固有名詞
macks	macks	固有名詞
macle	macle	固有名詞
macled	macled	固有名詞
macles	macles	固有名詞
maclib	maclib	固有名詞
maco	maco	固有名詞
macoma	macoma	固有名詞
macon	macon	固有名詞
macos	macOS	固有名詞
macram	macram	固有名詞
macrli	macrli	固有名詞
macro	macro	固有名詞
macron	macron	固有名詞
macros	macros	固有名詞
macs	macs	固有名詞
mactra	mactra	固有名詞
macuca	macuca	固有名詞
macula	macula	固有名詞
macule	macule	固有名詞
macupa	macupa	固有名詞
macupi	macupi	固有名詞
macusi	macusi	固有名詞
macuta	macuta	固有名詞
macute	macute	固有名詞
mad	mad	固有名詞
madafu	madafu	固有名詞
madam	madam	固有名詞
madame	madame	固有名詞
madams	madams	固有名詞
madcap	madcap	固有名詞
madded	madded	固有名詞
madden	madden	固有名詞
madder	madder	固有名詞
maddle	maddle	固有名詞
made	made	固有名詞
madefy	madefy	固有名詞
madge	madge	固有名詞
madhab	madhab	固有名詞
madhva	madhva	固有名詞
madi	madi	固有名詞
madia	madia	固有名詞
madid	madid	固有名詞
madiga	madiga	固有名詞
madly	madly	固有名詞
madman	madman	固有名詞
madmen	madmen	固有名詞
madnep	madnep	固有名詞
mado	mado	固有名詞
madoc	madoc	固有名詞
madras	madras	固有名詞
madre	madre	固有名詞
madres	madres	固有名詞
madrid	madrid	固有名詞
madrih	madrih	固有名詞
madril	madril	固有名詞
madroa	madroa	固有名詞
mads	mads	固有名詞
madtom	madtom	固有名詞
maduro	maduro	固有名詞
mae	mae	固有名詞
maed	maed	固有名詞
maeing	maeing	固有名詞
maenad	maenad	固有名詞
maes	maes	固有名詞
mafey	mafey	固有名詞
maffia	maffia	固有名詞
maffle	maffle	固有名詞
mafia	mafia	固有名詞
mafias	mafias	固有名詞
mafic	mafic	固有名詞
mafoo	mafoo	固有名詞
maftir	maftir	固有名詞
mafura	mafura	固有名詞
mag	mag	固有名詞
maga	maga	固有名詞
magahi	magahi	固有名詞
magani	magani	固有名詞
magas	magas	固有名詞
mage	mage	固有名詞
mages	mages	固有名詞
magged	magged	固有名詞
maggie	maggie	固有名詞
maggle	maggle	固有名詞
maggot	maggot	固有名詞
maggy	maggy	固有名詞
magh	magh	固有名詞
maghi	maghi	固有名詞
magi	magi	固有名詞
magian	magian	固有名詞
magic	magic	固有名詞
magics	magics	固有名詞
magilp	magilp	固有名詞
magism	magism	固有名詞
magma	magma	固有名詞
magmas	magmas	固有名詞
magna	magna	固有名詞
magnes	magnes	固有名詞
magnet	magnet	固有名詞
magnon	magnon	固有名詞
magnum	magnum	固有名詞
magnus	magnus	固有名詞
magog	magog	固有名詞
magot	magot	固有名詞
magots	magots	固有名詞
magpie	magpie	固有名詞
magrim	magrim	固有名詞
mags	mags	固有名詞
maguey	maguey	固有名詞
magus	magus	固有名詞
magyar	magyar	固有名詞
mah	mah	固有名詞
maha	maha	固有名詞
mahal	mahal	固有名詞
mahala	mahala	固有名詞
mahaly	mahaly	固有名詞
mahant	mahant	固有名詞
mahar	mahar	固有名詞
mahat	mahat	固有名詞
mahbub	mahbub	固有名詞
mahdi	mahdi	固有名詞
mahesh	mahesh	固有名詞
mahewu	mahewu	固有名詞
mahi	mahi	固有名詞
mahmal	mahmal	固有名詞
mahoe	mahoe	固有名詞
mahoes	mahoes	固有名詞
maholi	maholi	固有名詞
mahone	mahone	固有名詞
mahori	mahori	固有名詞
mahout	mahout	固有名詞
mahra	mahra	固有名詞
mahran	mahran	固有名詞
mahri	mahri	固有名詞
mahsir	mahsir	固有名詞
mahsur	mahsur	固有名詞
mahu	mahu	固有名詞
mahua	mahua	固有名詞
mahwa	mahwa	固有名詞
mahzor	mahzor	固有名詞
maia	maia	固有名詞
maid	maid	固有名詞
maida	maida	固有名詞
maidan	maidan	固有名詞
maiden	maiden	固有名詞
maidie	maidie	固有名詞
maidin	maidin	固有名詞
maidly	maidly	固有名詞
maids	maids	固有名詞
maidu	maidu	固有名詞
maidy	maidy	固有名詞
maigre	maigre	固有名詞
maihem	maihem	固有名詞
maiid	maiid	固有名詞
mail	mail	固有名詞
maile	maile	固有名詞
mailed	mailed	固有名詞
mailer	mailer	固有名詞
mailes	mailes	固有名詞
mailie	mailie	固有名詞
maill	maill	固有名詞
maille	maille	固有名詞
maills	maills	固有名詞
mails	mails	固有名詞
maim	maim	固有名詞
maimed	maimed	固有名詞
maimer	maimer	固有名詞
maimon	maimon	固有名詞
maims	maims	固有名詞
maimul	maimul	固有名詞
main	main	固有名詞
mainan	mainan	固有名詞
maine	maine	固有名詞
mainly	mainly	固有名詞
mainor	mainor	固有名詞
mains	mains	固有名詞
maint	maint	固有名詞
maioid	maioid	固有名詞
maioli	maioli	固有名詞
mair	mair	固有名詞
maire	maire	固有名詞
mairie	mairie	固有名詞
mairs	mairs	固有名詞
maison	maison	固有名詞
maist	maist	固有名詞
maists	maists	固有名詞
maitre	maitre	固有名詞
maius	maius	固有名詞
maize	maize	固有名詞
maizer	maizer	固有名詞
maizes	maizes	固有名詞
maja	maja	固有名詞
majas	majas	固有名詞
majlis	majlis	固有名詞
majo	majo	固有名詞
majoon	majoon	固有名詞
major	major	固有名詞
majora	majora	固有名詞
majors	majors	固有名詞
majos	majos	固有名詞
makah	makah	固有名詞
makale	makale	固有名詞
makar	makar	固有名詞
makara	makara	固有名詞
makari	makari	固有名詞
makars	makars	固有名詞
make	make	固有名詞
makefile	makefile	固有名詞
maker	maker	固有名詞
makers	makers	固有名詞
makes	makes	固有名詞
makeup	makeup	固有名詞
maki	maki	固有名詞
making	making	固有名詞
makluk	makluk	固有名詞
mako	mako	固有名詞
makopa	makopa	固有名詞
makos	makos	固有名詞
makoua	makoua	固有名詞
makran	makran	固有名詞
maku	maku	固有名詞
makua	makua	固有名詞
makuk	makuk	固有名詞
makuta	makuta	固有名詞
makutu	makutu	固有名詞
mal	mal	固有名詞
mala	mala	固有名詞
malade	malade	固有名詞
malady	malady	固有名詞
malaga	malaga	固有名詞
malam	malam	固有名詞
malapi	malapi	固有名詞
malar	malar	固有名詞
malars	malars	固有名詞
malate	malate	固有名詞
malati	malati	固有名詞
malawi	malawi	固有名詞
malax	malax	固有名詞
malay	malay	固有名詞
malaya	malaya	固有名詞
malays	malays	固有名詞
male	male	固有名詞
malee	malee	固有名詞
maleic	maleic	固有名詞
maleo	maleo	固有名詞
maleos	maleos	固有名詞
males	males	固有名詞
malfed	malfed	固有名詞
malgr	malgr	固有名詞
malgre	malgre	固有名詞
mali	mali	固有名詞
malic	malic	固有名詞
malice	malice	固有名詞
malie	malie	固有名詞
malign	malign	固有名詞
malik	malik	固有名詞
maliki	maliki	固有名詞
maline	maline	固有名詞
malism	malism	固有名詞
malist	malist	固有名詞
malkin	malkin	固有名詞
mall	mall	固有名詞
mallam	mallam	固有名詞
malled	malled	固有名詞
mallee	mallee	固有名詞
mallei	mallei	固有名詞
mallet	mallet	固有名詞
mallow	mallow	固有名詞
malloy	malloy	固有名詞
malls	malls	固有名詞
mallum	mallum	固有名詞
mallus	mallus	固有名詞
malm	malm	固有名詞
malmag	malmag	固有名詞
malmed	malmed	固有名詞
malms	malms	固有名詞
malmy	malmy	固有名詞
malo	malo	固有名詞
maloca	maloca	固有名詞
malope	malope	固有名詞
malt	malt	固有名詞
malta	malta	固有名詞
malted	malted	固有名詞
malter	malter	固有名詞
maltha	maltha	固有名詞
malthe	malthe	固有名詞
malto	malto	固有名詞
maltol	maltol	固有名詞
malts	malts	固有名詞
malty	malty	固有名詞
malum	malum	固有名詞
malus	malus	固有名詞
malva	malva	固有名詞
malval	malval	固有名詞
malvin	malvin	固有名詞
malwa	malwa	固有名詞
mam	mam	固有名詞
mama	mama	固有名詞
mamamu	mamamu	固有名詞
mamas	mamas	固有名詞
mamba	mamba	固有名詞
mambas	mambas	固有名詞
mambo	mambo	固有名詞
mambos	mambos	固有名詞
mambu	mambu	固有名詞
mamers	mamers	固有名詞
mamey	mamey	固有名詞
mameys	mameys	固有名詞
mamie	mamie	固有名詞
mamies	mamies	固有名詞
mamluk	mamluk	固有名詞
mamma	mamma	固有名詞
mammae	mammae	固有名詞
mammal	mammal	固有名詞
mammas	mammas	固有名詞
mammea	mammea	固有名詞
mammee	mammee	固有名詞
mammer	mammer	固有名詞
mammet	mammet	固有名詞
mammey	mammey	固有名詞
mammie	mammie	固有名詞
mammin	mammin	固有名詞
mammon	mammon	固有名詞
mammut	mammut	固有名詞
mammy	mammy	固有名詞
mamo	mamo	固有名詞
mamona	mamona	固有名詞
mamoty	mamoty	固有名詞
mampus	mampus	固有名詞
mamry	mamry	固有名詞
mamzer	mamzer	固有名詞
man	man	固有名詞
mana	mana	固有名詞
manace	manace	固有名詞
manada	manada	固有名詞
manage	manage	固有名詞
manak	manak	固有名詞
manal	manal	固有名詞
manana	manana	固有名詞
manas	manas	固有名詞
manati	manati	固有名詞
manba	manba	固有名詞
manbot	manbot	固有名詞
manche	manche	固有名詞
manchu	manchu	固有名詞
mancus	mancus	固有名詞
mand	mand	固有名詞
mandan	mandan	固有名詞
mandar	mandar	固有名詞
mandat	mandat	固有名詞
mande	mande	固有名詞
mandi	mandi	固有名詞
mandil	mandil	固有名詞
mandir	mandir	固有名詞
mandom	mandom	固有名詞
mandra	mandra	固有名詞
mands	mands	固有名詞
mandua	mandua	固有名詞
mandyi	mandyi	固有名詞
mane	mane	固有名詞
maned	maned	固有名詞
manege	manege	固有名詞
maneh	maneh	固有名詞
manei	manei	固有名詞
manent	manent	固有名詞
manes	manes	固有名詞
maness	maness	固有名詞
manet	manet	固有名詞
maney	maney	固有名詞
manful	manful	固有名詞
mang	mang	固有名詞
manga	manga	固有名詞
mangal	mangal	固有名詞
mangar	mangar	固有名詞
mange	mange	固有名詞
mangel	mangel	固有名詞
manger	manger	固有名詞
manges	manges	固有名詞
mangey	mangey	固有名詞
mangi	mangi	固有名詞
mangle	mangle	固有名詞
mango	mango	固有名詞
mangos	mangos	固有名詞
mangue	mangue	固有名詞
mangwe	mangwe	固有名詞
mangy	mangy	固有名詞
mani	mani	固有名詞
mania	mania	固有名詞
maniac	maniac	固有名詞
manias	manias	固有名詞
manic	manic	固有名詞
manics	manics	固有名詞
manid	manid	固有名詞
manie	manie	固有名詞
manify	manify	固有名詞
manila	manila	固有名詞
manini	manini	固有名詞
manioc	manioc	固有名詞
manis	manis	固有名詞
manism	manism	固有名詞
manist	manist	固有名詞
manit	manit	固有名詞
manito	manito	固有名詞
manitu	manitu	固有名詞
maniu	maniu	固有名詞
manius	manius	固有名詞
maniva	maniva	固有名詞
manjak	manjak	固有名詞
manjel	manjel	固有名詞
mank	mank	固有名詞
mankie	mankie	固有名詞
mankin	mankin	固有名詞
manks	manks	固有名詞
manky	manky	固有名詞
manlet	manlet	固有名詞
manly	manly	固有名詞
mann	mann	固有名詞
manna	manna	固有名詞
mannan	mannan	固有名詞
mannas	mannas	固有名詞
manned	manned	固有名詞
manner	manner	固有名詞
mannet	mannet	固有名詞
mannie	mannie	固有名詞
manny	manny	固有名詞
mano	mano	固有名詞
manobo	manobo	固有名詞
manoc	manoc	固有名詞
manoir	manoir	固有名詞
manor	manor	固有名詞
manors	manors	固有名詞
manos	manos	固有名詞
manqu	manqu	固有名詞
manque	manque	固有名詞
manred	manred	固有名詞
mans	mans	固有名詞
manse	manse	固有名詞
manser	manser	固有名詞
manses	manses	固有名詞
manso	manso	固有名詞
mant	mant	固有名詞
manta	manta	固有名詞
mantal	mantal	固有名詞
mantas	mantas	固有名詞
mantel	mantel	固有名詞
manter	manter	固有名詞
mantes	mantes	固有名詞
mantic	mantic	固有名詞
mantid	mantid	固有名詞
mantis	mantis	固有名詞
mantle	mantle	固有名詞
manto	manto	固有名詞
manton	manton	固有名詞
mantra	mantra	固有名詞
mantua	mantua	固有名詞
manty	manty	固有名詞
mantzu	mantzu	固有名詞
manual	manual	固有名詞
manuao	manuao	固有名詞
manuel	manuel	固有名詞
manuf	manuf	固有名詞
manuka	manuka	固有名詞
manul	manul	固有名詞
manuma	manuma	固有名詞
manure	manure	固有名詞
manus	manus	固有名詞
manway	manway	固有名詞
manx	manx	固有名詞
many	many	固有名詞
manzas	manzas	固有名詞
manzil	manzil	固有名詞
mao	mao	固有名詞
maoism	maoism	固有名詞
maoist	maoist	固有名詞
maomao	maomao	固有名詞
maori	maori	固有名詞
maoris	maoris	固有名詞
map	map	固有名詞
mapach	mapach	固有名詞
mapau	mapau	固有名詞
maple	maple	固有名詞
maples	maples	固有名詞
mapo	mapo	固有名詞
mapped	mapped	固有名詞
mappen	mappen	固有名詞
mapper	mapper	固有名詞
mappy	mappy	固有名詞
maps	maps	固有名詞
maqui	maqui	固有名詞
maquis	maquis	固有名詞
mar	mar	固有名詞
mara	mara	固有名詞
maraca	maraca	固有名詞
marae	marae	固有名詞
marage	marage	固有名詞
marah	marah	固有名詞
marais	marais	固有名詞
maral	maral	固有名詞
marang	marang	固有名詞
marara	marara	固有名詞
maras	maras	固有名詞
maraud	maraud	固有名詞
maravi	maravi	固有名詞
maray	maray	固有名詞
marble	marble	固有名詞
marbly	marbly	固有名詞
marc	marc	固有名詞
marcan	marcan	固有名詞
marcel	marcel	固有名詞
march	march	固有名詞
marci	marci	固有名詞
marcia	marcia	固有名詞
marcid	marcid	固有名詞
marco	marco	固有名詞
marcor	marcor	固有名詞
marcos	marcos	固有名詞
marcot	marcot	固有名詞
marcs	marcs	固有名詞
mardi	mardi	固有名詞
mardy	mardy	固有名詞
mare	mare	固有名詞
mareca	mareca	固有名詞
marek	marek	固有名詞
mares	mares	固有名詞
marfik	marfik	固有名詞
marg	marg	固有名詞
marga	marga	固有名詞
margay	margay	固有名詞
marge	marge	固有名詞
marged	marged	固有名詞
marges	marges	固有名詞
margie	margie	固有名詞
margin	margin	固有名詞
margot	margot	固有名詞
mari	mari	固有名詞
maria	maria	固有名詞
marian	marian	固有名詞
marica	marica	固有名詞
marid	marid	固有名詞
marie	marie	固有名詞
maries	maries	固有名詞
mariet	mariet	固有名詞
marina	marina	固有名詞
marine	marine	固有名詞
mario	mario	固有名詞
marion	marion	固有名詞
mariou	mariou	固有名詞
maris	maris	固有名詞
marish	marish	固有名詞
marist	marist	固有名詞
marita	marita	固有名詞
mariti	mariti	固有名詞
mark	mark	固有名詞
marka	marka	固有名詞
markab	markab	固有名詞
markaz	markaz	固有名詞
markeb	markeb	固有名詞
marked	marked	固有名詞
marker	marker	固有名詞
market	market	固有名詞
markis	markis	固有名詞
markka	markka	固有名詞
marko	marko	固有名詞
marks	marks	固有名詞
markup	markup	固有名詞
markus	markus	固有名詞
marl	marl	固有名詞
marla	marla	固有名詞
marled	marled	固有名詞
marler	marler	固有名詞
marlet	marlet	固有名詞
marli	marli	固有名詞
marlin	marlin	固有名詞
marls	marls	固有名詞
marly	marly	固有名詞
marm	marm	固有名詞
marmar	marmar	固有名詞
marmit	marmit	固有名詞
marmor	marmor	固有名詞
marmot	marmot	固有名詞
marnix	marnix	固有名詞
maro	maro	固有名詞
marok	marok	固有名詞
maroon	maroon	固有名詞
maror	maror	固有名詞
maros	maros	固有名詞
marque	marque	固有名詞
marram	marram	固有名詞
marred	marred	固有名詞
marree	marree	固有名詞
marrer	marrer	固有名詞
marron	marron	固有名詞
marrot	marrot	固有名詞
marrow	marrow	固有名詞
marry	marry	固有名詞
marrys	marrys	固有名詞
mars	mars	固有名詞
marse	marse	固有名詞
marses	marses	固有名詞
marsh	marsh	固有名詞
marsha	marsha	固有名詞
marshs	marshs	固有名詞
marshy	marshy	固有名詞
marsi	marsi	固有名詞
mart	mart	固有名詞
marted	marted	固有名詞
martel	martel	固有名詞
marten	marten	固有名詞
martes	martes	固有名詞
martha	martha	固有名詞
martin	martin	固有名詞
marts	marts	固有名詞
martu	martu	固有名詞
marty	marty	固有名詞
martyn	martyn	固有名詞
martyr	martyr	固有名詞
maru	maru	固有名詞
marvel	marvel	固有名詞
marver	marver	固有名詞
marvin	marvin	固有名詞
marvy	marvy	固有名詞
marwer	marwer	固有名詞
marx	marx	固有名詞
mary	mary	固有名詞
marys	marys	固有名詞
mas	mas	固有名詞
masa	masa	固有名詞
masai	masai	固有名詞
masais	masais	固有名詞
masc	masc	固有名詞
mascle	mascle	固有名詞
mascon	mascon	固有名詞
mascot	mascot	固有名詞
masdeu	masdeu	固有名詞
maser	maser	固有名詞
masers	masers	固有名詞
mash	mash	固有名詞
masha	masha	固有名詞
mashak	mashak	固有名詞
mashal	mashal	固有名詞
masham	masham	固有名詞
mashed	mashed	固有名詞
masher	masher	固有名詞
mashes	mashes	固有名詞
mashie	mashie	固有名詞
mashru	mashru	固有名詞
mashy	mashy	固有名詞
masjid	masjid	固有名詞
mask	mask	固有名詞
masked	masked	固有名詞
maskeg	maskeg	固有名詞
masker	masker	固有名詞
maskmv	maskmv	固有名詞
maskoi	maskoi	固有名詞
masks	masks	固有名詞
maslin	maslin	固有名詞
mason	mason	固有名詞
masons	masons	固有名詞
masora	masora	固有名詞
masque	masque	固有名詞
mass	mass	固有名詞
massa	massa	固有名詞
massas	massas	固有名詞
masse	masse	固有名詞
massed	massed	固有名詞
massel	massel	固有名詞
masser	masser	固有名詞
masses	masses	固有名詞
massif	massif	固有名詞
massig	massig	固有名詞
massoy	massoy	固有名詞
massy	massy	固有名詞
mast	mast	固有名詞
mastax	mastax	固有名詞
masted	masted	固有名詞
master	master	固有名詞
mastic	mastic	固有名詞
mastix	mastix	固有名詞
masts	masts	固有名詞
masty	masty	固有名詞
masu	masu	固有名詞
mat	mat	固有名詞
mataco	mataco	固有名詞
matai	matai	固有名詞
matapi	matapi	固有名詞
matar	matar	固有名詞
matara	matara	固有名詞
matax	matax	固有名詞
match	match	固有名詞
matchy	matchy	固有名詞
mate	mate	固有名詞
mated	mated	固有名詞
mately	mately	固有名詞
mater	mater	固有名詞
maters	maters	固有名詞
mates	mates	固有名詞
matey	matey	固有名詞
mateys	mateys	固有名詞
math	math	固有名詞
matha	matha	固有名詞
mathe	mathe	固有名詞
mather	mather	固有名詞
mathes	mathes	固有名詞
maths	maths	固有名詞
matico	matico	固有名詞
matie	matie	固有名詞
maties	maties	固有名詞
matin	matin	固有名詞
matina	matina	固有名詞
mating	mating	固有名詞
matins	matins	固有名詞
matipo	matipo	固有名詞
matka	matka	固有名詞
matkah	matkah	固有名詞
matlab	MATLAB	固有名詞
matlo	matlo	固有名詞
matlow	matlow	固有名詞
matman	matman	固有名詞
matoke	matoke	固有名詞
matra	matra	固有名詞
matrah	matrah	固有名詞
matral	matral	固有名詞
matres	matres	固有名詞
matric	matric	固有名詞
matris	matris	固有名詞
matrix	matrix	固有名詞
matron	matron	固有名詞
mats	mats	固有名詞
matsu	matsu	固有名詞
matsue	matsue	固有名詞
matt	matt	固有名詞
matta	matta	固有名詞
matte	matte	固有名詞
matted	matted	固有名詞
matter	matter	固有名詞
mattes	mattes	固有名詞
matti	matti	固有名詞
mattin	mattin	固有名詞
matts	matts	固有名詞
matty	matty	固有名詞
mature	mature	固有名詞
maty	maty	固有名詞
matza	matza	固有名詞
matzah	matzah	固有名詞
matzas	matzas	固有名詞
matzo	matzo	固有名詞
matzoh	matzoh	固有名詞
matzos	matzos	固有名詞
matzot	matzot	固有名詞
mau	mau	固有名詞
mauby	mauby	固有名詞
maud	maud	固有名詞
maudle	maudle	固有名詞
mauger	mauger	固有名詞
maugh	maugh	固有名詞
maught	maught	固有名詞
maugis	maugis	固有名詞
maugre	maugre	固有名詞
maukin	maukin	固有名詞
maul	maul	固有名詞
mauled	mauled	固有名詞
mauler	mauler	固有名詞
mauley	mauley	固有名詞
mauls	mauls	固有名詞
maulvi	maulvi	固有名詞
maumee	maumee	固有名詞
maumet	maumet	固有名詞
maun	maun	固有名詞
maunch	maunch	固有名詞
maund	maund	固有名詞
maunds	maunds	固有名詞
maundy	maundy	固有名詞
maunge	maunge	固有名詞
maungy	maungy	固有名詞
maunna	maunna	固有名詞
mauri	mauri	固有名詞
mauser	mauser	固有名詞
maut	maut	固有名詞
mauts	mauts	固有名詞
mauve	mauve	固有名詞
mauves	mauves	固有名詞
maux	maux	固有名詞
maven	maven	固有名詞
mavens	mavens	固有名詞
mavie	mavie	固有名詞
mavies	mavies	固有名詞
mavin	mavin	固有名詞
mavins	mavins	固有名詞
mavis	mavis	固有名詞
maw	maw	固有名詞
mawali	mawali	固有名詞
mawed	mawed	固有名詞
mawger	mawger	固有名詞
mawing	mawing	固有名詞
mawk	mawk	固有名詞
mawkin	mawkin	固有名詞
mawks	mawks	固有名詞
mawky	mawky	固有名詞
mawn	mawn	固有名詞
mawp	mawp	固有名詞
maws	maws	固有名詞
mawsie	mawsie	固有名詞
max	max	固有名詞
maxi	maxi	固有名詞
maxim	maxim	固有名詞
maxima	maxima	固有名詞
maxims	maxims	固有名詞
maxis	maxis	固有名詞
maxixe	maxixe	固有名詞
may	may	固有名詞
maya	maya	固有名詞
mayaca	mayaca	固有名詞
mayan	mayan	固有名詞
mayans	mayans	固有名詞
mayas	mayas	固有名詞
maybe	maybe	固有名詞
mayda	mayda	固有名詞
mayday	mayday	固有名詞
mayed	mayed	固有名詞
mayer	mayer	固有名詞
mayest	mayest	固有名詞
mayey	mayey	固有名詞
mayeye	mayeye	固有名詞
mayfly	mayfly	固有名詞
mayhap	mayhap	固有名詞
mayhem	mayhem	固有名詞
maying	maying	固有名詞
maynt	maynt	固有名詞
mayo	mayo	固有名詞
mayor	mayor	固有名詞
mayors	mayors	固有名詞
maypop	maypop	固有名詞
mays	mays	固有名詞
maysin	maysin	固有名詞
mayst	mayst	固有名詞
mayten	mayten	固有名詞
maythe	maythe	固有名詞
mayvin	mayvin	固有名詞
maza	maza	固有名詞
mazama	mazama	固有名詞
mazame	mazame	固有名詞
mazard	mazard	固有名詞
mazda	mazda	固有名詞
mazdur	mazdur	固有名詞
maze	maze	固有名詞
mazed	mazed	固有名詞
mazel	mazel	固有名詞
mazer	mazer	固有名詞
mazers	mazers	固有名詞
mazes	mazes	固有名詞
mazic	mazic	固有名詞
mazier	mazier	固有名詞
mazily	mazily	固有名詞
mazing	mazing	固有名詞
mazuca	mazuca	固有名詞
mazuma	mazuma	固有名詞
mazur	mazur	固有名詞
mazut	mazut	固有名詞
mazy	mazy	固有名詞
mbaya	mbaya	固有名詞
mbd	mbd	固有名詞
mbeuer	mbeuer	固有名詞
mbira	mbira	固有名詞
mbiras	mbiras	固有名詞
mbori	mbori	固有名詞
mbps	mbps	固有名詞
mbuba	mbuba	固有名詞
mbunda	mbunda	固有名詞
mccoy	mccoy	固有名詞
mcf	mcf	固有名詞
mcg	mcg	固有名詞
mckay	mckay	固有名詞
mdnt	mdnt	固有名詞
mdse	mdse	固有名詞
mea	mea	固有名詞
meable	meable	固有名詞
meach	meach	固有名詞
meacon	meacon	固有名詞
mead	mead	固有名詞
meader	meader	固有名詞
meadow	meadow	固有名詞
meads	meads	固有名詞
meager	meager	固有名詞
meagre	meagre	固有名詞
meak	meak	固有名詞
meal	meal	固有名詞
mealed	mealed	固有名詞
mealer	mealer	固有名詞
mealie	mealie	固有名詞
meals	meals	固有名詞
mealy	mealy	固有名詞
mean	mean	固有名詞
meaned	meaned	固有名詞
meaner	meaner	固有名詞
meanie	meanie	固有名詞
meanly	meanly	固有名詞
means	means	固有名詞
meant	meant	固有名詞
meany	meany	固有名詞
mear	mear	固有名詞
meas	meas	固有名詞
mease	mease	固有名詞
measle	measle	固有名詞
measly	measly	固有名詞
meat	meat	固有名詞
meatal	meatal	固有名詞
meated	meated	固有名詞
meath	meath	固有名詞
meathe	meathe	固有名詞
meatic	meatic	固有名詞
meats	meats	固有名詞
meatus	meatus	固有名詞
meaty	meaty	固有名詞
meaul	meaul	固有名詞
meaw	meaw	固有名詞
meazle	meazle	固有名詞
mebos	mebos	固有名詞
mecate	mecate	固有名詞
mecati	mecati	固有名詞
mecca	mecca	固有名詞
meccan	meccan	固有名詞
meccas	meccas	固有名詞
mech	mech	固有名詞
mechir	mechir	固有名詞
meck	meck	固有名詞
mecon	mecon	固有名詞
mecum	mecum	固有名詞
mecums	mecums	固有名詞
med	med	固有名詞
medaka	medaka	固有名詞
medal	medal	固有名詞
medals	medals	固有名詞
meddle	meddle	固有名詞
mede	mede	固有名詞
medea	medea	固有名詞
media	media	固有名詞
mediad	mediad	固有名詞
mediae	mediae	固有名詞
medial	medial	固有名詞
median	median	固有名詞
medias	medias	固有名詞
medic	medic	固有名詞
medica	medica	固有名詞
medici	medici	固有名詞
medick	medick	固有名詞
medico	medico	固有名詞
medics	medics	固有名詞
medii	medii	固有名詞
medimn	medimn	固有名詞
medina	medina	固有名詞
medine	medine	固有名詞
medino	medino	固有名詞
medio	medio	固有名詞
medish	medish	固有名詞
medism	medism	固有名詞
medium	medium	固有名詞
medius	medius	固有名詞
medize	medize	固有名詞
medlar	medlar	固有名詞
medle	medle	固有名詞
medley	medley	固有名詞
medoc	medoc	固有名詞
medula	medula	固有名詞
medusa	medusa	固有名詞
mee	mee	固有名詞
meebos	meebos	固有名詞
meece	meece	固有名詞
meech	meech	固有名詞
meed	meed	固有名詞
meeds	meeds	固有名詞
meehan	meehan	固有名詞
meek	meek	固有名詞
meeken	meeken	固有名詞
meeker	meeker	固有名詞
meekly	meekly	固有名詞
meeks	meeks	固有名詞
meer	meer	固有名詞
meered	meered	固有名詞
meese	meese	固有名詞
meet	meet	固有名詞
meeten	meeten	固有名詞
meeter	meeter	固有名詞
meeth	meeth	固有名詞
meetly	meetly	固有名詞
meets	meets	固有名詞
meg	meg	固有名詞
megara	megara	固有名詞
megass	megass	固有名詞
megerg	megerg	固有名詞
megger	megger	固有名詞
meggy	meggy	固有名詞
megilp	megilp	固有名詞
megmho	megmho	固有名詞
megohm	megohm	固有名詞
megrel	megrel	固有名詞
megrez	megrez	固有名詞
megrim	megrim	固有名詞
mehari	mehari	固有名詞
mehtar	mehtar	固有名詞
meiji	meiji	固有名詞
meikle	meikle	固有名詞
meile	meile	固有名詞
meiler	meiler	固有名詞
mein	mein	固有名詞
meinie	meinie	固有名詞
meiny	meiny	固有名詞
meio	meio	固有名詞
meisje	meisje	固有名詞
meissa	meissa	固有名詞
meith	meith	固有名詞
mekong	mekong	固有名詞
mel	mel	固有名詞
mela	mela	固有名詞
melada	melada	固有名詞
melam	melam	固有名詞
melano	melano	固有名詞
melas	melas	固有名詞
melba	melba	固有名詞
melch	melch	固有名詞
meld	meld	固有名詞
melded	melded	固有名詞
melder	melder	固有名詞
melds	melds	固有名詞
mele	mele	固有名詞
melee	melee	固有名詞
melees	melees	固有名詞
melena	melena	固有名詞
melene	melene	固有名詞
meles	meles	固有名詞
melia	melia	固有名詞
melian	melian	固有名詞
melic	melic	固有名詞
melica	melica	固有名詞
meline	meline	固有名詞
melior	melior	固有名詞
melis	melis	固有名詞
mell	mell	固有名詞
mellah	mellah	固有名詞
mellay	mellay	固有名詞
melled	melled	固有名詞
meller	meller	固有名詞
mellic	mellic	固有名詞
mellit	mellit	固有名詞
mellon	mellon	固有名詞
mellow	mellow	固有名詞
mells	mells	固有名詞
melody	melody	固有名詞
meloe	meloe	固有名詞
meloid	meloid	固有名詞
melon	melon	固有名詞
melons	melons	固有名詞
melos	melos	固有名詞
melosa	melosa	固有名詞
melote	melote	固有名詞
mels	mels	固有名詞
melt	melt	固有名詞
melted	melted	固有名詞
melter	melter	固有名詞
melton	melton	固有名詞
melts	melts	固有名詞
melvie	melvie	固有名詞
mem	mem	固有名詞
member	member	固有名詞
memnon	memnon	固有名詞
memo	memo	固有名詞
memoir	memoir	固有名詞
memory	memory	固有名詞
memos	memos	固有名詞
mems	mems	固有名詞
men	men	固有名詞
menace	menace	固有名詞
menad	menad	固有名詞
menads	menads	固有名詞
menage	menage	固有名詞
menald	menald	固有名詞
menat	menat	固有名詞
mend	mend	固有名詞
mende	mende	固有名詞
mended	mended	固有名詞
mendee	mendee	固有名詞
mendel	mendel	固有名詞
mender	mender	固有名詞
mendi	mendi	固有名詞
mends	mends	固有名詞
mendy	mendy	固有名詞
mene	mene	固有名詞
menfra	menfra	固有名詞
meng	meng	固有名詞
mengwe	mengwe	固有名詞
menhir	menhir	固有名詞
menial	menial	固有名詞
menic	menic	固有名詞
meninx	meninx	固有名詞
menise	menise	固有名詞
menkar	menkar	固有名詞
menkib	menkib	固有名詞
mennom	mennom	固有名詞
mennon	mennon	固有名詞
meno	meno	固有名詞
menow	menow	固有名詞
mens	mens	固有名詞
mensa	mensa	固有名詞
mensae	mensae	固有名詞
mensal	mensal	固有名詞
mensas	mensas	固有名詞
mensch	mensch	固有名詞
mense	mense	固有名詞
mensed	mensed	固有名詞
menses	menses	固有名詞
mensis	mensis	固有名詞
mensk	mensk	固有名詞
ment	ment	固有名詞
menta	menta	固有名詞
mental	mental	固有名詞
mentha	mentha	固有名詞
menthe	menthe	固有名詞
mentis	mentis	固有名詞
mentor	mentor	固有名詞
mentum	mentum	固有名詞
menu	menu	固有名詞
menuki	menuki	固有名詞
menura	menura	固有名詞
menus	menus	固有名詞
meny	meny	固有名詞
menyie	menyie	固有名詞
menzie	menzie	固有名詞
meo	meo	固有名詞
meow	meow	固有名詞
meowed	meowed	固有名詞
meows	meows	固有名詞
meq	meq	固有名詞
mer	mer	固有名詞
merak	merak	固有名詞
merat	merat	固有名詞
merc	merc	固有名詞
mercal	mercal	固有名詞
mercat	mercat	固有名詞
merce	merce	固有名詞
mercer	mercer	固有名詞
merch	merch	固有名詞
merci	merci	固有名詞
mercy	mercy	固有名詞
merd	merd	固有名詞
mere	mere	固有名詞
mered	mered	固有名詞
merel	merel	固有名詞
merels	merels	固有名詞
merely	merely	固有名詞
merer	merer	固有名詞
meres	meres	固有名詞
merest	merest	固有名詞
merge	merge	固有名詞
merged	merged	固有名詞
merger	merger	固有名詞
merges	merges	固有名詞
mergh	mergh	固有名詞
mergus	mergus	固有名詞
meriah	meriah	固有名詞
merice	merice	固有名詞
merida	merida	固有名詞
meril	meril	固有名詞
merino	merino	固有名詞
merism	merism	固有名詞
merist	merist	固有名詞
merit	merit	固有名詞
merits	merits	固有名詞
merk	merk	固有名詞
merkin	merkin	固有名詞
merks	merks	固有名詞
merl	merl	固有名詞
merle	merle	固有名詞
merles	merles	固有名詞
merlin	merlin	固有名詞
merlon	merlon	固有名詞
merls	merls	固有名詞
merman	merman	固有名詞
mermen	mermen	固有名詞
mermis	mermis	固有名詞
mero	mero	固有名詞
merop	merop	固有名詞
merope	merope	固有名詞
merops	merops	固有名詞
meros	meros	固有名詞
merril	merril	固有名詞
merrow	merrow	固有名詞
merry	merry	固有名詞
merse	merse	固有名詞
merton	merton	固有名詞
meruit	meruit	固有名詞
merula	merula	固有名詞
merv	merv	固有名詞
mes	mes	固有名詞
mesa	mesa	固有名詞
mesad	mesad	固有名詞
mesail	mesail	固有名詞
mesal	mesal	固有名詞
mesas	mesas	固有名詞
mescal	mescal	固有名詞
mese	mese	固有名詞
mesel	mesel	固有名詞
mesela	mesela	固有名詞
mesely	mesely	固有名詞
mesem	mesem	固有名詞
mesh	mesh	固有名詞
meshed	meshed	固有名詞
meshes	meshes	固有名詞
meshy	meshy	固有名詞
mesiad	mesiad	固有名詞
mesial	mesial	固有名詞
mesian	mesian	固有名詞
mesic	mesic	固有名詞
mesion	mesion	固有名詞
mesked	mesked	固有名詞
meslen	meslen	固有名詞
mesne	mesne	固有名詞
meso	meso	固有名詞
mesode	mesode	固有名詞
mesole	mesole	固有名詞
meson	meson	固有名詞
mesons	mesons	固有名詞
mesore	mesore	固有名詞
mesost	mesost	固有名詞
mespil	mespil	固有名詞
mespot	mespot	固有名詞
mess	mess	固有名詞
messan	messan	固有名詞
messe	messe	固有名詞
messed	messed	固有名詞
messer	messer	固有名詞
messes	messes	固有名詞
messet	messet	固有名詞
messin	messin	固有名詞
messor	messor	固有名詞
messrs	messrs	固有名詞
messy	messy	固有名詞
mest	mest	固有名詞
mestee	mestee	固有名詞
mester	mester	固有名詞
mesua	mesua	固有名詞
met	met	固有名詞
meta	meta	固有名詞
metad	metad	固有名詞
metae	metae	固有名詞
metage	metage	固有名詞
metal	metal	固有名詞
metall	metall	固有名詞
metals	metals	固有名詞
metaph	metaph	固有名詞
metas	metas	固有名詞
metate	metate	固有名詞
mete	mete	固有名詞
meted	meted	固有名詞
metel	metel	固有名詞
metely	metely	固有名詞
meteor	meteor	固有名詞
metepa	metepa	固有名詞
meter	meter	固有名詞
meters	meters	固有名詞
metes	metes	固有名詞
meth	meth	固有名詞
mether	mether	固有名詞
methid	methid	固有名詞
metho	metho	固有名詞
method	method	固有名詞
methol	methol	固有名詞
meths	meths	固有名詞
methyl	methyl	固有名詞
metic	metic	固有名詞
metier	metier	固有名詞
metif	metif	固有名詞
metin	metin	固有名詞
meting	meting	固有名詞
metis	metis	固有名詞
metoac	metoac	固有名詞
metol	metol	固有名詞
metope	metope	固有名詞
metra	metra	固有名詞
metran	metran	固有名詞
metre	metre	固有名詞
metred	metred	固有名詞
metres	metres	固有名詞
metria	metria	固有名詞
metric	metric	固有名詞
metro	metro	固有名詞
metron	metron	固有名詞
metros	metros	固有名詞
mets	mets	固有名詞
mettar	mettar	固有名詞
mettle	mettle	固有名詞
metump	metump	固有名詞
metus	metus	固有名詞
metze	metze	固有名詞
meu	meu	固有名詞
meum	meum	固有名詞
meuni	meuni	固有名詞
meuse	meuse	固有名詞
meute	meute	固有名詞
mev	mev	固有名詞
mew	mew	固有名詞
meward	meward	固有名詞
mewed	mewed	固有名詞
mewer	mewer	固有名詞
mewing	mewing	固有名詞
mewl	mewl	固有名詞
mewled	mewled	固有名詞
mewler	mewler	固有名詞
mewls	mewls	固有名詞
mews	mews	固有名詞
mexica	mexica	固有名詞
mexico	mexico	固有名詞
mexitl	mexitl	固有名詞
mezail	mezail	固有名詞
mezair	mezair	固有名詞
mezcal	mezcal	固有名詞
mezo	mezo	固有名詞
mezuza	mezuza	固有名詞
mezzo	mezzo	固有名詞
mezzos	mezzos	固有名詞
mfd	mfd	固有名詞
mfg	mfg	固有名詞
mfr	mfr	固有名詞
mgal	mgal	固有名詞
mgd	mgd	固有名詞
mgr	mgr	固有名詞
mgt	mgt	固有名詞
mhg	mhg	固有名詞
mho	mho	固有名詞
mhorr	mhorr	固有名詞
mhos	mhos	固有名詞
mhz	mhz	固有名詞
mia	mia	固有名詞
miacis	miacis	固有名詞
miae	miae	固有名詞
miami	miami	固有名詞
miamia	miamia	固有名詞
mian	mian	固有名詞
miao	miao	固有名詞
miaou	miaou	固有名詞
miaous	miaous	固有名詞
miaow	miaow	固有名詞
miaows	miaows	固有名詞
mias	mias	固有名詞
miasm	miasm	固有名詞
miasma	miasma	固有名詞
miasms	miasms	固有名詞
miauer	miauer	固有名詞
miaul	miaul	固有名詞
miauls	miauls	固有名詞
miauw	miauw	固有名詞
mib	mib	固有名詞
mibs	mibs	固有名詞
mica	mica	固有名詞
micah	micah	固有名詞
micas	micas	固有名詞
micast	micast	固有名詞
micate	micate	固有名詞
mice	mice	固有名詞
micell	micell	固有名詞
miche	miche	固有名詞
miched	miched	固有名詞
michel	michel	固有名詞
micher	micher	固有名詞
micht	micht	固有名詞
mick	mick	固有名詞
mickey	mickey	固有名詞
mickle	mickle	固有名詞
micks	micks	固有名詞
micky	micky	固有名詞
micmac	micmac	固有名詞
mico	mico	固有名詞
micra	micra	固有名詞
micro	micro	固有名詞
micron	micron	固有名詞
micros	micros	固有名詞
microsoft	Microsoft	固有名詞
mid	mid	固有名詞
midair	midair	固有名詞
midas	midas	固有名詞
midday	midday	固有名詞
midden	midden	固有名詞
middes	middes	固有名詞
middle	middle	固有名詞
middy	middy	固有名詞
mide	mide	固有名詞
mider	mider	固有名詞
midge	midge	固有名詞
midges	midges	固有名詞
midget	midget	固有名詞
midgut	midgut	固有名詞
midgy	midgy	固有名詞
midi	midi	固有名詞
midis	midis	固有名詞
midleg	midleg	固有名詞
midn	midn	固有名詞
midpit	midpit	固有名詞
midrib	midrib	固有名詞
mids	mids	固有名詞
midst	midst	固有名詞
midsts	midsts	固有名詞
midtap	midtap	固有名詞
midway	midway	固有名詞
miek	miek	固有名詞
mien	mien	固有名詞
miens	miens	固有名詞
miff	miff	固有名詞
miffed	miffed	固有名詞
miffs	miffs	固有名詞
miffy	miffy	固有名詞
mig	mig	固有名詞
migale	migale	固有名詞
migg	migg	固有名詞
miggle	miggle	固有名詞
miggs	miggs	固有名詞
might	might	固有名詞
mights	mights	固有名詞
mighty	mighty	固有名詞
miglio	miglio	固有名詞
mignon	mignon	固有名詞
migs	migs	固有名詞
miguel	miguel	固有名詞
mihrab	mihrab	固有名詞
mijl	mijl	固有名詞
mikado	mikado	固有名詞
mikael	mikael	固有名詞
mike	mike	固有名詞
miked	miked	固有名詞
mikes	mikes	固有名詞
mikey	mikey	固有名詞
miki	miki	固有名詞
mikie	mikie	固有名詞
miking	miking	固有名詞
mikir	mikir	固有名詞
mikra	mikra	固有名詞
mikron	mikron	固有名詞
mikvah	mikvah	固有名詞
mikveh	mikveh	固有名詞
mil	mil	固有名詞
mila	mila	固有名詞
miladi	miladi	固有名詞
milady	milady	固有名詞
milage	milage	固有名詞
milan	milan	固有名詞
milch	milch	固有名詞
milchy	milchy	固有名詞
mild	mild	固有名詞
milden	milden	固有名詞
milder	milder	固有名詞
mildew	mildew	固有名詞
mildly	mildly	固有名詞
mile	mile	固有名詞
miledh	miledh	固有名詞
miler	miler	固有名詞
milers	milers	固有名詞
miles	miles	固有名詞
milha	milha	固有名詞
milia	milia	固有名詞
milice	milice	固有名詞
milieu	milieu	固有名詞
milit	milit	固有名詞
milium	milium	固有名詞
miljee	miljee	固有名詞
milk	milk	固有名詞
milked	milked	固有名詞
milken	milken	固有名詞
milker	milker	固有名詞
milko	milko	固有名詞
milks	milks	固有名詞
milky	milky	固有名詞
mill	mill	固有名詞
milla	milla	固有名詞
mille	mille	固有名詞
milled	milled	固有名詞
miller	miller	固有名詞
milles	milles	固有名詞
millet	millet	固有名詞
millie	millie	固有名詞
mills	mills	固有名詞
milly	milly	固有名詞
milner	milner	固有名詞
milo	milo	固有名詞
milor	milor	固有名詞
milord	milord	固有名詞
milos	milos	固有名詞
milpa	milpa	固有名詞
milpas	milpas	固有名詞
mils	mils	固有名詞
milsey	milsey	固有名詞
milsie	milsie	固有名詞
milt	milt	固有名詞
milted	milted	固有名詞
milter	milter	固有名詞
milton	milton	固有名詞
miltos	miltos	固有名詞
milts	milts	固有名詞
milty	milty	固有名詞
milvus	milvus	固有名詞
mim	mim	固有名詞
mima	mima	固有名詞
mimbar	mimbar	固有名詞
mimble	mimble	固有名詞
mime	mime	固有名詞
mimed	mimed	固有名詞
mimeo	mimeo	固有名詞
mimeos	mimeos	固有名詞
mimer	mimer	固有名詞
mimers	mimers	固有名詞
mimes	mimes	固有名詞
mimi	mimi	固有名詞
mimic	mimic	固有名詞
mimics	mimics	固有名詞
mimine	mimine	固有名詞
miming	miming	固有名詞
mimir	mimir	固有名詞
mimish	mimish	固有名詞
mimly	mimly	固有名詞
mimmed	mimmed	固有名詞
mimosa	mimosa	固有名詞
mimp	mimp	固有名詞
mimpei	mimpei	固有名詞
mimsey	mimsey	固有名詞
mimsy	mimsy	固有名詞
mimus	mimus	固有名詞
mimzy	mimzy	固有名詞
min	min	固有名詞
mina	mina	固有名詞
minae	minae	固有名詞
minah	minah	固有名詞
minar	minar	固有名詞
minas	minas	固有名詞
minbar	minbar	固有名詞
minbu	minbu	固有名詞
mince	mince	固有名詞
minced	minced	固有名詞
mincer	mincer	固有名詞
minces	minces	固有名詞
mincio	mincio	固有名詞
mincy	mincy	固有名詞
mind	mind	固有名詞
minded	minded	固有名詞
mindel	mindel	固有名詞
minder	minder	固有名詞
mindly	mindly	固有名詞
minds	minds	固有名詞
mine	mine	固有名詞
mined	mined	固有名詞
miner	miner	固有名詞
miners	miners	固有名詞
minery	minery	固有名詞
mines	mines	固有名詞
ming	ming	固有名詞
minge	minge	固有名詞
mingie	mingie	固有名詞
mingle	mingle	固有名詞
mingo	mingo	固有名詞
mingy	mingy	固有名詞
minhag	minhag	固有名詞
minhah	minhah	固有名詞
mini	mini	固有名詞
minie	minie	固有名詞
minify	minify	固有名詞
minim	minim	固有名詞
minima	minima	固有名詞
minimi	minimi	固有名詞
minims	minims	固有名詞
mining	mining	固有名詞
minion	minion	固有名詞
minis	minis	固有名詞
minish	minish	固有名詞
minium	minium	固有名詞
mink	mink	固有名詞
minks	minks	固有名詞
minnie	minnie	固有名詞
minnow	minnow	固有名詞
minny	minny	固有名詞
mino	mino	固有名詞
minoan	minoan	固有名詞
minor	minor	固有名詞
minora	minora	固有名詞
minors	minors	固有名詞
minos	minos	固有名詞
minot	minot	固有名詞
minow	minow	固有名詞
mins	mins	固有名詞
mint	mint	固有名詞
minted	minted	固有名詞
minter	minter	固有名詞
mints	mints	固有名詞
minty	minty	固有名詞
minuet	minuet	固有名詞
minum	minum	固有名詞
minus	minus	固有名詞
minute	minute	固有名詞
minx	minx	固有名詞
minxes	minxes	固有名詞
miny	miny	固有名詞
minyae	minyae	固有名詞
minyan	minyan	固有名詞
minyas	minyas	固有名詞
miombo	miombo	固有名詞
mioses	mioses	固有名詞
miosis	miosis	固有名詞
miotic	miotic	固有名詞
mips	mips	固有名詞
miqra	miqra	固有名詞
mir	mir	固有名詞
mira	mira	固有名詞
mirac	mirac	固有名詞
mirach	mirach	固有名詞
mirage	mirage	固有名詞
miragy	miragy	固有名詞
mirak	mirak	固有名詞
mirana	mirana	固有名詞
mirate	mirate	固有名詞
mird	mird	固有名詞
mirdha	mirdha	固有名詞
mire	mire	固有名詞
mired	mired	固有名詞
mires	mires	固有名詞
mirex	mirex	固有名詞
mirfak	mirfak	固有名詞
miri	miri	固有名詞
miriam	miriam	固有名詞
mirid	mirid	固有名詞
mirier	mirier	固有名詞
miriki	miriki	固有名詞
miring	miring	固有名詞
mirish	mirish	固有名詞
mirk	mirk	固有名詞
mirker	mirker	固有名詞
mirkly	mirkly	固有名詞
mirks	mirks	固有名詞
mirky	mirky	固有名詞
mirled	mirled	固有名詞
mirly	mirly	固有名詞
miro	miro	固有名詞
mirror	mirror	固有名詞
mirs	mirs	固有名詞
mirth	mirth	固有名詞
mirths	mirths	固有名詞
mirv	mirv	固有名詞
mirvs	mirvs	固有名詞
miry	miry	固有名詞
mirza	mirza	固有名詞
mirzas	mirzas	固有名詞
mis	mis	固有名詞
misact	misact	固有名詞
misadd	misadd	固有名詞
misaim	misaim	固有名詞
misate	misate	固有名詞
misc	misc	固有名詞
miscal	miscal	固有名詞
misce	misce	固有名詞
miscue	miscue	固有名詞
miscut	miscut	固有名詞
misdid	misdid	固有名詞
misdo	misdo	固有名詞
mise	mise	固有名詞
miseat	miseat	固有名詞
miser	miser	固有名詞
misere	misere	固有名詞
misers	misers	固有名詞
misery	misery	固有名詞
mises	mises	固有名詞
misfit	misfit	固有名詞
misgo	misgo	固有名詞
misgye	misgye	固有名詞
mishap	mishap	固有名詞
mishit	mishit	固有名詞
mishmi	mishmi	固有名詞
misima	misima	固有名詞
miskal	miskal	固有名詞
misken	misken	固有名詞
miskin	miskin	固有名詞
misky	misky	固有名詞
mislay	mislay	固有名詞
misled	misled	固有名詞
mislen	mislen	固有名詞
mislie	mislie	固有名詞
mislin	mislin	固有名詞
mislit	mislit	固有名詞
misly	misly	固有名詞
mismet	mismet	固有名詞
miso	miso	固有名詞
misos	misos	固有名詞
mispay	mispay	固有名詞
mispen	mispen	固有名詞
misput	misput	固有名詞
misrun	misrun	固有名詞
miss	miss	固有名詞
missa	missa	固有名詞
missal	missal	固有名詞
missay	missay	固有名詞
missed	missed	固有名詞
missel	missel	固有名詞
misses	misses	固有名詞
misset	misset	固有名詞
missis	missis	固有名詞
missit	missit	固有名詞
missus	missus	固有名詞
missy	missy	固有名詞
mist	mist	固有名詞
mistal	mistal	固有名詞
misted	misted	固有名詞
mister	mister	固有名詞
mistic	mistic	固有名詞
mistle	mistle	固有名詞
mistry	mistry	固有名詞
mists	mists	固有名詞
misty	misty	固有名詞
misura	misura	固有名詞
misuse	misuse	固有名詞
misway	misway	固有名詞
miswed	miswed	固有名詞
misy	misy	固有名詞
mit	mit	固有名詞
mitch	mitch	固有名詞
mite	mite	固有名詞
miter	miter	固有名詞
miters	miters	固有名詞
mites	mites	固有名詞
mithan	mithan	固有名詞
mither	mither	固有名詞
mithra	mithra	固有名詞
mitier	mitier	固有名詞
miting	miting	固有名詞
mitis	mitis	固有名詞
mitome	mitome	固有名詞
mitra	mitra	固有名詞
mitral	mitral	固有名詞
mitre	mitre	固有名詞
mitred	mitred	固有名詞
mitrer	mitrer	固有名詞
mitres	mitres	固有名詞
mitt	mitt	固有名詞
mitten	mitten	固有名詞
mittle	mittle	固有名詞
mitts	mitts	固有名詞
mitty	mitty	固有名詞
mitu	mitu	固有名詞
mitua	mitua	固有名詞
mity	mity	固有名詞
miurus	miurus	固有名詞
mix	mix	固有名詞
mixe	mixe	固有名詞
mixed	mixed	固有名詞
mixen	mixen	固有名詞
mixer	mixer	固有名詞
mixers	mixers	固有名詞
mixes	mixes	固有名詞
mixing	mixing	固有名詞
mixite	mixite	固有名詞
mixt	mixt	固有名詞
mixtec	mixtec	固有名詞
mixup	mixup	固有名詞
mixups	mixups	固有名詞
mixy	mixy	固有名詞
mizar	mizar	固有名詞
mize	mize	固有名詞
mizen	mizen	固有名詞
mizens	mizens	固有名詞
mizpah	mizpah	固有名詞
mizrah	mizrah	固有名詞
mizzen	mizzen	固有名詞
mizzle	mizzle	固有名詞
mizzly	mizzly	固有名詞
mizzy	mizzy	固有名詞
mks	mks	固有名詞
mkt	mkt	固有名詞
mktg	mktg	固有名詞
mlange	mlange	固有名詞
mlx	mlx	固有名詞
mmf	mmf	固有名詞
mmfd	mmfd	固有名詞
mmmm	mmmm	固有名詞
mna	mna	固有名詞
mnage	mnage	固有名詞
mnem	mnem	固有名詞
mneme	mneme	固有名詞
mnemic	mnemic	固有名詞
mnesic	mnesic	固有名詞
mnevis	mnevis	固有名詞
mnioid	mnioid	固有名詞
mnium	mnium	固有名詞
moa	moa	固有名詞
moan	moan	固有名詞
moaned	moaned	固有名詞
moans	moans	固有名詞
moaria	moaria	固有名詞
moas	moas	固有名詞
moat	moat	固有名詞
moated	moated	固有名詞
moats	moats	固有名詞
mob	mob	固有名詞
mobbed	mobbed	固有名詞
mobber	mobber	固有名詞
mobbie	mobbie	固有名詞
mobble	mobble	固有名詞
mobby	mobby	固有名詞
mobcap	mobcap	固有名詞
mobed	mobed	固有名詞
mobil	mobil	固有名詞
mobile	mobile	固有名詞
moble	moble	固有名詞
mobs	mobs	固有名詞
mobula	mobula	固有名詞
moc	moc	固有名詞
moca	moca	固有名詞
mocha	mocha	固有名詞
mochas	mochas	固有名詞
moche	moche	固有名詞
mochel	mochel	固有名詞
mochy	mochy	固有名詞
mock	mock	固有名詞
mocked	mocked	固有名詞
mocker	mocker	固有名詞
mocks	mocks	固有名詞
mockup	mockup	固有名詞
moco	moco	固有名詞
mocoa	mocoa	固有名詞
mocoan	mocoan	固有名詞
mocock	mocock	固有名詞
mocuck	mocuck	固有名詞
mod	mod	固有名詞
modal	modal	固有名詞
modder	modder	固有名詞
mode	mode	固有名詞
model	model	固有名詞
models	models	固有名詞
modem	modem	固有名詞
modems	modems	固有名詞
modena	modena	固有名詞
moder	moder	固有名詞
modern	modern	固有名詞
modes	modes	固有名詞
modest	modest	固有名詞
modge	modge	固有名詞
modi	modi	固有名詞
modica	modica	固有名詞
modif	modif	固有名詞
modify	modify	固有名詞
modili	modili	固有名詞
modish	modish	固有名詞
modist	modist	固有名詞
modius	modius	固有名詞
modo	modo	固有名詞
modoc	modoc	固有名詞
modred	modred	固有名詞
mods	mods	固有名詞
modula	modula	固有名詞
module	module	固有名詞
moduli	moduli	固有名詞
modulo	modulo	固有名詞
modus	modus	固有名詞
mody	mody	固有名詞
moe	moe	固有名詞
moeble	moeble	固有名詞
moeck	moeck	固有名詞
moed	moed	固有名詞
moet	moet	固有名詞
moeurs	moeurs	固有名詞
moff	moff	固有名詞
moffle	moffle	固有名詞
mog	mog	固有名詞
mogdad	mogdad	固有名詞
moggan	moggan	固有名詞
mogged	mogged	固有名詞
moggio	moggio	固有名詞
moggy	moggy	固有名詞
moghan	moghan	固有名詞
moghul	moghul	固有名詞
mogo	mogo	固有名詞
mogos	mogos	固有名詞
mogote	mogote	固有名詞
mogs	mogs	固有名詞
moguey	moguey	固有名詞
mogul	mogul	固有名詞
moguls	moguls	固有名詞
moha	moha	固有名詞
mohair	mohair	固有名詞
mohar	mohar	固有名詞
mohave	mohave	固有名詞
mohawk	mohawk	固有名詞
mohel	mohel	固有名詞
mohels	mohels	固有名詞
mohism	mohism	固有名詞
moho	moho	固有名詞
mohock	mohock	固有名詞
mohos	mohos	固有名詞
mohr	mohr	固有名詞
mohur	mohur	固有名詞
mohurs	mohurs	固有名詞
mohwa	mohwa	固有名詞
moi	moi	固有名詞
moid	moid	固有名詞
moider	moider	固有名詞
moier	moier	固有名詞
moiest	moiest	固有名詞
moiety	moiety	固有名詞
moil	moil	固有名詞
moile	moile	固有名詞
moiled	moiled	固有名詞
moiler	moiler	固有名詞
moiles	moiles	固有名詞
moiley	moiley	固有名詞
moils	moils	固有名詞
moio	moio	固有名詞
moir	moir	固有名詞
moira	moira	固有名詞
moirai	moirai	固有名詞
moire	moire	固有名詞
moires	moires	固有名詞
moise	moise	固有名詞
moism	moism	固有名詞
moison	moison	固有名詞
moist	moist	固有名詞
moisty	moisty	固有名詞
moit	moit	固有名詞
moity	moity	固有名詞
mojo	mojo	固有名詞
mojos	mojos	固有名詞
moke	moke	固有名詞
mokes	mokes	固有名詞
moki	moki	固有名詞
mokihi	mokihi	固有名詞
moko	moko	固有名詞
moksha	moksha	固有名詞
mokum	mokum	固有名詞
moky	moky	固有名詞
mol	mol	固有名詞
mola	mola	固有名詞
molal	molal	固有名詞
molala	molala	固有名詞
molar	molar	固有名詞
molars	molars	固有名詞
molary	molary	固有名詞
molas	molas	固有名詞
molave	molave	固有名詞
mold	mold	固有名詞
molded	molded	固有名詞
molder	molder	固有名詞
molds	molds	固有名詞
moldy	moldy	固有名詞
mole	mole	固有名詞
moler	moler	固有名詞
moles	moles	固有名詞
molest	molest	固有名詞
molet	molet	固有名詞
molge	molge	固有名詞
molies	molies	固有名詞
molify	molify	固有名詞
moline	moline	固有名詞
moling	moling	固有名詞
molka	molka	固有名詞
moll	moll	固有名詞
molla	molla	固有名詞
mollah	mollah	固有名詞
molle	molle	固有名詞
molles	molles	固有名詞
mollie	mollie	固有名詞
molls	molls	固有名詞
molly	molly	固有名詞
molman	molman	固有名詞
molmen	molmen	固有名詞
moloch	moloch	固有名詞
moloid	moloid	固有名詞
molpe	molpe	固有名詞
mols	mols	固有名詞
molt	molt	固有名詞
molted	molted	固有名詞
molten	molten	固有名詞
molter	molter	固有名詞
molto	molto	固有名詞
molts	molts	固有名詞
molvi	molvi	固有名詞
moly	moly	固有名詞
mom	mom	固有名詞
mombin	mombin	固有名詞
momble	momble	固有名詞
mome	mome	固有名詞
moment	moment	固有名詞
momes	momes	固有名詞
momi	momi	固有名詞
momish	momish	固有名詞
momism	momism	固有名詞
momist	momist	固有名詞
momma	momma	固有名詞
mommas	mommas	固有名詞
momme	momme	固有名詞
mommer	mommer	固有名詞
mommet	mommet	固有名詞
mommy	mommy	固有名詞
momo	momo	固有名詞
moms	moms	固有名詞
momser	momser	固有名詞
momus	momus	固有名詞
momzer	momzer	固有名詞
mon	mon	固有名詞
mona	mona	固有名詞
monach	monach	固有名詞
monaco	monaco	固有名詞
monact	monact	固有名詞
monad	monad	固有名詞
monads	monads	固有名詞
monal	monal	固有名詞
monas	monas	固有名詞
monasa	monasa	固有名詞
monase	monase	固有名詞
monaul	monaul	固有名詞
monax	monax	固有名詞
monday	monday	固有名詞
monde	monde	固有名詞
mondes	mondes	固有名詞
mondo	mondo	固有名詞
mondos	mondos	固有名詞
mone	mone	固有名詞
monel	monel	固有名詞
moneme	moneme	固有名詞
moner	moner	固有名詞
monera	monera	固有名詞
monest	monest	固有名詞
moneth	moneth	固有名詞
money	money	固有名詞
moneys	moneys	固有名詞
mong	mong	固有名詞
monger	monger	固有名詞
mongo	mongo	固有名詞
mongoe	mongoe	固有名詞
mongol	mongol	固有名詞
mongos	mongos	固有名詞
mongst	mongst	固有名詞
monial	monial	固有名詞
monias	monias	固有名詞
monic	monic	固有名詞
monica	monica	固有名詞
monie	monie	固有名詞
monied	monied	固有名詞
monier	monier	固有名詞
monies	monies	固有名詞
monish	monish	固有名詞
monism	monism	固有名詞
monist	monist	固有名詞
monk	monk	固有名詞
monkey	monkey	固有名詞
monkly	monkly	固有名詞
monks	monks	固有名詞
monny	monny	固有名詞
mono	mono	固有名詞
monody	monody	固有名詞
monoid	monoid	固有名詞
monont	monont	固有名詞
monos	monos	固有名詞
monose	monose	固有名詞
monroe	monroe	固有名詞
mons	mons	固有名詞
monsia	monsia	固有名詞
mont	mont	固有名詞
monte	monte	固有名詞
montem	montem	固有名詞
montes	montes	固有名詞
month	month	固有名詞
months	months	固有名詞
montia	montia	固有名詞
monton	monton	固有名詞
montre	montre	固有名詞
montu	montu	固有名詞
monty	monty	固有名詞
mony	mony	固有名詞
moo	moo	固有名詞
moocah	moocah	固有名詞
mooch	mooch	固有名詞
moocha	moocha	固有名詞
mood	mood	固有名詞
mooder	mooder	固有名詞
moodir	moodir	固有名詞
moodle	moodle	固有名詞
moods	moods	固有名詞
moody	moody	固有名詞
mooed	mooed	固有名詞
mooing	mooing	固有名詞
mool	mool	固有名詞
moola	moola	固有名詞
moolah	moolah	固有名詞
moolas	moolas	固有名詞
moolet	moolet	固有名詞
mooley	mooley	固有名詞
mools	mools	固有名詞
moolum	moolum	固有名詞
moolvi	moolvi	固有名詞
moon	moon	固有名詞
moonal	moonal	固有名詞
mooned	mooned	固有名詞
mooner	mooner	固有名詞
moonet	moonet	固有名詞
moong	moong	固有名詞
moonie	moonie	固有名詞
moonja	moonja	固有名詞
moons	moons	固有名詞
moony	moony	固有名詞
moop	moop	固有名詞
moor	moor	固有名詞
moore	moore	固有名詞
moored	moored	固有名詞
moorn	moorn	固有名詞
moors	moors	固有名詞
mooruk	mooruk	固有名詞
moorup	moorup	固有名詞
moory	moory	固有名詞
moos	moos	固有名詞
moosa	moosa	固有名詞
moose	moose	固有名詞
moosey	moosey	固有名詞
moost	moost	固有名詞
moot	moot	固有名詞
mootch	mootch	固有名詞
mooted	mooted	固有名詞
mooter	mooter	固有名詞
mooth	mooth	固有名詞
moots	moots	固有名詞
mop	mop	固有名詞
mopan	mopan	固有名詞
mopane	mopane	固有名詞
mopani	mopani	固有名詞
mope	mope	固有名詞
moped	moped	固有名詞
mopeds	mopeds	固有名詞
moper	moper	固有名詞
mopers	mopers	固有名詞
mopery	mopery	固有名詞
mopes	mopes	固有名詞
mopey	mopey	固有名詞
moph	moph	固有名詞
mopier	mopier	固有名詞
moping	moping	固有名詞
mopish	mopish	固有名詞
mopla	mopla	固有名詞
moplah	moplah	固有名詞
mopoke	mopoke	固有名詞
mopped	mopped	固有名詞
mopper	mopper	固有名詞
moppet	moppet	固有名詞
moppy	moppy	固有名詞
mops	mops	固有名詞
mopsey	mopsey	固有名詞
mopsy	mopsy	固有名詞
mopus	mopus	固有名詞
mopy	mopy	固有名詞
moqui	moqui	固有名詞
mor	mor	固有名詞
mora	mora	固有名詞
morada	morada	固有名詞
morae	morae	固有名詞
moraea	moraea	固有名詞
moral	moral	固有名詞
morale	morale	固有名詞
morals	morals	固有名詞
moran	moran	固有名詞
moras	moras	固有名詞
morass	morass	固有名詞
morat	morat	固有名詞
morate	morate	固有名詞
moray	moray	固有名詞
morays	morays	固有名詞
morbid	morbid	固有名詞
morbus	morbus	固有名詞
morcha	morcha	固有名詞
mord	mord	固有名詞
mordu	mordu	固有名詞
mordv	mordv	固有名詞
mordva	mordva	固有名詞
more	more	固有名詞
moreen	moreen	固有名詞
morel	morel	固有名詞
morels	morels	固有名詞
morena	morena	固有名詞
mores	mores	固有名詞
morg	morg	固有名詞
morga	morga	固有名詞
morgan	morgan	固有名詞
morgay	morgay	固有名詞
morgen	morgen	固有名詞
morgue	morgue	固有名詞
morian	morian	固有名詞
moric	moric	固有名詞
morice	morice	固有名詞
morin	morin	固有名詞
morion	morion	固有名詞
morish	morish	固有名詞
morkin	morkin	固有名詞
morlop	morlop	固有名詞
mormal	mormal	固有名詞
mormo	mormo	固有名詞
mormon	mormon	固有名詞
mormyr	mormyr	固有名詞
morn	morn	固有名詞
mornay	mornay	固有名詞
morne	morne	固有名詞
morned	morned	固有名詞
morns	morns	固有名詞
moro	moro	固有名詞
moroc	moroc	固有名詞
moron	moron	固有名詞
morone	morone	固有名詞
morong	morong	固有名詞
morons	morons	固有名詞
moror	moror	固有名詞
morose	morose	固有名詞
morph	morph	固有名詞
morpho	morpho	固有名詞
morphs	morphs	固有名詞
morra	morra	固有名詞
morral	morral	固有名詞
morris	morris	固有名詞
morro	morro	固有名詞
morros	morros	固有名詞
morrow	morrow	固有名詞
mors	mors	固有名詞
morsal	morsal	固有名詞
morse	morse	固有名詞
morsel	morsel	固有名詞
mort	mort	固有名詞
mortal	mortal	固有名詞
mortar	mortar	固有名詞
mortem	mortem	固有名詞
morth	morth	固有名詞
mortis	mortis	固有名詞
morton	morton	固有名詞
morts	morts	固有名詞
morula	morula	固有名詞
morule	morule	固有名詞
morus	morus	固有名詞
morvin	morvin	固有名詞
morw	morw	固有名詞
mos	mos	固有名詞
mosaic	mosaic	固有名詞
mosan	mosan	固有名詞
moschi	moschi	固有名詞
moscow	moscow	固有名詞
mose	mose	固有名詞
mosel	mosel	固有名詞
moses	moses	固有名詞
mosey	mosey	固有名詞
moseys	moseys	固有名詞
mosgu	mosgu	固有名詞
moshav	moshav	固有名詞
mosk	mosk	固有名詞
mosker	mosker	固有名詞
mosks	mosks	固有名詞
moslem	moslem	固有名詞
mosque	mosque	固有名詞
moss	moss	固有名詞
mossed	mossed	固有名詞
mosser	mosser	固有名詞
mosses	mosses	固有名詞
mossi	mossi	固有名詞
mossie	mossie	固有名詞
mosso	mosso	固有名詞
mossy	mossy	固有名詞
most	most	固有名詞
moste	moste	固有名詞
mostic	mostic	固有名詞
mostly	mostly	固有名詞
mostra	mostra	固有名詞
mosts	mosts	固有名詞
mosul	mosul	固有名詞
mosur	mosur	固有名詞
mot	mot	固有名詞
mota	mota	固有名詞
mote	mote	固有名詞
moted	moted	固有名詞
motel	motel	固有名詞
motels	motels	固有名詞
moter	moter	固有名詞
motes	motes	固有名詞
motet	motet	固有名詞
motets	motets	固有名詞
motey	motey	固有名詞
moth	moth	固有名詞
mothed	mothed	固有名詞
mother	mother	固有名詞
moths	moths	固有名詞
mothy	mothy	固有名詞
motif	motif	固有名詞
motifs	motifs	固有名詞
motile	motile	固有名詞
motion	motion	固有名詞
motive	motive	固有名詞
motivo	motivo	固有名詞
motley	motley	固有名詞
motmot	motmot	固有名詞
moton	moton	固有名詞
motor	motor	固有名詞
motors	motors	固有名詞
motory	motory	固有名詞
mots	mots	固有名詞
mott	mott	固有名詞
motte	motte	固有名詞
mottes	mottes	固有名詞
mottle	mottle	固有名詞
motto	motto	固有名詞
mottos	mottos	固有名詞
motts	motts	固有名詞
motty	motty	固有名詞
motyka	motyka	固有名詞
mou	mou	固有名詞
mouch	mouch	固有名詞
mouche	mouche	固有名詞
moud	moud	固有名詞
moudie	moudie	固有名詞
moudy	moudy	固有名詞
moue	moue	固有名詞
moues	moues	固有名詞
mought	mought	固有名詞
mouill	mouill	固有名詞
moujik	moujik	固有名詞
moul	moul	固有名詞
mould	mould	固有名詞
moulds	moulds	固有名詞
mouldy	mouldy	固有名詞
moule	moule	固有名詞
moulin	moulin	固有名詞
mouls	mouls	固有名詞
moult	moult	固有名詞
moults	moults	固有名詞
moulvi	moulvi	固有名詞
mouly	mouly	固有名詞
moun	moun	固有名詞
mound	mound	固有名詞
mounds	mounds	固有名詞
moundy	moundy	固有名詞
mount	mount	固有名詞
mounts	mounts	固有名詞
mounty	mounty	固有名詞
moup	moup	固有名詞
mourn	mourn	固有名詞
mourne	mourne	固有名詞
mourns	mourns	固有名詞
mouse	mouse	固有名詞
moused	moused	固有名詞
mousee	mousee	固有名詞
mouser	mouser	固有名詞
mouses	mouses	固有名詞
mousey	mousey	固有名詞
mousle	mousle	固有名詞
mousme	mousme	固有名詞
mousse	mousse	固有名詞
mousy	mousy	固有名詞
mout	mout	固有名詞
moutan	moutan	固有名詞
mouth	mouth	固有名詞
mouthe	mouthe	固有名詞
mouths	mouths	固有名詞
mouthy	mouthy	固有名詞
mouton	mouton	固有名詞
mouzah	mouzah	固有名詞
movant	movant	固有名詞
move	move	固有名詞
moved	moved	固有名詞
movent	movent	固有名詞
mover	mover	固有名詞
movers	movers	固有名詞
moves	moves	固有名詞
movie	movie	固有名詞
movies	movies	固有名詞
moving	moving	固有名詞
mow	mow	固有名詞
mowana	mowana	固有名詞
mowch	mowch	固有名詞
mowcht	mowcht	固有名詞
mowe	mowe	固有名詞
mowed	mowed	固有名詞
mower	mower	固有名詞
mowers	mowers	固有名詞
mowha	mowha	固有名詞
mowhay	mowhay	固有名詞
mowie	mowie	固有名詞
mowing	mowing	固有名詞
mown	mown	固有名詞
mowra	mowra	固有名詞
mowrah	mowrah	固有名詞
mows	mows	固有名詞
mowse	mowse	固有名詞
mowt	mowt	固有名詞
mowth	mowth	固有名詞
moxa	moxa	固有名詞
moxas	moxas	固有名詞
moxie	moxie	固有名詞
moxies	moxies	固有名詞
moxo	moxo	固有名詞
moy	moy	固有名詞
moya	moya	固有名詞
moyen	moyen	固有名詞
moyite	moyite	固有名詞
moyl	moyl	固有名詞
moyle	moyle	固有名詞
moyo	moyo	固有名詞
mozart	mozart	固有名詞
moze	moze	固有名詞
mozing	mozing	固有名詞
mozo	mozo	固有名詞
mozos	mozos	固有名詞
mpb	mpb	固有名詞
mpbs	mpbs	固有名詞
mpg	mpg	固有名詞
mph	mph	固有名詞
mphps	mphps	固有名詞
mpondo	mpondo	固有名詞
mpret	mpret	固有名詞
mrem	mrem	固有名詞
mrs	mrs	固有名詞
mru	mru	固有名詞
msec	msec	固有名詞
msg	msg	固有名詞
msink	msink	固有名詞
msl	msl	固有名詞
mss	mss	固有名詞
mster	mster	固有名詞
mtd	mtd	固有名詞
mtg	mtg	固有名詞
mtge	mtge	固有名詞
mtier	mtier	固有名詞
mtn	mtn	固有名詞
mts	mts	固有名詞
mtscmd	mtscmd	固有名詞
mtx	mtx	固有名詞
muang	muang	固有名詞
mucago	mucago	固有名詞
mucaro	mucaro	固有名詞
mucate	mucate	固有名詞
much	much	固有名詞
muchel	muchel	固有名詞
muches	muches	固有名詞
muchly	muchly	固有名詞
mucic	mucic	固有名詞
mucid	mucid	固有名詞
mucin	mucin	固有名詞
mucins	mucins	固有名詞
muck	muck	固有名詞
mucked	mucked	固有名詞
mucker	mucker	固有名詞
mucket	mucket	固有名詞
muckle	muckle	固有名詞
muckna	muckna	固有名詞
mucks	mucks	固有名詞
mucksy	mucksy	固有名詞
mucky	mucky	固有名詞
mucluc	mucluc	固有名詞
mucoid	mucoid	固有名詞
mucor	mucor	固有名詞
mucors	mucors	固有名詞
mucosa	mucosa	固有名詞
mucose	mucose	固有名詞
mucous	mucous	固有名詞
mucro	mucro	固有名詞
mucuna	mucuna	固有名詞
mucus	mucus	固有名詞
mud	mud	固有名詞
mudar	mudar	固有名詞
mudcap	mudcap	固有名詞
mudcat	mudcat	固有名詞
mudd	mudd	固有名詞
mudde	mudde	固有名詞
mudded	mudded	固有名詞
mudden	mudden	固有名詞
mudder	mudder	固有名詞
muddle	muddle	固有名詞
muddy	muddy	固有名詞
mudee	mudee	固有名詞
mudfat	mudfat	固有名詞
mudir	mudir	固有名詞
mudra	mudra	固有名詞
mudras	mudras	固有名詞
muds	muds	固有名詞
muermo	muermo	固有名詞
muesli	muesli	固有名詞
muette	muette	固有名詞
muff	muff	固有名詞
muffed	muffed	固有名詞
muffer	muffer	固有名詞
muffet	muffet	固有名詞
muffin	muffin	固有名詞
muffle	muffle	固有名詞
muffs	muffs	固有名詞
muffy	muffy	固有名詞
mufti	mufti	固有名詞
muftis	muftis	固有名詞
mufty	mufty	固有名詞
mug	mug	固有名詞
muga	muga	固有名詞
mugful	mugful	固有名詞
mugg	mugg	固有名詞
muggar	muggar	固有名詞
mugged	mugged	固有名詞
mugger	mugger	固有名詞
mugget	mugget	固有名詞
muggs	muggs	固有名詞
muggur	muggur	固有名詞
muggy	muggy	固有名詞
mugho	mugho	固有名詞
mugil	mugil	固有名詞
mugs	mugs	固有名詞
muguet	muguet	固有名詞
mugwet	mugwet	固有名詞
muhly	muhly	固有名詞
muid	muid	固有名詞
muilla	muilla	固有名詞
muir	muir	固有名詞
muist	muist	固有名詞
mujik	mujik	固有名詞
mujiks	mujiks	固有名詞
mukade	mukade	固有名詞
mukden	mukden	固有名詞
mukluk	mukluk	固有名詞
mukri	mukri	固有名詞
muktar	muktar	固有名詞
mukti	mukti	固有名詞
muktuk	muktuk	固有名詞
mulada	mulada	固有名詞
muladi	muladi	固有名詞
mulch	mulch	固有名詞
mulct	mulct	固有名詞
mulcts	mulcts	固有名詞
mulder	mulder	固有名詞
mule	mule	固有名詞
muled	muled	固有名詞
mules	mules	固有名詞
mulet	mulet	固有名詞
muleta	muleta	固有名詞
muley	muley	固有名詞
muleys	muleys	固有名詞
mulga	mulga	固有名詞
mulier	mulier	固有名詞
muling	muling	固有名詞
mulish	mulish	固有名詞
mulism	mulism	固有名詞
mulita	mulita	固有名詞
mulk	mulk	固有名詞
mull	mull	固有名詞
mulla	mulla	固有名詞
mullah	mullah	固有名詞
mullar	mullar	固有名詞
mullas	mullas	固有名詞
mulled	mulled	固有名詞
mullen	mullen	固有名詞
muller	muller	固有名詞
mullet	mullet	固有名詞
mulley	mulley	固有名詞
mullid	mullid	固有名詞
mulls	mulls	固有名詞
mulm	mulm	固有名詞
mulmul	mulmul	固有名詞
mulse	mulse	固有名詞
mult	mult	固有名詞
multi	multi	固有名詞
multo	multo	固有名詞
multum	multum	固有名詞
mulvel	mulvel	固有名詞
mum	mum	固有名詞
mumble	mumble	固有名詞
mumbo	mumbo	固有名詞
mume	mume	固有名詞
mumm	mumm	固有名詞
mummed	mummed	固有名詞
mummer	mummer	固有名詞
mummia	mummia	固有名詞
mumms	mumms	固有名詞
mummy	mummy	固有名詞
mump	mump	固有名詞
mumped	mumped	固有名詞
mumper	mumper	固有名詞
mumps	mumps	固有名詞
mums	mums	固有名詞
mumsy	mumsy	固有名詞
mun	mun	固有名詞
munch	munch	固有名詞
munchy	munchy	固有名詞
mund	mund	固有名詞
munda	munda	固有名詞
mundal	mundal	固有名詞
mundic	mundic	固有名詞
mundil	mundil	固有名詞
mundle	mundle	固有名詞
mung	mung	固有名詞
munga	munga	固有名詞
munge	munge	固有名詞
munger	munger	固有名詞
mungey	mungey	固有名詞
mungo	mungo	固有名詞
mungos	mungos	固有名詞
mungy	mungy	固有名詞
munia	munia	固有名詞
munic	munic	固有名詞
munich	munich	固有名詞
munify	munify	固有名詞
munite	munite	固有名詞
munity	munity	固有名詞
munj	munj	固有名詞
muns	muns	固有名詞
munsee	munsee	固有名詞
munshi	munshi	固有名詞
munsif	munsif	固有名詞
munt	munt	固有名詞
muntin	muntin	固有名詞
muntz	muntz	固有名詞
muon	muon	固有名詞
muong	muong	固有名詞
muonic	muonic	固有名詞
muons	muons	固有名詞
mura	mura	固有名詞
murage	murage	固有名詞
mural	mural	固有名詞
murals	murals	固有名詞
muran	muran	固有名詞
muras	muras	固有名詞
murat	murat	固有名詞
murchy	murchy	固有名詞
murder	murder	固有名詞
mure	mure	固有名詞
mured	mured	固有名詞
murein	murein	固有名詞
mures	mures	固有名詞
murex	murex	固有名詞
murga	murga	固有名詞
murid	murid	固有名詞
murids	murids	固有名詞
muriel	muriel	固有名詞
murine	murine	固有名詞
muring	muring	固有名詞
muriti	muriti	固有名詞
murium	murium	固有名詞
murk	murk	固有名詞
murker	murker	固有名詞
murkly	murkly	固有名詞
murks	murks	固有名詞
murky	murky	固有名詞
murlin	murlin	固有名詞
murly	murly	固有名詞
murmi	murmi	固有名詞
murmur	murmur	固有名詞
muroid	muroid	固有名詞
murph	murph	固有名詞
murphy	murphy	固有名詞
murr	murr	固有名詞
murra	murra	固有名詞
murrah	murrah	固有名詞
murral	murral	固有名詞
murras	murras	固有名詞
murray	murray	固有名詞
murre	murre	固有名詞
murres	murres	固有名詞
murrey	murrey	固有名詞
murrha	murrha	固有名詞
murrs	murrs	固有名詞
murry	murry	固有名詞
murthy	murthy	固有名詞
murut	murut	固有名詞
muruxi	muruxi	固有名詞
murva	murva	固有名詞
murza	murza	固有名詞
murzim	murzim	固有名詞
mus	mus	固有名詞
musa	musa	固有名詞
musal	musal	固有名詞
musang	musang	固有名詞
musar	musar	固有名詞
musard	musard	固有名詞
musca	musca	固有名詞
muscae	muscae	固有名詞
muscat	muscat	固有名詞
musci	musci	固有名詞
muscid	muscid	固有名詞
muscle	muscle	固有名詞
muscly	muscly	固有名詞
muscot	muscot	固有名詞
muscow	muscow	固有名詞
muse	muse	固有名詞
mused	mused	固有名詞
muser	muser	固有名詞
musers	musers	固有名詞
musery	musery	固有名詞
muses	muses	固有名詞
muset	muset	固有名詞
museum	museum	固有名詞
musgu	musgu	固有名詞
mush	mush	固有名詞
musha	musha	固有名詞
mushaa	mushaa	固有名詞
mushed	mushed	固有名詞
musher	musher	固有名詞
mushes	mushes	固有名詞
mushla	mushla	固有名詞
mushru	mushru	固有名詞
mushy	mushy	固有名詞
music	music	固有名詞
musica	musica	固有名詞
musico	musico	固有名詞
musics	musics	固有名詞
musie	musie	固有名詞
musily	musily	固有名詞
musing	musing	固有名詞
musion	musion	固有名詞
musit	musit	固有名詞
musive	musive	固有名詞
musjid	musjid	固有名詞
musk	musk	固有名詞
muskat	muskat	固有名詞
musked	musked	固有名詞
muskeg	muskeg	固有名詞
musket	musket	固有名詞
muskie	muskie	固有名詞
muskit	muskit	固有名詞
muskox	muskox	固有名詞
musks	musks	固有名詞
musky	musky	固有名詞
muslim	muslim	固有名詞
muslin	muslin	固有名詞
musmon	musmon	固有名詞
musnud	musnud	固有名詞
muso	muso	固有名詞
musrol	musrol	固有名詞
muss	muss	固有名詞
mussal	mussal	固有名詞
mussed	mussed	固有名詞
mussel	mussel	固有名詞
musses	musses	固有名詞
mussuk	mussuk	固有名詞
mussy	mussy	固有名詞
must	must	固有名詞
musted	musted	固有名詞
mustee	mustee	固有名詞
muster	muster	固有名詞
musth	musth	固有名詞
musths	musths	固有名詞
mustnt	mustnt	固有名詞
musts	musts	固有名詞
musty	musty	固有名詞
mut	mut	固有名詞
muta	muta	固有名詞
mutage	mutage	固有名詞
mutant	mutant	固有名詞
mutase	mutase	固有名詞
mutate	mutate	固有名詞
mutch	mutch	固有名詞
mute	mute	固有名詞
muted	muted	固有名詞
mutely	mutely	固有名詞
muter	muter	固有名詞
mutes	mutes	固有名詞
mutest	mutest	固有名詞
muth	muth	固有名詞
mutic	mutic	固有名詞
mutine	mutine	固有名詞
muting	muting	固有名詞
mutiny	mutiny	固有名詞
mutism	mutism	固有名詞
mutist	mutist	固有名詞
mutive	mutive	固有名詞
muts	muts	固有名詞
mutsje	mutsje	固有名詞
mutt	mutt	固有名詞
mutten	mutten	固有名詞
mutter	mutter	固有名詞
mutton	mutton	固有名詞
mutts	mutts	固有名詞
mutual	mutual	固有名詞
mutuel	mutuel	固有名詞
mutule	mutule	固有名詞
mutus	mutus	固有名詞
mutuum	mutuum	固有名詞
muumuu	muumuu	固有名詞
muvule	muvule	固有名詞
mux	mux	固有名詞
muysca	muysca	固有名詞
muyusa	muyusa	固有名詞
muzhik	muzhik	固有名詞
muzjik	muzjik	固有名詞
muzo	muzo	固有名詞
muzz	muzz	固有名詞
muzzle	muzzle	固有名詞
muzzy	muzzy	固有名詞
mwa	mwa	固有名詞
mxd	mxd	固有名詞
mya	mya	固有名詞
myacea	myacea	固有名詞
myal	myal	固有名詞
myalia	myalia	固有名詞
myall	myall	固有名詞
myaria	myaria	固有名詞
myases	myases	固有名詞
myasis	myasis	固有名詞
myc	myc	固有名詞
mycele	mycele	固有名詞
mycoid	mycoid	固有名詞
mycol	mycol	固有名詞
mycose	mycose	固有名詞
mydaus	mydaus	固有名詞
mydine	mydine	固有名詞
myel	myel	固有名詞
myelic	myelic	固有名詞
myelin	myelin	固有名詞
myelon	myelon	固有名詞
myg	myg	固有名詞
mygale	mygale	固有名詞
myitis	myitis	固有名詞
mykiss	mykiss	固有名詞
mylar	mylar	固有名詞
mym	mym	固有名詞
mymar	mymar	固有名詞
myna	myna	固有名詞
mynah	mynah	固有名詞
mynahs	mynahs	固有名詞
mynas	mynas	固有名詞
myodes	myodes	固有名詞
myogen	myogen	固有名詞
myoid	myoid	固有名詞
myoma	myoma	固有名詞
myomas	myomas	固有名詞
myope	myope	固有名詞
myopes	myopes	固有名詞
myopia	myopia	固有名詞
myopic	myopic	固有名詞
myops	myops	固有名詞
myopy	myopy	固有名詞
myoses	myoses	固有名詞
myosin	myosin	固有名詞
myosis	myosis	固有名詞
myotic	myotic	固有名詞
myowun	myowun	固有名詞
myoxus	myoxus	固有名詞
myra	myra	固有名詞
myrcia	myrcia	固有名詞
myriad	myriad	固有名詞
myrica	myrica	固有名詞
myrick	myrick	固有名詞
myron	myron	固有名詞
myrrh	myrrh	固有名詞
myrrhs	myrrhs	固有名詞
myrrhy	myrrhy	固有名詞
myrt	myrt	固有名詞
myrtal	myrtal	固有名詞
myrtle	myrtle	固有名詞
myrtol	myrtol	固有名詞
myrtus	myrtus	固有名詞
mysel	mysel	固有名詞
myself	myself	固有名詞
mysell	mysell	固有名詞
mysian	mysian	固有名詞
mysid	mysid	固有名詞
mysis	mysis	固有名詞
mysoid	mysoid	固有名詞
mysore	mysore	固有名詞
mysost	mysost	固有名詞
myst	myst	固有名詞
mystax	mystax	固有名詞
mystes	mystes	固有名詞
mystic	mystic	固有名詞
myth	myth	固有名詞
mythic	mythic	固有名詞
mythoi	mythoi	固有名詞
mythol	mythol	固有名詞
mythos	mythos	固有名詞
myths	myths	固有名詞
mythus	mythus	固有名詞
myxa	myxa	固有名詞
myxine	myxine	固有名詞
myxo	myxo	固有名詞
myxoid	myxoid	固有名詞
myxoma	myxoma	固有名詞
myzont	myzont	固有名詞
mzee	mzee	固有名詞
mzungu	mzungu	固有名詞
naa	naa	固有名詞
naam	naam	固有名詞
naaman	naaman	固有名詞
nab	nab	固有名詞
nabak	nabak	固有名詞
nabal	nabal	固有名詞
nabbed	nabbed	固有名詞
nabber	nabber	固有名詞
nabbuk	nabbuk	固有名詞
nabby	nabby	固有名詞
nabis	nabis	固有名詞
nabk	nabk	固有名詞
nabla	nabla	固有名詞
nablas	nablas	固有名詞
nable	nable	固有名詞
nablus	nablus	固有名詞
nabob	nabob	固有名詞
nabobs	nabobs	固有名詞
naboth	naboth	固有名詞
nabs	nabs	固有名詞
nabu	nabu	固有名詞
nace	nace	固有名詞
nach	nach	固有名詞
nachas	nachas	固有名詞
nache	nache	固有名詞
nacho	nacho	固有名詞
nachus	nachus	固有名詞
nacket	nacket	固有名詞
nacre	nacre	固有名詞
nacred	nacred	固有名詞
nacres	nacres	固有名詞
nacry	nacry	固有名詞
nad	nad	固有名詞
nada	nada	固有名詞
nadder	nadder	固有名詞
nadeem	nadeem	固有名詞
nadir	nadir	固有名詞
nadirs	nadirs	固有名詞
nae	nae	固有名詞
nael	nael	固有名詞
naevi	naevi	固有名詞
naevus	naevus	固有名詞
naf	naf	固有名詞
nag	nag	固有名詞
naga	naga	固有名詞
nagami	nagami	固有名詞
nagana	nagana	固有名詞
nagara	nagara	固有名詞
nagari	nagari	固有名詞
nagel	nagel	固有名詞
naggar	naggar	固有名詞
nagged	nagged	固有名詞
nagger	nagger	固有名詞
naggin	naggin	固有名詞
naggle	naggle	固有名詞
naggly	naggly	固有名詞
naggy	naggy	固有名詞
naght	naght	固有名詞
naging	naging	固有名詞
nagman	nagman	固有名詞
nagnag	nagnag	固有名詞
nagor	nagor	固有名詞
nags	nags	固有名詞
nagual	nagual	固有名詞
nahane	nahane	固有名詞
nahani	nahani	固有名詞
nahoor	nahoor	固有名詞
nahor	nahor	固有名詞
nahua	nahua	固有名詞
nahuan	nahuan	固有名詞
nahum	nahum	固有名詞
naiad	naiad	固有名詞
naiads	naiads	固有名詞
naiant	naiant	固有名詞
naias	naias	固有名詞
naib	naib	固有名詞
naid	naid	固有名詞
naif	naif	固有名詞
naifly	naifly	固有名詞
naifs	naifs	固有名詞
naig	naig	固有名詞
naigie	naigie	固有名詞
naigue	naigue	固有名詞
naik	naik	固有名詞
nail	nail	固有名詞
nailed	nailed	固有名詞
nailer	nailer	固有名詞
nails	nails	固有名詞
naily	naily	固有名詞
naim	naim	固有名詞
nain	nain	固有名詞
naio	naio	固有名詞
naique	naique	固有名詞
nair	nair	固有名詞
naira	naira	固有名詞
nairy	nairy	固有名詞
nais	nais	固有名詞
naish	naish	固有名詞
naitly	naitly	固有名詞
naive	naive	固有名詞
naiver	naiver	固有名詞
naives	naives	固有名詞
naja	naja	固有名詞
nak	nak	固有名詞
nake	nake	固有名詞
naked	naked	固有名詞
naker	naker	固有名詞
nakhod	nakhod	固有名詞
nakir	nakir	固有名詞
nako	nako	固有名詞
nakong	nakong	固有名詞
nakoo	nakoo	固有名詞
nakula	nakula	固有名詞
nale	nale	固有名詞
naled	naled	固有名詞
naleds	naleds	固有名詞
nalita	nalita	固有名詞
nallah	nallah	固有名詞
nam	nam	固有名詞
nama	nama	固有名詞
namare	namare	固有名詞
namaz	namaz	固有名詞
namban	namban	固有名詞
nambe	nambe	固有名詞
namby	namby	固有名詞
namda	namda	固有名詞
name	name	固有名詞
named	named	固有名詞
namely	namely	固有名詞
namer	namer	固有名詞
namers	namers	固有名詞
names	names	固有名詞
naming	naming	固有名詞
namma	namma	固有名詞
nammad	nammad	固有名詞
nammo	nammo	固有名詞
nan	NaN	固有名詞
nana	nana	固有名詞
nanako	nanako	固有名詞
nanas	nanas	固有名詞
nance	nance	固有名詞
nances	nances	固有名詞
nancy	nancy	固有名詞
nanda	nanda	固有名詞
nandi	nandi	固有名詞
nandin	nandin	固有名詞
nandow	nandow	固有名詞
nandu	nandu	固有名詞
nane	nane	固有名詞
nanes	nanes	固有名詞
nanga	nanga	固有名詞
nangca	nangca	固有名詞
nanger	nanger	固有名詞
nangka	nangka	固有名詞
nanigo	nanigo	固有名詞
nanism	nanism	固有名詞
nankin	nankin	固有名詞
nanmu	nanmu	固有名詞
nannie	nannie	固有名詞
nanny	nanny	固有名詞
nanoid	nanoid	固有名詞
nanpie	nanpie	固有名詞
nant	nant	固有名詞
nantle	nantle	固有名詞
nants	nants	固有名詞
nantz	nantz	固有名詞
naoi	naoi	固有名詞
naomi	naomi	固有名詞
naos	naos	固有名詞
naoto	naoto	固有名詞
nap	nap	固有名詞
napa	napa	固有名詞
napaea	napaea	固有名詞
napal	napal	固有名詞
napalm	napalm	固有名詞
nape	nape	固有名詞
napead	napead	固有名詞
napery	napery	固有名詞
napes	napes	固有名詞
napier	napier	固有名詞
napkin	napkin	固有名詞
naples	naples	固有名詞
napoo	napoo	固有名詞
napooh	napooh	固有名詞
nappa	nappa	固有名詞
nappe	nappe	固有名詞
napped	napped	固有名詞
napper	napper	固有名詞
nappes	nappes	固有名詞
nappie	nappie	固有名詞
nappy	nappy	固有名詞
napron	napron	固有名詞
naps	naps	固有名詞
napu	napu	固有名詞
nar	nar	固有名詞
narc	narc	固有名詞
narco	narco	固有名詞
narcos	narcos	固有名詞
narcs	narcs	固有名詞
nard	nard	固有名詞
nardoo	nardoo	固有名詞
nards	nards	固有名詞
nardu	nardu	固有名詞
nardus	nardus	固有名詞
nare	nare	固有名詞
naren	naren	固有名詞
nares	nares	固有名詞
naresh	naresh	固有名詞
nargil	nargil	固有名詞
narial	narial	固有名詞
naric	naric	固有名詞
narica	narica	固有名詞
narine	narine	固有名詞
naris	naris	固有名詞
nark	nark	固有名詞
narked	narked	固有名詞
narks	narks	固有名詞
narky	narky	固有名詞
narr	narr	固有名詞
narra	narra	固有名詞
narras	narras	固有名詞
narrow	narrow	固有名詞
narw	narw	固有名詞
narwal	narwal	固有名詞
nary	nary	固有名詞
nasa	nasa	固有名詞
nasab	nasab	固有名詞
nasal	nasal	固有名詞
nasals	nasals	固有名詞
nasard	nasard	固有名詞
nasat	nasat	固有名詞
nascan	nascan	固有名詞
nasch	nasch	固有名詞
nash	nash	固有名詞
nashim	nashim	固有名詞
nashua	nashua	固有名詞
nasi	nasi	固有名詞
nasial	nasial	固有名詞
nasiei	nasiei	固有名詞
nasion	nasion	固有名詞
naskhi	naskhi	固有名詞
naso	naso	固有名詞
nasrol	nasrol	固有名詞
nassa	nassa	固有名詞
nassau	nassau	固有名詞
nast	nast	固有名詞
nastic	nastic	固有名詞
nasty	nasty	固有名詞
nasua	nasua	固有名詞
nasus	nasus	固有名詞
nasute	nasute	固有名詞
nat	nat	固有名詞
nataka	nataka	固有名詞
natal	natal	固有名詞
natale	natale	固有名詞
natals	natals	固有名詞
natant	natant	固有名詞
natch	natch	固有名詞
nate	nate	固有名詞
nates	nates	固有名詞
nathan	nathan	固有名詞
nathe	nathe	固有名詞
nather	nather	固有名詞
natica	natica	固有名詞
natick	natick	固有名詞
nation	nation	固有名詞
native	native	固有名詞
natl	natl	固有名詞
nato	nato	固有名詞
natr	natr	固有名詞
natraj	natraj	固有名詞
natrix	natrix	固有名詞
natron	natron	固有名詞
natt	natt	固有名詞
natter	natter	固有名詞
nattle	nattle	固有名詞
natty	natty	固有名詞
natu	natu	固有名詞
natura	natura	固有名詞
nature	nature	固有名詞
natus	natus	固有名詞
nauch	nauch	固有名詞
nauger	nauger	固有名詞
naught	naught	固有名詞
naulum	naulum	固有名詞
naumk	naumk	固有名詞
naunt	naunt	固有名詞
naur	naur	固有名詞
nausea	nausea	固有名詞
nauset	nauset	固有名詞
naut	naut	固有名詞
nautch	nautch	固有名詞
nautic	nautic	固有名詞
nav	nav	固有名詞
navaho	navaho	固有名詞
navaid	navaid	固有名詞
navajo	navajo	固有名詞
naval	naval	固有名詞
navar	navar	固有名詞
navars	navars	固有名詞
nave	nave	固有名詞
navel	navel	固有名詞
navels	navels	固有名詞
navely	navely	固有名詞
naves	naves	固有名詞
navet	navet	固有名詞
naveta	naveta	固有名詞
navete	navete	固有名詞
navety	navety	固有名詞
navew	navew	固有名詞
navi	navi	固有名詞
navies	navies	固有名詞
navig	navig	固有名詞
navis	navis	固有名詞
navite	navite	固有名詞
navvy	navvy	固有名詞
navy	navy	固有名詞
naw	naw	固有名詞
nawab	nawab	固有名詞
nawabs	nawabs	固有名詞
nawies	nawies	固有名詞
nawle	nawle	固有名詞
nawob	nawob	固有名詞
nawt	nawt	固有名詞
nay	nay	固有名詞
nayar	nayar	固有名詞
nayaur	nayaur	固有名詞
nays	nays	固有名詞
naysay	naysay	固有名詞
nazard	nazard	固有名詞
naze	naze	固有名詞
nazi	nazi	固有名詞
nazify	nazify	固有名詞
nazim	nazim	固有名詞
nazir	nazir	固有名詞
nazis	nazis	固有名詞
nazism	nazism	固有名詞
nbg	nbg	固有名詞
nco	nco	固有名詞
nea	nea	固有名詞
neaf	neaf	固有名詞
neakes	neakes	固有名詞
neal	neal	固有名詞
neanic	neanic	固有名詞
neap	neap	固有名詞
neaped	neaped	固有名詞
neaps	neaps	固有名詞
near	near	固有名詞
nearby	nearby	固有名詞
neared	neared	固有名詞
nearer	nearer	固有名詞
nearly	nearly	固有名詞
nears	nears	固有名詞
neat	neat	固有名詞
neaten	neaten	固有名詞
neater	neater	固有名詞
neath	neath	固有名詞
neatly	neatly	固有名詞
neats	neats	固有名詞
neavil	neavil	固有名詞
neb	neb	固有名詞
neback	neback	固有名詞
nebbed	nebbed	固有名詞
nebbuk	nebbuk	固有名詞
nebby	nebby	固有名詞
nebel	nebel	固有名詞
nebiim	nebiim	固有名詞
nebris	nebris	固有名詞
nebs	nebs	固有名詞
nebula	nebula	固有名詞
nebule	nebule	固有名詞
nebuly	nebuly	固有名詞
necia	necia	固有名詞
neck	neck	固有名詞
neckar	neckar	固有名詞
necked	necked	固有名詞
necker	necker	固有名詞
necks	necks	固有名詞
necro	necro	固有名詞
nectar	nectar	固有名詞
necton	necton	固有名詞
ned	ned	固有名詞
nedder	nedder	固有名詞
neddy	neddy	固有名詞
nee	nee	固有名詞
neebor	neebor	固有名詞
need	need	固有名詞
needed	needed	固有名詞
needer	needer	固有名詞
needle	needle	固有名詞
needly	needly	固有名詞
needn	needn	固有名詞
neednt	neednt	固有名詞
needs	needs	固有名詞
needy	needy	固有名詞
neeger	neeger	固有名詞
neela	neela	固有名詞
neeld	neeld	固有名詞
neele	neele	固有名詞
neem	neem	固有名詞
neemba	neemba	固有名詞
neems	neems	固有名詞
neep	neep	固有名詞
neeps	neeps	固有名詞
neer	neer	固有名詞
neese	neese	固有名詞
neet	neet	固有名詞
neetup	neetup	固有名詞
neeze	neeze	固有名詞
nef	nef	固有名詞
nefas	nefas	固有名詞
nefast	nefast	固有名詞
neffy	neffy	固有名詞
neg	neg	固有名詞
negara	negara	固有名詞
negate	negate	固有名詞
neger	neger	固有名詞
neglig	neglig	固有名詞
negoce	negoce	固有名詞
negro	negro	固有名詞
negros	negros	固有名詞
negus	negus	固有名詞
nehru	nehru	固有名詞
nei	nei	固有名詞
neif	neif	固有名詞
neifs	neifs	固有名詞
neigh	neigh	固有名詞
neighs	neighs	固有名詞
neil	neil	固有名詞
neilah	neilah	固有名詞
nein	nein	固有名詞
neiper	neiper	固有名詞
neist	neist	固有名詞
nejd	nejd	固有名詞
nejdi	nejdi	固有名詞
nek	nek	固有名詞
nekkar	nekkar	固有名詞
nekton	nekton	固有名詞
nelken	nelken	固有名詞
nell	nell	固有名詞
nellie	nellie	固有名詞
nelly	nelly	固有名詞
nelson	nelson	固有名詞
nema	nema	固有名詞
nemas	nemas	固有名詞
nemean	nemean	固有名詞
nemine	nemine	固有名詞
nemo	nemo	固有名詞
nemos	nemos	固有名詞
nempne	nempne	固有名詞
nene	nene	固有名詞
nenes	nenes	固有名詞
nenta	nenta	固有名詞
neo	neo	固有名詞
neon	neon	固有名詞
neoned	neoned	固有名詞
neons	neons	固有名詞
neoza	neoza	固有名詞
nep	nep	固有名詞
nepa	nepa	固有名詞
nepal	nepal	固有名詞
nepali	nepali	固有名詞
neper	neper	固有名詞
nepeta	nepeta	固有名詞
nephew	nephew	固有名詞
nepit	nepit	固有名詞
nepman	nepman	固有名詞
nepmen	nepmen	固有名詞
nepote	nepote	固有名詞
neral	neral	固有名詞
nerd	nerd	固有名詞
nerds	nerds	固有名詞
nerdy	nerdy	固有名詞
nere	nere	固有名詞
nereid	nereid	固有名詞
nereis	nereis	固有名詞
neri	neri	固有名詞
nerine	nerine	固有名詞
nerita	nerita	固有名詞
nerite	nerite	固有名詞
nerium	nerium	固有名詞
nerka	nerka	固有名詞
neroic	neroic	固有名詞
nerol	nerol	固有名詞
neroli	neroli	固有名詞
nerols	nerols	固有名詞
nerts	nerts	固有名詞
nertz	nertz	固有名詞
nerval	nerval	固有名詞
nerve	nerve	固有名詞
nerved	nerved	固有名詞
nerver	nerver	固有名詞
nerves	nerves	固有名詞
nervid	nervid	固有名詞
nervii	nervii	固有名詞
nervus	nervus	固有名詞
nervy	nervy	固有名詞
nese	nese	固有名詞
nesh	nesh	固有名詞
neshly	neshly	固有名詞
nesiot	nesiot	固有名詞
neskhi	neskhi	固有名詞
neslia	neslia	固有名詞
ness	ness	固有名詞
nesses	nesses	固有名詞
nessus	nessus	固有名詞
nest	nest	固有名詞
nested	nested	固有名詞
nester	nester	固有名詞
nestle	nestle	固有名詞
nestor	nestor	固有名詞
nests	nests	固有名詞
nesty	nesty	固有名詞
net	net	固有名詞
netcha	netcha	固有名詞
nete	nete	固有名詞
neter	neter	固有名詞
netflix	Netflix	固有名詞
netful	netful	固有名詞
neth	neth	固有名詞
nether	nether	固有名詞
neti	neti	固有名詞
netman	netman	固有名詞
netmen	netmen	固有名詞
netop	netop	固有名詞
netops	netops	固有名詞
nets	nets	固有名詞
nett	nett	固有名詞
netted	netted	固有名詞
netter	netter	固有名詞
nettie	nettie	固有名詞
nettle	nettle	固有名詞
nettly	nettly	固有名詞
netts	netts	固有名詞
netty	netty	固有名詞
neuk	neuk	固有名詞
neum	neum	固有名詞
neuma	neuma	固有名詞
neume	neume	固有名詞
neumes	neumes	固有名詞
neumic	neumic	固有名詞
neums	neums	固有名詞
neurad	neurad	固有名詞
neural	neural	固有名詞
neuric	neuric	固有名詞
neurin	neurin	固有名詞
neurol	neurol	固有名詞
neuron	neuron	固有名詞
neut	neut	固有名詞
neuter	neuter	固有名詞
nevada	nevada	固有名詞
nevat	nevat	固有名詞
neve	neve	固有名詞
nevel	nevel	固有名詞
nevell	nevell	固有名詞
neven	neven	固有名詞
never	never	固有名詞
neves	neves	固有名詞
nevi	nevi	固有名詞
nevo	nevo	固有名詞
nevoid	nevoid	固有名詞
nevome	nevome	固有名詞
nevoy	nevoy	固有名詞
nevus	nevus	固有名詞
new	new	固有名詞
newar	newar	固有名詞
newari	newari	固有名詞
newark	newark	固有名詞
newcal	newcal	固有名詞
newel	newel	固有名詞
newels	newels	固有名詞
newer	newer	固有名詞
newest	newest	固有名詞
newing	newing	固有名詞
newish	newish	固有名詞
newly	newly	固有名詞
news	news	固有名詞
newsy	newsy	固有名詞
newt	newt	固有名詞
newton	newton	固有名詞
newts	newts	固有名詞
nexal	nexal	固有名詞
next	next	固有名詞
nextjs	Next.js	固有名詞
nextly	nextly	固有名詞
nexum	nexum	固有名詞
nexus	nexus	固有名詞
ngai	ngai	固有名詞
ngaio	ngaio	固有名詞
ngapi	ngapi	固有名詞
nginx	NGINX	固有名詞
ngoko	ngoko	固有名詞
ngoma	ngoma	固有名詞
nguyen	nguyen	固有名詞
ngwee	ngwee	固有名詞
nhan	nhan	固有名詞
niacin	niacin	固有名詞
niagra	niagra	固有名詞
niais	niais	固有名詞
niall	niall	固有名詞
nias	nias	固有名詞
niata	niata	固有名詞
nib	nib	固有名詞
nibbed	nibbed	固有名詞
nibber	nibber	固有名詞
nibble	nibble	固有名詞
nibby	nibby	固有名詞
niblic	niblic	固有名詞
nibong	nibong	固有名詞
nibs	nibs	固有名詞
nibung	nibung	固有名詞
nice	nice	固有名詞
nicely	nicely	固有名詞
nicene	nicene	固有名詞
nicer	nicer	固有名詞
nicest	nicest	固有名詞
nicety	nicety	固有名詞
niche	niche	固有名詞
niched	niched	固有名詞
nicher	nicher	固有名詞
niches	niches	固有名詞
nichil	nichil	固有名詞
nicht	nicht	固有名詞
nichts	nichts	固有名詞
nici	nici	固有名詞
nick	nick	固有名詞
nickar	nickar	固有名詞
nicked	nicked	固有名詞
nickel	nickel	固有名詞
nicker	nicker	固有名詞
nickey	nickey	固有名詞
nickie	nickie	固有名詞
nickle	nickle	固有名詞
nicks	nicks	固有名詞
nickum	nickum	固有名詞
nicky	nicky	固有名詞
nicol	nicol	固有名詞
nicolo	nicolo	固有名詞
nicols	nicols	固有名詞
nid	nid	固有名詞
nidal	nidal	固有名詞
nidana	nidana	固有名詞
nidary	nidary	固有名詞
nidder	nidder	固有名詞
niddle	niddle	固有名詞
nide	nide	固有名詞
nided	nided	固有名詞
nides	nides	固有名詞
nidge	nidge	固有名詞
nidget	nidget	固有名詞
nidi	nidi	固有名詞
nidify	nidify	固有名詞
niding	niding	固有名詞
nidiot	nidiot	固有名詞
nidor	nidor	固有名詞
nidudi	nidudi	固有名詞
niduli	niduli	固有名詞
nidus	nidus	固有名詞
niece	niece	固有名詞
nieces	nieces	固有名詞
nielli	nielli	固有名詞
niello	niello	固有名詞
niels	niels	固有名詞
niepa	niepa	固有名詞
nies	nies	固有名詞
nieve	nieve	固有名詞
nieves	nieves	固有名詞
nife	nife	固有名詞
niff	niff	固有名詞
niffer	niffer	固有名詞
nific	nific	固有名詞
nifle	nifle	固有名詞
nifty	nifty	固有名詞
nig	nig	固有名詞
nigel	nigel	固有名詞
nigged	nigged	固有名詞
nigger	nigger	固有名詞
nigget	nigget	固有名詞
niggle	niggle	固有名詞
niggly	niggly	固有名詞
niggot	niggot	固有名詞
niggra	niggra	固有名詞
niggun	niggun	固有名詞
nigh	nigh	固有名詞
nighed	nighed	固有名詞
nigher	nigher	固有名詞
nighly	nighly	固有名詞
nighs	nighs	固有名詞
night	night	固有名詞
nights	nights	固有名詞
nighty	nighty	固有名詞
nignay	nignay	固有名詞
nignye	nignye	固有名詞
nigori	nigori	固有名詞
nigre	nigre	固有名詞
nigua	nigua	固有名詞
nihal	nihal	固有名詞
nihil	nihil	固有名詞
nihils	nihils	固有名詞
nikau	nikau	固有名詞
nike	nike	固有名詞
nikeno	nikeno	固有名詞
nikko	nikko	固有名詞
nikkud	nikkud	固有名詞
nikon	nikon	固有名詞
nil	nil	固有名詞
nile	nile	固有名詞
nilgai	nilgai	固有名詞
nilgau	nilgau	固有名詞
nill	nill	固有名詞
nilled	nilled	固有名詞
nills	nills	固有名詞
nilot	nilot	固有名詞
nilous	nilous	固有名詞
nils	nils	固有名詞
nim	Nim	固有名詞
nimb	nimb	固有名詞
nimbed	nimbed	固有名詞
nimbi	nimbi	固有名詞
nimble	nimble	固有名詞
nimbly	nimbly	固有名詞
nimbus	nimbus	固有名詞
niminy	niminy	固有名詞
nimmed	nimmed	固有名詞
nimmer	nimmer	固有名詞
nimrod	nimrod	固有名詞
nims	nims	固有名詞
nimshi	nimshi	固有名詞
nina	nina	固有名詞
nincom	nincom	固有名詞
nincum	nincum	固有名詞
nine	nine	固有名詞
nines	nines	固有名詞
ninety	ninety	固有名詞
ning	ning	固有名詞
ningle	ningle	固有名詞
ningpo	ningpo	固有名詞
ninja	ninja	固有名詞
ninny	ninny	固有名詞
ninon	ninon	固有名詞
ninons	ninons	固有名詞
ninos	ninos	固有名詞
ninox	ninox	固有名詞
ninth	ninth	固有名詞
ninths	ninths	固有名詞
nintu	nintu	固有名詞
ninut	ninut	固有名詞
niobe	niobe	固有名詞
niobic	niobic	固有名詞
niobid	niobid	固有名詞
niog	niog	固有名詞
niota	niota	固有名詞
nip	nip	固有名詞
nipa	nipa	固有名詞
nipas	nipas	固有名詞
nipmuc	nipmuc	固有名詞
nipped	nipped	固有名詞
nipper	nipper	固有名詞
nipple	nipple	固有名詞
nippon	nippon	固有名詞
nippy	nippy	固有名詞
nips	nips	固有名詞
nipter	nipter	固有名詞
niris	niris	固有名詞
nirles	nirles	固有名詞
nirls	nirls	固有名詞
nis	nis	固有名詞
nisan	nisan	固有名詞
nisei	nisei	固有名詞
niseis	niseis	固有名詞
nisi	nisi	固有名詞
nisnas	nisnas	固有名詞
nisse	nisse	固有名詞
nist	nist	固有名詞
nisus	nisus	固有名詞
nit	nit	固有名詞
nitch	nitch	固有名詞
nitent	nitent	固有名詞
niter	niter	固有名詞
niters	niters	固有名詞
nitery	nitery	固有名詞
nither	nither	固有名詞
nitid	nitid	固有名詞
nito	nito	固有名詞
niton	niton	固有名詞
nitons	nitons	固有名詞
nitos	nitos	固有名詞
nitre	nitre	固有名詞
nitred	nitred	固有名詞
nitres	nitres	固有名詞
nitric	nitric	固有名詞
nitrid	nitrid	固有名詞
nitril	nitril	固有名詞
nitro	nitro	固有名詞
nitros	nitros	固有名詞
nitryl	nitryl	固有名詞
nits	nits	固有名詞
nitta	nitta	固有名詞
nitter	nitter	固有名詞
nitty	nitty	固有名詞
nitwit	nitwit	固有名詞
niuan	niuan	固有名詞
niue	niue	固有名詞
nival	nival	固有名詞
niveau	niveau	固有名詞
nix	nix	固有名詞
nixe	nixe	固有名詞
nixed	nixed	固有名詞
nixer	nixer	固有名詞
nixes	nixes	固有名詞
nixie	nixie	固有名詞
nixies	nixies	固有名詞
nixing	nixing	固有名詞
nixon	nixon	固有名詞
nixy	nixy	固有名詞
niyama	niyama	固有名詞
niyoga	niyoga	固有名詞
nizam	nizam	固有名詞
nizams	nizams	固有名詞
nizey	nizey	固有名詞
nizy	nizy	固有名詞
njave	njave	固有名詞
noa	noa	固有名詞
noah	noah	固有名詞
noahic	noahic	固有名詞
noam	noam	固有名詞
noance	noance	固有名詞
nob	nob	固有名詞
nobber	nobber	固有名詞
nobble	nobble	固有名詞
nobbut	nobbut	固有名詞
nobby	nobby	固有名詞
nobel	nobel	固有名詞
nobis	nobis	固有名詞
noble	noble	固有名詞
nobled	nobled	固有名詞
nobler	nobler	固有名詞
nobles	nobles	固有名詞
nobley	nobley	固有名詞
nobly	nobly	固有名詞
nobody	nobody	固有名詞
nobs	nobs	固有名詞
nobut	nobut	固有名詞
nocake	nocake	固有名詞
nocent	nocent	固有名詞
nocht	nocht	固有名詞
nocive	nocive	固有名詞
nock	nock	固有名詞
nocked	nocked	固有名詞
nocket	nocket	固有名詞
nocks	nocks	固有名詞
nocten	nocten	固有名詞
noctis	noctis	固有名詞
noctua	noctua	固有名詞
nod	nod	固有名詞
nodal	nodal	固有名詞
nodded	nodded	固有名詞
nodder	nodder	固有名詞
noddi	noddi	固有名詞
noddle	noddle	固有名詞
noddy	noddy	固有名詞
node	node	固有名詞
noded	noded	固有名詞
nodejs	Node.js	固有名詞
nodes	nodes	固有名詞
nodi	nodi	固有名詞
nodiak	nodiak	固有名詞
nodose	nodose	固有名詞
nodous	nodous	固有名詞
nods	nods	固有名詞
nodule	nodule	固有名詞
noduli	noduli	固有名詞
nodus	nodus	固有名詞
noebcd	noebcd	固有名詞
noecho	noecho	固有名詞
noel	noel	固有名詞
noels	noels	固有名詞
noemi	noemi	固有名詞
noes	noes	固有名詞
noesis	noesis	固有名詞
noetic	noetic	固有名詞
noex	noex	固有名詞
nofile	nofile	固有名詞
nog	nog	固有名詞
nogada	nogada	固有名詞
nogai	nogai	固有名詞
nogaku	nogaku	固有名詞
nogal	nogal	固有名詞
nogg	nogg	固有名詞
nogged	nogged	固有名詞
noggen	noggen	固有名詞
noggin	noggin	固有名詞
noggs	noggs	固有名詞
nogs	nogs	固有名詞
noh	noh	固有名詞
nohex	nohex	固有名詞
nohow	nohow	固有名詞
noil	noil	固有名詞
noiler	noiler	固有名詞
noils	noils	固有名詞
noily	noily	固有名詞
noint	noint	固有名詞
noir	noir	固有名詞
noire	noire	固有名詞
noires	noires	固有名詞
noise	noise	固有名詞
noised	noised	固有名詞
noises	noises	固有名詞
noisy	noisy	固有名詞
noix	noix	固有名詞
nokta	nokta	固有名詞
nol	nol	固有名詞
nold	nold	固有名詞
noll	noll	固有名詞
nolle	nolle	固有名詞
nolo	nolo	固有名詞
nolos	nolos	固有名詞
nolt	nolt	固有名詞
nom	nom	固有名詞
noma	noma	固有名詞
nomad	nomad	固有名詞
nomade	nomade	固有名詞
nomads	nomads	固有名詞
nomap	nomap	固有名詞
nomas	nomas	固有名詞
nome	nome	固有名詞
nomen	nomen	固有名詞
nomes	nomes	固有名詞
nomeus	nomeus	固有名詞
nomial	nomial	固有名詞
nomic	nomic	固有名詞
nomina	nomina	固有名詞
nomine	nomine	固有名詞
nominy	nominy	固有名詞
nomism	nomism	固有名詞
nomnem	nomnem	固有名詞
nomoi	nomoi	固有名詞
nomos	nomos	固有名詞
noms	noms	固有名詞
non	non	固有名詞
nona	nona	固有名詞
nonact	nonact	固有名詞
nonage	nonage	固有名詞
nonaid	nonaid	固有名詞
nonair	nonair	固有名詞
nonane	nonane	固有名詞
nonary	nonary	固有名詞
nonas	nonas	固有名詞
nonce	nonce	固有名詞
nonces	nonces	固有名詞
noncom	noncom	固有名詞
noncon	noncon	固有名詞
nonda	nonda	固有名詞
nondo	nondo	固有名詞
none	none	固有名詞
nonego	nonego	固有名詞
nonene	nonene	固有名詞
nonent	nonent	固有名詞
nones	nones	固有名詞
nonet	nonet	固有名詞
nonfat	nonfat	固有名詞
nong	nong	固有名詞
nongas	nongas	固有名詞
nongod	nongod	固有名詞
nonic	nonic	固有名詞
nonion	nonion	固有名詞
nonius	nonius	固有名詞
nonly	nonly	固有名詞
nonman	nonman	固有名詞
nonmen	nonmen	固有名詞
nonnat	nonnat	固有名詞
nonny	nonny	固有名詞
nonoic	nonoic	固有名詞
nonpar	nonpar	固有名詞
nonrun	nonrun	固有名詞
nontan	nontan	固有名詞
nontax	nontax	固有名詞
nonuse	nonuse	固有名詞
nonwar	nonwar	固有名詞
nonya	nonya	固有名詞
nonyl	nonyl	固有名詞
noo	noo	固有名詞
noodle	noodle	固有名詞
nook	nook	固有名詞
nooked	nooked	固有名詞
nookie	nookie	固有名詞
nooks	nooks	固有名詞
nooky	nooky	固有名詞
noon	noon	固有名詞
nooned	nooned	固有名詞
noons	noons	固有名詞
noop	noop	固有名詞
noose	noose	固有名詞
noosed	noosed	固有名詞
nooser	nooser	固有名詞
nooses	nooses	固有名詞
nootka	nootka	固有名詞
nopal	nopal	固有名詞
nopals	nopals	固有名詞
nope	nope	固有名詞
nor	nor	固有名詞
nora	nora	固有名詞
norah	norah	固有名詞
norard	norard	固有名詞
norate	norate	固有名詞
nordic	nordic	固有名詞
nore	nore	固有名詞
nori	nori	固有名詞
noria	noria	固有名詞
norias	norias	固有名詞
noric	noric	固有名詞
norice	norice	固有名詞
norie	norie	固有名詞
norit	norit	固有名詞
norite	norite	固有名詞
norito	norito	固有名詞
nork	nork	固有名詞
norkyn	norkyn	固有名詞
norm	norm	固有名詞
norma	norma	固有名詞
normal	normal	固有名詞
norman	norman	固有名詞
normed	normed	固有名詞
norms	norms	固有名詞
norn	norn	固有名詞
norna	norna	固有名詞
norroy	norroy	固有名詞
norry	norry	固有名詞
norse	norse	固有名詞
norsel	norsel	固有名詞
norsk	norsk	固有名詞
north	north	固有名詞
norths	norths	固有名詞
norway	norway	固有名詞
nos	nos	固有名詞
nose	nose	固有名詞
nosean	nosean	固有名詞
nosed	nosed	固有名詞
nosema	nosema	固有名詞
noser	noser	固有名詞
noses	noses	固有名詞
nosey	nosey	固有名詞
nosh	nosh	固有名詞
noshed	noshed	固有名詞
nosher	nosher	固有名詞
noshes	noshes	固有名詞
nosier	nosier	固有名詞
nosig	nosig	固有名詞
nosily	nosily	固有名詞
nosine	nosine	固有名詞
nosing	nosing	固有名詞
nosism	nosism	固有名詞
nosite	nosite	固有名詞
nossel	nossel	固有名詞
noster	noster	固有名詞
nostic	nostic	固有名詞
nostoc	nostoc	固有名詞
nosu	nosu	固有名詞
nosy	nosy	固有名詞
not	not	固有名詞
nota	nota	固有名詞
notal	notal	固有名詞
notan	notan	固有名詞
notary	notary	固有名詞
notate	notate	固有名詞
notch	notch	固有名詞
notchy	notchy	固有名詞
note	note	固有名詞
noted	noted	固有名詞
noter	noter	固有名詞
noters	noters	固有名詞
notes	notes	固有名詞
nothal	nothal	固有名詞
nother	nother	固有名詞
nothus	nothus	固有名詞
notice	notice	固有名詞
notify	notify	固有名詞
noting	noting	固有名詞
notion	Notion	固有名詞
notist	notist	固有名詞
notour	notour	固有名詞
notre	notre	固有名詞
nots	nots	固有名詞
notum	notum	固有名詞
notus	notus	固有名詞
nou	nou	固有名詞
nouche	nouche	固有名詞
nougat	nougat	固有名詞
nought	nought	固有名詞
nould	nould	固有名詞
noumea	noumea	固有名詞
noun	noun	固有名詞
nounal	nounal	固有名詞
nouns	nouns	固有名詞
noup	noup	固有名詞
nous	nous	固有名詞
nousel	nousel	固有名詞
nouses	nouses	固有名詞
nov	nov	固有名詞
nova	nova	固有名詞
novae	novae	固有名詞
novale	novale	固有名詞
novas	novas	固有名詞
novate	novate	固有名詞
novcic	novcic	固有名詞
novel	novel	固有名詞
novela	novela	固有名詞
novels	novels	固有名詞
novem	novem	固有名詞
novena	novena	固有名詞
novene	novene	固有名詞
novial	novial	固有名詞
novice	novice	固有名詞
novity	novity	固有名詞
novo	novo	固有名詞
novum	novum	固有名詞
novus	novus	固有名詞
now	now	固有名詞
noway	noway	固有名詞
noways	noways	固有名詞
nowch	nowch	固有名詞
nowder	nowder	固有名詞
nowed	nowed	固有名詞
nowel	nowel	固有名詞
nowhat	nowhat	固有名詞
nowhen	nowhen	固有名詞
nowhit	nowhit	固有名詞
nowise	nowise	固有名詞
nows	nows	固有名詞
nowt	nowt	固有名詞
nowthe	nowthe	固有名詞
nowts	nowts	固有名詞
nowy	nowy	固有名詞
nox	nox	固有名詞
noxa	noxa	固有名詞
noxal	noxal	固有名詞
noxial	noxial	固有名詞
noy	noy	固有名詞
noyade	noyade	固有名詞
noyant	noyant	固有名詞
noyau	noyau	固有名詞
noyful	noyful	固有名詞
noyous	noyous	固有名詞
nozi	nozi	固有名詞
nozzle	nozzle	固有名詞
npeel	npeel	固有名詞
npfx	npfx	固有名詞
npm	npm	固有名詞
nritta	nritta	固有名詞
nsec	nsec	固有名詞
nth	nth	固有名詞
nuadu	nuadu	固有名詞
nuance	nuance	固有名詞
nub	nub	固有名詞
nuba	nuba	固有名詞
nubbin	nubbin	固有名詞
nubble	nubble	固有名詞
nubbly	nubbly	固有名詞
nubby	nubby	固有名詞
nubia	nubia	固有名詞
nubian	nubian	固有名詞
nubias	nubias	固有名詞
nubile	nubile	固有名詞
nubs	nubs	固有名詞
nucal	nucal	固有名詞
nucha	nucha	固有名詞
nuchae	nuchae	固有名詞
nuchal	nuchal	固有名詞
nucin	nucin	固有名詞
nuclei	nuclei	固有名詞
nucula	nucula	固有名詞
nucule	nucule	固有名詞
nuda	nuda	固有名詞
nudate	nudate	固有名詞
nudd	nudd	固有名詞
nuddle	nuddle	固有名詞
nuddy	nuddy	固有名詞
nude	nude	固有名詞
nudely	nudely	固有名詞
nudens	nudens	固有名詞
nuder	nuder	固有名詞
nudes	nudes	固有名詞
nudest	nudest	固有名詞
nudge	nudge	固有名詞
nudged	nudged	固有名詞
nudger	nudger	固有名詞
nudges	nudges	固有名詞
nudie	nudie	固有名詞
nudies	nudies	固有名詞
nudish	nudish	固有名詞
nudism	nudism	固有名詞
nudist	nudist	固有名詞
nudity	nudity	固有名詞
nudnik	nudnik	固有名詞
nudum	nudum	固有名詞
nudzh	nudzh	固有名詞
nugae	nugae	固有名詞
nuggar	nuggar	固有名詞
nugget	nugget	固有名詞
nugify	nugify	固有名詞
nuke	nuke	固有名詞
nukes	nukes	固有名詞
nul	nul	固有名詞
null	null	固有名詞
nullah	nullah	固有名詞
nulled	nulled	固有名詞
nullo	nullo	固有名詞
nullos	nullos	固有名詞
nulls	nulls	固有名詞
nullum	nullum	固有名詞
nullus	nullus	固有名詞
num	num	固有名詞
numa	numa	固有名詞
numac	numac	固有名詞
numb	numb	固有名詞
numbat	numbat	固有名詞
numbed	numbed	固有名詞
number	number	固有名詞
numble	numble	固有名詞
numbly	numbly	固有名詞
numbs	numbs	固有名詞
numda	numda	固有名詞
numdah	numdah	固有名詞
numen	numen	固有名詞
numero	numero	固有名詞
numida	numida	固有名詞
numina	numina	固有名詞
numine	numine	固有名詞
numis	numis	固有名詞
nummi	nummi	固有名詞
nummus	nummus	固有名詞
numnah	numnah	固有名詞
nump	nump	固有名詞
numps	numps	固有名詞
numud	numud	固有名詞
nun	nun	固有名詞
nunc	nunc	固有名詞
nunce	nunce	固有名詞
nunch	nunch	固有名詞
nuncio	nuncio	固有名詞
nuncle	nuncle	固有名詞
nunki	nunki	固有名詞
nunks	nunks	固有名詞
nunky	nunky	固有名詞
nunlet	nunlet	固有名詞
nunned	nunned	固有名詞
nunni	nunni	固有名詞
nunry	nunry	固有名詞
nuns	nuns	固有名詞
nupe	nupe	固有名詞
nuphar	nuphar	固有名詞
nupson	nupson	固有名詞
nuque	nuque	固有名詞
nuragh	nuragh	固有名詞
nurhag	nurhag	固有名詞
nurl	nurl	固有名詞
nurled	nurled	固有名詞
nurls	nurls	固有名詞
nurly	nurly	固有名詞
nurry	nurry	固有名詞
nurse	nurse	固有名詞
nursed	nursed	固有名詞
nurser	nurser	固有名詞
nurses	nurses	固有名詞
nursle	nursle	固有名詞
nursy	nursy	固有名詞
nus	nus	固有名詞
nut	nut	固有名詞
nutant	nutant	固有名詞
nutate	nutate	固有名詞
nutlet	nutlet	固有名詞
nutmeg	nutmeg	固有名詞
nutria	nutria	固有名詞
nuts	nuts	固有名詞
nutsy	nutsy	固有名詞
nutted	nutted	固有名詞
nutter	nutter	固有名詞
nutty	nutty	固有名詞
nuzzer	nuzzer	固有名詞
nuzzle	nuzzle	固有名詞
nvidia	NVIDIA	固有名詞
nyala	nyala	固有名詞
nyalas	nyalas	固有名詞
nyanja	nyanja	固有名詞
nyanza	nyanza	固有名詞
nyas	nyas	固有名詞
nyaya	nyaya	固有名詞
nybble	nybble	固有名詞
nyctea	nyctea	固有名詞
nydia	nydia	固有名詞
nye	nye	固有名詞
nyet	nyet	固有名詞
nylast	nylast	固有名詞
nylgau	nylgau	固有名詞
nylon	nylon	固有名詞
nylons	nylons	固有名詞
nymil	nymil	固有名詞
nymph	nymph	固有名詞
nympha	nympha	固有名詞
nympho	nympho	固有名詞
nymphs	nymphs	固有名詞
nymss	nymss	固有名詞
nyoro	nyoro	固有名詞
nyroca	nyroca	固有名詞
nyssa	nyssa	固有名詞
nytril	nytril	固有名詞
nyxis	nyxis	固有名詞
oad	oad	固有名詞
oadal	oadal	固有名詞
oaf	oaf	固有名詞
oafdom	oafdom	固有名詞
oafish	oafish	固有名詞
oafs	oafs	固有名詞
oak	oak	固有名詞
oakboy	oakboy	固有名詞
oaken	oaken	固有名詞
oaklet	oaklet	固有名詞
oaks	oaks	固有名詞
oakum	oakum	固有名詞
oakums	oakums	固有名詞
oakweb	oakweb	固有名詞
oaky	oaky	固有名詞
oam	oam	固有名詞
oannes	oannes	固有名詞
oar	oar	固有名詞
oarage	oarage	固有名詞
oared	oared	固有名詞
oarial	oarial	固有名詞
oaric	oaric	固有名詞
oaring	oaring	固有名詞
oarium	oarium	固有名詞
oarlop	oarlop	固有名詞
oarman	oarman	固有名詞
oars	oars	固有名詞
oary	oary	固有名詞
oasal	oasal	固有名詞
oasean	oasean	固有名詞
oases	oases	固有名詞
oasis	oasis	固有名詞
oast	oast	固有名詞
oasts	oasts	固有名詞
oat	oat	固有名詞
oatbin	oatbin	固有名詞
oatear	oatear	固有名詞
oaten	oaten	固有名詞
oater	oater	固有名詞
oaters	oaters	固有名詞
oath	oath	固有名詞
oathay	oathay	固有名詞
oathed	oathed	固有名詞
oaths	oaths	固有名詞
oats	oats	固有名詞
oaty	oaty	固有名詞
oauth	OAuth	固有名詞
oaves	oaves	固有名詞
oba	oba	固有名詞
oban	oban	固有名詞
obarne	obarne	固有名詞
obarni	obarni	固有名詞
obb	obb	固有名詞
obdt	obdt	固有名詞
obduce	obduce	固有名詞
obdure	obdure	固有名詞
obe	obe	固有名詞
obeah	obeah	固有名詞
obeahs	obeahs	固有名詞
obeche	obeche	固有名詞
obeish	obeish	固有名詞
obeism	obeism	固有名詞
obeli	obeli	固有名詞
obelia	obelia	固有名詞
obelus	obelus	固有名詞
oberon	oberon	固有名詞
obes	obes	固有名詞
obese	obese	固有名詞
obex	obex	固有名詞
obey	obey	固有名詞
obeyed	obeyed	固有名詞
obeyeo	obeyeo	固有名詞
obeyer	obeyer	固有名詞
obeys	obeys	固有名詞
obfirm	obfirm	固有名詞
obfusk	obfusk	固有名詞
obi	obi	固有名詞
obia	obia	固有名詞
obias	obias	固有名詞
obiism	obiism	固有名詞
obiit	obiit	固有名詞
obis	obis	固有名詞
obispo	obispo	固有名詞
obit	obit	固有名詞
obital	obital	固有名詞
obiter	obiter	固有名詞
obits	obits	固有名詞
obj	obj	固有名詞
object	object	固有名詞
objet	objet	固有名詞
objure	objure	固有名詞
obl	obl	固有名詞
oblast	oblast	固有名詞
oblat	oblat	固有名詞
oblata	oblata	固有名詞
oblate	oblate	固有名詞
obley	obley	固有名詞
obli	obli	固有名詞
oblige	oblige	固有名詞
oblong	oblong	固有名詞
obmit	obmit	固有名詞
oboe	oboe	固有名詞
oboes	oboes	固有名詞
oboist	oboist	固有名詞
obol	obol	固有名詞
obole	obole	固有名詞
oboles	oboles	固有名詞
obolet	obolet	固有名詞
oboli	oboli	固有名詞
obolos	obolos	固有名詞
obols	obols	固有名詞
obolus	obolus	固有名詞
obongo	obongo	固有名詞
oboval	oboval	固有名詞
obrien	obrien	固有名詞
obrize	obrize	固有名詞
obs	obs	固有名詞
obsede	obsede	固有名詞
obsess	obsess	固有名詞
obside	obside	固有名詞
obsign	obsign	固有名詞
obstet	obstet	固有名詞
obtain	obtain	固有名詞
obtect	obtect	固有名詞
obtend	obtend	固有名詞
obtent	obtent	固有名詞
obtest	obtest	固有名詞
obtund	obtund	固有名詞
obtuse	obtuse	固有名詞
obus	obus	固有名詞
obv	obv	固有名詞
obvert	obvert	固有名詞
oca	oca	固有名詞
ocaml	OCaml	固有名詞
ocas	ocas	固有名詞
occamy	occamy	固有名詞
occas	occas	固有名詞
occult	occult	固有名詞
occupy	occupy	固有名詞
occur	occur	固有名詞
occurs	occurs	固有名詞
ocean	ocean	固有名詞
oceans	oceans	固有名詞
ocelli	ocelli	固有名詞
ocelot	ocelot	固有名詞
och	och	固有名詞
ochava	ochava	固有名詞
ochavo	ochavo	固有名詞
ocher	ocher	固有名詞
ochers	ochers	固有名詞
ochery	ochery	固有名詞
ochna	ochna	固有名詞
ochone	ochone	固有名詞
ochre	ochre	固有名詞
ochrea	ochrea	固有名詞
ochred	ochred	固有名詞
ochres	ochres	固有名詞
ochro	ochro	固有名詞
ochry	ochry	固有名詞
ocht	ocht	固有名詞
ochymy	ochymy	固有名詞
ocimum	ocimum	固有名詞
ock	ock	固有名詞
ocker	ocker	固有名詞
oclock	oclock	固有名詞
ocote	ocote	固有名詞
ocotea	ocotea	固有名詞
ocque	ocque	固有名詞
ocracy	ocracy	固有名詞
ocrea	ocrea	固有名詞
ocreae	ocreae	固有名詞
oct	oct	固有名詞
octad	octad	固有名詞
octads	octads	固有名詞
octal	octal	固有名詞
octan	octan	固有名詞
octane	octane	固有名詞
octans	octans	固有名詞
octant	octant	固有名詞
octary	octary	固有名詞
octavd	octavd	固有名詞
octave	octave	固有名詞
octavo	octavo	固有名詞
octdra	octdra	固有名詞
octect	octect	固有名詞
octene	octene	固有名詞
octet	octet	固有名詞
octets	octets	固有名詞
octic	octic	固有名詞
octile	octile	固有名詞
octine	octine	固有名詞
octoad	octoad	固有名詞
octode	octode	固有名詞
octoic	octoic	固有名詞
octoid	octoid	固有名詞
octoon	octoon	固有名詞
octopi	octopi	固有名詞
octose	octose	固有名詞
octoyl	octoyl	固有名詞
octroi	octroi	固有名詞
octroy	octroy	固有名詞
octuor	octuor	固有名詞
octyl	octyl	固有名詞
octyls	octyls	固有名詞
octyne	octyne	固有名詞
ocuby	ocuby	固有名詞
ocular	ocular	固有名詞
oculi	oculi	固有名詞
oculli	oculli	固有名詞
oculus	oculus	固有名詞
ocyroe	ocyroe	固有名詞
ocyte	ocyte	固有名詞
oda	oda	固有名詞
odal	odal	固有名詞
odax	odax	固有名詞
odd	odd	固有名詞
odder	odder	固有名詞
oddest	oddest	固有名詞
oddish	oddish	固有名詞
oddity	oddity	固有名詞
oddly	oddly	固有名詞
oddman	oddman	固有名詞
odds	odds	固有名詞
ode	ode	固有名詞
odea	odea	固有名詞
odel	odel	固有名詞
odelet	odelet	固有名詞
odell	odell	固有名詞
odeon	odeon	固有名詞
odeons	odeons	固有名詞
odes	odes	固有名詞
odessa	odessa	固有名詞
odeum	odeum	固有名詞
odible	odible	固有名詞
odic	odic	固有名詞
odin	odin	固有名詞
odinic	odinic	固有名詞
odious	odious	固有名詞
odist	odist	固有名詞
odium	odium	固有名詞
odiums	odiums	固有名詞
odling	odling	固有名詞
odoom	odoom	固有名詞
odor	odor	固有名詞
odored	odored	固有名詞
odors	odors	固有名詞
odour	odour	固有名詞
odours	odours	固有名詞
ods	ods	固有名詞
odso	odso	固有名詞
odum	odum	固有名詞
odwyer	odwyer	固有名詞
odyl	odyl	固有名詞
odyle	odyle	固有名詞
odyles	odyles	固有名詞
odylic	odylic	固有名詞
odyls	odyls	固有名詞
odz	odz	固有名詞
oeci	oeci	固有名詞
oecist	oecist	固有名詞
oecoid	oecoid	固有名詞
oecus	oecus	固有名詞
oedema	oedema	固有名詞
oekist	oekist	固有名詞
oelet	oelet	固有名詞
oenin	oenin	固有名詞
oenone	oenone	固有名詞
oer	oer	固有名詞
oes	oes	固有名詞
oesogi	oesogi	固有名詞
oeuvre	oeuvre	固有名詞
ofay	ofay	固有名詞
ofays	ofays	固有名詞
ofer	ofer	固有名詞
off	off	固有名詞
offal	offal	固有名詞
offals	offals	固有名詞
offcut	offcut	固有名詞
offed	offed	固有名詞
offend	offend	固有名詞
offer	offer	固有名詞
offers	offers	固有名詞
offic	offic	固有名詞
office	office	固有名詞
offing	offing	固有名詞
offish	offish	固有名詞
offlap	offlap	固有名詞
offlet	offlet	固有名詞
offpay	offpay	固有名詞
offs	offs	固有名詞
offset	offset	固有名詞
oflete	oflete	固有名詞
ofo	ofo	固有名詞
oft	oft	固有名詞
often	often	固有名詞
oftens	oftens	固有名詞
ofter	ofter	固有名詞
oftest	oftest	固有名詞
oftly	oftly	固有名詞
ogaire	ogaire	固有名詞
ogam	ogam	固有名詞
ogamic	ogamic	固有名詞
ogams	ogams	固有名詞
ogboni	ogboni	固有名詞
ogdoad	ogdoad	固有名詞
ogdoas	ogdoas	固有名詞
ogee	ogee	固有名詞
ogeed	ogeed	固有名詞
ogees	ogees	固有名詞
ogham	ogham	固有名詞
oghams	oghams	固有名詞
oghuz	oghuz	固有名詞
ogival	ogival	固有名詞
ogive	ogive	固有名詞
ogived	ogived	固有名詞
ogives	ogives	固有名詞
oglala	oglala	固有名詞
ogle	ogle	固有名詞
ogled	ogled	固有名詞
ogler	ogler	固有名詞
oglers	oglers	固有名詞
ogles	ogles	固有名詞
ogling	ogling	固有名詞
ogmic	ogmic	固有名詞
ogor	ogor	固有名詞
ogpu	ogpu	固有名詞
ogre	ogre	固有名詞
ogres	ogres	固有名詞
ogress	ogress	固有名詞
ogrish	ogrish	固有名詞
ogrism	ogrism	固有名詞
ogum	ogum	固有名詞
ogygia	ogygia	固有名詞
ohare	ohare	固有名詞
ohed	ohed	固有名詞
ohelo	ohelo	固有名詞
ohia	ohia	固有名詞
ohias	ohias	固有名詞
ohing	ohing	固有名詞
ohio	ohio	固有名詞
ohioan	ohioan	固有名詞
ohm	ohm	固有名詞
ohmage	ohmage	固有名詞
ohmic	ohmic	固有名詞
ohms	ohms	固有名詞
oho	oho	固有名詞
ohone	ohone	固有名詞
ohoy	ohoy	固有名詞
ohs	ohs	固有名詞
ohv	ohv	固有名詞
oicks	oicks	固有名詞
oidia	oidia	固有名詞
oidium	oidium	固有名詞
oie	oie	固有名詞
oii	oii	固有名詞
oik	oik	固有名詞
oiks	oiks	固有名詞
oil	oil	固有名詞
oilcan	oilcan	固有名詞
oilcup	oilcup	固有名詞
oildom	oildom	固有名詞
oiled	oiled	固有名詞
oiler	oiler	固有名詞
oilers	oilers	固有名詞
oilery	oilery	固有名詞
oilier	oilier	固有名詞
oilily	oilily	固有名詞
oiling	oiling	固有名詞
oilish	oilish	固有名詞
oillet	oillet	固有名詞
oilman	oilman	固有名詞
oilmen	oilmen	固有名詞
oils	oils	固有名詞
oilway	oilway	固有名詞
oily	oily	固有名詞
oime	oime	固有名詞
oink	oink	固有名詞
oinked	oinked	固有名詞
oinks	oinks	固有名詞
oint	oint	固有名詞
oisin	oisin	固有名詞
oitava	oitava	固有名詞
ojibwa	ojibwa	固有名詞
oka	oka	固有名詞
okapi	okapi	固有名詞
okapia	okapia	固有名詞
okapis	okapis	固有名詞
okas	okas	固有名詞
okay	okay	固有名詞
okayed	okayed	固有名詞
okays	okays	固有名詞
oke	oke	固有名詞
okee	okee	固有名詞
okeh	okeh	固有名詞
okehs	okehs	固有名詞
oker	oker	固有名詞
okes	okes	固有名詞
oket	oket	固有名詞
okey	okey	固有名詞
oki	oki	固有名詞
okia	okia	固有名詞
okie	okie	固有名詞
okoume	okoume	固有名詞
okra	okra	固有名詞
okras	okras	固有名詞
okro	okro	固有名詞
okroog	okroog	固有名詞
okrug	okrug	固有名詞
okruzi	okruzi	固有名詞
okta	okta	固有名詞
okuari	okuari	固有名詞
ola	ola	固有名詞
olacad	olacad	固有名詞
olaf	olaf	固有名詞
olam	olam	固有名詞
olamic	olamic	固有名詞
olax	olax	固有名詞
olcha	olcha	固有名詞
olchi	olchi	固有名詞
old	old	固有名詞
olden	olden	固有名詞
older	older	固有名詞
olders	olders	固有名詞
oldest	oldest	固有名詞
oldie	oldie	固有名詞
oldies	oldies	固有名詞
oldish	oldish	固有名詞
olds	olds	固有名詞
oldy	oldy	固有名詞
ole	ole	固有名詞
olea	olea	固有名詞
oleana	oleana	固有名詞
oleary	oleary	固有名詞
olease	olease	固有名詞
oleate	oleate	固有名詞
olefin	olefin	固有名詞
oleg	oleg	固有名詞
oleic	oleic	固有名詞
olein	olein	固有名詞
oleine	oleine	固有名詞
oleins	oleins	固有名詞
olena	olena	固有名詞
olenid	olenid	固有名詞
olent	olent	固有名詞
olenus	olenus	固有名詞
oleo	oleo	固有名詞
oleos	oleos	固有名詞
oleose	oleose	固有名詞
oleous	oleous	固有名詞
oleoyl	oleoyl	固有名詞
olepy	olepy	固有名詞
oleron	oleron	固有名詞
oles	oles	固有名詞
oleum	oleum	固有名詞
oleums	oleums	固有名詞
olfact	olfact	固有名詞
olga	olga	固有名詞
oliban	oliban	固有名詞
olid	olid	固有名詞
olinia	olinia	固有名詞
olio	olio	固有名詞
olios	olios	固有名詞
oliva	oliva	固有名詞
olive	olive	固有名詞
olived	olived	固有名詞
oliver	oliver	固有名詞
olives	olives	固有名詞
olivet	olivet	固有名詞
olivia	olivia	固有名詞
olivil	olivil	固有名詞
olla	olla	固有名詞
ollamh	ollamh	固有名詞
ollas	ollas	固有名詞
ollav	ollav	固有名詞
ollie	ollie	固有名詞
ollock	ollock	固有名詞
olluck	olluck	固有名詞
olm	olm	固有名詞
olneya	olneya	固有名詞
olof	olof	固有名詞
ology	ology	固有名詞
olomao	olomao	固有名詞
olona	olona	固有名詞
olor	olor	固有名詞
olp	olp	固有名詞
olpae	olpae	固有名詞
olpe	olpe	固有名詞
olpes	olpes	固有名詞
olson	olson	固有名詞
omagra	omagra	固有名詞
omagua	omagua	固有名詞
omaha	omaha	固有名詞
omahas	omahas	固有名詞
oman	oman	固有名詞
omani	omani	固有名詞
omao	omao	固有名詞
omar	omar	固有名詞
omasa	omasa	固有名詞
omasum	omasum	固有名詞
omber	omber	固有名詞
ombers	ombers	固有名詞
ombre	ombre	固有名詞
ombres	ombres	固有名詞
omega	omega	固有名詞
omegas	omegas	固有名詞
omelet	omelet	固有名詞
omelie	omelie	固有名詞
omen	omen	固有名詞
omened	omened	固有名詞
omens	omens	固有名詞
omenta	omenta	固有名詞
omer	omer	固有名詞
omers	omers	固有名詞
omina	omina	固有名詞
omit	omit	固有名詞
omitis	omitis	固有名詞
omits	omits	固有名詞
omlah	omlah	固有名詞
ommiad	ommiad	固有名詞
omnes	omnes	固有名詞
omni	omni	固有名詞
omnify	omnify	固有名詞
omnist	omnist	固有名詞
omnium	omnium	固有名詞
omrah	omrah	固有名詞
oms	oms	固有名詞
ona	ona	固有名詞
onager	onager	固有名詞
onagra	onagra	固有名詞
onagri	onagri	固有名詞
onan	onan	固有名詞
onca	onca	固有名詞
once	once	固有名詞
oncer	oncer	固有名詞
onces	onces	固有名詞
oncet	oncet	固有名詞
oncia	oncia	固有名詞
oncin	oncin	固有名詞
oncome	oncome	固有名詞
oncost	oncost	固有名詞
ondine	ondine	固有名詞
onding	onding	固有名詞
ondule	ondule	固有名詞
ondy	ondy	固有名詞
one	one	固有名詞
onehow	onehow	固有名詞
oneida	oneida	固有名詞
oneill	oneill	固有名詞
oneism	oneism	固有名詞
oner	oner	固有名詞
onery	onery	固有名詞
ones	ones	固有名詞
onethe	onethe	固有名詞
oneyer	oneyer	固有名詞
onfall	onfall	固有名詞
onflow	onflow	固有名詞
ongaro	ongaro	固有名詞
oni	oni	固有名詞
onion	onion	固有名詞
onions	onions	固有名詞
oniony	oniony	固有名詞
onium	onium	固有名詞
onker	onker	固有名詞
onkos	onkos	固有名詞
onlaid	onlaid	固有名詞
onlap	onlap	固有名詞
onlay	onlay	固有名詞
onlepy	onlepy	固有名詞
onless	onless	固有名詞
online	online	固有名詞
onlook	onlook	固有名詞
only	only	固有名詞
onmun	onmun	固有名詞
ono	ono	固有名詞
ononis	ononis	固有名詞
onrush	onrush	固有名詞
ons	ons	固有名詞
onset	onset	固有名詞
onsets	onsets	固有名詞
onside	onside	固有名詞
ont	ont	固有名詞
ontal	ontal	固有名詞
ontic	ontic	固有名詞
onto	onto	固有名詞
onus	onus	固有名詞
onuses	onuses	固有名詞
onward	onward	固有名詞
ony	ony	固有名詞
onycha	onycha	固有名詞
onym	onym	固有名詞
onymal	onymal	固有名詞
onymy	onymy	固有名詞
onyx	onyx	固有名詞
onyxes	onyxes	固有名詞
onyxis	onyxis	固有名詞
onza	onza	固有名詞
oobit	oobit	固有名詞
oocyst	oocyst	固有名詞
oocyte	oocyte	固有名詞
oodles	oodles	固有名詞
ooecia	ooecia	固有名詞
oof	oof	固有名詞
oofier	oofier	固有名詞
oofy	oofy	固有名詞
oogamy	oogamy	固有名詞
oogeny	oogeny	固有名詞
ooglea	ooglea	固有名詞
oogone	oogone	固有名詞
ooh	ooh	固有名詞
oohed	oohed	固有名詞
oohing	oohing	固有名詞
oohs	oohs	固有名詞
ooid	ooid	固有名詞
ooidal	ooidal	固有名詞
oolak	oolak	固有名詞
oolite	oolite	固有名詞
oolith	oolith	固有名詞
oolly	oolly	固有名詞
oology	oology	固有名詞
oolong	oolong	固有名詞
oomiac	oomiac	固有名詞
oomiak	oomiak	固有名詞
oompah	oompah	固有名詞
oomph	oomph	固有名詞
oomphs	oomphs	固有名詞
oons	oons	固有名詞
oont	oont	固有名詞
oooo	oooo	固有名詞
oopack	oopack	固有名詞
oopak	oopak	固有名詞
oopod	oopod	固有名詞
oops	oops	固有名詞
oorali	oorali	固有名詞
oord	oord	固有名詞
oorial	oorial	固有名詞
oorie	oorie	固有名詞
oory	oory	固有名詞
oos	oos	固有名詞
oose	oose	固有名詞
oot	oot	固有名詞
ootid	ootid	固有名詞
ootids	ootids	固有名詞
oots	oots	固有名詞
ootype	ootype	固有名詞
ooze	ooze	固有名詞
oozed	oozed	固有名詞
oozes	oozes	固有名詞
oozier	oozier	固有名詞
oozily	oozily	固有名詞
oozing	oozing	固有名詞
oozoa	oozoa	固有名詞
oozoid	oozoid	固有名詞
oozy	oozy	固有名詞
opa	opa	固有名詞
opacus	opacus	固有名詞
opah	opah	固有名詞
opahs	opahs	固有名詞
opai	opai	固有名詞
opaion	opaion	固有名詞
opal	opal	固有名詞
opaled	opaled	固有名詞
opals	opals	固有名詞
opaque	opaque	固有名詞
opata	opata	固有名詞
opcode	opcode	固有名詞
ope	ope	固有名詞
opec	opec	固有名詞
oped	oped	固有名詞
opelet	opelet	固有名詞
opelu	opelu	固有名詞
open	open	固有名詞
openai	OpenAI	固有名詞
opened	opened	固有名詞
opener	opener	固有名詞
openly	openly	固有名詞
opens	opens	固有名詞
opera	opera	固有名詞
operae	operae	固有名詞
operas	operas	固有名詞
operla	operla	固有名詞
operon	operon	固有名詞
opes	opes	固有名詞
ophian	ophian	固有名詞
ophic	ophic	固有名詞
ophion	ophion	固有名詞
ophir	ophir	固有名詞
ophis	ophis	固有名詞
ophism	ophism	固有名詞
ophite	ophite	固有名詞
ophrys	ophrys	固有名詞
opiane	opiane	固有名詞
opiate	opiate	固有名詞
opifex	opifex	固有名詞
opiism	opiism	固有名詞
opilia	opilia	固有名詞
opine	opine	固有名詞
opined	opined	固有名詞
opiner	opiner	固有名詞
opines	opines	固有名詞
oping	oping	固有名詞
opium	opium	固有名詞
opiums	opiums	固有名詞
oporto	oporto	固有名詞
opp	opp	固有名詞
oppian	oppian	固有名詞
oppida	oppida	固有名詞
oppone	oppone	固有名詞
oppose	oppose	固有名詞
oppugn	oppugn	固有名詞
ops	ops	固有名詞
opsin	opsin	固有名詞
opsins	opsins	固有名詞
opsy	opsy	固有名詞
opt	opt	固有名詞
optant	optant	固有名詞
optate	optate	固有名詞
opted	opted	固有名詞
optic	optic	固有名詞
optics	optics	固有名詞
optima	optima	固有名詞
optime	optime	固有名詞
opting	opting	固有名詞
option	option	固有名詞
optive	optive	固有名詞
opts	opts	固有名詞
opulus	opulus	固有名詞
opus	opus	固有名詞
opuses	opuses	固有名詞
ora	ora	固有名詞
orach	orach	固有名詞
orache	orache	固有名詞
oracle	oracle	固有名詞
oracy	oracy	固有名詞
orad	orad	固有名詞
orae	orae	固有名詞
orage	orage	固有名詞
oral	oral	固有名詞
orale	orale	固有名詞
oraler	oraler	固有名詞
orally	orally	固有名詞
orals	orals	固有名詞
orang	orang	固有名詞
orange	orange	固有名詞
orangs	orangs	固有名詞
orangy	orangy	固有名詞
orans	orans	固有名詞
orant	orant	固有名詞
orante	orante	固有名詞
oraon	oraon	固有名詞
oraria	oraria	固有名詞
orary	orary	固有名詞
oras	oras	固有名詞
orate	orate	固有名詞
orated	orated	固有名詞
orates	orates	固有名詞
orator	orator	固有名詞
orb	orb	固有名詞
orbate	orbate	固有名詞
orbed	orbed	固有名詞
orbell	orbell	固有名詞
orbic	orbic	固有名詞
orbing	orbing	固有名詞
orbit	orbit	固有名詞
orbite	orbite	固有名詞
orbits	orbits	固有名詞
orbity	orbity	固有名詞
orblet	orblet	固有名詞
orbs	orbs	固有名詞
orby	orby	固有名詞
orc	orc	固有名詞
orca	orca	固有名詞
orcas	orcas	固有名詞
orcein	orcein	固有名詞
orch	orch	固有名詞
orchat	orchat	固有名詞
orchel	orchel	固有名詞
orchen	orchen	固有名詞
orchic	orchic	固有名詞
orchid	orchid	固有名詞
orchil	orchil	固有名詞
orchis	orchis	固有名詞
orcin	orcin	固有名詞
orcine	orcine	固有名詞
orcins	orcins	固有名詞
orcs	orcs	固有名詞
ord	ord	固有名詞
ordain	ordain	固有名詞
ordeal	ordeal	固有名詞
ordene	ordene	固有名詞
order	order	固有名詞
orders	orders	固有名詞
ordn	ordn	固有名詞
ordo	ordo	固有名詞
ordos	ordos	固有名詞
ordu	ordu	固有名詞
ordure	ordure	固有名詞
ore	ore	固有名詞
oread	oread	固有名詞
oreads	oreads	固有名詞
oreas	oreas	固有名詞
ored	ored	固有名詞
oregon	oregon	固有名詞
oreide	oreide	固有名詞
orejon	orejon	固有名詞
oreman	oreman	固有名詞
oremus	oremus	固有名詞
orenda	orenda	固有名詞
ores	ores	固有名詞
oretic	oretic	固有名詞
orexin	orexin	固有名詞
orexis	orexis	固有名詞
orf	orf	固有名詞
orfe	orfe	固有名詞
orfray	orfray	固有名詞
org	org	固有名詞
orgal	orgal	固有名詞
orgamy	orgamy	固有名詞
organ	organ	固有名詞
organa	organa	固有名詞
organs	organs	固有名詞
organy	organy	固有名詞
orgasm	orgasm	固有名詞
orgeat	orgeat	固有名詞
orgia	orgia	固有名詞
orgiac	orgiac	固有名詞
orgic	orgic	固有名詞
orgies	orgies	固有名詞
orgone	orgone	固有名詞
orgue	orgue	固有名詞
orguil	orguil	固有名詞
orgy	orgy	固有名詞
orgyia	orgyia	固有名詞
orians	orians	固有名詞
orias	orias	固有名詞
oribi	oribi	固有名詞
oribis	oribis	固有名詞
oriel	oriel	固有名詞
oriels	oriels	固有名詞
orient	orient	固有名詞
orig	orig	固有名詞
origan	origan	固有名詞
origin	origin	固有名詞
orihon	orihon	固有名詞
oriole	oriole	固有名詞
orion	orion	固有名詞
orison	orison	固有名詞
oriya	oriya	固有名詞
orkey	orkey	固有名詞
orkhon	orkhon	固有名詞
orl	orl	固有名詞
orlage	orlage	固有名詞
orle	orle	固有名詞
orlean	orlean	固有名詞
orles	orles	固有名詞
orlet	orlet	固有名詞
orlo	orlo	固有名詞
orlon	orlon	固有名詞
orlop	orlop	固有名詞
orlops	orlops	固有名詞
orlos	orlos	固有名詞
orly	orly	固有名詞
ormazd	ormazd	固有名詞
ormer	ormer	固有名詞
ormers	ormers	固有名詞
ormolu	ormolu	固有名詞
ormond	ormond	固有名詞
orna	orna	固有名詞
ornary	ornary	固有名詞
ornate	ornate	固有名詞
ornery	ornery	固有名詞
ornes	ornes	固有名詞
ornify	ornify	固有名詞
ornis	ornis	固有名詞
ornith	ornith	固有名詞
orogen	orogen	固有名詞
oroide	oroide	固有名詞
oromo	oromo	固有名詞
orphan	orphan	固有名詞
orphic	orphic	固有名詞
orpin	orpin	固有名詞
orpinc	orpinc	固有名詞
orpine	orpine	固有名詞
orpins	orpins	固有名詞
orpit	orpit	固有名詞
orra	orra	固有名詞
orrery	orrery	固有名詞
orrice	orrice	固有名詞
orris	orris	固有名詞
orrow	orrow	固有名詞
ors	ors	固有名詞
orsede	orsede	固有名詞
orsel	orsel	固有名詞
orson	orson	固有名詞
ort	ort	固有名詞
ortet	ortet	固有名詞
orth	orth	固有名詞
orthal	orthal	固有名詞
orthic	orthic	固有名詞
orthid	orthid	固有名詞
orthis	orthis	固有名詞
ortho	ortho	固有名詞
ortiga	ortiga	固有名詞
ortive	ortive	固有名詞
ortman	ortman	固有名詞
ortol	ortol	固有名詞
ortrud	ortrud	固有名詞
orts	orts	固有名詞
ortyx	ortyx	固有名詞
orvet	orvet	固有名詞
orwell	orwell	固有名詞
ory	ory	固有名詞
oryx	oryx	固有名詞
oryxes	oryxes	固有名詞
oryza	oryza	固有名詞
os	OS	固有名詞
osage	osage	固有名詞
osages	osages	固有名詞
osaka	osaka	固有名詞
osamin	osamin	固有名詞
osar	osar	固有名詞
osc	osc	固有名詞
oscan	oscan	固有名詞
oscar	oscar	固有名詞
oscars	oscars	固有名詞
oscin	oscin	固有名詞
oscine	oscine	固有名詞
oscula	oscula	固有名詞
oscule	oscule	固有名詞
ose	ose	固有名詞
osela	osela	固有名詞
osella	osella	固有名詞
oselle	oselle	固有名詞
oses	oses	固有名詞
oshac	oshac	固有名詞
oshea	oshea	固有名詞
osi	osi	固有名詞
oside	oside	固有名詞
osier	osier	固有名詞
osiers	osiers	固有名詞
osiery	osiery	固有名詞
osiris	osiris	固有名詞
oskar	oskar	固有名詞
oslo	oslo	固有名詞
osmate	osmate	固有名詞
osmic	osmic	固有名詞
osmics	osmics	固有名詞
osmin	osmin	固有名詞
osmina	osmina	固有名詞
osmite	osmite	固有名詞
osmium	osmium	固有名詞
osmol	osmol	固有名詞
osmols	osmols	固有名詞
osmond	osmond	固有名詞
osmose	osmose	固有名詞
osmous	osmous	固有名詞
osmund	osmund	固有名詞
osone	osone	固有名詞
osophy	osophy	固有名詞
osperm	osperm	固有名詞
ospore	ospore	固有名詞
osprey	osprey	固有名詞
ossa	ossa	固有名詞
ossal	ossal	固有名詞
osse	osse	固有名詞
ossea	ossea	固有名詞
ossein	ossein	固有名詞
osset	osset	固有名詞
ossia	ossia	固有名詞
ossian	ossian	固有名詞
ossify	ossify	固有名詞
ostara	ostara	固有名詞
osteal	osteal	固有名詞
ostein	ostein	固有名詞
ostend	ostend	固有名詞
ostent	ostent	固有名詞
ostia	ostia	固有名詞
ostial	ostial	固有名詞
ostic	ostic	固有名詞
ostium	ostium	固有名詞
ostler	ostler	固有名詞
ostmen	ostmen	固有名詞
ostomy	ostomy	固有名詞
ostrca	ostrca	固有名詞
ostrea	ostrea	固有名詞
ostrya	ostrya	固有名詞
ostsis	ostsis	固有名詞
ostyak	ostyak	固有名詞
oswald	oswald	固有名詞
oswego	oswego	固有名詞
otalgy	otalgy	固有名詞
otaria	otaria	固有名詞
otary	otary	固有名詞
otate	otate	固有名詞
otc	otc	固有名詞
otello	otello	固有名詞
othake	othake	固有名詞
other	other	固有名詞
others	others	固有名詞
othin	othin	固有名詞
othman	othman	固有名詞
otiant	otiant	固有名詞
otic	otic	固有名詞
otidae	otidae	固有名詞
otides	otides	固有名詞
otidia	otidia	固有名詞
otiose	otiose	固有名詞
otis	otis	固有名詞
otitic	otitic	固有名詞
otitis	otitis	固有名詞
otium	otium	固有名詞
otkon	otkon	固有名詞
oto	oto	固有名詞
otomi	otomi	固有名詞
otosis	otosis	固有名詞
ototoi	ototoi	固有名詞
ottar	ottar	固有名詞
ottars	ottars	固有名詞
ottava	ottava	固有名詞
ottave	ottave	固有名詞
ottawa	ottawa	固有名詞
otter	otter	固有名詞
otters	otters	固有名詞
otto	otto	固有名詞
ottos	ottos	固有名詞
oturia	oturia	固有名詞
otus	otus	固有名詞
otxi	otxi	固有名詞
otyak	otyak	固有名詞
ouabe	ouabe	固有名詞
ouanga	ouanga	固有名詞
ouch	ouch	固有名詞
ouches	ouches	固有名詞
oud	oud	固有名詞
ouds	ouds	固有名詞
ouf	ouf	固有名詞
ough	ough	固有名詞
ought	ought	固有名詞
oughts	oughts	固有名詞
oui	oui	固有名詞
ouija	ouija	固有名詞
oukia	oukia	固有名詞
oulap	oulap	固有名詞
ounce	ounce	固有名詞
ounces	ounces	固有名詞
ounds	ounds	固有名詞
oundy	oundy	固有名詞
ouph	ouph	固有名詞
ouphe	ouphe	固有名詞
ouphes	ouphes	固有名詞
ouphs	ouphs	固有名詞
our	our	固有名詞
ourali	ourali	固有名詞
ourang	ourang	固有名詞
ourari	ourari	固有名詞
ourebi	ourebi	固有名詞
ourie	ourie	固有名詞
ourn	ourn	固有名詞
ouroub	ouroub	固有名詞
ours	ours	固有名詞
oursel	oursel	固有名詞
ousel	ousel	固有名詞
ousels	ousels	固有名詞
ousia	ousia	固有名詞
oust	oust	固有名詞
ousted	ousted	固有名詞
oustee	oustee	固有名詞
ouster	ouster	固有名詞
ousts	ousts	固有名詞
out	out	固有名詞
outact	outact	固有名詞
outadd	outadd	固有名詞
outage	outage	固有名詞
outas	outas	固有名詞
outask	outask	固有名詞
outate	outate	固有名詞
outawe	outawe	固有名詞
outban	outban	固有名詞
outbar	outbar	固有名詞
outbat	outbat	固有名詞
outbeg	outbeg	固有名詞
outbid	outbid	固有名詞
outbow	outbow	固有名詞
outbox	outbox	固有名詞
outbud	outbud	固有名詞
outbuy	outbuy	固有名詞
outby	outby	固有名詞
outbye	outbye	固有名詞
outcry	outcry	固有名詞
outcut	outcut	固有名詞
outdid	outdid	固有名詞
outdo	outdo	固有名詞
outeat	outeat	固有名詞
outed	outed	固有名詞
outen	outen	固有名詞
outer	outer	固有名詞
outers	outers	固有名詞
outeye	outeye	固有名詞
outfed	outfed	固有名詞
outfit	outfit	固有名詞
outfly	outfly	固有名詞
outfox	outfox	固有名詞
outgas	outgas	固有名詞
outgo	outgo	固有名詞
outgun	outgun	固有名詞
outher	outher	固有名詞
outhit	outhit	固有名詞
outhue	outhue	固有名詞
outhut	outhut	固有名詞
outing	outing	固有名詞
outish	outish	固有名詞
outjet	outjet	固有名詞
outjut	outjut	固有名詞
outlaw	outlaw	固有名詞
outlay	outlay	固有名詞
outled	outled	固有名詞
outler	outler	固有名詞
outlet	outlet	固有名詞
outlie	outlie	固有名詞
outlip	outlip	固有名詞
outlot	outlot	固有名詞
outly	outly	固有名詞
outman	outman	固有名詞
outmen	outmen	固有名詞
outpay	outpay	固有名詞
outpop	outpop	固有名詞
outpry	outpry	固有名詞
output	output	固有名詞
outr	outr	固有名詞
outran	outran	固有名詞
outrap	outrap	固有名詞
outray	outray	固有名詞
outre	outre	固有名詞
outrib	outrib	固有名詞
outrig	outrig	固有名詞
outrow	outrow	固有名詞
outrun	outrun	固有名詞
outs	outs	固有名詞
outsat	outsat	固有名詞
outsaw	outsaw	固有名詞
outsay	outsay	固有名詞
outsea	outsea	固有名詞
outsee	outsee	固有名詞
outset	outset	固有名詞
outsin	outsin	固有名詞
outsit	outsit	固有名詞
outspy	outspy	固有名詞
outsum	outsum	固有名詞
outtop	outtop	固有名詞
outvie	outvie	固有名詞
outwar	outwar	固有名詞
outway	outway	固有名詞
outwin	outwin	固有名詞
outwit	outwit	固有名詞
outwoe	outwoe	固有名詞
ouvert	ouvert	固有名詞
ouvre	ouvre	固有名詞
ouyezd	ouyezd	固有名詞
ouze	ouze	固有名詞
ouzel	ouzel	固有名詞
ouzels	ouzels	固有名詞
ouzo	ouzo	固有名詞
ouzos	ouzos	固有名詞
ova	ova	固有名詞
oval	oval	固有名詞
ovally	ovally	固有名詞
ovals	ovals	固有名詞
ovambo	ovambo	固有名詞
ovampo	ovampo	固有名詞
ovant	ovant	固有名詞
ovaria	ovaria	固有名詞
ovarin	ovarin	固有名詞
ovary	ovary	固有名詞
ovate	ovate	固有名詞
ovated	ovated	固有名詞
oven	oven	固有名詞
ovened	ovened	固有名詞
ovenly	ovenly	固有名詞
ovens	ovens	固有名詞
over	over	固有名詞
overby	overby	固有名詞
overdo	overdo	固有名詞
overed	overed	固有名詞
overgo	overgo	固有名詞
overly	overly	固有名詞
overs	overs	固有名詞
overt	overt	固有名詞
ovest	ovest	固有名詞
ovey	ovey	固有名詞
ovibos	ovibos	固有名詞
ovid	ovid	固有名詞
ovidae	ovidae	固有名詞
oviger	oviger	固有名詞
ovile	ovile	固有名詞
ovinae	ovinae	固有名詞
ovine	ovine	固有名詞
ovines	ovines	固有名詞
ovinia	ovinia	固有名詞
ovis	ovis	固有名詞
ovisac	ovisac	固有名詞
ovism	ovism	固有名詞
ovist	ovist	固有名詞
ovoid	ovoid	固有名詞
ovoids	ovoids	固有名詞
ovoli	ovoli	固有名詞
ovolo	ovolo	固有名詞
ovolos	ovolos	固有名詞
ovonic	ovonic	固有名詞
ovula	ovula	固有名詞
ovular	ovular	固有名詞
ovule	ovule	固有名詞
ovules	ovules	固有名詞
ovulum	ovulum	固有名詞
ovum	ovum	固有名詞
owd	owd	固有名詞
owe	owe	固有名詞
owed	owed	固有名詞
owelty	owelty	固有名詞
owen	owen	固有名詞
owenia	owenia	固有名詞
ower	ower	固有名詞
owerby	owerby	固有名詞
owes	owes	固有名詞
owght	owght	固有名詞
owhere	owhere	固有名詞
owing	owing	固有名詞
owk	owk	固有名詞
owl	owl	固有名詞
owldom	owldom	固有名詞
owler	owler	固有名詞
owlery	owlery	固有名詞
owlet	owlet	固有名詞
owlets	owlets	固有名詞
owling	owling	固有名詞
owlish	owlish	固有名詞
owlism	owlism	固有名詞
owls	owls	固有名詞
owly	owly	固有名詞
own	own	固有名詞
owned	owned	固有名詞
owner	owner	固有名詞
owners	owners	固有名詞
owning	owning	固有名詞
owns	owns	固有名詞
owse	owse	固有名詞
owsen	owsen	固有名詞
owser	owser	固有名詞
owt	owt	固有名詞
oxacid	oxacid	固有名詞
oxalan	oxalan	固有名詞
oxalic	oxalic	固有名詞
oxalis	oxalis	固有名詞
oxalyl	oxalyl	固有名詞
oxamic	oxamic	固有名詞
oxamid	oxamid	固有名詞
oxan	oxan	固有名詞
oxane	oxane	固有名詞
oxanic	oxanic	固有名詞
oxazin	oxazin	固有名詞
oxbane	oxbane	固有名詞
oxbird	oxbird	固有名詞
oxbow	oxbow	固有名詞
oxbows	oxbows	固有名詞
oxboy	oxboy	固有名詞
oxcart	oxcart	固有名詞
oxea	oxea	固有名詞
oxeate	oxeate	固有名詞
oxen	oxen	固有名詞
oxeote	oxeote	固有名詞
oxer	oxer	固有名詞
oxes	oxes	固有名詞
oxeye	oxeye	固有名詞
oxeyes	oxeyes	固有名詞
oxfly	oxfly	固有名詞
oxford	oxford	固有名詞
oxgall	oxgall	固有名詞
oxgang	oxgang	固有名詞
oxgate	oxgate	固有名詞
oxgoad	oxgoad	固有名詞
oxhead	oxhead	固有名詞
oxheal	oxheal	固有名詞
oxherd	oxherd	固有名詞
oxhide	oxhide	固有名詞
oxhoft	oxhoft	固有名詞
oxhorn	oxhorn	固有名詞
oxid	oxid	固有名詞
oxide	oxide	固有名詞
oxides	oxides	固有名詞
oxidic	oxidic	固有名詞
oxids	oxids	固有名詞
oxim	oxim	固有名詞
oxime	oxime	固有名詞
oximes	oximes	固有名詞
oxims	oxims	固有名詞
oxland	oxland	固有名詞
oxlike	oxlike	固有名詞
oxlip	oxlip	固有名詞
oxlips	oxlips	固有名詞
oxman	oxman	固有名詞
oxonic	oxonic	固有名詞
oxreim	oxreim	固有名詞
oxshoe	oxshoe	固有名詞
oxskin	oxskin	固有名詞
oxtail	oxtail	固有名詞
oxter	oxter	固有名詞
oxters	oxters	固有名詞
oxwort	oxwort	固有名詞
oxy	oxy	固有名詞
oxyazo	oxyazo	固有名詞
oxygas	oxygas	固有名詞
oxygen	oxygen	固有名詞
oxygon	oxygon	固有名詞
oxyl	oxyl	固有名詞
oxymel	oxymel	固有名詞
oxyopy	oxyopy	固有名詞
oyana	oyana	固有名詞
oyelet	oyelet	固有名詞
oyer	oyer	固有名詞
oyers	oyers	固有名詞
oyes	oyes	固有名詞
oyez	oyez	固有名詞
oylet	oylet	固有名詞
oyster	oyster	固有名詞
ozaena	ozaena	固有名詞
ozan	ozan	固有名詞
ozark	ozark	固有名詞
ozena	ozena	固有名詞
ozias	ozias	固有名詞
ozoena	ozoena	固有名詞
ozone	ozone	固有名詞
ozoned	ozoned	固有名詞
ozoner	ozoner	固有名詞
ozones	ozones	固有名詞
ozonic	ozonic	固有名詞
ozonid	ozonid	固有名詞
ozs	ozs	固有名詞
paal	paal	固有名詞
paar	paar	固有名詞
paas	paas	固有名詞
paauw	paauw	固有名詞
paba	paba	固有名詞
pabble	pabble	固有名詞
pablo	pablo	固有名詞
pablum	pablum	固有名詞
pac	pac	固有名詞
paca	paca	固有名詞
pacane	pacane	固有名詞
pacas	pacas	固有名詞
pacate	pacate	固有名詞
pacay	pacay	固有名詞
pacaya	pacaya	固有名詞
paccha	paccha	固有名詞
pace	pace	固有名詞
paced	paced	固有名詞
pacer	pacer	固有名詞
pacers	pacers	固有名詞
paces	paces	固有名詞
pacha	pacha	固有名詞
pachak	pachak	固有名詞
pachas	pachas	固有名詞
pacht	pacht	固有名詞
pacify	pacify	固有名詞
pacing	pacing	固有名詞
pack	pack	固有名詞
packed	packed	固有名詞
packer	packer	固有名詞
packet	packet	固有名詞
packly	packly	固有名詞
packs	packs	固有名詞
paco	paco	固有名詞
pacos	pacos	固有名詞
pacota	pacota	固有名詞
pacs	pacs	固有名詞
pact	pact	固有名詞
pacta	pacta	固有名詞
pacts	pacts	固有名詞
pactum	pactum	固有名詞
pacu	pacu	固有名詞
pad	pad	固有名詞
padang	padang	固有名詞
padauk	padauk	固有名詞
padda	padda	固有名詞
padded	padded	固有名詞
padder	padder	固有名詞
paddle	paddle	固有名詞
paddy	paddy	固有名詞
padeye	padeye	固有名詞
padge	padge	固有名詞
padige	padige	固有名詞
padina	padina	固有名詞
padle	padle	固有名詞
padles	padles	固有名詞
padnag	padnag	固有名詞
padou	padou	固有名詞
padouk	padouk	固有名詞
padre	padre	固有名詞
padres	padres	固有名詞
padri	padri	固有名詞
pads	pads	固有名詞
padsaw	padsaw	固有名詞
paduan	paduan	固有名詞
padus	padus	固有名詞
paean	paean	固有名詞
paeans	paeans	固有名詞
paegel	paegel	固有名詞
paegle	paegle	固有名詞
paella	paella	固有名詞
paeon	paeon	固有名詞
paeons	paeons	固有名詞
paeony	paeony	固有名詞
paepae	paepae	固有名詞
paga	paga	固有名詞
pagan	pagan	固有名詞
pagans	pagans	固有名詞
page	page	固有名詞
paged	paged	固有名詞
pager	pager	固有名詞
pagers	pagers	固有名詞
pages	pages	固有名詞
paggle	paggle	固有名詞
pagina	pagina	固有名詞
pagine	pagine	固有名詞
paging	paging	固有名詞
pagne	pagne	固有名詞
pagnes	pagnes	固有名詞
pagod	pagod	固有名詞
pagoda	pagoda	固有名詞
pagods	pagods	固有名詞
pagrus	pagrus	固有名詞
paguma	paguma	固有名詞
pagus	pagus	固有名詞
pah	pah	固有名詞
paha	paha	固有名詞
pahari	pahari	固有名詞
pahi	pahi	固有名詞
pahmi	pahmi	固有名詞
paho	paho	固有名詞
pahos	pahos	固有名詞
paiche	paiche	固有名詞
paid	paid	固有名詞
paidle	paidle	固有名詞
paigle	paigle	固有名詞
paik	paik	固有名詞
paiked	paiked	固有名詞
paiker	paiker	固有名詞
paiks	paiks	固有名詞
pail	pail	固有名詞
pailoo	pailoo	固有名詞
pailou	pailou	固有名詞
pailow	pailow	固有名詞
pails	pails	固有名詞
pain	pain	固有名詞
painch	painch	固有名詞
paine	paine	固有名詞
pained	pained	固有名詞
pains	pains	固有名詞
paint	paint	固有名詞
paints	paints	固有名詞
painty	painty	固有名詞
paiock	paiock	固有名詞
paip	paip	固有名詞
pair	pair	固有名詞
paired	paired	固有名詞
pairer	pairer	固有名詞
pairle	pairle	固有名詞
pairs	pairs	固有名詞
pairt	pairt	固有名詞
pais	pais	固有名詞
paisa	paisa	固有名詞
paisan	paisan	固有名詞
paisas	paisas	固有名詞
paise	paise	固有名詞
paiute	paiute	固有名詞
paized	paized	固有名詞
pajama	pajama	固有名詞
pajero	pajero	固有名詞
pajock	pajock	固有名詞
pakawa	pakawa	固有名詞
pakeha	pakeha	固有名詞
pal	pal	固有名詞
pala	pala	固有名詞
palace	palace	固有名詞
palach	palach	固有名詞
palaic	palaic	固有名詞
palais	palais	固有名詞
palaka	palaka	固有名詞
palala	palala	固有名詞
palama	palama	固有名詞
palame	palame	固有名詞
palank	palank	固有名詞
palar	palar	固有名詞
palas	palas	固有名詞
palate	palate	固有名詞
palau	palau	固有名詞
palay	palay	固有名詞
palch	palch	固有名詞
pale	pale	固有名詞
palea	palea	固有名詞
paleae	paleae	固有名詞
paleal	paleal	固有名詞
paled	paled	固有名詞
palely	palely	固有名詞
paleog	paleog	固有名詞
paleon	paleon	固有名詞
paler	paler	固有名詞
pales	pales	固有名詞
palest	palest	固有名詞
palet	palet	固有名詞
palets	palets	固有名詞
paletz	paletz	固有名詞
palew	palew	固有名詞
palfry	palfry	固有名詞
palgat	palgat	固有名詞
pali	pali	固有名詞
palier	palier	固有名詞
palila	palila	固有名詞
paling	paling	固有名詞
palis	palis	固有名詞
palish	palish	固有名詞
palkee	palkee	固有名詞
palki	palki	固有名詞
pall	pall	固有名詞
palla	palla	固有名詞
pallae	pallae	固有名詞
pallah	pallah	固有名詞
pallar	pallar	固有名詞
pallas	pallas	固有名詞
palled	palled	固有名詞
pallet	pallet	固有名詞
palli	palli	固有名詞
pallia	pallia	固有名詞
pallid	pallid	固有名詞
pallor	pallor	固有名詞
palls	palls	固有名詞
pallu	pallu	固有名詞
pally	pally	固有名詞
palm	palm	固有名詞
palma	palma	固有名詞
palmad	palmad	固有名詞
palmae	palmae	固有名詞
palmar	palmar	固有名詞
palmed	palmed	固有名詞
palmer	palmer	固有名詞
palmic	palmic	固有名詞
palmin	palmin	固有名詞
palmo	palmo	固有名詞
palms	palms	固有名詞
palmus	palmus	固有名詞
palmy	palmy	固有名詞
palolo	palolo	固有名詞
paloma	paloma	固有名詞
palour	palour	固有名詞
palp	palp	固有名詞
palpal	palpal	固有名詞
palped	palped	固有名詞
palpi	palpi	固有名詞
palpon	palpon	固有名詞
palps	palps	固有名詞
palpus	palpus	固有名詞
pals	pals	固有名詞
palsy	palsy	固有名詞
palt	palt	固有名詞
palta	palta	固有名詞
palter	palter	固有名詞
paltry	paltry	固有名詞
palude	palude	固有名詞
palule	palule	固有名詞
paluli	paluli	固有名詞
palus	palus	固有名詞
paly	paly	固有名詞
pam	pam	固有名詞
pamela	pamela	固有名詞
pament	pament	固有名詞
pamhy	pamhy	固有名詞
pamir	pamir	固有名詞
pamiri	pamiri	固有名詞
pampa	pampa	固有名詞
pampas	pampas	固有名詞
pamper	pamper	固有名詞
pampre	pampre	固有名詞
pams	pams	固有名詞
pan	pan	固有名詞
panace	panace	固有名詞
panada	panada	固有名詞
panade	panade	固有名詞
panak	panak	固有名詞
panaka	panaka	固有名詞
panama	panama	固有名詞
panary	panary	固有名詞
panax	panax	固有名詞
pand	pand	固有名詞
panda	panda	固有名詞
pandal	pandal	固有名詞
pandan	pandan	固有名詞
pandar	pandar	固有名詞
pandas	pandas	固有名詞
pander	pander	固有名詞
pandit	pandit	固有名詞
pandle	pandle	固有名詞
pandy	pandy	固有名詞
pane	pane	固有名詞
paned	paned	固有名詞
panel	panel	固有名詞
panela	panela	固有名詞
panels	panels	固有名詞
panes	panes	固有名詞
panfil	panfil	固有名詞
panfry	panfry	固有名詞
panful	panful	固有名詞
pang	pang	固有名詞
panga	panga	固有名詞
pangas	pangas	固有名詞
panged	panged	固有名詞
pangen	pangen	固有名詞
pangi	pangi	固有名詞
pangs	pangs	固有名詞
pangwe	pangwe	固有名詞
panhas	panhas	固有名詞
pani	pani	固有名詞
panic	panic	固有名詞
panics	panics	固有名詞
panier	panier	固有名詞
panime	panime	固有名詞
panini	panini	固有名詞
panion	panion	固有名詞
panisc	panisc	固有名詞
panisk	panisk	固有名詞
pank	pank	固有名詞
pankin	pankin	固有名詞
panman	panman	固有名詞
panmug	panmug	固有名詞
panna	panna	固有名詞
pannag	pannag	固有名詞
pannam	pannam	固有名詞
panne	panne	固有名詞
panned	panned	固有名詞
pannel	pannel	固有名詞
panner	panner	固有名詞
pannes	pannes	固有名詞
pannum	pannum	固有名詞
pannus	pannus	固有名詞
panoan	panoan	固有名詞
panos	panos	固有名詞
pans	pans	固有名詞
panse	panse	固有名詞
pansit	pansit	固有名詞
pansy	pansy	固有名詞
pant	pant	固有名詞
pantas	pantas	固有名詞
panted	panted	固有名詞
panter	panter	固有名詞
pantie	pantie	固有名詞
pantle	pantle	固有名詞
panto	panto	固有名詞
pantod	pantod	固有名詞
panton	panton	固有名詞
pantos	pantos	固有名詞
pantry	pantry	固有名詞
pants	pants	固有名詞
pantun	pantun	固有名詞
panty	panty	固有名詞
panung	panung	固有名詞
panure	panure	固有名詞
panus	panus	固有名詞
panyar	panyar	固有名詞
panzer	panzer	固有名詞
paola	paola	固有名詞
paolo	paolo	固有名詞
paon	paon	固有名詞
paopao	paopao	固有名詞
pap	pap	固有名詞
papa	papa	固有名詞
papacy	papacy	固有名詞
papago	papago	固有名詞
papain	papain	固有名詞
papaio	papaio	固有名詞
papal	papal	固有名詞
papane	papane	固有名詞
papas	papas	固有名詞
papaw	papaw	固有名詞
papaws	papaws	固有名詞
papaya	papaya	固有名詞
pape	pape	固有名詞
paper	paper	固有名詞
papern	papern	固有名詞
papers	papers	固有名詞
papery	papery	固有名詞
papess	papess	固有名詞
papey	papey	固有名詞
papier	papier	固有名詞
papio	papio	固有名詞
papion	papion	固有名詞
papish	papish	固有名詞
papism	papism	固有名詞
papist	papist	固有名詞
papize	papize	固有名詞
pappea	pappea	固有名詞
pappi	pappi	固有名詞
pappox	pappox	固有名詞
pappus	pappus	固有名詞
pappy	pappy	固有名詞
papreg	papreg	固有名詞
paps	paps	固有名詞
papua	papua	固有名詞
papuan	papuan	固有名詞
papula	papula	固有名詞
papule	papule	固有名詞
papyr	papyr	固有名詞
papyri	papyri	固有名詞
paque	paque	固有名詞
paquet	paquet	固有名詞
par	par	固有名詞
para	para	固有名詞
parada	parada	固有名詞
parade	parade	固有名詞
parado	parado	固有名詞
parage	parage	固有名詞
parah	parah	固有名詞
parale	parale	固有名詞
param	param	固有名詞
paramo	paramo	固有名詞
parang	parang	固有名詞
parao	parao	固有名詞
paraph	paraph	固有名詞
paras	paras	固有名詞
parate	parate	固有名詞
parava	parava	固有名詞
parc	parc	固有名詞
parcae	parcae	固有名詞
parcel	parcel	固有名詞
parch	parch	固有名詞
parchy	parchy	固有名詞
pard	pard	固有名詞
pardah	pardah	固有名詞
pardal	pardal	固有名詞
pardao	pardao	固有名詞
parde	parde	固有名詞
parded	parded	固有名詞
pardee	pardee	固有名詞
pardi	pardi	固有名詞
pardie	pardie	固有名詞
pardo	pardo	固有名詞
pardon	pardon	固有名詞
pards	pards	固有名詞
pardy	pardy	固有名詞
pare	pare	固有名詞
parecy	parecy	固有名詞
pared	pared	固有名詞
pareil	pareil	固有名詞
pareja	pareja	固有名詞
parel	parel	固有名詞
paren	paren	固有名詞
parens	parens	固有名詞
parent	parent	固有名詞
parer	parer	固有名詞
parers	parers	固有名詞
pares	pares	固有名詞
pareu	pareu	固有名詞
pareus	pareus	固有名詞
pareve	pareve	固有名詞
parfey	parfey	固有名詞
parfum	parfum	固有名詞
parge	parge	固有名詞
parged	parged	固有名詞
parges	parges	固有名詞
parget	parget	固有名詞
pargo	pargo	固有名詞
pargos	pargos	固有名詞
pari	pari	固有名詞
pariah	pariah	固有名詞
parial	parial	固有名詞
parian	parian	固有名詞
parica	parica	固有名詞
paries	paries	固有名詞
pariet	pariet	固有名詞
parify	parify	固有名詞
parine	parine	固有名詞
paring	paring	固有名詞
paris	paris	固有名詞
parish	parish	固有名詞
pariti	pariti	固有名詞
parity	parity	固有名詞
park	park	固有名詞
parka	parka	固有名詞
parkas	parkas	固有名詞
parked	parked	固有名詞
parkee	parkee	固有名詞
parker	parker	固有名詞
parkin	parkin	固有名詞
parks	parks	固有名詞
parky	parky	固有名詞
parl	parl	固有名詞
parlay	parlay	固有名詞
parle	parle	固有名詞
parled	parled	固有名詞
parles	parles	固有名詞
parley	parley	固有名詞
parli	parli	固有名詞
parlia	parlia	固有名詞
parlor	parlor	固有名詞
parly	parly	固有名詞
parma	parma	固有名詞
parmak	parmak	固有名詞
parnas	parnas	固有名詞
parnel	parnel	固有名詞
paroch	paroch	固有名詞
parode	parode	固有名詞
parodi	parodi	固有名詞
parody	parody	固有名詞
parol	parol	固有名詞
parole	parole	固有名詞
paroli	paroli	固有名詞
parols	parols	固有名詞
parous	parous	固有名詞
parpal	parpal	固有名詞
parpen	parpen	固有名詞
parr	parr	固有名詞
parra	parra	固有名詞
parrah	parrah	固有名詞
parral	parral	固有名詞
parred	parred	固有名詞
parrel	parrel	固有名詞
parrot	parrot	固有名詞
parrs	parrs	固有名詞
parry	parry	固有名詞
pars	pars	固有名詞
parse	parse	固有名詞
parsec	parsec	固有名詞
parsed	parsed	固有名詞
parsee	parsee	固有名詞
parser	parser	固有名詞
parses	parses	固有名詞
parsi	parsi	固有名詞
parsic	parsic	固有名詞
parson	parson	固有名詞
part	part	固有名詞
partan	partan	固有名詞
parte	parte	固有名詞
parted	parted	固有名詞
parten	parten	固有名詞
parter	parter	固有名詞
partes	partes	固有名詞
parti	parti	固有名詞
partie	partie	固有名詞
partim	partim	固有名詞
partis	partis	固有名詞
partly	partly	固有名詞
parto	parto	固有名詞
parton	parton	固有名詞
parts	parts	固有名詞
party	party	固有名詞
parura	parura	固有名詞
parure	parure	固有名詞
parus	parus	固有名詞
parve	parve	固有名詞
parvis	parvis	固有名詞
pas	pas	固有名詞
pasan	pasan	固有名詞
pasang	pasang	固有名詞
pascal	pascal	固有名詞
pasch	pasch	固有名詞
pascha	pascha	固有名詞
pase	pase	固有名詞
pasear	pasear	固有名詞
pasela	pasela	固有名詞
paseng	paseng	固有名詞
paseo	paseo	固有名詞
paseos	paseos	固有名詞
pases	pases	固有名詞
pasewa	pasewa	固有名詞
pash	pash	固有名詞
pasha	pasha	固有名詞
pashas	pashas	固有名詞
pashed	pashed	固有名詞
pashes	pashes	固有名詞
pashim	pashim	固有名詞
pashka	pashka	固有名詞
pashm	pashm	固有名詞
pashto	pashto	固有名詞
pasi	pasi	固有名詞
pasis	pasis	固有名詞
pask	pask	固有名詞
pasmo	pasmo	固有名詞
paso	paso	固有名詞
pass	pass	固有名詞
passay	passay	固有名詞
passe	passe	固有名詞
passed	passed	固有名詞
passee	passee	固有名詞
passel	passel	固有名詞
passen	passen	固有名詞
passer	passer	固有名詞
passes	passes	固有名詞
passim	passim	固有名詞
passir	passir	固有名詞
passo	passo	固有名詞
passu	passu	固有名詞
passus	passus	固有名詞
past	past	固有名詞
pasta	pasta	固有名詞
pastas	pastas	固有名詞
paste	paste	固有名詞
pasted	pasted	固有名詞
pastel	pastel	固有名詞
paster	paster	固有名詞
pastes	pastes	固有名詞
pastil	pastil	固有名詞
pastis	pastis	固有名詞
pastor	pastor	固有名詞
pastry	pastry	固有名詞
pasts	pasts	固有名詞
pasty	pasty	固有名詞
pasul	pasul	固有名詞
pat	pat	固有名詞
pata	pata	固有名詞
pataca	pataca	固有名詞
pataco	pataco	固有名詞
pataka	pataka	固有名詞
patana	patana	固有名詞
patand	patand	固有名詞
patao	patao	固有名詞
patart	patart	固有名詞
patas	patas	固有名詞
patata	patata	固有名詞
patch	patch	固有名詞
patchy	patchy	固有名詞
patd	patd	固有名詞
pate	pate	固有名詞
pated	pated	固有名詞
patee	patee	固有名詞
patefy	patefy	固有名詞
patel	patel	固有名詞
paten	paten	固有名詞
patens	patens	固有名詞
patent	patent	固有名詞
pater	pater	固有名詞
patera	patera	固有名詞
paters	paters	固有名詞
pates	pates	固有名詞
patesi	patesi	固有名詞
patgia	patgia	固有名詞
path	path	固有名詞
pathan	pathan	固有名詞
pathed	pathed	固有名詞
pathic	pathic	固有名詞
pathol	pathol	固有名詞
pathos	pathos	固有名詞
paths	paths	固有名詞
pathy	pathy	固有名詞
patia	patia	固有名詞
patin	patin	固有名詞
patina	patina	固有名詞
patine	patine	固有名詞
patins	patins	固有名詞
patio	patio	固有名詞
patios	patios	固有名詞
patise	patise	固有名詞
patly	patly	固有名詞
patmos	patmos	固有名詞
pato	pato	固有名詞
patois	patois	固有名詞
patola	patola	固有名詞
patria	patria	固有名詞
patrin	patrin	固有名詞
patrix	patrix	固有名詞
patrol	patrol	固有名詞
patron	patron	固有名詞
pats	pats	固有名詞
patsy	patsy	固有名詞
patt	patt	固有名詞
patta	patta	固有名詞
patte	patte	固有名詞
patted	patted	固有名詞
pattee	pattee	固有名詞
patten	patten	固有名詞
patter	patter	固有名詞
pattie	pattie	固有名詞
pattle	pattle	固有名詞
pattoo	pattoo	固有名詞
pattu	pattu	固有名詞
patty	patty	固有名詞
patu	patu	固有名詞
patuca	patuca	固有名詞
patwin	patwin	固有名詞
paty	paty	固有名詞
pau	pau	固有名詞
paua	paua	固有名詞
paucal	paucal	固有名詞
pauky	pauky	固有名詞
paul	paul	固有名詞
paula	paula	固有名詞
paular	paular	固有名詞
paulie	paulie	固有名詞
paulin	paulin	固有名詞
paulus	paulus	固有名詞
paunch	paunch	固有名詞
paup	paup	固有名詞
pauper	pauper	固有名詞
pausai	pausai	固有名詞
pausal	pausal	固有名詞
pause	pause	固有名詞
paused	paused	固有名詞
pauser	pauser	固有名詞
pauses	pauses	固有名詞
paut	paut	固有名詞
pauxi	pauxi	固有名詞
pav	pav	固有名詞
pavade	pavade	固有名詞
pavage	pavage	固有名詞
pavan	pavan	固有名詞
pavane	pavane	固有名詞
pavans	pavans	固有名詞
pave	pave	固有名詞
paved	paved	固有名詞
paveed	paveed	固有名詞
paven	paven	固有名詞
paver	paver	固有名詞
pavers	pavers	固有名詞
paves	paves	固有名詞
pavia	pavia	固有名詞
pavid	pavid	固有名詞
pavier	pavier	固有名詞
pavies	pavies	固有名詞
pavin	pavin	固有名詞
paving	paving	固有名詞
pavins	pavins	固有名詞
pavior	pavior	固有名詞
pavis	pavis	固有名詞
pavise	pavise	固有名詞
pavlov	pavlov	固有名詞
pavo	pavo	固有名詞
pavois	pavois	固有名詞
pavone	pavone	固有名詞
pavy	pavy	固有名詞
paw	paw	固有名詞
pawaw	pawaw	固有名詞
pawed	pawed	固有名詞
pawer	pawer	固有名詞
pawers	pawers	固有名詞
pawing	pawing	固有名詞
pawk	pawk	固有名詞
pawky	pawky	固有名詞
pawl	pawl	固有名詞
pawls	pawls	固有名詞
pawn	pawn	固有名詞
pawned	pawned	固有名詞
pawnee	pawnee	固有名詞
pawner	pawner	固有名詞
pawnie	pawnie	固有名詞
pawnor	pawnor	固有名詞
pawns	pawns	固有名詞
pawpaw	pawpaw	固有名詞
paws	paws	固有名詞
pax	pax	固有名詞
paxes	paxes	固有名詞
paxwax	paxwax	固有名詞
pay	pay	固有名詞
paybox	paybox	固有名詞
payday	payday	固有名詞
payed	payed	固有名詞
payee	payee	固有名詞
payees	payees	固有名詞
payen	payen	固有名詞
payeny	payeny	固有名詞
payer	payer	固有名詞
payers	payers	固有名詞
payess	payess	固有名詞
paying	paying	固有名詞
payni	payni	固有名詞
paynim	paynim	固有名詞
payoff	payoff	固有名詞
payola	payola	固有名詞
payong	payong	固有名詞
payor	payor	固有名詞
payors	payors	固有名詞
payout	payout	固有名詞
pays	pays	固有名詞
payt	payt	固有名詞
pazend	pazend	固有名詞
pbx	pbx	固有名詞
pbxes	pbxes	固有名詞
pc	PC	固有名詞
pcf	pcf	固有名詞
pci	pci	固有名詞
pcm	pcm	固有名詞
pct	pct	固有名詞
pdf	PDF	固有名詞
pdl	pdl	固有名詞
pdn	pdn	固有名詞
pdq	pdq	固有名詞
pea	pea	固有名詞
peace	peace	固有名詞
peaced	peaced	固有名詞
peaces	peaces	固有名詞
peach	peach	固有名詞
peachy	peachy	固有名詞
peacod	peacod	固有名詞
peag	peag	固有名詞
peage	peage	固有名詞
peages	peages	固有名詞
peags	peags	固有名詞
peahen	peahen	固有名詞
peai	peai	固有名詞
peak	peak	固有名詞
peaked	peaked	固有名詞
peaker	peaker	固有名詞
peaks	peaks	固有名詞
peaky	peaky	固有名詞
peal	peal	固有名詞
pealed	pealed	固有名詞
pealer	pealer	固有名詞
peals	peals	固有名詞
pean	pean	固有名詞
peans	peans	固有名詞
peanut	peanut	固有名詞
peapod	peapod	固有名詞
pear	pear	固有名詞
pearce	pearce	固有名詞
pearch	pearch	固有名詞
pearl	pearl	固有名詞
pearls	pearls	固有名詞
pearly	pearly	固有名詞
pears	pears	固有名詞
peart	peart	固有名詞
peas	peas	固有名詞
pease	pease	固有名詞
peasen	peasen	固有名詞
peases	peases	固有名詞
peason	peason	固有名詞
peasy	peasy	固有名詞
peat	peat	固有名詞
peats	peats	固有名詞
peaty	peaty	固有名詞
peavey	peavey	固有名詞
peavie	peavie	固有名詞
peavy	peavy	固有名詞
peba	peba	固有名詞
peban	peban	固有名詞
pebble	pebble	固有名詞
pebbly	pebbly	固有名詞
pecan	pecan	固有名詞
pecans	pecans	固有名詞
pech	pech	固有名詞
pechan	pechan	固有名詞
pechay	pechay	固有名詞
peched	peched	固有名詞
pechs	pechs	固有名詞
pecht	pecht	固有名詞
pechys	pechys	固有名詞
pecify	pecify	固有名詞
pecite	pecite	固有名詞
peck	peck	固有名詞
pecked	pecked	固有名詞
pecker	pecker	固有名詞
pecket	pecket	固有名詞
peckle	peckle	固有名詞
peckly	peckly	固有名詞
pecks	pecks	固有名詞
pecky	pecky	固有名詞
pecora	pecora	固有名詞
pecos	pecos	固有名詞
pecten	pecten	固有名詞
pectic	pectic	固有名詞
pectin	pectin	固有名詞
pectus	pectus	固有名詞
ped	ped	固有名詞
peda	peda	固有名詞
pedage	pedage	固有名詞
pedal	pedal	固有名詞
pedalo	pedalo	固有名詞
pedals	pedals	固有名詞
pedant	pedant	固有名詞
pedary	pedary	固有名詞
pedata	pedata	固有名詞
pedate	pedate	固有名詞
pedder	pedder	固有名詞
peddle	peddle	固有名詞
pedee	pedee	固有名詞
pedes	pedes	固有名詞
pediad	pediad	固有名詞
pedial	pedial	固有名詞
pedion	pedion	固有名詞
pedlar	pedlar	固有名詞
pedler	pedler	固有名詞
pedro	pedro	固有名詞
pedros	pedros	固有名詞
peds	peds	固有名詞
pedule	pedule	固有名詞
pedum	pedum	固有名詞
pee	pee	固有名詞
peed	peed	固有名詞
peeing	peeing	固有名詞
peek	peek	固有名詞
peeke	peeke	固有名詞
peeked	peeked	固有名詞
peeks	peeks	固有名詞
peel	peel	固有名詞
peele	peele	固有名詞
peeled	peeled	固有名詞
peeler	peeler	固有名詞
peels	peels	固有名詞
peen	peen	固有名詞
peened	peened	固有名詞
peenge	peenge	固有名詞
peens	peens	固有名詞
peeoy	peeoy	固有名詞
peep	peep	固有名詞
peeped	peeped	固有名詞
peeper	peeper	固有名詞
peeps	peeps	固有名詞
peepul	peepul	固有名詞
peepy	peepy	固有名詞
peer	peer	固有名詞
peered	peered	固有名詞
peerie	peerie	固有名詞
peerly	peerly	固有名詞
peers	peers	固有名詞
peert	peert	固有名詞
peery	peery	固有名詞
pees	pees	固有名詞
peeve	peeve	固有名詞
peeved	peeved	固有名詞
peever	peever	固有名詞
peeves	peeves	固有名詞
peewee	peewee	固有名詞
peewit	peewit	固有名詞
peg	peg	固有名詞
pega	pega	固有名詞
pegall	pegall	固有名詞
pegbox	pegbox	固有名詞
pegged	pegged	固有名詞
pegger	pegger	固有名詞
peggle	peggle	固有名詞
peggy	peggy	固有名詞
pegh	pegh	固有名詞
peglet	peglet	固有名詞
pegma	pegma	固有名詞
pegman	pegman	固有名詞
pegmen	pegmen	固有名詞
pegs	pegs	固有名詞
peguan	peguan	固有名詞
peh	peh	固有名詞
peho	peho	固有名詞
pein	pein	固有名詞
peine	peine	固有名詞
peined	peined	固有名詞
peins	peins	固有名詞
peise	peise	固有名詞
peised	peised	固有名詞
peiser	peiser	固有名詞
peises	peises	固有名詞
peitho	peitho	固有名詞
peize	peize	固有名詞
pekan	pekan	固有名詞
pekans	pekans	固有名詞
peke	peke	固有名詞
pekes	pekes	固有名詞
pekin	pekin	固有名詞
peking	peking	固有名詞
pekins	pekins	固有名詞
pekoe	pekoe	固有名詞
pekoes	pekoes	固有名詞
pelade	pelade	固有名詞
pelado	pelado	固有名詞
pelage	pelage	固有名詞
pele	pele	固有名詞
pelean	pelean	固有名詞
peleng	peleng	固有名詞
peles	peles	固有名詞
peleus	peleus	固有名詞
pelew	pelew	固有名詞
pelf	pelf	固有名詞
pelfs	pelfs	固有名詞
pelham	pelham	固有名詞
pelias	pelias	固有名詞
pelick	pelick	固有名詞
pelike	pelike	固有名詞
peliom	peliom	固有名詞
pelite	pelite	固有名詞
pell	pell	固有名詞
pellar	pellar	固有名詞
pellas	pellas	固有名詞
peller	peller	固有名詞
pellet	pellet	固有名詞
pelmet	pelmet	固有名詞
peloid	peloid	固有名詞
pelon	pelon	固有名詞
pelops	pelops	固有名詞
pelota	pelota	固有名詞
pelt	pelt	固有名詞
pelta	pelta	固有名詞
peltae	peltae	固有名詞
pelted	pelted	固有名詞
pelter	pelter	固有名詞
peltry	peltry	固有名詞
pelts	pelts	固有名詞
pelu	pelu	固有名詞
peludo	peludo	固有名詞
pelure	pelure	固有名詞
pelves	pelves	固有名詞
pelvic	pelvic	固有名詞
pelvis	pelvis	固有名詞
pen	pen	固有名詞
penaea	penaea	固有名詞
penal	penal	固有名詞
penang	penang	固有名詞
pence	pence	固有名詞
pencel	pencel	固有名詞
pencey	pencey	固有名詞
penche	penche	固有名詞
pencil	pencil	固有名詞
pend	pend	固有名詞
penda	penda	固有名詞
pended	pended	固有名詞
pendle	pendle	固有名詞
pendn	pendn	固有名詞
pendom	pendom	固有名詞
pends	pends	固有名詞
peneid	peneid	固有名詞
penes	penes	固有名詞
penest	penest	固有名詞
penful	penful	固有名詞
peng	peng	固有名詞
pengo	pengo	固有名詞
pengos	pengos	固有名詞
pengun	pengun	固有名詞
penial	penial	固有名詞
penide	penide	固有名詞
penile	penile	固有名詞
penis	penis	固有名詞
penk	penk	固有名詞
penlop	penlop	固有名詞
penman	penman	固有名詞
penmen	penmen	固有名詞
penna	penna	固有名詞
pennae	pennae	固有名詞
penned	penned	固有名詞
penner	penner	固有名詞
pennet	pennet	固有名詞
penney	penney	固有名詞
penni	penni	固有名詞
pennia	pennia	固有名詞
pennis	pennis	固有名詞
pennon	pennon	固有名詞
penny	penny	固有名詞
penoun	penoun	固有名詞
pens	pens	固有名詞
pense	pense	固有名詞
pensee	pensee	固有名詞
pensil	pensil	固有名詞
pensum	pensum	固有名詞
pensy	pensy	固有名詞
pent	pent	固有名詞
penta	penta	固有名詞
pentad	pentad	固有名詞
pentit	pentit	固有名詞
pentol	pentol	固有名詞
pentyl	pentyl	固有名詞
penult	penult	固有名詞
penup	penup	固有名詞
penury	penury	固有名詞
peon	peon	固有名詞
peones	peones	固有名詞
peons	peons	固有名詞
peony	peony	固有名詞
people	people	固有名詞
peoria	peoria	固有名詞
pep	pep	固有名詞
pepful	pepful	固有名詞
pepino	pepino	固有名詞
pepla	pepla	固有名詞
peplos	peplos	固有名詞
peplum	peplum	固有名詞
peplus	peplus	固有名詞
pepo	pepo	固有名詞
pepos	pepos	固有名詞
pepped	pepped	固有名詞
pepper	pepper	固有名詞
peppin	peppin	固有名詞
peppy	peppy	固有名詞
peps	peps	固有名詞
pepsi	pepsi	固有名詞
pepsin	pepsin	固有名詞
pepsis	pepsis	固有名詞
peptic	peptic	固有名詞
peptid	peptid	固有名詞
pequot	pequot	固有名詞
per	per	固有名詞
peract	peract	固有名詞
perai	perai	固有名詞
perau	perau	固有名詞
perca	perca	固有名詞
perch	perch	固有名詞
percha	percha	固有名詞
perche	perche	固有名詞
percid	percid	固有名詞
percur	percur	固有名詞
percy	percy	固有名詞
perdie	perdie	固有名詞
perdit	perdit	固有名詞
perdix	perdix	固有名詞
perdu	perdu	固有名詞
perdue	perdue	固有名詞
perdus	perdus	固有名詞
perdy	perdy	固有名詞
pere	pere	固有名詞
perean	perean	固有名詞
pereia	pereia	固有名詞
peres	peres	固有名詞
perf	perf	固有名詞
perfay	perfay	固有名詞
perfin	perfin	固有名詞
perfix	perfix	固有名詞
perh	perh	固有名詞
peri	peri	固有名詞
pericu	pericu	固有名詞
peril	peril	固有名詞
perils	perils	固有名詞
perine	perine	固有名詞
period	period	固有名詞
peris	peris	固有名詞
perish	perish	固有名詞
perit	perit	固有名詞
perite	perite	固有名詞
perk	perk	固有名詞
perked	perked	固有名詞
perkin	perkin	固有名詞
perks	perks	固有名詞
perky	perky	固有名詞
perl	Perl	固有名詞
perla	perla	固有名詞
perle	perle	固有名詞
perlid	perlid	固有名詞
perm	perm	固有名詞
permit	permit	固有名詞
permix	permix	固有名詞
perms	perms	固有名詞
pern	pern	固有名詞
pernea	pernea	固有名詞
pernel	pernel	固有名詞
pernio	pernio	固有名詞
pernis	pernis	固有名詞
pernod	pernod	固有名詞
pernor	pernor	固有名詞
pernyi	pernyi	固有名詞
peroba	peroba	固有名詞
perone	perone	固有名詞
peroxy	peroxy	固有名詞
perp	perp	固有名詞
perpet	perpet	固有名詞
perrie	perrie	固有名詞
perron	perron	固有名詞
perry	perry	固有名詞
pers	pers	固有名詞
persae	persae	固有名詞
perse	perse	固有名詞
persea	persea	固有名詞
perses	perses	固有名詞
persia	persia	固有名詞
persic	persic	固有名詞
persio	persio	固有名詞
persis	persis	固有名詞
person	person	固有名詞
persue	persue	固有名詞
pert	pert	固有名詞
perten	perten	固有名詞
perter	perter	固有名詞
pertly	pertly	固有名詞
perty	perty	固有名詞
peru	peru	固有名詞
peruke	peruke	固有名詞
perula	perula	固有名詞
perule	perule	固有名詞
perun	perun	固有名詞
peruse	peruse	固有名詞
perv	perv	固有名詞
pes	pes	固有名詞
pesa	pesa	固有名詞
pesach	pesach	固有名詞
pesade	pesade	固有名詞
pesage	pesage	固有名詞
pesah	pesah	固有名詞
pescod	pescod	固有名詞
peseta	peseta	固有名詞
pesewa	pesewa	固有名詞
peshwa	peshwa	固有名詞
pesky	pesky	固有名詞
peso	peso	固有名詞
pesos	pesos	固有名詞
pess	pess	固有名詞
pest	pest	固有名詞
peste	peste	固有名詞
pester	pester	固有名詞
pestis	pestis	固有名詞
pestle	pestle	固有名詞
pests	pests	固有名詞
pet	pet	固有名詞
petal	petal	固有名詞
petals	petals	固有名詞
petaly	petaly	固有名詞
petara	petara	固有名詞
petard	petard	固有名詞
petary	petary	固有名詞
petate	petate	固有名詞
pete	pete	固有名詞
peteca	peteca	固有名詞
peter	peter	固有名詞
peters	peters	固有名詞
petful	petful	固有名詞
pether	pether	固有名詞
petit	petit	固有名詞
petite	petite	固有名詞
petits	petits	固有名詞
petkin	petkin	固有名詞
peto	peto	固有名詞
petos	petos	固有名詞
petr	petr	固有名詞
petre	petre	固有名詞
petrea	petrea	固有名詞
petrel	petrel	固有名詞
petri	petri	固有名詞
petrie	petrie	固有名詞
petro	petro	固有名詞
petrog	petrog	固有名詞
petrol	petrol	固有名詞
pets	pets	固有名詞
pettah	pettah	固有名詞
petted	petted	固有名詞
petter	petter	固有名詞
petti	petti	固有名詞
pettle	pettle	固有名詞
petto	petto	固有名詞
petty	petty	固有名詞
petum	petum	固有名詞
petune	petune	固有名詞
peucyl	peucyl	固有名詞
peuhl	peuhl	固有名詞
peul	peul	固有名詞
peumus	peumus	固有名詞
pew	pew	固有名詞
pewage	pewage	固有名詞
pewdom	pewdom	固有名詞
pewee	pewee	固有名詞
pewees	pewees	固有名詞
pewful	pewful	固有名詞
pewing	pewing	固有名詞
pewit	pewit	固有名詞
pewits	pewits	固有名詞
pews	pews	固有名詞
pewter	pewter	固有名詞
pewy	pewy	固有名詞
peyote	peyote	固有名詞
peyotl	peyotl	固有名詞
peyton	peyton	固有名詞
peziza	peziza	固有名詞
pfc	pfc	固有名詞
pfd	pfd	固有名詞
pfg	pfg	固有名詞
pflag	pflag	固有名詞
pfui	pfui	固有名詞
pfund	pfund	固有名詞
pfunde	pfunde	固有名詞
pfx	pfx	固有名詞
pgntt	pgntt	固有名詞
phaca	phaca	固有名詞
phaedo	phaedo	固有名詞
phaet	phaet	固有名詞
phage	phage	固有名詞
phages	phages	固有名詞
phajus	phajus	固有名詞
phalli	phalli	固有名詞
phanar	phanar	固有名詞
phane	phane	固有名詞
phanic	phanic	固有名詞
phano	phano	固有名詞
phanos	phanos	固有名詞
phar	phar	固有名詞
phare	phare	固有名詞
pharm	pharm	固有名詞
pharo	pharo	固有名詞
pharos	pharos	固有名詞
phase	phase	固有名詞
phased	phased	固有名詞
phaser	phaser	固有名詞
phases	phases	固有名詞
phasic	phasic	固有名詞
phasis	phasis	固有名詞
phasm	phasm	固有名詞
phasma	phasma	固有名詞
phasor	phasor	固有名詞
phat	phat	固有名詞
phatic	phatic	固有名詞
pheal	pheal	固有名詞
phebe	phebe	固有名詞
phecda	phecda	固有名詞
pheeal	pheeal	固有名詞
phemic	phemic	固有名詞
phemie	phemie	固有名詞
phene	phene	固有名詞
phenic	phenic	固有名詞
phenin	phenin	固有名詞
phenix	phenix	固有名詞
phenol	phenol	固有名詞
phenom	phenom	固有名詞
pheny	pheny	固有名詞
phenyl	phenyl	固有名詞
pheon	pheon	固有名詞
phew	phew	固有名詞
phi	phi	固有名詞
phial	phial	固有名詞
phiale	phiale	固有名詞
phials	phials	固有名詞
phies	phies	固有名詞
phil	phil	固有名詞
philia	philia	固有名詞
philic	philic	固有名詞
philip	philip	固有名詞
phill	phill	固有名詞
philol	philol	固有名詞
philos	philos	固有名詞
phippe	phippe	固有名詞
phis	phis	固有名詞
phit	phit	固有名詞
phiz	phiz	固有名詞
phizes	phizes	固有名詞
phizog	phizog	固有名詞
phlegm	phlegm	固有名詞
phleum	phleum	固有名詞
phloem	phloem	固有名詞
phlox	phlox	固有名詞
pho	pho	固有名詞
phobia	phobia	固有名詞
phobic	phobic	固有名詞
phobos	phobos	固有名詞
phoby	phoby	固有名詞
phoca	phoca	固有名詞
phocal	phocal	固有名詞
phocid	phocid	固有名詞
phoebe	phoebe	固有名詞
phoh	phoh	固有名詞
pholad	pholad	固有名詞
pholas	pholas	固有名詞
phoma	phoma	固有名詞
phon	phon	固有名詞
phonal	phonal	固有名詞
phone	phone	固有名詞
phoned	phoned	固有名詞
phoner	phoner	固有名詞
phones	phones	固有名詞
phonet	phonet	固有名詞
phoney	phoney	固有名詞
phonic	phonic	固有名詞
phono	phono	固有名詞
phonol	phonol	固有名詞
phonon	phonon	固有名詞
phonos	phonos	固有名詞
phons	phons	固有名詞
phony	phony	固有名詞
phoo	phoo	固有名詞
phooey	phooey	固有名詞
phooka	phooka	固有名詞
phora	phora	固有名詞
phoria	phoria	固有名詞
phorid	phorid	固有名詞
phos	phos	固有名詞
phose	phose	固有名詞
phosis	phosis	固有名詞
phoss	phoss	固有名詞
phossy	phossy	固有名詞
phot	phot	固有名詞
photal	photal	固有名詞
photic	photic	固有名詞
photo	photo	固有名詞
photog	photog	固有名詞
photom	photom	固有名詞
photon	photon	固有名詞
photos	photos	固有名詞
phots	phots	固有名詞
php	PHP	固有名詞
phpht	phpht	固有名詞
phr	phr	固有名詞
phrase	phrase	固有名詞
phrasy	phrasy	固有名詞
phren	phren	固有名詞
phryma	phryma	固有名詞
pht	pht	固有名詞
phthor	phthor	固有名詞
phu	phu	固有名詞
phulwa	phulwa	固有名詞
phut	phut	固有名詞
phycic	phycic	固有名詞
phyla	phyla	固有名詞
phylae	phylae	固有名詞
phylar	phylar	固有名詞
phyle	phyle	固有名詞
phylic	phylic	固有名詞
phylon	phylon	固有名詞
phylum	phylum	固有名詞
phyma	phyma	固有名詞
phymas	phymas	固有名詞
phys	phys	固有名詞
physa	physa	固有名詞
physes	physes	固有名詞
physic	physic	固有名詞
physid	physid	固有名詞
physis	physis	固有名詞
phytic	phytic	固有名詞
phytin	phytin	固有名詞
phytol	phytol	固有名詞
phyton	phyton	固有名詞
phytyl	phytyl	固有名詞
pia	pia	固有名詞
piaba	piaba	固有名詞
piache	piache	固有名詞
piacle	piacle	固有名詞
piaffe	piaffe	固有名詞
pial	pial	固有名詞
piala	piala	固有名詞
pialyn	pialyn	固有名詞
pian	pian	固有名詞
pianet	pianet	固有名詞
pianic	pianic	固有名詞
pianka	pianka	固有名詞
piano	piano	固有名詞
pianos	pianos	固有名詞
pians	pians	固有名詞
piaroa	piaroa	固有名詞
pias	pias	固有名詞
piast	piast	固有名詞
piatti	piatti	固有名詞
piazin	piazin	固有名詞
piazza	piazza	固有名詞
piazze	piazze	固有名詞
pibal	pibal	固有名詞
pic	pic	固有名詞
pica	pica	固有名詞
picae	picae	固有名詞
pical	pical	固有名詞
picara	picara	固有名詞
picard	picard	固有名詞
picaro	picaro	固有名詞
picary	picary	固有名詞
picas	picas	固有名詞
pice	pice	固有名詞
picea	picea	固有名詞
picein	picein	固有名詞
picene	picene	固有名詞
pich	pich	固有名詞
pichey	pichey	固有名詞
pichi	pichi	固有名詞
pici	pici	固有名詞
picine	picine	固有名詞
pick	pick	固有名詞
pickax	pickax	固有名詞
picked	picked	固有名詞
pickee	pickee	固有名詞
pickel	pickel	固有名詞
picker	picker	固有名詞
picket	picket	固有名詞
pickin	pickin	固有名詞
pickle	pickle	固有名詞
picks	picks	固有名詞
pickup	pickup	固有名詞
picky	picky	固有名詞
picnic	picnic	固有名詞
pico	pico	固有名詞
picoid	picoid	固有名詞
picong	picong	固有名詞
picory	picory	固有名詞
picot	picot	固有名詞
picote	picote	固有名詞
picots	picots	固有名詞
picra	picra	固有名詞
picric	picric	固有名詞
picris	picris	固有名詞
picrol	picrol	固有名詞
picry	picry	固有名詞
picryl	picryl	固有名詞
pics	pics	固有名詞
pict	pict	固有名詞
pictun	pictun	固有名詞
picuda	picuda	固有名詞
picudo	picudo	固有名詞
picul	picul	固有名詞
picule	picule	固有名詞
piculs	piculs	固有名詞
picus	picus	固有名詞
pidan	pidan	固有名詞
piddle	piddle	固有名詞
pidgin	pidgin	固有名詞
pie	pie	固有名詞
piece	piece	固有名詞
pieced	pieced	固有名詞
piecen	piecen	固有名詞
piecer	piecer	固有名詞
pieces	pieces	固有名詞
pied	pied	固有名詞
piedly	piedly	固有名詞
piedra	piedra	固有名詞
piegan	piegan	固有名詞
pieing	pieing	固有名詞
pielet	pielet	固有名詞
pielum	pielum	固有名詞
piemag	piemag	固有名詞
pieman	pieman	固有名詞
pien	pien	固有名詞
piend	piend	固有名詞
piepan	piepan	固有名詞
pier	pier	固有名詞
pierce	pierce	固有名詞
pierid	pierid	固有名詞
pieris	pieris	固有名詞
pierre	pierre	固有名詞
piers	piers	固有名詞
piert	piert	固有名詞
pies	pies	固有名詞
piest	piest	固有名詞
piet	piet	固有名詞
pieta	pieta	固有名詞
pietas	pietas	固有名詞
piete	piete	固有名詞
pieter	pieter	固有名詞
pietic	pietic	固有名詞
pieton	pieton	固有名詞
piety	piety	固有名詞
piezo	piezo	固有名詞
pifero	pifero	固有名詞
piff	piff	固有名詞
piffle	piffle	固有名詞
pifine	pifine	固有名詞
pig	pig	固有名詞
pigdan	pigdan	固有名詞
pigdom	pigdom	固有名詞
pigeon	pigeon	固有名詞
pigful	pigful	固有名詞
pigg	pigg	固有名詞
pigged	pigged	固有名詞
piggie	piggie	固有名詞
piggin	piggin	固有名詞
piggle	piggle	固有名詞
piggy	piggy	固有名詞
pight	pight	固有名詞
piglet	piglet	固有名詞
pigly	pigly	固有名詞
pigman	pigman	固有名詞
pigmew	pigmew	固有名詞
pigmy	pigmy	固有名詞
pignet	pignet	固有名詞
pignon	pignon	固有名詞
pignus	pignus	固有名詞
pignut	pignut	固有名詞
pigpen	pigpen	固有名詞
pigs	pigs	固有名詞
pigsty	pigsty	固有名詞
piing	piing	固有名詞
piitis	piitis	固有名詞
pik	pik	固有名詞
pika	pika	固有名詞
pikake	pikake	固有名詞
pikas	pikas	固有名詞
pike	pike	固有名詞
piked	piked	固有名詞
pikel	pikel	固有名詞
piker	piker	固有名詞
pikers	pikers	固有名詞
pikes	pikes	固有名詞
pikey	pikey	固有名詞
piki	piki	固有名詞
piking	piking	固有名詞
pikle	pikle	固有名詞
piky	piky	固有名詞
pil	pil	固有名詞
pilaf	pilaf	固有名詞
pilaff	pilaff	固有名詞
pilafs	pilafs	固有名詞
pilage	pilage	固有名詞
pilar	pilar	固有名詞
pilary	pilary	固有名詞
pilate	pilate	固有名詞
pilau	pilau	固有名詞
pilaus	pilaus	固有名詞
pilaw	pilaw	固有名詞
pilaws	pilaws	固有名詞
pilch	pilch	固有名詞
pile	pile	固有名詞
pilea	pilea	固有名詞
piled	piled	固有名詞
pilei	pilei	固有名詞
piler	piler	固有名詞
pilers	pilers	固有名詞
piles	piles	固有名詞
pileum	pileum	固有名詞
pileup	pileup	固有名詞
pileus	pileus	固有名詞
pilfer	pilfer	固有名詞
pilfre	pilfre	固有名詞
pilger	pilger	固有名詞
pili	pili	固有名詞
pilies	pilies	固有名詞
pilin	pilin	固有名詞
piline	piline	固有名詞
piling	piling	固有名詞
pilis	pilis	固有名詞
pill	pill	固有名詞
pillar	pillar	固有名詞
pillas	pillas	固有名詞
pilled	pilled	固有名詞
piller	piller	固有名詞
pillet	pillet	固有名詞
pillow	pillow	固有名詞
pills	pills	固有名詞
pilm	pilm	固有名詞
pilmy	pilmy	固有名詞
pilon	pilon	固有名詞
pilori	pilori	固有名詞
pilose	pilose	固有名詞
pilot	pilot	固有名詞
piloti	piloti	固有名詞
pilots	pilots	固有名詞
pilous	pilous	固有名詞
pilpai	pilpai	固有名詞
pilpay	pilpay	固有名詞
pilpul	pilpul	固有名詞
pilula	pilula	固有名詞
pilule	pilule	固有名詞
pilum	pilum	固有名詞
pilus	pilus	固有名詞
pily	pily	固有名詞
pim	pim	固有名詞
pima	pima	固有名詞
piman	piman	固有名詞
pimas	pimas	固有名詞
piment	piment	固有名詞
pimola	pimola	固有名詞
pimp	pimp	固有名詞
pimped	pimped	固有名詞
pimpla	pimpla	固有名詞
pimple	pimple	固有名詞
pimplo	pimplo	固有名詞
pimply	pimply	固有名詞
pimps	pimps	固有名詞
pin	pin	固有名詞
pina	pina	固有名詞
pinal	pinal	固有名詞
pinang	pinang	固有名詞
pinard	pinard	固有名詞
pinas	pinas	固有名詞
pinata	pinata	固有名詞
pinax	pinax	固有名詞
pincer	pincer	固有名詞
pinch	pinch	固有名詞
pinche	pinche	固有名詞
pind	pind	固有名詞
pinda	pinda	固有名詞
pindal	pindal	固有名詞
pinder	pinder	固有名詞
pindy	pindy	固有名詞
pine	pine	固有名詞
pineal	pineal	固有名詞
pined	pined	固有名詞
pinene	pinene	固有名詞
piner	piner	固有名詞
pinery	pinery	固有名詞
pines	pines	固有名詞
pineta	pineta	固有名詞
piney	piney	固有名詞
ping	ping	固有名詞
pinge	pinge	固有名詞
pinged	pinged	固有名詞
pinger	pinger	固有名詞
pingle	pingle	固有名詞
pingo	pingo	固有名詞
pingos	pingos	固有名詞
pings	pings	固有名詞
pingue	pingue	固有名詞
pinic	pinic	固有名詞
pinier	pinier	固有名詞
pining	pining	固有名詞
pinion	pinion	固有名詞
pinite	pinite	固有名詞
pinjra	pinjra	固有名詞
pink	pink	固有名詞
pinked	pinked	固有名詞
pinken	pinken	固有名詞
pinker	pinker	固有名詞
pinkey	pinkey	固有名詞
pinkie	pinkie	固有名詞
pinkly	pinkly	固有名詞
pinko	pinko	固有名詞
pinkos	pinkos	固有名詞
pinks	pinks	固有名詞
pinky	pinky	固有名詞
pinman	pinman	固有名詞
pinna	pinna	固有名詞
pinnae	pinnae	固有名詞
pinnal	pinnal	固有名詞
pinnas	pinnas	固有名詞
pinned	pinned	固有名詞
pinnel	pinnel	固有名詞
pinner	pinner	固有名詞
pinnet	pinnet	固有名詞
pinny	pinny	固有名詞
pino	pino	固有名詞
pinole	pinole	固有名詞
pinon	pinon	固有名詞
pinons	pinons	固有名詞
pinot	pinot	固有名詞
pins	pins	固有名詞
pinson	pinson	固有名詞
pint	pint	固有名詞
pinta	pinta	固有名詞
pintas	pintas	固有名詞
pinte	pinte	固有名詞
pintid	pintid	固有名詞
pintle	pintle	固有名詞
pinto	pinto	固有名詞
pintos	pintos	固有名詞
pints	pints	固有名詞
pinup	pinup	固有名詞
pinups	pinups	固有名詞
pinus	pinus	固有名詞
pinx	pinx	固有名詞
pinxit	pinxit	固有名詞
piny	piny	固有名詞
pinyin	pinyin	固有名詞
pinyl	pinyl	固有名詞
pinyon	pinyon	固有名詞
piolet	piolet	固有名詞
pion	pion	固有名詞
pioned	pioned	固有名詞
pionic	pionic	固有名詞
pions	pions	固有名詞
pioted	pioted	固有名詞
piotr	piotr	固有名詞
piotty	piotty	固有名詞
pioury	pioury	固有名詞
pious	pious	固有名詞
pioxe	pioxe	固有名詞
pip	pip	固有名詞
pipa	pipa	固有名詞
pipage	pipage	固有名詞
pipal	pipal	固有名詞
pipals	pipals	固有名詞
pipe	pipe	固有名詞
piped	piped	固有名詞
piper	piper	固有名詞
pipers	pipers	固有名詞
pipery	pipery	固有名詞
pipes	pipes	固有名詞
pipet	pipet	固有名詞
pipets	pipets	固有名詞
pipey	pipey	固有名詞
pipi	pipi	固有名詞
pipid	pipid	固有名詞
pipier	pipier	固有名詞
pipil	pipil	固有名詞
pipile	pipile	固有名詞
pipilo	pipilo	固有名詞
piping	piping	固有名詞
pipiri	pipiri	固有名詞
pipit	pipit	固有名詞
pipits	pipits	固有名詞
pipkin	pipkin	固有名詞
pipped	pipped	固有名詞
pippen	pippen	固有名詞
pipper	pipper	固有名詞
pippin	pippin	固有名詞
pipple	pipple	固有名詞
pippy	pippy	固有名詞
pipra	pipra	固有名詞
pips	pips	固有名詞
pipy	pipy	固有名詞
piqu	piqu	固有名詞
pique	pique	固有名詞
piqued	piqued	固有名詞
piques	piques	固有名詞
piquet	piquet	固有名詞
piquia	piquia	固有名詞
piqure	piqure	固有名詞
pir	pir	固有名詞
piracy	piracy	固有名詞
pirana	pirana	固有名詞
pirate	pirate	固有名詞
piraty	piraty	固有名詞
piraya	piraya	固有名詞
pirene	pirene	固有名詞
pirl	pirl	固有名詞
pirlie	pirlie	固有名詞
pirn	pirn	固有名詞
pirned	pirned	固有名詞
pirner	pirner	固有名詞
pirnie	pirnie	固有名詞
pirns	pirns	固有名詞
pirny	pirny	固有名詞
piro	piro	固有名詞
pirog	pirog	固有名詞
pirogi	pirogi	固有名詞
pirol	pirol	固有名詞
piroot	piroot	固有名詞
pirot	pirot	固有名詞
pirr	pirr	固有名詞
pirrie	pirrie	固有名詞
pis	pis	固有名詞
pisa	pisa	固有名詞
pisaca	pisaca	固有名詞
pisan	pisan	固有名詞
pisang	pisang	固有名詞
pisay	pisay	固有名詞
pisces	pisces	固有名詞
piscid	piscid	固有名詞
piscis	piscis	固有名詞
pisco	pisco	固有名詞
pise	pise	固有名詞
pisgah	pisgah	固有名詞
pish	pish	固有名詞
pished	pished	固有名詞
pishes	pishes	固有名詞
pishu	pishu	固有名詞
pisk	pisk	固有名詞
piskun	piskun	固有名詞
pisky	pisky	固有名詞
piso	piso	固有名詞
pisote	pisote	固有名詞
piss	piss	固有名詞
pissed	pissed	固有名詞
pisses	pisses	固有名詞
pist	pist	固有名詞
piste	piste	固有名詞
pistia	pistia	固有名詞
pistic	pistic	固有名詞
pistil	pistil	固有名詞
pistle	pistle	固有名詞
pistol	pistol	固有名詞
piston	piston	固有名詞
pisum	pisum	固有名詞
pit	pit	固有名詞
pita	pita	固有名詞
pitas	pitas	固有名詞
pitau	pitau	固有名詞
pitaya	pitaya	固有名詞
pitch	pitch	固有名詞
pitchi	pitchi	固有名詞
pitchy	pitchy	固有名詞
pith	pith	固有名詞
pithed	pithed	固有名詞
pithes	pithes	固有名詞
pithoi	pithoi	固有名詞
pithos	pithos	固有名詞
piths	piths	固有名詞
pithy	pithy	固有名詞
pitied	pitied	固有名詞
pitier	pitier	固有名詞
pities	pities	固有名詞
pitman	pitman	固有名詞
pitmen	pitmen	固有名詞
piton	piton	固有名詞
pitons	pitons	固有名詞
pitpan	pitpan	固有名詞
pitpit	pitpit	固有名詞
pitris	pitris	固有名詞
pits	pits	固有名詞
pitsaw	pitsaw	固有名詞
pitta	pitta	固有名詞
pitted	pitted	固有名詞
pitter	pitter	固有名詞
pituri	pituri	固有名詞
pity	pity	固有名詞
piu	piu	固有名詞
piupiu	piupiu	固有名詞
piuri	piuri	固有名詞
pius	pius	固有名詞
piute	piute	固有名詞
pivot	pivot	固有名詞
pivots	pivots	固有名詞
piwut	piwut	固有名詞
pix	pix	固有名詞
pixel	pixel	固有名詞
pixels	pixels	固有名詞
pixes	pixes	固有名詞
pixie	pixie	固有名詞
pixies	pixies	固有名詞
pixy	pixy	固有名詞
pizazz	pizazz	固有名詞
pize	pize	固有名詞
pizz	pizz	固有名詞
pizza	pizza	固有名詞
pizzas	pizzas	固有名詞
pizzle	pizzle	固有名詞
pkg	pkg	固有名詞
pkgs	pkgs	固有名詞
pks	pks	固有名詞
pkt	pkt	固有名詞
pkwy	pkwy	固有名詞
place	place	固有名詞
placed	placed	固有名詞
placer	placer	固有名詞
places	places	固有名詞
placet	placet	固有名詞
placid	placid	固有名詞
placit	placit	固有名詞
plack	plack	固有名詞
placks	placks	固有名詞
placus	placus	固有名詞
plaga	plaga	固有名詞
plagae	plagae	固有名詞
plagal	plagal	固有名詞
plage	plage	固有名詞
plages	plages	固有名詞
plague	plague	固有名詞
plaguy	plaguy	固有名詞
plaice	plaice	固有名詞
plaid	plaid	固有名詞
plaids	plaids	固有名詞
plaidy	plaidy	固有名詞
plain	plain	固有名詞
plains	plains	固有名詞
plaint	plaint	固有名詞
plainy	plainy	固有名詞
plait	plait	固有名詞
plaits	plaits	固有名詞
plak	plak	固有名詞
plakat	plakat	固有名詞
plan	plan	固有名詞
planar	planar	固有名詞
planch	planch	固有名詞
plane	plane	固有名詞
planed	planed	固有名詞
planer	planer	固有名詞
planes	planes	固有名詞
planet	planet	固有名詞
plang	plang	固有名詞
plangi	plangi	固有名詞
plank	plank	固有名詞
planks	planks	固有名詞
planky	planky	固有名詞
plans	plans	固有名詞
plant	plant	固有名詞
planta	planta	固有名詞
plants	plants	固有名詞
planum	planum	固有名詞
plap	plap	固有名詞
plaque	plaque	固有名詞
plash	plash	固有名詞
plashy	plashy	固有名詞
plasm	plasm	固有名詞
plasma	plasma	固有名詞
plasms	plasms	固有名詞
plass	plass	固有名詞
plat	plat	固有名詞
platan	platan	固有名詞
platch	platch	固有名詞
plate	plate	固有名詞
platea	platea	固有名詞
plated	plated	固有名詞
platen	platen	固有名詞
plater	plater	固有名詞
plates	plates	固有名詞
platic	platic	固有名詞
platie	platie	固有名詞
platly	platly	固有名詞
plato	plato	固有名詞
plats	plats	固有名詞
platt	platt	固有名詞
platty	platty	固有名詞
platy	platy	固有名詞
platys	platys	固有名詞
plaud	plaud	固有名詞
play	play	固有名詞
playa	playa	固有名詞
playas	playas	固有名詞
played	played	固有名詞
player	player	固有名詞
plays	plays	固有名詞
playte	playte	固有名詞
plaza	plaza	固有名詞
plazas	plazas	固有名詞
plea	plea	固有名詞
pleach	pleach	固有名詞
plead	plead	固有名詞
pleads	pleads	固有名詞
pleas	pleas	固有名詞
please	please	固有名詞
pleat	pleat	固有名詞
pleats	pleats	固有名詞
pleb	pleb	固有名詞
plebby	plebby	固有名詞
plebe	plebe	固有名詞
plebes	plebes	固有名詞
plebs	plebs	固有名詞
pleck	pleck	固有名詞
pled	pled	固有名詞
pledge	pledge	固有名詞
pleiad	pleiad	固有名詞
pleion	pleion	固有名詞
pleis	pleis	固有名詞
plena	plena	固有名詞
plenty	plenty	固有名詞
plenum	plenum	固有名詞
pleny	pleny	固有名詞
pleon	pleon	固有名詞
pleura	pleura	固有名詞
plevin	plevin	固有名詞
plew	plew	固有名詞
plewch	plewch	固有名詞
plewgh	plewgh	固有名詞
plex	plex	固有名詞
plexal	plexal	固有名詞
plexor	plexor	固有名詞
plexus	plexus	固有名詞
plf	plf	固有名詞
pli	pli	固有名詞
pliant	pliant	固有名詞
plica	plica	固有名詞
plicae	plicae	固有名詞
plical	plical	固有名詞
plie	plie	固有名詞
plied	plied	固有名詞
plier	plier	固有名詞
pliers	pliers	固有名詞
plies	plies	固有名詞
plight	plight	固有名詞
plim	plim	固有名詞
plink	plink	固有名詞
plinks	plinks	固有名詞
plinth	plinth	固有名詞
pliny	pliny	固有名詞
plisky	plisky	固有名詞
pliss	pliss	固有名詞
plisse	plisse	固有名詞
plitch	plitch	固有名詞
ploat	ploat	固有名詞
ploce	ploce	固有名詞
plock	plock	固有名詞
plod	plod	固有名詞
plodge	plodge	固有名詞
plods	plods	固有名詞
ploidy	ploidy	固有名詞
ploima	ploima	固有名詞
plomb	plomb	固有名詞
plonk	plonk	固有名詞
plonko	plonko	固有名詞
plonks	plonks	固有名詞
plook	plook	固有名詞
plop	plop	固有名詞
plops	plops	固有名詞
plot	plot	固有名詞
plotch	plotch	固有名詞
plote	plote	固有名詞
plots	plots	固有名詞
plott	plott	固有名詞
plotty	plotty	固有名詞
plotx	plotx	固有名詞
plough	plough	固有名詞
plouk	plouk	固有名詞
plouky	plouky	固有名詞
plout	plout	固有名詞
plover	plover	固有名詞
plow	plow	固有名詞
plowed	plowed	固有名詞
plower	plower	固有名詞
plows	plows	固有名詞
ploy	ploy	固有名詞
ployed	ployed	固有名詞
ploys	ploys	固有名詞
pltano	pltano	固有名詞
plu	plu	固有名詞
pluck	pluck	固有名詞
plucks	plucks	固有名詞
plucky	plucky	固有名詞
plud	plud	固有名詞
pluff	pluff	固有名詞
pluffy	pluffy	固有名詞
plug	plug	固有名詞
pluggy	pluggy	固有名詞
plugs	plugs	固有名詞
plum	plum	固有名詞
pluma	pluma	固有名詞
plumb	plumb	固有名詞
plumbs	plumbs	固有名詞
plume	plume	固有名詞
plumed	plumed	固有名詞
plumer	plumer	固有名詞
plumes	plumes	固有名詞
plumet	plumet	固有名詞
plummy	plummy	固有名詞
plump	plump	固有名詞
plumps	plumps	固有名詞
plumpy	plumpy	固有名詞
plums	plums	固有名詞
plumy	plumy	固有名詞
plunge	plunge	固有名詞
plungy	plungy	固有名詞
plunk	plunk	固有名詞
plunks	plunks	固有名詞
plup	plup	固有名詞
plupf	plupf	固有名詞
plur	plur	固有名詞
plural	plural	固有名詞
plurel	plurel	固有名詞
plus	plus	固有名詞
pluses	pluses	固有名詞
plush	plush	固有名詞
plushy	plushy	固有名詞
plusia	plusia	固有名詞
plutei	plutei	固有名詞
pluto	pluto	固有名詞
pluton	pluton	固有名詞
plutus	plutus	固有名詞
ply	ply	固有名詞
plyer	plyer	固有名詞
plyers	plyers	固有名詞
plying	plying	固有名詞
pmk	pmk	固有名詞
pmsg	pmsg	固有名詞
pmt	pmt	固有名詞
pnce	pnce	固有名詞
pneum	pneum	固有名詞
pneuma	pneuma	固有名詞
pneume	pneume	固有名詞
pnpm	pnpm	固有名詞
pnxt	pnxt	固有名詞
pnyx	pnyx	固有名詞
poa	poa	固有名詞
poach	poach	固有名詞
poachy	poachy	固有名詞
poales	poales	固有名詞
pob	pob	固有名詞
pobby	pobby	固有名詞
pobedy	pobedy	固有名詞
pobs	pobs	固有名詞
pocan	pocan	固有名詞
pochay	pochay	固有名詞
poche	poche	固有名詞
pocill	pocill	固有名詞
pock	pock	固有名詞
pocked	pocked	固有名詞
pocket	pocket	固有名詞
pocks	pocks	固有名詞
pocky	pocky	固有名詞
poco	poco	固有名詞
pocul	pocul	固有名詞
pocus	pocus	固有名詞
pod	pod	固有名詞
podal	podal	固有名詞
podded	podded	固有名詞
podder	podder	固有名詞
poddia	poddia	固有名詞
poddle	poddle	固有名詞
poddy	poddy	固有名詞
podeon	podeon	固有名詞
podex	podex	固有名詞
podge	podge	固有名詞
podger	podger	固有名詞
podgy	podgy	固有名詞
podia	podia	固有名詞
podial	podial	固有名詞
podite	podite	固有名詞
podium	podium	固有名詞
podler	podler	固有名詞
podley	podley	固有名詞
podos	podos	固有名詞
pods	pods	固有名詞
podsol	podsol	固有名詞
podtia	podtia	固有名詞
podunk	podunk	固有名詞
podura	podura	固有名詞
podzol	podzol	固有名詞
poe	poe	固有名詞
poem	poem	固有名詞
poemet	poemet	固有名詞
poems	poems	固有名詞
poesie	poesie	固有名詞
poesis	poesis	固有名詞
poesy	poesy	固有名詞
poet	poet	固有名詞
poetic	poetic	固有名詞
poetly	poetly	固有名詞
poetry	poetry	固有名詞
poets	poets	固有名詞
poffle	poffle	固有名詞
pogey	pogey	固有名詞
pogeys	pogeys	固有名詞
pogge	pogge	固有名詞
poggy	poggy	固有名詞
pogies	pogies	固有名詞
pogo	pogo	固有名詞
pogrom	pogrom	固有名詞
pogy	pogy	固有名詞
poh	poh	固有名詞
poha	poha	固有名詞
pohna	pohna	固有名詞
poi	poi	固有名詞
poiana	poiana	固有名詞
poil	poil	固有名詞
poilu	poilu	固有名詞
poilus	poilus	固有名詞
poind	poind	固有名詞
poinds	poinds	固有名詞
point	point	固有名詞
pointe	pointe	固有名詞
points	points	固有名詞
pointy	pointy	固有名詞
poire	poire	固有名詞
pois	pois	固有名詞
poise	poise	固有名詞
poised	poised	固有名詞
poiser	poiser	固有名詞
poises	poises	固有名詞
poison	poison	固有名詞
pokan	pokan	固有名詞
poke	poke	固有名詞
poked	poked	固有名詞
poker	poker	固有名詞
pokers	pokers	固有名詞
pokes	pokes	固有名詞
pokey	pokey	固有名詞
pokeys	pokeys	固有名詞
pokie	pokie	固有名詞
pokier	pokier	固有名詞
pokies	pokies	固有名詞
pokily	pokily	固有名詞
poking	poking	固有名詞
pokom	pokom	固有名詞
pokomo	pokomo	固有名詞
pokunt	pokunt	固有名詞
poky	poky	固有名詞
pol	pol	固有名詞
polab	polab	固有名詞
polack	polack	固有名詞
poland	poland	固有名詞
polar	polar	固有名詞
polars	polars	固有名詞
polary	polary	固有名詞
polder	polder	固有名詞
pole	pole	固有名詞
poleax	poleax	固有名詞
poled	poled	固有名詞
poleis	poleis	固有名詞
poler	poler	固有名詞
polers	polers	固有名詞
poles	poles	固有名詞
poley	poley	固有名詞
poleyn	poleyn	固有名詞
poliad	poliad	固有名詞
polian	polian	固有名詞
police	police	固有名詞
policy	policy	固有名詞
polies	polies	固有名詞
poling	poling	固有名詞
polio	polio	固有名詞
polios	polios	固有名詞
polis	polis	固有名詞
polish	polish	固有名詞
polit	polit	固有名詞
polite	polite	固有名詞
polity	polity	固有名詞
polje	polje	固有名詞
polk	polk	固有名詞
polka	polka	固有名詞
polkas	polkas	固有名詞
polki	polki	固有名詞
poll	poll	固有名詞
pollam	pollam	固有名詞
pollan	pollan	固有名詞
polled	polled	固有名詞
pollee	pollee	固有名詞
pollen	pollen	固有名詞
poller	poller	固有名詞
pollet	pollet	固有名詞
pollex	pollex	固有名詞
polloi	polloi	固有名詞
polls	polls	固有名詞
pollux	pollux	固有名詞
polly	polly	固有名詞
polo	polo	固有名詞
poloi	poloi	固有名詞
polony	polony	固有名詞
polos	polos	固有名詞
pols	pols	固有名詞
polska	polska	固有名詞
polt	polt	固有名詞
poly	poly	固有名詞
polyad	polyad	固有名詞
polyol	polyol	固有名詞
polyp	polyp	固有名詞
polypi	polypi	固有名詞
polyps	polyps	固有名詞
polys	polys	固有名詞
polyve	polyve	固有名詞
pom	pom	固有名詞
pomace	pomace	固有名詞
pomada	pomada	固有名詞
pomade	pomade	固有名詞
pomak	pomak	固有名詞
pomane	pomane	固有名詞
pomard	pomard	固有名詞
pomary	pomary	固有名詞
pomate	pomate	固有名詞
pomato	pomato	固有名詞
pombe	pombe	固有名詞
pombo	pombo	固有名詞
pome	pome	固有名詞
pomel	pomel	固有名詞
pomelo	pomelo	固有名詞
pomely	pomely	固有名詞
pomes	pomes	固有名詞
pomey	pomey	固有名詞
pomeys	pomeys	固有名詞
pomme	pomme	固有名詞
pommee	pommee	固有名詞
pommel	pommel	固有名詞
pommer	pommer	固有名詞
pommet	pommet	固有名詞
pommey	pommey	固有名詞
pommy	pommy	固有名詞
pomo	pomo	固有名詞
pomolo	pomolo	固有名詞
pomona	pomona	固有名詞
pomp	pomp	固有名詞
pompa	pompa	固有名詞
pompal	pompal	固有名詞
pompey	pompey	固有名詞
pompom	pompom	固有名詞
pompon	pompon	固有名詞
pomps	pomps	固有名詞
pon	pon	固有名詞
ponca	ponca	固有名詞
ponce	ponce	固有名詞
ponces	ponces	固有名詞
poncho	poncho	固有名詞
pond	pond	固有名詞
ponder	ponder	固有名詞
pondo	pondo	固有名詞
pondok	pondok	固有名詞
ponds	ponds	固有名詞
pondus	pondus	固有名詞
pondy	pondy	固有名詞
pone	pone	固有名詞
ponent	ponent	固有名詞
ponera	ponera	固有名詞
pones	pones	固有名詞
poney	poney	固有名詞
pong	pong	固有名詞
ponga	ponga	固有名詞
pongee	pongee	固有名詞
pongid	pongid	固有名詞
pongo	pongo	固有名詞
ponica	ponica	固有名詞
ponied	ponied	固有名詞
ponier	ponier	固有名詞
ponies	ponies	固有名詞
ponja	ponja	固有名詞
ponos	ponos	固有名詞
pons	pons	固有名詞
pont	pont	固有名詞
pontac	pontac	固有名詞
pontal	pontal	固有名詞
pontee	pontee	固有名詞
pontes	pontes	固有名詞
pontic	pontic	固有名詞
pontil	pontil	固有名詞
pontin	pontin	固有名詞
ponto	ponto	固有名詞
ponton	ponton	固有名詞
pontus	pontus	固有名詞
pony	pony	固有名詞
pooa	pooa	固有名詞
pooch	pooch	固有名詞
pood	pood	固有名詞
pooder	pooder	固有名詞
poodle	poodle	固有名詞
poods	poods	固有名詞
poof	poof	固有名詞
poogye	poogye	固有名詞
pooh	pooh	固有名詞
poohed	poohed	固有名詞
poohs	poohs	固有名詞
poojah	poojah	固有名詞
pook	pook	固有名詞
pooka	pooka	固有名詞
pookoo	pookoo	固有名詞
pool	pool	固有名詞
pooled	pooled	固有名詞
pooler	pooler	固有名詞
pooli	pooli	固有名詞
pools	pools	固有名詞
pooly	pooly	固有名詞
poon	poon	固有名詞
poonac	poonac	固有名詞
poonah	poonah	固有名詞
poonce	poonce	固有名詞
poonga	poonga	固有名詞
poons	poons	固有名詞
poop	poop	固有名詞
pooped	pooped	固有名詞
poops	poops	固有名詞
poor	poor	固有名詞
poorer	poorer	固有名詞
poorga	poorga	固有名詞
poori	poori	固有名詞
pooris	pooris	固有名詞
poorly	poorly	固有名詞
poort	poort	固有名詞
poot	poot	固有名詞
pooty	pooty	固有名詞
poove	poove	固有名詞
pop	pop	固有名詞
popal	popal	固有名詞
pope	pope	固有名詞
popean	popean	固有名詞
popely	popely	固有名詞
popery	popery	固有名詞
popes	popes	固有名詞
popess	popess	固有名詞
popeye	popeye	固有名詞
popgun	popgun	固有名詞
popian	popian	固有名詞
popie	popie	固有名詞
popify	popify	固有名詞
popish	popish	固有名詞
popjoy	popjoy	固有名詞
poplar	poplar	固有名詞
poplet	poplet	固有名詞
poplin	poplin	固有名詞
popode	popode	固有名詞
poppa	poppa	固有名詞
poppas	poppas	固有名詞
popped	popped	固有名詞
poppel	poppel	固有名詞
popper	popper	固有名詞
poppet	poppet	固有名詞
poppin	poppin	固有名詞
popple	popple	固有名詞
popply	popply	固有名詞
poppy	poppy	固有名詞
pops	pops	固有名詞
popsy	popsy	固有名詞
populi	populi	固有名詞
por	por	固有名詞
porail	porail	固有名詞
poral	poral	固有名詞
porc	porc	固有名詞
porch	porch	固有名詞
pore	pore	固有名詞
pored	pored	固有名詞
porer	porer	固有名詞
pores	pores	固有名詞
poret	poret	固有名詞
porett	porett	固有名詞
porge	porge	固有名詞
porger	porger	固有名詞
porgo	porgo	固有名詞
porgy	porgy	固有名詞
poria	poria	固有名詞
porina	porina	固有名詞
poring	poring	固有名詞
porion	porion	固有名詞
porism	porism	固有名詞
porite	porite	固有名詞
pork	pork	固有名詞
porker	porker	固有名詞
porket	porket	固有名詞
porkin	porkin	固有名詞
porks	porks	固有名詞
porky	porky	固有名詞
porn	porn	固有名詞
porno	porno	固有名詞
pornos	pornos	固有名詞
porns	porns	固有名詞
poroma	poroma	固有名詞
poros	poros	固有名詞
porose	porose	固有名詞
porous	porous	固有名詞
porr	porr	固有名詞
porret	porret	固有名詞
porry	porry	固有名詞
port	port	固有名詞
porta	porta	固有名詞
portal	portal	固有名詞
portas	portas	固有名詞
porte	porte	固有名詞
ported	ported	固有名詞
porter	porter	固有名詞
portia	portia	固有名詞
portio	portio	固有名詞
portly	portly	固有名詞
porto	porto	固有名詞
portor	portor	固有名詞
ports	ports	固有名詞
porty	porty	固有名詞
porule	porule	固有名詞
porus	porus	固有名詞
pory	pory	固有名詞
pos	pos	固有名詞
posada	posada	固有名詞
posca	posca	固有名詞
pose	pose	固有名詞
posed	posed	固有名詞
poser	poser	固有名詞
posers	posers	固有名詞
poses	poses	固有名詞
poseur	poseur	固有名詞
posey	posey	固有名詞
posh	posh	固有名詞
posher	posher	固有名詞
poshly	poshly	固有名詞
posho	posho	固有名詞
posied	posied	固有名詞
posies	posies	固有名詞
posing	posing	固有名詞
posit	posit	固有名詞
posits	posits	固有名詞
posnet	posnet	固有名詞
posole	posole	固有名詞
posolo	posolo	固有名詞
poss	poss	固有名詞
posse	posse	固有名詞
posses	posses	固有名詞
posset	posset	固有名詞
possie	possie	固有名詞
possum	possum	固有名詞
possy	possy	固有名詞
post	post	固有名詞
postal	postal	固有名詞
postea	postea	固有名詞
posted	posted	固有名詞
postel	postel	固有名詞
poster	poster	固有名詞
postgresql	PostgreSQL	固有名詞
postic	postic	固有名詞
postie	postie	固有名詞
postil	postil	固有名詞
postin	postin	固有名詞
posts	posts	固有名詞
posy	posy	固有名詞
pot	pot	固有名詞
potage	potage	固有名詞
potail	potail	固有名詞
potash	potash	固有名詞
potass	potass	固有名詞
potate	potate	固有名詞
potato	potato	固有名詞
potboy	potboy	固有名詞
potch	potch	固有名詞
potdar	potdar	固有名詞
pote	pote	固有名詞
poteen	poteen	固有名詞
potent	potent	固有名詞
poter	poter	固有名詞
poteye	poteye	固有名詞
potful	potful	固有名詞
potgun	potgun	固有名詞
potgut	potgut	固有名詞
pother	pother	固有名詞
pothos	pothos	固有名詞
poti	poti	固有名詞
potion	potion	固有名詞
potleg	potleg	固有名詞
potlid	potlid	固有名詞
potman	potman	固有名詞
potmen	potmen	固有名詞
potong	potong	固有名詞
potoo	potoo	固有名詞
potoos	potoos	固有名詞
potpie	potpie	固有名詞
pots	pots	固有名詞
potsie	potsie	固有名詞
potsy	potsy	固有名詞
pott	pott	固有名詞
pottah	pottah	固有名詞
potted	potted	固有名詞
potter	potter	固有名詞
potti	potti	固有名詞
pottle	pottle	固有名詞
potto	potto	固有名詞
pottos	pottos	固有名詞
pottur	pottur	固有名詞
potty	potty	固有名詞
potus	potus	固有名詞
pouce	pouce	固有名詞
poucer	poucer	固有名詞
poucey	poucey	固有名詞
pouch	pouch	固有名詞
pouchy	pouchy	固有名詞
poucy	poucy	固有名詞
pouf	pouf	固有名詞
poufed	poufed	固有名詞
pouff	pouff	固有名詞
pouffe	pouffe	固有名詞
pouffs	pouffs	固有名詞
poufs	poufs	固有名詞
poule	poule	固有名詞
poulet	poulet	固有名詞
poulp	poulp	固有名詞
poulpe	poulpe	固有名詞
poult	poult	固有名詞
poults	poults	固有名詞
pounce	pounce	固有名詞
pouncy	pouncy	固有名詞
pound	pound	固有名詞
pounds	pounds	固有名詞
pour	pour	固有名詞
poured	poured	固有名詞
pourer	pourer	固有名詞
pourie	pourie	固有名詞
pours	pours	固有名詞
pouser	pouser	固有名詞
pousse	pousse	固有名詞
pousy	pousy	固有名詞
pout	pout	固有名詞
pouted	pouted	固有名詞
pouter	pouter	固有名詞
pouts	pouts	固有名詞
pouty	pouty	固有名詞
pow	pow	固有名詞
powan	powan	固有名詞
powcat	powcat	固有名詞
powder	powder	固有名詞
powdry	powdry	固有名詞
power	power	固有名詞
powers	powers	固有名詞
pownie	pownie	固有名詞
powny	powny	固有名詞
pows	pows	固有名詞
powter	powter	固有名詞
powwow	powwow	固有名詞
pox	pox	固有名詞
poxed	poxed	固有名詞
poxes	poxes	固有名詞
poxing	poxing	固有名詞
poxy	poxy	固有名詞
poy	poy	固有名詞
poyou	poyou	固有名詞
poyous	poyous	固有名詞
poz	poz	固有名詞
pozzy	pozzy	固有名詞
ppa	ppa	固有名詞
ppb	ppb	固有名詞
ppd	ppd	固有名詞
pph	pph	固有名詞
ppi	ppi	固有名詞
ppl	ppl	固有名詞
ppm	ppm	固有名詞
ppr	ppr	固有名詞
pps	pps	固有名詞
ppt	ppt	固有名詞
pptn	pptn	固有名詞
praam	praam	固有名詞
praams	praams	固有名詞
prabhu	prabhu	固有名詞
prad	prad	固有名詞
prado	prado	固有名詞
prague	prague	固有名詞
praham	praham	固有名詞
prahm	prahm	固有名詞
prahu	prahu	固有名詞
prahus	prahus	固有名詞
praise	praise	固有名詞
praiss	praiss	固有名詞
prajna	prajna	固有名詞
pram	pram	固有名詞
prams	prams	固有名詞
prana	prana	固有名詞
prance	prance	固有名詞
prancy	prancy	固有名詞
prand	prand	固有名詞
prang	prang	固有名詞
prangs	prangs	固有名詞
prank	prank	固有名詞
pranks	pranks	固有名詞
prankt	prankt	固有名詞
pranky	pranky	固有名詞
prao	prao	固有名詞
praos	praos	固有名詞
prase	prase	固有名詞
prases	prases	固有名詞
prat	prat	固有名詞
pratal	pratal	固有名詞
pratap	pratap	固有名詞
prate	prate	固有名詞
prated	prated	固有名詞
prater	prater	固有名詞
prates	prates	固有名詞
pratey	pratey	固有名詞
prats	prats	固有名詞
pratt	pratt	固有名詞
pratty	pratty	固有名詞
prau	prau	固有名詞
praus	praus	固有名詞
pravin	pravin	固有名詞
prawn	prawn	固有名詞
prawns	prawns	固有名詞
prawny	prawny	固有名詞
praxes	praxes	固有名詞
praxis	praxis	固有名詞
pray	pray	固有名詞
praya	praya	固有名詞
prayed	prayed	固有名詞
prayer	prayer	固有名詞
prays	prays	固有名詞
pre	pre	固有名詞
preace	preace	固有名詞
preach	preach	固有名詞
preact	preact	固有名詞
preage	preage	固有名詞
preamp	preamp	固有名詞
prearm	prearm	固有名詞
prebid	prebid	固有名詞
prec	prec	固有名詞
precel	precel	固有名詞
preces	preces	固有名詞
precis	precis	固有名詞
precox	precox	固有名詞
precut	precut	固有名詞
pred	pred	固有名詞
preday	preday	固有名詞
predry	predry	固有名詞
predy	predy	固有名詞
pree	pree	固有名詞
preed	preed	固有名詞
preen	preen	固有名詞
preens	preens	固有名詞
prees	prees	固有名詞
preeze	preeze	固有名詞
pref	pref	固有名詞
prefab	prefab	固有名詞
prefer	prefer	固有名詞
prefet	prefet	固有名詞
prefix	prefix	固有名詞
prela	prela	固有名詞
prelaw	prelaw	固有名詞
prelim	prelim	固有名詞
prem	prem	固有名詞
preman	preman	固有名詞
premed	premed	固有名詞
premen	premen	固有名詞
premia	premia	固有名詞
premie	premie	固有名詞
premio	premio	固有名詞
premit	premit	固有名詞
premix	premix	固有名詞
prep	prep	固有名詞
prepay	prepay	固有名詞
prepd	prepd	固有名詞
prepg	prepg	固有名詞
prepn	prepn	固有名詞
preppy	preppy	固有名詞
preps	preps	固有名詞
pres	pres	固有名詞
presa	presa	固有名詞
presaw	presaw	固有名詞
presay	presay	固有名詞
prese	prese	固有名詞
presee	presee	固有名詞
preser	preser	固有名詞
preses	preses	固有名詞
preset	preset	固有名詞
press	press	固有名詞
prest	prest	固有名詞
presto	presto	固有名詞
prests	prests	固有名詞
presul	presul	固有名詞
pret	pret	固有名詞
preta	preta	固有名詞
pretan	pretan	固有名詞
pretax	pretax	固有名詞
preter	preter	固有名詞
pretil	pretil	固有名詞
pretor	pretor	固有名詞
pretry	pretry	固有名詞
prettier	prettier	固有名詞
pretty	pretty	固有名詞
preux	preux	固有名詞
prev	prev	固有名詞
preve	preve	固有名詞
prevot	prevot	固有名詞
prevue	prevue	固有名詞
prewar	prewar	固有名詞
prex	prex	固有名詞
prexes	prexes	固有名詞
prexy	prexy	固有名詞
prey	prey	固有名詞
preyed	preyed	固有名詞
preyer	preyer	固有名詞
preys	preys	固有名詞
prf	prf	固有名詞
pria	pria	固有名詞
priam	priam	固有名詞
priapi	priapi	固有名詞
price	price	固有名詞
priced	priced	固有名詞
pricer	pricer	固有名詞
prices	prices	固有名詞
pricey	pricey	固有名詞
prich	prich	固有名詞
prick	prick	固有名詞
pricks	pricks	固有名詞
pricky	pricky	固有名詞
pricy	pricy	固有名詞
pride	pride	固有名詞
prided	prided	固有名詞
prides	prides	固有名詞
pridy	pridy	固有名詞
prie	prie	固有名詞
pried	pried	固有名詞
prier	prier	固有名詞
priers	priers	固有名詞
pries	pries	固有名詞
priest	priest	固有名詞
prig	prig	固有名詞
prigs	prigs	固有名詞
prill	prill	固有名詞
prills	prills	固有名詞
prim	prim	固有名詞
prima	prima	固有名詞
primal	primal	固有名詞
primar	primar	固有名詞
primas	primas	固有名詞
prime	prime	固有名詞
primed	primed	固有名詞
primer	primer	固有名詞
primes	primes	固有名詞
primi	primi	固有名詞
primly	primly	固有名詞
primo	primo	固有名詞
primos	primos	固有名詞
primp	primp	固有名詞
primps	primps	固有名詞
prims	prims	固有名詞
primus	primus	固有名詞
primy	primy	固有名詞
prin	prin	固有名詞
prince	prince	固有名詞
prine	prine	固有名詞
prink	prink	固有名詞
prinks	prinks	固有名詞
prinky	prinky	固有名詞
prinos	prinos	固有名詞
print	print	固有名詞
prints	prints	固有名詞
prio	prio	固有名詞
prion	prion	固有名詞
prior	prior	固有名詞
priori	priori	固有名詞
priors	priors	固有名詞
priory	priory	固有名詞
prisal	prisal	固有名詞
prise	prise	固有名詞
prised	prised	固有名詞
prises	prises	固有名詞
prism	prism	固有名詞
prisms	prisms	固有名詞
prismy	prismy	固有名詞
prison	prison	固有名詞
priss	priss	固有名詞
prissy	prissy	固有名詞
pritch	pritch	固有名詞
prius	prius	固有名詞
priv	priv	固有名詞
privet	privet	固有名詞
privy	privy	固有名詞
prix	prix	固有名詞
prize	prize	固有名詞
prized	prized	固有名詞
prizer	prizer	固有名詞
prizes	prizes	固有名詞
prlate	prlate	固有名詞
prn	prn	固有名詞
pro	pro	固有名詞
proa	proa	固有名詞
proach	proach	固有名詞
proal	proal	固有名詞
proart	proart	固有名詞
proas	proas	固有名詞
prob	prob	固有名詞
probal	probal	固有名詞
probe	probe	固有名詞
probed	probed	固有名詞
prober	prober	固有名詞
probes	probes	固有名詞
probit	probit	固有名詞
proc	proc	固有名詞
procne	procne	固有名詞
prod	prod	固有名詞
prodd	prodd	固有名詞
prods	prods	固有名詞
proem	proem	固有名詞
proems	proems	固有名詞
prof	prof	固有名詞
profer	profer	固有名詞
profit	profit	固有名詞
profre	profre	固有名詞
profs	profs	固有名詞
prog	prog	固有名詞
progne	progne	固有名詞
progs	progs	固有名詞
projet	projet	固有名詞
proke	proke	固有名詞
proker	proker	固有名詞
prolan	prolan	固有名詞
prole	prole	固有名詞
proleg	proleg	固有名詞
proles	proles	固有名詞
prolia	prolia	固有名詞
prolin	prolin	固有名詞
prolix	prolix	固有名詞
prolog	prolog	固有名詞
prolyl	prolyl	固有名詞
prom	prom	固有名詞
promic	promic	固有名詞
promit	promit	固有名詞
promo	promo	固有名詞
prompt	prompt	固有名詞
proms	proms	固有名詞
pron	pron	固有名詞
prone	prone	固有名詞
prong	prong	固有名詞
prongs	prongs	固有名詞
prongy	prongy	固有名詞
pronic	pronic	固有名詞
pronpl	pronpl	固有名詞
pronto	pronto	固有名詞
proo	proo	固有名詞
proode	proode	固有名詞
proof	proof	固有名詞
proofs	proofs	固有名詞
proofy	proofy	固有名詞
prop	prop	固有名詞
propel	propel	固有名詞
proper	proper	固有名詞
propio	propio	固有名詞
propos	propos	固有名詞
propr	propr	固有名詞
props	props	固有名詞
propus	propus	固有名詞
propyl	propyl	固有名詞
prore	prore	固有名詞
prorex	prorex	固有名詞
prorsa	prorsa	固有名詞
pros	pros	固有名詞
prosal	prosal	固有名詞
prosar	prosar	固有名詞
prose	prose	固有名詞
prosed	prosed	固有名詞
proser	proser	固有名詞
proses	proses	固有名詞
prosit	prosit	固有名詞
proso	proso	固有名詞
prosos	prosos	固有名詞
pross	pross	固有名詞
prossy	prossy	固有名詞
prost	prost	固有名詞
prosy	prosy	固有名詞
protax	protax	固有名詞
prote	prote	固有名詞
protea	protea	固有名詞
protei	protei	固有名詞
protid	protid	固有名詞
proto	proto	固有名詞
proton	proton	固有名詞
protyl	protyl	固有名詞
proud	proud	固有名詞
prov	prov	固有名詞
prove	prove	固有名詞
proved	proved	固有名詞
proven	proven	固有名詞
prover	prover	固有名詞
proves	proves	固有名詞
prow	prow	固有名詞
prowar	prowar	固有名詞
prowed	prowed	固有名詞
prower	prower	固有名詞
prowl	prowl	固有名詞
prowls	prowls	固有名詞
prows	prows	固有名詞
prox	prox	固有名詞
proxy	proxy	固有名詞
prp	prp	固有名詞
prs	prs	固有名詞
prude	prude	固有名詞
prudes	prudes	固有名詞
prudy	prudy	固有名詞
prue	prue	固有名詞
pruh	pruh	固有名詞
pruigo	pruigo	固有名詞
prune	prune	固有名詞
pruned	pruned	固有名詞
pruner	pruner	固有名詞
prunes	prunes	固有名詞
prunt	prunt	固有名詞
prunus	prunus	固有名詞
prut	prut	固有名詞
pruta	pruta	固有名詞
prutah	prutah	固有名詞
prutot	prutot	固有名詞
pry	pry	固有名詞
pryer	pryer	固有名詞
pryers	pryers	固有名詞
prying	prying	固有名詞
pryler	pryler	固有名詞
prys	prys	固有名詞
pryse	pryse	固有名詞
psalis	psalis	固有名詞
psalm	psalm	固有名詞
psalms	psalms	固有名詞
psalmy	psalmy	固有名詞
psec	psec	固有名詞
psend	psend	固有名詞
psetta	psetta	固有名詞
pseud	pseud	固有名詞
pseudo	pseudo	固有名詞
psf	psf	固有名詞
psha	psha	固有名詞
pshav	pshav	固有名詞
pshaw	pshaw	固有名詞
pshaws	pshaws	固有名詞
psi	psi	固有名詞
psia	psia	固有名詞
psid	psid	固有名詞
psig	psig	固有名詞
psiloi	psiloi	固有名詞
psis	psis	固有名詞
psize	psize	固有名詞
psoae	psoae	固有名詞
psoai	psoai	固有名詞
psoas	psoas	固有名詞
psocid	psocid	固有名詞
psora	psora	固有名詞
psoric	psoric	固有名詞
psovie	psovie	固有名詞
psst	psst	固有名詞
pst	pst	固有名詞
psuedo	psuedo	固有名詞
psw	psw	固有名詞
psych	psych	固有名詞
psyche	psyche	固有名詞
psycho	psycho	固有名詞
psychs	psychs	固有名詞
psylla	psylla	固有名詞
psywar	psywar	固有名詞
pta	pta	固有名詞
pte	pte	固有名詞
ptelea	ptelea	固有名詞
pteric	pteric	固有名詞
pterin	pterin	固有名詞
pteris	pteris	固有名詞
pterna	pterna	固有名詞
pteron	pteron	固有名詞
ptg	ptg	固有名詞
ptinid	ptinid	固有名詞
ptinus	ptinus	固有名詞
ptisan	ptisan	固有名詞
ptoses	ptoses	固有名詞
ptosis	ptosis	固有名詞
ptotic	ptotic	固有名詞
ptp	ptp	固有名詞
pts	pts	固有名詞
ptt	ptt	固有名詞
ptts	ptts	固有名詞
pty	pty	固有名詞
ptyxis	ptyxis	固有名詞
pua	pua	固有名詞
puan	puan	固有名詞
pub	pub	固有名詞
pubal	pubal	固有名詞
pubble	pubble	固有名詞
pubes	pubes	固有名詞
pubian	pubian	固有名詞
pubic	pubic	固有名詞
pubis	pubis	固有名詞
publ	publ	固有名詞
public	public	固有名詞
pubs	pubs	固有名詞
puca	puca	固有名詞
puce	puce	固有名詞
puces	puces	固有名詞
puck	puck	固有名詞
pucka	pucka	固有名詞
pucker	pucker	固有名詞
puckle	puckle	固有名詞
pucks	pucks	固有名詞
pud	pud	固有名詞
pudda	pudda	固有名詞
puddee	puddee	固有名詞
pudder	pudder	固有名詞
puddle	puddle	固有名詞
puddly	puddly	固有名詞
puddy	puddy	固有名詞
pudent	pudent	固有名詞
pudge	pudge	固有名詞
pudgy	pudgy	固有名詞
pudic	pudic	固有名詞
puds	puds	固有名詞
pudsey	pudsey	固有名詞
pudsy	pudsy	固有名詞
pudu	pudu	固有名詞
pueblo	pueblo	固有名詞
puerer	puerer	固有名詞
puerto	puerto	固有名詞
puff	puff	固有名詞
puffed	puffed	固有名詞
puffer	puffer	固有名詞
puffin	puffin	固有名詞
puffs	puffs	固有名詞
pufftn	pufftn	固有名詞
puffy	puffy	固有名詞
pug	pug	固有名詞
pugdog	pugdog	固有名詞
puget	puget	固有名詞
pugged	pugged	固有名詞
pugger	pugger	固有名詞
puggi	puggi	固有名詞
puggle	puggle	固有名詞
puggry	puggry	固有名詞
puggy	puggy	固有名詞
pugh	pugh	固有名詞
pugil	pugil	固有名詞
pugman	pugman	固有名詞
pugree	pugree	固有名詞
pugs	pugs	固有名詞
puir	puir	固有名詞
puisne	puisne	固有名詞
puisny	puisny	固有名詞
puist	puist	固有名詞
puja	puja	固有名詞
pujari	pujari	固有名詞
puka	puka	固有名詞
puke	puke	固有名詞
puked	puked	固有名詞
pukeka	pukeka	固有名詞
pukeko	pukeko	固有名詞
puker	puker	固有名詞
pukes	pukes	固有名詞
puking	puking	固有名詞
pukish	pukish	固有名詞
pukka	pukka	固有名詞
pukras	pukras	固有名詞
puku	puku	固有名詞
puky	puky	固有名詞
pul	pul	固有名詞
pulas	pulas	固有名詞
pulaya	pulaya	固有名詞
pule	pule	固有名詞
puled	puled	固有名詞
puler	puler	固有名詞
pulers	pulers	固有名詞
pules	pules	固有名詞
pulex	pulex	固有名詞
puleyn	puleyn	固有名詞
puli	puli	固有名詞
pulian	pulian	固有名詞
pulik	pulik	固有名詞
puling	puling	固有名詞
puliol	puliol	固有名詞
pulis	pulis	固有名詞
pulish	pulish	固有名詞
pulk	pulk	固有名詞
pulka	pulka	固有名詞
pull	pull	固有名詞
pulled	pulled	固有名詞
pullen	pullen	固有名詞
puller	puller	固有名詞
pullet	pullet	固有名詞
pulley	pulley	固有名詞
pulli	pulli	固有名詞
pulls	pulls	固有名詞
pullus	pullus	固有名詞
pulp	pulp	固有名詞
pulpal	pulpal	固有名詞
pulpar	pulpar	固有名詞
pulped	pulped	固有名詞
pulper	pulper	固有名詞
pulpit	pulpit	固有名詞
pulps	pulps	固有名詞
pulpy	pulpy	固有名詞
pulque	pulque	固有名詞
puls	puls	固有名詞
pulsar	pulsar	固有名詞
pulse	pulse	固有名詞
pulsed	pulsed	固有名詞
pulser	pulser	固有名詞
pulses	pulses	固有名詞
pulsus	pulsus	固有名詞
pulton	pulton	固有名詞
pultun	pultun	固有名詞
pulu	pulu	固有名詞
pulv	pulv	固有名詞
pulvic	pulvic	固有名詞
pulvil	pulvil	固有名詞
pulwar	pulwar	固有名詞
puly	puly	固有名詞
puma	puma	固有名詞
pumas	pumas	固有名詞
pume	pume	固有名詞
pumelo	pumelo	固有名詞
pumex	pumex	固有名詞
pumice	pumice	固有名詞
pummel	pummel	固有名詞
pump	pump	固有名詞
pumped	pumped	固有名詞
pumper	pumper	固有名詞
pumpet	pumpet	固有名詞
pumple	pumple	固有名詞
pumps	pumps	固有名詞
pun	pun	固有名詞
puna	puna	固有名詞
punamu	punamu	固有名詞
punan	punan	固有名詞
punas	punas	固有名詞
punce	punce	固有名詞
punch	punch	固有名詞
punchy	punchy	固有名詞
punct	punct	固有名詞
pundit	pundit	固有名詞
pundum	pundum	固有名詞
puneca	puneca	固有名詞
punese	punese	固有名詞
pung	pung	固有名詞
punga	punga	固有名詞
pungar	pungar	固有名詞
punger	punger	固有名詞
pungey	pungey	固有名詞
pungi	pungi	固有名詞
pungie	pungie	固有名詞
pungle	pungle	固有名詞
pungs	pungs	固有名詞
pungy	pungy	固有名詞
pungyi	pungyi	固有名詞
punic	punic	固有名詞
punica	punica	固有名詞
punier	punier	固有名詞
punily	punily	固有名詞
punish	punish	固有名詞
punjum	punjum	固有名詞
punk	punk	固有名詞
punka	punka	固有名詞
punkah	punkah	固有名詞
punkas	punkas	固有名詞
punker	punker	固有名詞
punkey	punkey	固有名詞
punkie	punkie	固有名詞
punkin	punkin	固有名詞
punks	punks	固有名詞
punkt	punkt	固有名詞
punky	punky	固有名詞
punlet	punlet	固有名詞
punned	punned	固有名詞
punner	punner	固有名詞
punnet	punnet	固有名詞
punnic	punnic	固有名詞
punny	punny	固有名詞
puno	puno	固有名詞
puns	puns	固有名詞
punt	punt	固有名詞
punta	punta	固有名詞
puntal	puntal	固有名詞
punted	punted	固有名詞
puntel	puntel	固有名詞
punter	punter	固有名詞
punti	punti	固有名詞
puntil	puntil	固有名詞
punto	punto	固有名詞
puntos	puntos	固有名詞
punts	punts	固有名詞
punty	punty	固有名詞
puny	puny	固有名詞
pup	pup	固有名詞
pupa	pupa	固有名詞
pupae	pupae	固有名詞
pupal	pupal	固有名詞
pupas	pupas	固有名詞
pupate	pupate	固有名詞
pupelo	pupelo	固有名詞
pupil	pupil	固有名詞
pupils	pupils	固有名詞
pupoid	pupoid	固有名詞
pupped	pupped	固有名詞
puppet	puppet	固有名詞
puppis	puppis	固有名詞
puppy	puppy	固有名詞
pups	pups	固有名詞
pupulo	pupulo	固有名詞
pur	pur	固有名詞
purana	purana	固有名詞
purau	purau	固有名詞
purda	purda	固有名詞
purdah	purdah	固有名詞
purdas	purdas	固有名詞
purdon	purdon	固有名詞
purdy	purdy	固有名詞
pure	pure	固有名詞
pured	pured	固有名詞
puree	puree	固有名詞
pureed	pureed	固有名詞
purees	purees	固有名詞
purely	purely	固有名詞
purer	purer	固有名詞
purest	purest	固有名詞
purey	purey	固有名詞
purfle	purfle	固有名詞
purfly	purfly	固有名詞
purga	purga	固有名詞
purge	purge	固有名詞
purged	purged	固有名詞
purger	purger	固有名詞
purges	purges	固有名詞
puri	puri	固有名詞
purify	purify	固有名詞
purim	purim	固有名詞
purin	purin	固有名詞
purine	purine	固有名詞
purins	purins	固有名詞
puriri	puriri	固有名詞
puris	puris	固有名詞
purism	purism	固有名詞
purist	purist	固有名詞
purity	purity	固有名詞
purl	purl	固有名詞
purled	purled	固有名詞
purler	purler	固有名詞
purlin	purlin	固有名詞
purls	purls	固有名詞
purpie	purpie	固有名詞
purple	purple	固有名詞
purply	purply	固有名詞
purr	purr	固有名詞
purrah	purrah	固有名詞
purre	purre	固有名詞
purred	purred	固有名詞
purree	purree	固有名詞
purrel	purrel	固有名詞
purrer	purrer	固有名詞
purrs	purrs	固有名詞
purry	purry	固有名詞
purs	purs	固有名詞
purse	purse	固有名詞
pursed	pursed	固有名詞
purser	purser	固有名詞
purses	purses	固有名詞
purset	purset	固有名詞
pursue	pursue	固有名詞
pursy	pursy	固有名詞
purty	purty	固有名詞
puru	puru	固有名詞
puruha	puruha	固有名詞
purvey	purvey	固有名詞
purvoe	purvoe	固有名詞
pus	pus	固有名詞
puses	puses	固有名詞
pusgut	pusgut	固有名詞
push	push	固有名詞
pushed	pushed	固有名詞
pusher	pusher	固有名詞
pushes	pushes	固有名詞
pushtu	pushtu	固有名詞
pushum	pushum	固有名詞
pushup	pushup	固有名詞
pushy	pushy	固有名詞
pusill	pusill	固有名詞
pusley	pusley	固有名詞
puss	puss	固有名詞
pusses	pusses	固有名詞
pussly	pussly	固有名詞
pussy	pussy	固有名詞
puszta	puszta	固有名詞
put	put	固有名詞
putage	putage	固有名詞
putain	putain	固有名詞
puteal	puteal	固有名詞
puteli	puteli	固有名詞
puther	puther	固有名詞
putid	putid	固有名詞
puting	puting	固有名詞
putlog	putlog	固有名詞
putoff	putoff	固有名詞
putois	putois	固有名詞
puton	puton	固有名詞
putons	putons	固有名詞
putout	putout	固有名詞
putrid	putrid	固有名詞
puts	puts	固有名詞
putsch	putsch	固有名詞
putt	putt	固有名詞
puttan	puttan	固有名詞
putted	putted	固有名詞
puttee	puttee	固有名詞
putter	putter	固有名詞
putti	putti	固有名詞
puttie	puttie	固有名詞
putto	putto	固有名詞
puttoo	puttoo	固有名詞
putts	putts	固有名詞
putty	putty	固有名詞
puture	puture	固有名詞
putz	putz	固有名詞
puxy	puxy	固有名詞
puy	puy	固有名詞
puya	puya	固有名詞
puzzle	puzzle	固有名詞
pvt	pvt	固有名詞
pwca	pwca	固有名詞
pwr	pwr	固有名詞
pwt	pwt	固有名詞
pya	pya	固有名詞
pyal	pyal	固有名詞
pyalla	pyalla	固有名詞
pyas	pyas	固有名詞
pyche	pyche	固有名詞
pycnia	pycnia	固有名詞
pycnic	pycnic	固有名詞
pycnid	pycnid	固有名詞
pye	pye	固有名詞
pyelic	pyelic	固有名詞
pyemia	pyemia	固有名詞
pyemic	pyemic	固有名詞
pyes	pyes	固有名詞
pygal	pygal	固有名詞
pygarg	pygarg	固有名詞
pygmy	pygmy	固有名詞
pyic	pyic	固有名詞
pyin	pyin	固有名詞
pyins	pyins	固有名詞
pyjama	pyjama	固有名詞
pyke	pyke	固有名詞
pyknic	pyknic	固有名詞
pyla	pyla	固有名詞
pylar	pylar	固有名詞
pylic	pylic	固有名詞
pylon	pylon	固有名詞
pylons	pylons	固有名詞
pylori	pylori	固有名詞
pynot	pynot	固有名詞
pynung	pynung	固有名詞
pyoid	pyoid	固有名詞
pyoses	pyoses	固有名詞
pyosis	pyosis	固有名詞
pyr	pyr	固有名詞
pyral	pyral	固有名詞
pyran	pyran	固有名詞
pyrans	pyrans	固有名詞
pyre	pyre	固有名詞
pyrena	pyrena	固有名詞
pyrene	pyrene	固有名詞
pyres	pyres	固有名詞
pyrex	pyrex	固有名詞
pyrgom	pyrgom	固有名詞
pyric	pyric	固有名詞
pyrite	pyrite	固有名詞
pyro	pyro	固有名詞
pyrobi	pyrobi	固有名詞
pyroid	pyroid	固有名詞
pyrola	pyrola	固有名詞
pyrone	pyrone	固有名詞
pyrope	pyrope	固有名詞
pyrrha	pyrrha	固有名詞
pyrrol	pyrrol	固有名詞
pyrryl	pyrryl	固有名詞
pyrula	pyrula	固有名詞
pyrus	pyrus	固有名詞
pyruwl	pyruwl	固有名詞
pytest	pytest	固有名詞
pythia	pythia	固有名詞
pythic	pythic	固有名詞
python	Python	固有名詞
pytorch	PyTorch	固有名詞
pyuria	pyuria	固有名詞
pyx	pyx	固有名詞
pyxes	pyxes	固有名詞
pyxie	pyxie	固有名詞
pyxies	pyxies	固有名詞
pyxis	pyxis	固有名詞
qadi	qadi	固有名詞
qaf	qaf	固有名詞
qaid	qaid	固有名詞
qaids	qaids	固有名詞
qanat	qanat	固有名詞
qanats	qanats	固有名詞
qantar	qantar	固有名詞
qasida	qasida	固有名詞
qat	qat	固有名詞
qatar	qatar	固有名詞
qats	qats	固有名詞
qed	qed	固有名詞
qere	qere	固有名詞
qeri	qeri	固有名詞
qiana	qiana	固有名詞
qibla	qibla	固有名詞
qid	qid	固有名詞
qindar	qindar	固有名詞
qintar	qintar	固有名詞
qiviut	qiviut	固有名詞
qiyas	qiyas	固有名詞
qoph	qoph	固有名詞
qophs	qophs	固有名詞
qqv	qqv	固有名詞
qrs	qrs	固有名詞
qtam	qtam	固有名詞
qtd	qtd	固有名詞
qto	qto	固有名詞
qtr	qtr	固有名詞
qts	qts	固有名詞
qty	qty	固有名詞
qua	qua	固有名詞
quab	quab	固有名詞
quack	quack	固有名詞
quacks	quacks	固有名詞
quacky	quacky	固有名詞
quad	quad	固有名詞
quader	quader	固有名詞
quadi	quadi	固有名詞
quadle	quadle	固有名詞
quadra	quadra	固有名詞
quads	quads	固有名詞
quae	quae	固有名詞
quaere	quaere	固有名詞
quaff	quaff	固有名詞
quaffs	quaffs	固有名詞
quag	quag	固有名詞
quagga	quagga	固有名詞
quaggy	quaggy	固有名詞
quags	quags	固有名詞
quahog	quahog	固有名詞
quai	quai	固有名詞
quaich	quaich	固有名詞
quaife	quaife	固有名詞
quaigh	quaigh	固有名詞
quail	quail	固有名詞
quails	quails	固有名詞
quaily	quaily	固有名詞
quaint	quaint	固有名詞
quais	quais	固有名詞
quake	quake	固有名詞
quaked	quaked	固有名詞
quaker	quaker	固有名詞
quakes	quakes	固有名詞
quaky	quaky	固有名詞
qual	qual	固有名詞
quale	quale	固有名詞
qualia	qualia	固有名詞
qually	qually	固有名詞
qualm	qualm	固有名詞
qualms	qualms	固有名詞
qualmy	qualmy	固有名詞
quam	quam	固有名詞
quan	quan	固有名詞
quando	quando	固有名詞
quandy	quandy	固有名詞
quango	quango	固有名詞
quant	quant	固有名詞
quanta	quanta	固有名詞
quanti	quanti	固有名詞
quants	quants	固有名詞
quapaw	quapaw	固有名詞
quar	quar	固有名詞
quare	quare	固有名詞
quark	quark	固有名詞
quarks	quarks	固有名詞
quarl	quarl	固有名詞
quarle	quarle	固有名詞
quarry	quarry	固有名詞
quart	quart	固有名詞
quarta	quarta	固有名詞
quarte	quarte	固有名詞
quarto	quarto	固有名詞
quarts	quarts	固有名詞
quartz	quartz	固有名詞
quasar	quasar	固有名詞
quash	quash	固有名詞
quashy	quashy	固有名詞
quasi	quasi	固有名詞
quasky	quasky	固有名詞
quass	quass	固有名詞
quat	quat	固有名詞
quata	quata	固有名詞
quatch	quatch	固有名詞
quate	quate	固有名詞
quatre	quatre	固有名詞
quatty	quatty	固有名詞
quauk	quauk	固有名詞
quave	quave	固有名詞
quaver	quaver	固有名詞
quaw	quaw	固有名詞
quawk	quawk	固有名詞
quay	quay	固有名詞
quayed	quayed	固有名詞
quays	quays	固有名詞
qubba	qubba	固有名詞
que	que	固有名詞
queach	queach	固有名詞
queak	queak	固有名詞
queal	queal	固有名詞
quean	quean	固有名詞
queans	queans	固有名詞
quease	quease	固有名詞
queasy	queasy	固有名詞
queazy	queazy	固有名詞
quebec	quebec	固有名詞
quedly	quedly	固有名詞
queen	queen	固有名詞
queens	queens	固有名詞
queer	queer	固有名詞
queers	queers	固有名詞
queery	queery	固有名詞
queest	queest	固有名詞
queet	queet	固有名詞
queeve	queeve	固有名詞
quegh	quegh	固有名詞
quei	quei	固有名詞
queing	queing	固有名詞
quelch	quelch	固有名詞
quelea	quelea	固有名詞
quell	quell	固有名詞
quells	quells	固有名詞
quelme	quelme	固有名詞
quelt	quelt	固有名詞
quem	quem	固有名詞
queme	queme	固有名詞
quench	quench	固有名詞
quenda	quenda	固有名詞
quent	quent	固有名詞
queres	queres	固有名詞
querl	querl	固有名詞
quern	quern	固有名詞
querns	querns	固有名詞
querre	querre	固有名詞
query	query	固有名詞
ques	ques	固有名詞
quesal	quesal	固有名詞
quest	quest	固有名詞
quests	quests	固有名詞
quet	quet	固有名詞
quetch	quetch	固有名詞
quethe	quethe	固有名詞
queue	queue	固有名詞
queued	queued	固有名詞
queuer	queuer	固有名詞
queues	queues	固有名詞
quey	quey	固有名詞
queys	queys	固有名詞
quezal	quezal	固有名詞
qui	qui	固有名詞
quia	quia	固有名詞
quiapo	quiapo	固有名詞
quib	quib	固有名詞
quibus	quibus	固有名詞
quica	quica	固有名詞
quiche	quiche	固有名詞
quick	quick	固有名詞
quicks	quicks	固有名詞
quid	quid	固有名詞
quidae	quidae	固有名詞
quidam	quidam	固有名詞
quids	quids	固有名詞
quiet	quiet	固有名詞
quieta	quieta	固有名詞
quieti	quieti	固有名詞
quiets	quiets	固有名詞
quiff	quiff	固有名詞
quiffs	quiffs	固有名詞
quiina	quiina	固有名詞
quila	quila	固有名詞
quiles	quiles	固有名詞
quilez	quilez	固有名詞
quill	quill	固有名詞
quills	quills	固有名詞
quilly	quilly	固有名詞
quilt	quilt	固有名詞
quilts	quilts	固有名詞
quim	quim	固有名詞
quin	quin	固有名詞
quina	quina	固有名詞
quinas	quinas	固有名詞
quince	quince	固有名詞
quinch	quinch	固有名詞
quincy	quincy	固有名詞
quinet	quinet	固有名詞
quinia	quinia	固有名詞
quinic	quinic	固有名詞
quinin	quinin	固有名詞
quink	quink	固有名詞
quinoa	quinoa	固有名詞
quinol	quinol	固有名詞
quinon	quinon	固有名詞
quins	quins	固有名詞
quinse	quinse	固有名詞
quinsy	quinsy	固有名詞
quint	quint	固有名詞
quinta	quinta	固有名詞
quinte	quinte	固有名詞
quinto	quinto	固有名詞
quints	quints	固有名詞
quinua	quinua	固有名詞
quinyl	quinyl	固有名詞
quinze	quinze	固有名詞
quip	quip	固有名詞
quipo	quipo	固有名詞
quippe	quippe	固有名詞
quippu	quippu	固有名詞
quippy	quippy	固有名詞
quips	quips	固有名詞
quipu	quipu	固有名詞
quipus	quipus	固有名詞
quira	quira	固有名詞
quire	quire	固有名詞
quired	quired	固有名詞
quires	quires	固有名詞
quirk	quirk	固有名詞
quirks	quirks	固有名詞
quirky	quirky	固有名詞
quirl	quirl	固有名詞
quirt	quirt	固有名詞
quirts	quirts	固有名詞
quis	quis	固有名詞
quisby	quisby	固有名詞
quisle	quisle	固有名詞
quist	quist	固有名詞
quit	quit	固有名詞
quitch	quitch	固有名詞
quite	quite	固有名詞
quito	quito	固有名詞
quits	quits	固有名詞
quitu	quitu	固有名詞
quiver	quiver	固有名詞
quiz	quiz	固有名詞
quizzy	quizzy	固有名詞
qung	qung	固有名詞
quo	quo	固有名詞
quoad	quoad	固有名詞
quod	quod	固有名詞
quods	quods	固有名詞
quohog	quohog	固有名詞
quoin	quoin	固有名詞
quoins	quoins	固有名詞
quoit	quoit	固有名詞
quoits	quoits	固有名詞
quokka	quokka	固有名詞
quop	quop	固有名詞
quor	quor	固有名詞
quorum	quorum	固有名詞
quos	quos	固有名詞
quot	quot	固有名詞
quota	quota	固有名詞
quotas	quotas	固有名詞
quote	quote	固有名詞
quoted	quoted	固有名詞
quotee	quotee	固有名詞
quoter	quoter	固有名詞
quotes	quotes	固有名詞
quoth	quoth	固有名詞
quotha	quotha	固有名詞
quotid	quotid	固有名詞
quott	quott	固有名詞
quotum	quotum	固有名詞
qursh	qursh	固有名詞
qurti	qurti	固有名詞
qurush	qurush	固有名詞
r	R	固有名詞
raad	raad	固有名詞
raanan	raanan	固有名詞
raasch	raasch	固有名詞
raash	raash	固有名詞
rab	rab	固有名詞
rabal	rabal	固有名詞
raband	raband	固有名詞
rabat	rabat	固有名詞
rabato	rabato	固有名詞
rabban	rabban	固有名詞
rabbet	rabbet	固有名詞
rabbi	rabbi	固有名詞
rabbin	rabbin	固有名詞
rabbis	rabbis	固有名詞
rabbit	rabbit	固有名詞
rabble	rabble	固有名詞
rabfak	rabfak	固有名詞
rabi	rabi	固有名詞
rabic	rabic	固有名詞
rabid	rabid	固有名詞
rabies	rabies	固有名詞
rabin	rabin	固有名詞
rablin	rablin	固有名詞
rabot	rabot	固有名詞
racche	racche	固有名詞
race	race	固有名詞
raced	raced	固有名詞
raceme	raceme	固有名詞
racer	racer	固有名詞
racers	racers	固有名詞
races	races	固有名詞
rach	rach	固有名詞
rache	rache	固有名詞
rachel	rachel	固有名詞
raches	raches	固有名詞
rachet	rachet	固有名詞
rachis	rachis	固有名詞
racial	racial	固有名詞
racier	racier	固有名詞
racily	racily	固有名詞
racing	racing	固有名詞
racion	racion	固有名詞
racism	racism	固有名詞
racist	racist	固有名詞
rack	rack	固有名詞
rackan	rackan	固有名詞
racked	racked	固有名詞
racker	racker	固有名詞
racket	racket	固有名詞
rackle	rackle	固有名詞
racks	racks	固有名詞
racon	racon	固有名詞
racons	racons	固有名詞
racoon	racoon	固有名詞
racy	racy	固有名詞
rad	rad	固有名詞
rada	rada	固有名詞
radar	radar	固有名詞
radars	radars	固有名詞
radded	radded	固有名詞
raddle	raddle	固有名詞
radeau	radeau	固有名詞
radek	radek	固有名詞
radeur	radeur	固有名詞
radiac	radiac	固有名詞
radial	radial	固有名詞
radian	radian	固有名詞
radii	radii	固有名詞
radio	radio	固有名詞
radion	radion	固有名詞
radios	radios	固有名詞
radiov	radiov	固有名詞
radish	radish	固有名詞
radium	radium	固有名詞
radius	radius	固有名詞
radix	radix	固有名詞
radly	radly	固有名詞
radman	radman	固有名詞
radome	radome	固有名詞
radon	radon	固有名詞
radons	radons	固有名詞
rads	rads	固有名詞
radula	radula	固有名詞
rafael	rafael	固有名詞
rafale	rafale	固有名詞
rafe	rafe	固有名詞
raff	raff	固有名詞
raffe	raffe	固有名詞
raffee	raffee	固有名詞
raffia	raffia	固有名詞
raffle	raffle	固有名詞
raffs	raffs	固有名詞
rafik	rafik	固有名詞
raft	raft	固有名詞
rafted	rafted	固有名詞
rafter	rafter	固有名詞
rafts	rafts	固有名詞
rafty	rafty	固有名詞
rag	rag	固有名詞
raga	raga	固有名詞
ragas	ragas	固有名詞
ragbag	ragbag	固有名詞
rage	rage	固有名詞
raged	raged	固有名詞
ragee	ragee	固有名詞
ragees	ragees	固有名詞
rager	rager	固有名詞
ragery	ragery	固有名詞
rages	rages	固有名詞
ragged	ragged	固有名詞
raggee	raggee	固有名詞
ragger	ragger	固有名詞
raggil	raggil	固有名詞
raggle	raggle	固有名詞
raggy	raggy	固有名詞
raghu	raghu	固有名詞
ragi	ragi	固有名詞
raging	raging	固有名詞
ragis	ragis	固有名詞
raglan	raglan	固有名詞
raglet	raglet	固有名詞
raglin	raglin	固有名詞
ragman	ragman	固有名詞
ragmen	ragmen	固有名詞
ragnar	ragnar	固有名詞
ragout	ragout	固有名詞
rags	rags	固有名詞
ragtag	ragtag	固有名詞
ragule	ragule	固有名詞
raguly	raguly	固有名詞
rah	rah	固有名詞
rahdar	rahdar	固有名詞
rahul	rahul	固有名詞
raia	raia	固有名詞
raiae	raiae	固有名詞
raias	raias	固有名詞
raid	raid	固有名詞
raided	raided	固有名詞
raider	raider	固有名詞
raids	raids	固有名詞
raif	raif	固有名詞
rail	rail	固有名詞
railed	railed	固有名詞
railer	railer	固有名詞
railly	railly	固有名詞
rails	Rails	固有名詞
rain	rain	固有名詞
rained	rained	固有名詞
rainer	rainer	固有名詞
raines	raines	固有名詞
rains	rains	固有名詞
rainy	rainy	固有名詞
raioid	raioid	固有名詞
rais	rais	固有名詞
raise	raise	固有名詞
raised	raised	固有名詞
raiser	raiser	固有名詞
raises	raises	固有名詞
raisin	raisin	固有名詞
raison	raison	固有名詞
raiyat	raiyat	固有名詞
raj	raj	固有名詞
raja	raja	固有名詞
rajab	rajab	固有名詞
rajah	rajah	固有名詞
rajahs	rajahs	固有名詞
rajas	rajas	固有名詞
rajeev	rajeev	固有名詞
rajes	rajes	固有名詞
rajesh	rajesh	固有名詞
rajiv	rajiv	固有名詞
rajput	rajput	固有名詞
rakan	rakan	固有名詞
rake	rake	固有名詞
raked	raked	固有名詞
rakee	rakee	固有名詞
rakees	rakees	固有名詞
rakely	rakely	固有名詞
raker	raker	固有名詞
rakers	rakers	固有名詞
rakery	rakery	固有名詞
rakes	rakes	固有名詞
rakh	rakh	固有名詞
rakhal	rakhal	固有名詞
raki	raki	固有名詞
rakija	rakija	固有名詞
rakily	rakily	固有名詞
raking	raking	固有名詞
rakis	rakis	固有名詞
rakish	rakish	固有名詞
rakit	rakit	固有名詞
raku	raku	固有名詞
rale	rale	固有名詞
rales	rales	固有名詞
ralf	ralf	固有名詞
ralish	ralish	固有名詞
rall	rall	固有名詞
rallus	rallus	固有名詞
rally	rally	固有名詞
rallye	rallye	固有名詞
ralph	ralph	固有名詞
rals	rals	固有名詞
ram	RAM	固有名詞
rama	rama	固有名詞
ramack	ramack	固有名詞
ramada	ramada	固有名詞
ramage	ramage	固有名詞
ramal	ramal	固有名詞
raman	raman	固有名詞
ramark	ramark	固有名詞
ramass	ramass	固有名詞
ramate	ramate	固有名詞
rambeh	rambeh	固有名詞
rambla	rambla	固有名詞
ramble	ramble	固有名詞
rambo	rambo	固有名詞
rame	rame	固有名詞
rameal	rameal	固有名詞
ramean	ramean	固有名詞
ramed	ramed	固有名詞
ramee	ramee	固有名詞
ramees	ramees	固有名詞
rament	rament	固有名詞
ramesh	ramesh	固有名詞
ramet	ramet	固有名詞
ramets	ramets	固有名詞
ramex	ramex	固有名詞
rami	rami	固有名詞
ramie	ramie	固有名詞
ramies	ramies	固有名詞
ramify	ramify	固有名詞
ramiro	ramiro	固有名詞
ramism	ramism	固有名詞
ramist	ramist	固有名詞
ramjet	ramjet	固有名詞
rammed	rammed	固有名詞
rammel	rammel	固有名詞
rammer	rammer	固有名詞
rammi	rammi	固有名詞
rammy	rammy	固有名詞
ramnes	ramnes	固有名詞
ramon	ramon	固有名詞
ramona	ramona	固有名詞
ramoon	ramoon	固有名詞
ramose	ramose	固有名詞
ramous	ramous	固有名詞
ramp	ramp	固有名詞
ramped	ramped	固有名詞
ramper	ramper	固有名詞
ramps	ramps	固有名詞
ramrod	ramrod	固有名詞
rams	rams	固有名詞
ramsch	ramsch	固有名詞
ramsey	ramsey	固有名詞
ramson	ramson	固有名詞
ramta	ramta	固有名詞
ramtil	ramtil	固有名詞
ramule	ramule	固有名詞
ramus	ramus	固有名詞
ramusi	ramusi	固有名詞
ran	ran	固有名詞
rana	rana	固有名詞
ranal	ranal	固有名詞
rance	rance	固有名詞
rancel	rancel	固有名詞
rancer	rancer	固有名詞
rances	rances	固有名詞
ranch	ranch	固有名詞
ranche	ranche	固有名詞
rancho	rancho	固有名詞
rancid	rancid	固有名詞
rancio	rancio	固有名詞
rancor	rancor	固有名詞
rand	rand	固有名詞
randal	randal	固有名詞
randan	randan	固有名詞
randem	randem	固有名詞
rander	rander	固有名詞
randia	randia	固有名詞
randie	randie	固有名詞
randir	randir	固有名詞
randle	randle	固有名詞
randn	randn	固有名詞
random	random	固有名詞
randon	randon	固有名詞
rands	rands	固有名詞
randy	randy	固有名詞
rane	rane	固有名詞
ranee	ranee	固有名詞
ranees	ranees	固有名詞
ranere	ranere	固有名詞
rang	rang	固有名詞
range	range	固有名詞
ranged	ranged	固有名詞
ranger	ranger	固有名詞
ranges	ranges	固有名詞
rangey	rangey	固有名詞
rangle	rangle	固有名詞
rangy	rangy	固有名詞
rani	rani	固有名詞
ranid	ranid	固有名詞
ranids	ranids	固有名詞
ranina	ranina	固有名詞
ranine	ranine	固有名詞
ranis	ranis	固有名詞
ranjit	ranjit	固有名詞
rank	rank	固有名詞
ranked	ranked	固有名詞
ranker	ranker	固有名詞
ranket	ranket	固有名詞
rankle	rankle	固有名詞
rankly	rankly	固有名詞
ranks	ranks	固有名詞
ranli	ranli	固有名詞
rann	rann	固有名詞
rannel	rannel	固有名詞
ranny	ranny	固有名詞
ransel	ransel	固有名詞
ranses	ranses	固有名詞
ransom	ransom	固有名詞
rant	rant	固有名詞
rantan	rantan	固有名詞
ranted	ranted	固有名詞
ranter	ranter	固有名詞
rants	rants	固有名詞
ranty	ranty	固有名詞
ranula	ranula	固有名詞
raob	raob	固有名詞
rap	rap	固有名詞
rape	rape	固有名詞
raped	raped	固有名詞
rapely	rapely	固有名詞
raper	raper	固有名詞
rapers	rapers	固有名詞
rapes	rapes	固有名詞
rapeye	rapeye	固有名詞
raphae	raphae	固有名詞
raphe	raphe	固有名詞
raphes	raphes	固有名詞
raphia	raphia	固有名詞
raphis	raphis	固有名詞
raphus	raphus	固有名詞
rapic	rapic	固有名詞
rapid	rapid	固有名詞
rapide	rapide	固有名詞
rapido	rapido	固有名詞
rapids	rapids	固有名詞
rapier	rapier	固有名詞
rapine	rapine	固有名詞
raping	raping	固有名詞
rapist	rapist	固有名詞
raport	raport	固有名詞
rappe	rappe	固有名詞
rapped	rapped	固有名詞
rappee	rappee	固有名詞
rappel	rappel	固有名詞
rappen	rappen	固有名詞
rapper	rapper	固有名詞
raps	raps	固有名詞
rapt	rapt	固有名詞
rapter	rapter	固有名詞
raptly	raptly	固有名詞
raptor	raptor	固有名詞
raptus	raptus	固有名詞
raquet	raquet	固有名詞
rara	rara	固有名詞
rare	rare	固有名詞
rarefy	rarefy	固有名詞
rarely	rarely	固有名詞
rarer	rarer	固有名詞
rarest	rarest	固有名詞
rarety	rarety	固有名詞
rarify	rarify	固有名詞
raring	raring	固有名詞
rarish	rarish	固有名詞
rarity	rarity	固有名詞
ras	ras	固有名詞
rasa	rasa	固有名詞
rasant	rasant	固有名詞
rascal	rascal	固有名詞
rase	rase	固有名詞
rased	rased	固有名詞
rasen	rasen	固有名詞
raser	raser	固有名詞
rasers	rasers	固有名詞
rases	rases	固有名詞
rash	rash	固有名詞
rasher	rasher	固有名詞
rashes	rashes	固有名詞
rashly	rashly	固有名詞
rashti	rashti	固有名詞
rasing	rasing	固有名詞
rasion	rasion	固有名詞
rasoir	rasoir	固有名詞
rason	rason	固有名詞
rasour	rasour	固有名詞
rasp	rasp	固有名詞
raspberrypi	Raspberry Pi	固有名詞
rasped	rasped	固有名詞
rasper	rasper	固有名詞
raspis	raspis	固有名詞
rasps	rasps	固有名詞
raspy	raspy	固有名詞
rasse	rasse	固有名詞
rassle	rassle	固有名詞
raster	raster	固有名詞
rastik	rastik	固有名詞
rastle	rastle	固有名詞
rastus	rastus	固有名詞
rasty	rasty	固有名詞
rasure	rasure	固有名詞
rat	rat	固有名詞
rata	rata	固有名詞
ratal	ratal	固有名詞
ratals	ratals	固有名詞
ratan	ratan	固有名詞
ratans	ratans	固有名詞
ratany	ratany	固有名詞
ratbag	ratbag	固有名詞
ratch	ratch	固有名詞
rate	rate	固有名詞
rated	rated	固有名詞
rateen	rateen	固有名詞
ratel	ratel	固有名詞
ratels	ratels	固有名詞
rater	rater	固有名詞
ratero	ratero	固有名詞
raters	raters	固有名詞
rates	rates	固有名詞
rath	rath	固有名詞
ratha	ratha	固有名詞
rathe	rathe	固有名詞
rathed	rathed	固有名詞
rather	rather	固有名詞
ratify	ratify	固有名詞
ratine	ratine	固有名詞
rating	rating	固有名詞
ratio	ratio	固有名詞
ration	ration	固有名詞
ratios	ratios	固有名詞
ratite	ratite	固有名詞
ratlin	ratlin	固有名詞
rato	rato	固有名詞
ratoon	ratoon	固有名詞
ratos	ratos	固有名詞
rats	rats	固有名詞
rattan	rattan	固有名詞
ratted	ratted	固有名詞
rattel	rattel	固有名詞
ratten	ratten	固有名詞
ratter	ratter	固有名詞
ratti	ratti	固有名詞
rattle	rattle	固有名詞
rattly	rattly	固有名詞
ratton	ratton	固有名詞
rattus	rattus	固有名詞
ratty	ratty	固有名詞
ratwa	ratwa	固有名詞
raucid	raucid	固有名詞
raught	raught	固有名詞
rauk	rauk	固有名詞
raukle	raukle	固有名詞
raul	raul	固有名詞
rauli	rauli	固有名詞
raun	raun	固有名詞
raunge	raunge	固有名詞
raupo	raupo	固有名詞
rauque	rauque	固有名詞
ravage	ravage	固有名詞
rave	rave	固有名詞
raved	raved	固有名詞
ravel	ravel	固有名詞
ravels	ravels	固有名詞
raven	raven	固有名詞
ravens	ravens	固有名詞
raver	raver	固有名詞
ravers	ravers	固有名詞
ravery	ravery	固有名詞
raves	raves	固有名詞
ravi	ravi	固有名詞
ravin	ravin	固有名詞
ravine	ravine	固有名詞
raving	raving	固有名詞
ravins	ravins	固有名詞
ravish	ravish	固有名詞
raw	raw	固有名詞
rawer	rawer	固有名詞
rawest	rawest	固有名詞
rawin	rawin	固有名詞
rawing	rawing	固有名詞
rawish	rawish	固有名詞
rawky	rawky	固有名詞
rawly	rawly	固有名詞
rawnie	rawnie	固有名詞
raws	raws	固有名詞
rax	rax	固有名詞
raxed	raxed	固有名詞
raxes	raxes	固有名詞
raxing	raxing	固有名詞
ray	ray	固有名詞
raya	raya	固有名詞
rayage	rayage	固有名詞
rayah	rayah	固有名詞
rayahs	rayahs	固有名詞
rayan	rayan	固有名詞
rayas	rayas	固有名詞
rayat	rayat	固有名詞
rayed	rayed	固有名詞
rayful	rayful	固有名詞
raying	raying	固有名詞
raylet	raylet	固有名詞
rayon	rayon	固有名詞
rayons	rayons	固有名詞
rays	rays	固有名詞
raze	raze	固有名詞
razed	razed	固有名詞
razee	razee	固有名詞
razeed	razeed	固有名詞
razees	razees	固有名詞
razer	razer	固有名詞
razers	razers	固有名詞
razes	razes	固有名詞
razing	razing	固有名詞
razoo	razoo	固有名詞
razor	razor	固有名詞
razors	razors	固有名詞
razour	razour	固有名詞
razz	razz	固有名詞
razzed	razzed	固有名詞
razzer	razzer	固有名詞
razzes	razzes	固有名詞
razzia	razzia	固有名詞
razzle	razzle	固有名詞
razzly	razzly	固有名詞
rbound	rbound	固有名詞
rcd	rcd	固有名詞
rclame	rclame	固有名詞
rcpt	rcpt	固有名詞
rct	rct	固有名詞
rcvr	rcvr	固有名詞
rea	rea	固有名詞
reaal	reaal	固有名詞
reable	reable	固有名詞
reach	reach	固有名詞
reachy	reachy	固有名詞
react	React	固有名詞
reacts	reacts	固有名詞
read	read	固有名詞
readd	readd	固有名詞
readds	readds	固有名詞
reader	reader	固有名詞
readl	readl	固有名詞
reads	reads	固有名詞
ready	ready	固有名詞
reagan	reagan	固有名詞
reagin	reagin	固有名詞
reak	reak	固有名詞
reaks	reaks	固有名詞
real	real	固有名詞
realer	realer	固有名詞
reales	reales	固有名詞
realia	realia	固有名詞
really	really	固有名詞
realm	realm	固有名詞
realms	realms	固有名詞
reals	reals	固有名詞
realty	realty	固有名詞
ream	ream	固有名詞
reamed	reamed	固有名詞
reamer	reamer	固有名詞
reams	reams	固有名詞
reamy	reamy	固有名詞
reap	reap	固有名詞
reaped	reaped	固有名詞
reaper	reaper	固有名詞
reaps	reaps	固有名詞
rear	rear	固有名詞
reared	reared	固有名詞
rearer	rearer	固有名詞
rearii	rearii	固有名詞
rearly	rearly	固有名詞
rearm	rearm	固有名詞
rearms	rearms	固有名詞
rears	rears	固有名詞
reask	reask	固有名詞
reason	reason	固有名詞
reast	reast	固有名詞
reasty	reasty	固有名詞
reasy	reasy	固有名詞
reata	reata	固有名詞
reatas	reatas	固有名詞
reatus	reatus	固有名詞
reaute	reaute	固有名詞
reave	reave	固有名詞
reaved	reaved	固有名詞
reaver	reaver	固有名詞
reaves	reaves	固有名詞
reavow	reavow	固有名詞
reb	reb	固有名詞
rebab	rebab	固有名詞
reback	reback	固有名詞
rebag	rebag	固有名詞
rebait	rebait	固有名詞
rebake	rebake	固有名詞
rebale	rebale	固有名詞
reban	reban	固有名詞
rebank	rebank	固有名詞
rebar	rebar	固有名詞
rebase	rebase	固有名詞
rebate	rebate	固有名詞
rebato	rebato	固有名詞
rebawl	rebawl	固有名詞
rebbe	rebbe	固有名詞
rebbes	rebbes	固有名詞
rebear	rebear	固有名詞
rebeat	rebeat	固有名詞
rebec	rebec	固有名詞
rebeck	rebeck	固有名詞
rebecs	rebecs	固有名詞
rebed	rebed	固有名詞
rebeg	rebeg	固有名詞
rebel	rebel	固有名詞
rebels	rebels	固有名詞
rebend	rebend	固有名詞
rebent	rebent	固有名詞
rebia	rebia	固有名詞
rebias	rebias	固有名詞
rebid	rebid	固有名詞
rebids	rebids	固有名詞
rebill	rebill	固有名詞
rebind	rebind	固有名詞
rebite	rebite	固有名詞
reblot	reblot	固有名詞
reblow	reblow	固有名詞
reblue	reblue	固有名詞
rebob	rebob	固有名詞
reboil	reboil	固有名詞
reboke	reboke	固有名詞
rebold	rebold	固有名詞
rebolt	rebolt	固有名詞
rebone	rebone	固有名詞
rebook	rebook	固有名詞
reboot	reboot	固有名詞
rebop	rebop	固有名詞
rebops	rebops	固有名詞
rebore	rebore	固有名詞
reborn	reborn	固有名詞
rebosa	rebosa	固有名詞
reboso	reboso	固有名詞
rebote	rebote	固有名詞
rebox	rebox	固有名詞
rebozo	rebozo	固有名詞
rebred	rebred	固有名詞
rebrew	rebrew	固有名詞
rebs	rebs	固有名詞
rebud	rebud	固有名詞
rebuff	rebuff	固有名詞
rebuke	rebuke	固有名詞
rebulk	rebulk	固有名詞
rebuoy	rebuoy	固有名詞
reburn	reburn	固有名詞
rebury	rebury	固有名詞
rebus	rebus	固有名詞
rebush	rebush	固有名詞
rebusy	rebusy	固有名詞
rebut	rebut	固有名詞
rebute	rebute	固有名詞
rebuts	rebuts	固有名詞
rebuy	rebuy	固有名詞
rec	rec	固有名詞
recado	recado	固有名詞
recage	recage	固有名詞
recalk	recalk	固有名詞
recall	recall	固有名詞
recane	recane	固有名詞
recant	recant	固有名詞
recap	recap	固有名詞
recaps	recaps	固有名詞
recart	recart	固有名詞
recase	recase	固有名詞
recash	recash	固有名詞
recast	recast	固有名詞
recce	recce	固有名詞
recche	recche	固有名詞
recco	recco	固有名詞
reccy	reccy	固有名詞
recd	recd	固有名詞
recede	recede	固有名詞
recent	recent	固有名詞
recept	recept	固有名詞
recess	recess	固有名詞
rechal	rechal	固有名詞
rechar	rechar	固有名詞
rechaw	rechaw	固有名詞
rechew	rechew	固有名詞
rechip	rechip	固有名詞
recide	recide	固有名詞
recip	recip	固有名詞
recipe	recipe	固有名詞
recit	recit	固有名詞
recite	recite	固有名詞
reck	reck	固有名詞
recked	recked	固有名詞
reckla	reckla	固有名詞
reckon	reckon	固有名詞
recks	recks	固有名詞
reclad	reclad	固有名詞
recoal	recoal	固有名詞
recoat	recoat	固有名詞
recock	recock	固有名詞
recoct	recoct	固有名詞
recode	recode	固有名詞
recoil	recoil	固有名詞
recoin	recoin	固有名詞
recoke	recoke	固有名詞
recomb	recomb	固有名詞
recon	recon	固有名詞
recond	recond	固有名詞
recons	recons	固有名詞
recook	recook	固有名詞
recool	recool	固有名詞
recopy	recopy	固有名詞
record	record	固有名詞
recork	recork	固有名詞
recost	recost	固有名詞
recoup	recoup	固有名詞
recour	recour	固有名詞
recpt	recpt	固有名詞
recrew	recrew	固有名詞
recrop	recrop	固有名詞
recs	recs	固有名詞
rect	rect	固有名詞
recta	recta	固有名詞
rectal	rectal	固有名詞
recti	recti	固有名詞
recto	recto	固有名詞
rector	rector	固有名詞
rectos	rectos	固有名詞
rectum	rectum	固有名詞
rectus	rectus	固有名詞
recule	recule	固有名詞
recumb	recumb	固有名詞
recur	recur	固有名詞
recure	recure	固有名詞
recurl	recurl	固有名詞
recurs	recurs	固有名詞
recuse	recuse	固有名詞
recusf	recusf	固有名詞
recut	recut	固有名詞
recuts	recuts	固有名詞
red	red	固有名詞
redact	redact	固有名詞
redame	redame	固有名詞
redan	redan	固有名詞
redans	redans	固有名詞
redare	redare	固有名詞
redarn	redarn	固有名詞
redart	redart	固有名詞
redate	redate	固有名詞
redaub	redaub	固有名詞
redawn	redawn	固有名詞
redbay	redbay	固有名詞
redbud	redbud	固有名詞
redbug	redbug	固有名詞
redcap	redcap	固有名詞
redd	redd	固有名詞
redded	redded	固有名詞
redden	redden	固有名詞
redder	redder	固有名詞
reddle	reddle	固有名詞
redds	redds	固有名詞
reddy	reddy	固有名詞
rede	rede	固有名詞
redeal	redeal	固有名詞
redear	redear	固有名詞
redeck	redeck	固有名詞
reded	reded	固有名詞
redeed	redeed	固有名詞
redeem	redeem	固有名詞
redefy	redefy	固有名詞
redely	redely	固有名詞
redeny	redeny	固有名詞
redes	redes	固有名詞
redeye	redeye	固有名詞
redfin	redfin	固有名詞
redia	redia	固有名詞
rediae	rediae	固有名詞
redial	redial	固有名詞
redias	redias	固有名詞
redid	redid	固有名詞
redig	redig	固有名詞
reding	reding	固有名詞
redip	redip	固有名詞
redips	redips	固有名詞
redipt	redipt	固有名詞
redis	Redis	固有名詞
redive	redive	固有名詞
redleg	redleg	固有名詞
redly	redly	固有名詞
redo	redo	固有名詞
redock	redock	固有名詞
redoes	redoes	固有名詞
redone	redone	固有名詞
redoom	redoom	固有名詞
redos	redos	固有名詞
redout	redout	固有名詞
redowa	redowa	固有名詞
redox	redox	固有名詞
redrag	redrag	固有名詞
redraw	redraw	固有名詞
redrew	redrew	固有名詞
redrug	redrug	固有名詞
redry	redry	固有名詞
reds	reds	固有名詞
redtab	redtab	固有名詞
redtop	redtop	固有名詞
redub	redub	固有名詞
reduce	reduce	固有名詞
reduct	reduct	固有名詞
redue	redue	固有名詞
redug	redug	固有名詞
reduit	reduit	固有名詞
redupl	redupl	固有名詞
redust	redust	固有名詞
redux	redux	固有名詞
redwud	redwud	固有名詞
redye	redye	固有名詞
redyed	redyed	固有名詞
redyes	redyes	固有名詞
ree	ree	固有名詞
reearn	reearn	固有名詞
reebok	reebok	固有名詞
reecho	reecho	固有名詞
reechy	reechy	固有名詞
reed	reed	固有名詞
reeded	reeded	固有名詞
reeden	reeden	固有名詞
reeder	reeder	固有名詞
reedit	reedit	固有名詞
reeds	reeds	固有名詞
reedy	reedy	固有名詞
reef	reef	固有名詞
reefed	reefed	固有名詞
reefer	reefer	固有名詞
reefs	reefs	固有名詞
reefy	reefy	固有名詞
reek	reek	固有名詞
reeked	reeked	固有名詞
reeker	reeker	固有名詞
reeks	reeks	固有名詞
reeky	reeky	固有名詞
reel	reel	固有名詞
reeled	reeled	固有名詞
reeler	reeler	固有名詞
reels	reels	固有名詞
reem	reem	固有名詞
reemit	reemit	固有名詞
reen	reen	固有名詞
reenge	reenge	固有名詞
reeper	reeper	固有名詞
rees	rees	固有名詞
reese	reese	固有名詞
reesk	reesk	固有名詞
reesle	reesle	固有名詞
reest	reest	固有名詞
reests	reests	固有名詞
reesty	reesty	固有名詞
reet	reet	固有名詞
reetam	reetam	固有名詞
reetle	reetle	固有名詞
reeve	reeve	固有名詞
reeved	reeved	固有名詞
reeves	reeves	固有名詞
ref	ref	固有名詞
reface	reface	固有名詞
refait	refait	固有名詞
refall	refall	固有名詞
refan	refan	固有名詞
refect	refect	固有名詞
refed	refed	固有名詞
refeed	refeed	固有名詞
refeel	refeel	固有名詞
refel	refel	固有名詞
refell	refell	固有名詞
refels	refels	固有名詞
refelt	refelt	固有名詞
refer	refer	固有名詞
refers	refers	固有名詞
refete	refete	固有名詞
reffed	reffed	固有名詞
reffo	reffo	固有名詞
reffos	reffos	固有名詞
refile	refile	固有名詞
refill	refill	固有名詞
refilm	refilm	固有名詞
refind	refind	固有名詞
refine	refine	固有名詞
refire	refire	固有名詞
refit	refit	固有名詞
refits	refits	固有名詞
refix	refix	固有名詞
refl	refl	固有名詞
reflag	reflag	固有名詞
reflee	reflee	固有名詞
reflet	reflet	固有名詞
reflew	reflew	固有名詞
reflex	reflex	固有名詞
reflog	reflog	固有名詞
reflow	reflow	固有名詞
reflux	reflux	固有名詞
refly	refly	固有名詞
refold	refold	固有名詞
refont	refont	固有名詞
refool	refool	固有名詞
refoot	refoot	固有名詞
reford	reford	固有名詞
reform	reform	固有名詞
refr	refr	固有名詞
refrig	refrig	固有名詞
refry	refry	固有名詞
refs	refs	固有名詞
reft	reft	固有名詞
refuel	refuel	固有名詞
refuge	refuge	固有名詞
refund	refund	固有名詞
refurl	refurl	固有名詞
refuse	refuse	固有名詞
refute	refute	固有名詞
reg	reg	固有名詞
regain	regain	固有名詞
regal	regal	固有名詞
regald	regald	固有名詞
regale	regale	固有名詞
regalo	regalo	固有名詞
regard	regard	固有名詞
regave	regave	固有名詞
regd	regd	固有名詞
regear	regear	固有名詞
regel	regel	固有名詞
regent	regent	固有名詞
reges	reges	固有名詞
regest	regest	固有名詞
reget	reget	固有名詞
regex	regex	固有名詞
regga	regga	固有名詞
reggae	reggae	固有名詞
reggie	reggie	固有名詞
regia	regia	固有名詞
regian	regian	固有名詞
regie	regie	固有名詞
regift	regift	固有名詞
regild	regild	固有名詞
regill	regill	固有名詞
regilt	regilt	固有名詞
regime	regime	固有名詞
regin	regin	固有名詞
regina	regina	固有名詞
region	region	固有名詞
regird	regird	固有名詞
regius	regius	固有名詞
regive	regive	固有名詞
regle	regle	固有名詞
reglet	reglet	固有名詞
reglow	reglow	固有名詞
reglue	reglue	固有名詞
regma	regma	固有名詞
regna	regna	固有名詞
regnal	regnal	固有名詞
regnum	regnum	固有名詞
rego	rego	固有名詞
regr	regr	固有名詞
regrab	regrab	固有名詞
regret	regret	固有名詞
regrew	regrew	固有名詞
regrip	regrip	固有名詞
regrow	regrow	固有名詞
regt	regt	固有名詞
regula	regula	固有名詞
reguli	reguli	固有名詞
regur	regur	固有名詞
regush	regush	固有名詞
reh	reh	固有名詞
rehair	rehair	固有名詞
rehale	rehale	固有名詞
rehang	rehang	固有名詞
reharm	reharm	固有名詞
rehash	rehash	固有名詞
rehaul	rehaul	固有名詞
rehboc	rehboc	固有名詞
rehead	rehead	固有名詞
reheal	reheal	固有名詞
reheap	reheap	固有名詞
rehear	rehear	固有名詞
reheat	reheat	固有名詞
reheel	reheel	固有名詞
rehem	rehem	固有名詞
rehems	rehems	固有名詞
rehete	rehete	固有名詞
rehid	rehid	固有名詞
rehide	rehide	固有名詞
rehire	rehire	固有名詞
rehoe	rehoe	固有名詞
rehone	rehone	固有名詞
rehood	rehood	固有名詞
rehook	rehook	固有名詞
rehoop	rehoop	固有名詞
rehung	rehung	固有名詞
rei	rei	固有名詞
reice	reice	固有名詞
reiced	reiced	固有名詞
reich	reich	固有名詞
reid	reid	固有名詞
reif	reif	固有名詞
reifs	reifs	固有名詞
reify	reify	固有名詞
reign	reign	固有名詞
reigns	reigns	固有名詞
reim	reim	固有名詞
rein	rein	固有名詞
reina	reina	固有名詞
reined	reined	固有名詞
reiner	reiner	固有名詞
reink	reink	固有名詞
reins	reins	固有名詞
reis	reis	固有名詞
reist	reist	固有名詞
reit	reit	固有名詞
reiter	reiter	固有名詞
reive	reive	固有名詞
reived	reived	固有名詞
reiver	reiver	固有名詞
reives	reives	固有名詞
rejail	rejail	固有名詞
rejang	rejang	固有名詞
reject	reject	固有名詞
rejerk	rejerk	固有名詞
rejig	rejig	固有名詞
rejoin	rejoin	固有名詞
rejolt	rejolt	固有名詞
rekey	rekey	固有名詞
rekeys	rekeys	固有名詞
rekhti	rekhti	固有名詞
reki	reki	固有名詞
rekick	rekick	固有名詞
rekill	rekill	固有名詞
reking	reking	固有名詞
rekiss	rekiss	固有名詞
reknit	reknit	固有名詞
reknot	reknot	固有名詞
reknow	reknow	固有名詞
rel	rel	固有名詞
relace	relace	固有名詞
relade	relade	固有名詞
relaid	relaid	固有名詞
relais	relais	固有名詞
relamp	relamp	固有名詞
reland	reland	固有名詞
relap	relap	固有名詞
relast	relast	固有名詞
relata	relata	固有名詞
relate	relate	固有名詞
relax	relax	固有名詞
relay	relay	固有名詞
relays	relays	固有名詞
relbun	relbun	固有名詞
relead	relead	固有名詞
releap	releap	固有名詞
relend	relend	固有名詞
relent	relent	固有名詞
reles	reles	固有名詞
relet	relet	固有名詞
relets	relets	固有名詞
releve	releve	固有名詞
relevy	relevy	固有名詞
relic	relic	固有名詞
relick	relick	固有名詞
relics	relics	固有名詞
relict	relict	固有名詞
relide	relide	固有名詞
relied	relied	固有名詞
relief	relief	固有名詞
relier	relier	固有名詞
relies	relies	固有名詞
relift	relift	固有名詞
relig	relig	固有名詞
relime	relime	固有名詞
reline	reline	固有名詞
relink	relink	固有名詞
relish	relish	固有名詞
relist	relist	固有名詞
relit	relit	固有名詞
relive	relive	固有名詞
reload	reload	固有名詞
reloan	reloan	固有名詞
relock	relock	固有名詞
relong	relong	固有名詞
relook	relook	固有名詞
relose	relose	固有名詞
relost	relost	固有名詞
relot	relot	固有名詞
relove	relove	固有名詞
reluce	reluce	固有名詞
reluct	reluct	固有名詞
relume	relume	固有名詞
rely	rely	固有名詞
rem	rem	固有名詞
remade	remade	固有名詞
remail	remail	固有名詞
remaim	remaim	固有名詞
remain	remain	固有名詞
remake	remake	固有名詞
reman	reman	固有名詞
remand	remand	固有名詞
remans	remans	固有名詞
remap	remap	固有名詞
remaps	remaps	固有名詞
remark	remark	固有名詞
remask	remask	固有名詞
remass	remass	固有名詞
remast	remast	固有名詞
remble	remble	固有名詞
remede	remede	固有名詞
remedy	remedy	固有名詞
remeet	remeet	固有名詞
remelt	remelt	固有名詞
remen	remen	固有名詞
remend	remend	固有名詞
remene	remene	固有名詞
remet	remet	固有名詞
remex	remex	固有名詞
remi	remi	固有名詞
remica	remica	固有名詞
remill	remill	固有名詞
remind	remind	固有名詞
remint	remint	固有名詞
remise	remise	固有名詞
remiss	remiss	固有名詞
remit	remit	固有名詞
remits	remits	固有名詞
remix	remix	固有名詞
remixt	remixt	固有名詞
remock	remock	固有名詞
remold	remold	固有名詞
remop	remop	固有名詞
remora	remora	固有名詞
remord	remord	固有名詞
remore	remore	固有名詞
remote	remote	固有名詞
remove	remove	固有名詞
rems	rems	固有名詞
remuda	remuda	固有名詞
remue	remue	固有名詞
remus	remus	固有名詞
ren	ren	固有名詞
renail	renail	固有名詞
renal	renal	固有名詞
rename	rename	固有名詞
renate	renate	固有名詞
renay	renay	固有名詞
rend	rend	固有名詞
rended	rended	固有名詞
render	render	固有名詞
rends	rends	固有名詞
rendu	rendu	固有名詞
reneg	reneg	固有名詞
renege	renege	固有名詞
renes	renes	固有名詞
renet	renet	固有名詞
renew	renew	固有名詞
renews	renews	固有名詞
renga	renga	固有名詞
rengue	rengue	固有名詞
renig	renig	固有名詞
renigs	renigs	固有名詞
renin	renin	固有名詞
renins	renins	固有名詞
renish	renish	固有名詞
renk	renk	固有名詞
renky	renky	固有名詞
renn	renn	固有名詞
renne	renne	固有名詞
renner	renner	固有名詞
rennet	rennet	固有名詞
rennin	rennin	固有名詞
reno	reno	固有名詞
renoir	renoir	固有名詞
renone	renone	固有名詞
renove	renove	固有名詞
renown	renown	固有名詞
rent	rent	固有名詞
rental	rental	固有名詞
rente	rente	固有名詞
rented	rented	固有名詞
rentee	rentee	固有名詞
renter	renter	固有名詞
rentes	rentes	固有名詞
rents	rents	固有名詞
renu	renu	固有名詞
renule	renule	固有名詞
renvoi	renvoi	固有名詞
renvoy	renvoy	固有名詞
reoil	reoil	固有名詞
reoils	reoils	固有名詞
reomit	reomit	固有名詞
reopen	reopen	固有名詞
reown	reown	固有名詞
rep	rep	固有名詞
repace	repace	固有名詞
repack	repack	固有名詞
repad	repad	固有名詞
repage	repage	固有名詞
repaid	repaid	固有名詞
repair	repair	固有名詞
repale	repale	固有名詞
repand	repand	固有名詞
repark	repark	固有名詞
repart	repart	固有名詞
repas	repas	固有名詞
repass	repass	固有名詞
repast	repast	固有名詞
repave	repave	固有名詞
repawn	repawn	固有名詞
repay	repay	固有名詞
repays	repays	固有名詞
repeal	repeal	固有名詞
repeat	repeat	固有名詞
repeg	repeg	固有名詞
repel	repel	固有名詞
repels	repels	固有名詞
repen	repen	固有名詞
repent	repent	固有名詞
reperk	reperk	固有名詞
repew	repew	固有名詞
repic	repic	固有名詞
repick	repick	固有名詞
repile	repile	固有名詞
repin	repin	固有名詞
repine	repine	固有名詞
repins	repins	固有名詞
repipe	repipe	固有名詞
repkie	repkie	固有名詞
repl	REPL	固有名詞
replan	replan	固有名詞
replay	replay	固有名詞
replod	replod	固有名詞
replot	replot	固有名詞
replow	replow	固有名詞
replum	replum	固有名詞
reply	reply	固有名詞
repoll	repoll	固有名詞
repone	repone	固有名詞
repope	repope	固有名詞
report	report	固有名詞
repose	repose	固有名詞
repost	repost	固有名詞
repot	repot	固有名詞
repour	repour	固有名詞
repp	repp	固有名詞
repped	repped	固有名詞
repps	repps	固有名詞
repr	repr	固有名詞
repray	repray	固有名詞
repro	repro	固有名詞
repros	repros	固有名詞
repry	repry	固有名詞
reps	reps	固有名詞
rept	rept	固有名詞
repuff	repuff	固有名詞
repugn	repugn	固有名詞
repump	repump	固有名詞
repure	repure	固有名詞
repute	repute	固有名詞
req	req	固有名詞
reqd	reqd	固有名詞
requin	requin	固有名詞
requit	requit	固有名詞
requiz	requiz	固有名詞
rerack	rerack	固有名詞
rerail	rerail	固有名詞
rerake	rerake	固有名詞
reran	reran	固有名詞
rerank	rerank	固有名詞
rerate	rerate	固有名詞
reread	reread	固有名詞
reree	reree	固有名詞
rereel	rereel	固有名詞
rerent	rerent	固有名詞
rerig	rerig	固有名詞
rering	rering	固有名詞
rerise	rerise	固有名詞
rerob	rerob	固有名詞
rerobe	rerobe	固有名詞
reroll	reroll	固有名詞
reroof	reroof	固有名詞
reroot	reroot	固有名詞
rerope	rerope	固有名詞
rerose	rerose	固有名詞
rerow	rerow	固有名詞
rerub	rerub	固有名詞
rerun	rerun	固有名詞
reruns	reruns	固有名詞
res	res	固有名詞
resaca	resaca	固有名詞
resack	resack	固有名詞
resaid	resaid	固有名詞
resail	resail	固有名詞
resale	resale	固有名詞
resalt	resalt	固有名詞
resat	resat	固有名詞
resave	resave	固有名詞
resaw	resaw	固有名詞
resawn	resawn	固有名詞
resaws	resaws	固有名詞
resay	resay	固有名詞
resays	resays	固有名詞
rescan	rescan	固有名詞
rescue	rescue	固有名詞
reseal	reseal	固有名詞
reseam	reseam	固有名詞
reseat	reseat	固有名詞
reseau	reseau	固有名詞
resect	resect	固有名詞
reseda	reseda	固有名詞
resee	resee	固有名詞
reseed	reseed	固有名詞
reseek	reseek	固有名詞
reseen	reseen	固有名詞
resees	resees	固有名詞
reself	reself	固有名詞
resell	resell	固有名詞
resend	resend	固有名詞
resene	resene	固有名詞
resent	resent	固有名詞
reset	reset	固有名詞
resets	resets	固有名詞
resew	resew	固有名詞
resewn	resewn	固有名詞
resews	resews	固有名詞
resex	resex	固有名詞
resgat	resgat	固有名詞
resh	resh	固有名詞
reshes	reshes	固有名詞
reshew	reshew	固有名詞
reship	reship	固有名詞
reshod	reshod	固有名詞
reshoe	reshoe	固有名詞
reshot	reshot	固有名詞
reshow	reshow	固有名詞
reshun	reshun	固有名詞
reshut	reshut	固有名詞
resid	resid	固有名詞
reside	reside	固有名詞
resids	resids	固有名詞
resift	resift	固有名詞
resigh	resigh	固有名詞
resign	resign	固有名詞
resile	resile	固有名詞
resin	resin	固有名詞
resina	resina	固有名詞
resing	resing	固有名詞
resink	resink	固有名詞
resins	resins	固有名詞
resiny	resiny	固有名詞
resist	resist	固有名詞
resit	resit	固有名詞
resize	resize	固有名詞
reskew	reskew	固有名詞
reskin	reskin	固有名詞
reslay	reslay	固有名詞
reslot	reslot	固有名詞
resnap	resnap	固有名詞
resnub	resnub	固有名詞
resoak	resoak	固有名詞
resoap	resoap	固有名詞
resoil	resoil	固有名詞
resold	resold	固有名詞
resole	resole	固有名詞
resorb	resorb	固有名詞
resort	resort	固有名詞
resow	resow	固有名詞
resown	resown	固有名詞
resows	resows	固有名詞
resp	resp	固有名詞
respan	respan	固有名詞
respin	respin	固有名詞
respot	respot	固有名詞
respue	respue	固有名詞
rest	REST	固有名詞
restab	restab	固有名詞
rested	rested	固有名詞
restem	restem	固有名詞
restep	restep	固有名詞
rester	rester	固有名詞
restes	restes	固有名詞
restio	restio	固有名詞
restir	restir	固有名詞
restis	restis	固有名詞
restow	restow	固有名詞
restr	restr	固有名詞
rests	rests	固有名詞
resty	resty	固有名詞
resuck	resuck	固有名詞
resue	resue	固有名詞
resuit	resuit	固有名詞
result	result	固有名詞
resume	resume	固有名詞
resun	resun	固有名詞
resup	resup	固有名詞
reswim	reswim	固有名詞
ret	ret	固有名詞
retack	retack	固有名詞
retag	retag	固有名詞
retail	retail	固有名詞
retain	retain	固有名詞
retake	retake	固有名詞
retal	retal	固有名詞
retalk	retalk	固有名詞
retama	retama	固有名詞
retame	retame	固有名詞
retan	retan	固有名詞
retape	retape	固有名詞
retar	retar	固有名詞
retard	retard	固有名詞
retare	retare	固有名詞
retax	retax	固有名詞
retch	retch	固有名詞
retd	retd	固有名詞
rete	rete	固有名詞
retear	retear	固有名詞
retell	retell	固有名詞
retem	retem	固有名詞
retems	retems	固有名詞
retene	retene	固有名詞
retent	retent	固有名詞
retest	retest	固有名詞
rethaw	rethaw	固有名詞
rethe	rethe	固有名詞
rether	rether	固有名詞
retia	retia	固有名詞
retial	retial	固有名詞
retie	retie	固有名詞
retied	retied	固有名詞
retier	retier	固有名詞
reties	reties	固有名詞
retile	retile	固有名詞
retill	retill	固有名詞
retime	retime	固有名詞
retin	retin	固有名詞
retina	retina	固有名詞
retint	retint	固有名詞
retip	retip	固有名詞
retire	retire	固有名詞
retled	retled	固有名詞
retold	retold	固有名詞
retomb	retomb	固有名詞
retook	retook	固有名詞
retool	retool	固有名詞
retore	retore	固有名詞
retorn	retorn	固有名詞
retort	retort	固有名詞
retoss	retoss	固有名詞
retour	retour	固有名詞
retrad	retrad	固有名詞
retral	retral	固有名詞
retree	retree	固有名詞
retrim	retrim	固有名詞
retrip	retrip	固有名詞
retro	retro	固有名詞
retrod	retrod	固有名詞
retros	retros	固有名詞
retrot	retrot	固有名詞
retrue	retrue	固有名詞
retry	retry	固有名詞
rets	rets	固有名詞
retted	retted	固有名詞
retter	retter	固有名詞
retube	retube	固有名詞
retuck	retuck	固有名詞
retund	retund	固有名詞
retune	retune	固有名詞
returf	returf	固有名詞
return	return	固有名詞
retuse	retuse	固有名詞
retype	retype	固有名詞
reub	reub	固有名詞
reuben	reuben	固有名詞
reuel	reuel	固有名詞
reune	reune	固有名詞
reurge	reurge	固有名詞
reuse	reuse	固有名詞
reused	reused	固有名詞
reuses	reuses	固有名詞
rev	rev	固有名詞
revamp	revamp	固有名詞
revary	revary	固有名詞
revay	revay	固有名詞
reve	reve	固有名詞
reveal	reveal	固有名詞
reveil	reveil	固有名詞
revel	revel	固有名詞
revels	revels	固有名詞
revend	revend	固有名詞
revent	revent	固有名詞
rever	rever	固有名詞
reverb	reverb	固有名詞
revere	revere	固有名詞
revers	revers	固有名詞
revert	revert	固有名詞
revery	revery	固有名詞
revest	revest	固有名詞
revet	revet	固有名詞
revete	revete	固有名詞
reveto	reveto	固有名詞
revets	revets	固有名詞
revie	revie	固有名詞
review	review	固有名詞
revile	revile	固有名詞
revise	revise	固有名詞
revive	revive	固有名詞
revoir	revoir	固有名詞
revoke	revoke	固有名詞
revolt	revolt	固有名詞
revote	revote	固有名詞
revs	revs	固有名詞
revue	revue	固有名詞
revues	revues	固有名詞
revved	revved	固有名詞
rew	rew	固有名詞
rewade	rewade	固有名詞
rewake	rewake	固有名詞
rewall	rewall	固有名詞
rewan	rewan	固有名詞
reward	reward	固有名詞
rewarm	rewarm	固有名詞
rewarn	rewarn	固有名詞
rewash	rewash	固有名詞
rewave	rewave	固有名詞
rewax	rewax	固有名詞
rewear	rewear	固有名詞
rewed	rewed	固有名詞
reweds	reweds	固有名詞
reweld	reweld	固有名詞
rewend	rewend	固有名詞
rewet	rewet	固有名詞
rewin	rewin	固有名詞
rewind	rewind	固有名詞
rewing	rewing	固有名詞
rewins	rewins	固有名詞
rewire	rewire	固有名詞
rewish	rewish	固有名詞
rewoke	rewoke	固有名詞
rewon	rewon	固有名詞
rewood	rewood	固有名詞
reword	reword	固有名詞
rewore	rewore	固有名詞
rework	rework	固有名詞
rewove	rewove	固有名詞
rewrap	rewrap	固有名詞
rex	rex	固有名詞
rexen	rexen	固有名詞
rexes	rexes	固有名詞
rexine	rexine	固有名詞
reyoke	reyoke	固有名詞
reyson	reyson	固有名詞
rezone	rezone	固有名詞
rfb	rfb	固有名詞
rfound	rfound	固有名詞
rfree	rfree	固有名詞
rfs	rfs	固有名詞
rfz	rfz	固有名詞
rgen	rgen	固有名詞
rha	rha	固有名詞
rhachi	rhachi	固有名詞
rhagon	rhagon	固有名詞
rhamn	rhamn	固有名詞
rhaphe	rhaphe	固有名詞
rhapis	rhapis	固有名詞
rhason	rhason	固有名詞
rhb	rhb	固有名詞
rhd	rhd	固有名詞
rhe	rhe	固有名詞
rhea	rhea	固有名詞
rheae	rheae	固有名詞
rheas	rheas	固有名詞
rhebok	rhebok	固有名詞
rheda	rheda	固有名詞
rhedae	rhedae	固有名詞
rhedas	rhedas	固有名詞
rheen	rheen	固有名詞
rheic	rheic	固有名詞
rhein	rhein	固有名詞
rhema	rhema	固有名詞
rheme	rheme	固有名詞
rhenea	rhenea	固有名詞
rhenic	rhenic	固有名詞
rheo	rheo	固有名詞
rhesis	rhesis	固有名詞
rhesus	rhesus	固有名詞
rhet	rhet	固有名詞
rhetor	rhetor	固有名詞
rheum	rheum	固有名詞
rheums	rheums	固有名詞
rheumy	rheumy	固有名詞
rhexes	rhexes	固有名詞
rhexia	rhexia	固有名詞
rhexis	rhexis	固有名詞
rhibia	rhibia	固有名詞
rhila	rhila	固有名詞
rhina	rhina	固有名詞
rhinal	rhinal	固有名詞
rhine	rhine	固有名詞
rhino	rhino	固有名詞
rhinos	rhinos	固有名詞
rho	rho	固有名詞
rhoda	rhoda	固有名詞
rhodes	rhodes	固有名詞
rhodic	rhodic	固有名詞
rhoeo	rhoeo	固有名詞
rhomb	rhomb	固有名詞
rhombi	rhombi	固有名詞
rhombs	rhombs	固有名詞
rhonda	rhonda	固有名詞
rhos	rhos	固有名詞
rhotic	rhotic	固有名詞
rhumb	rhumb	固有名詞
rhumba	rhumba	固有名詞
rhumbs	rhumbs	固有名詞
rhus	rhus	固有名詞
rhuses	rhuses	固有名詞
rhyme	rhyme	固有名詞
rhymed	rhymed	固有名詞
rhymer	rhymer	固有名詞
rhymes	rhymes	固有名詞
rhymic	rhymic	固有名詞
rhymy	rhymy	固有名詞
rhynia	rhynia	固有名詞
rhyssa	rhyssa	固有名詞
rhyta	rhyta	固有名詞
rhythm	rhythm	固有名詞
rhyton	rhyton	固有名詞
rhytta	rhytta	固有名詞
ria	ria	固有名詞
rial	rial	固有名詞
rials	rials	固有名詞
rialto	rialto	固有名詞
rialty	rialty	固有名詞
riancy	riancy	固有名詞
riant	riant	固有名詞
riata	riata	固有名詞
riatas	riatas	固有名詞
rib	rib	固有名詞
ribald	ribald	固有名詞
riband	riband	固有名詞
ribat	ribat	固有名詞
ribbed	ribbed	固有名詞
ribber	ribber	固有名詞
ribbet	ribbet	固有名詞
ribble	ribble	固有名詞
ribbon	ribbon	固有名詞
ribby	ribby	固有名詞
ribe	ribe	固有名詞
ribes	ribes	固有名詞
ribhus	ribhus	固有名詞
ribibe	ribibe	固有名詞
riblet	riblet	固有名詞
ribose	ribose	固有名詞
riboso	riboso	固有名詞
riboza	riboza	固有名詞
ribozo	ribozo	固有名詞
ribs	ribs	固有名詞
ric	ric	固有名詞
riccia	riccia	固有名詞
rice	rice	固有名詞
riced	riced	固有名詞
ricer	ricer	固有名詞
ricers	ricers	固有名詞
rices	rices	固有名詞
ricey	ricey	固有名詞
rich	rich	固有名詞
riche	riche	固有名詞
richen	richen	固有名詞
richer	richer	固有名詞
riches	riches	固有名詞
richly	richly	固有名詞
richt	richt	固有名詞
ricin	ricin	固有名詞
ricine	ricine	固有名詞
ricing	ricing	固有名詞
ricins	ricins	固有名詞
rick	rick	固有名詞
ricked	ricked	固有名詞
ricker	ricker	固有名詞
ricket	ricket	固有名詞
rickey	rickey	固有名詞
rickle	rickle	固有名詞
ricks	ricks	固有名詞
ricky	ricky	固有名詞
ricrac	ricrac	固有名詞
rictal	rictal	固有名詞
rictus	rictus	固有名詞
rid	rid	固有名詞
riddam	riddam	固有名詞
ridded	ridded	固有名詞
riddel	riddel	固有名詞
ridden	ridden	固有名詞
ridder	ridder	固有名詞
riddle	riddle	固有名詞
ride	ride	固有名詞
rideau	rideau	固有名詞
riden	riden	固有名詞
rident	rident	固有名詞
rider	rider	固有名詞
riders	riders	固有名詞
rides	rides	固有名詞
ridge	ridge	固有名詞
ridged	ridged	固有名詞
ridgel	ridgel	固有名詞
ridger	ridger	固有名詞
ridges	ridges	固有名詞
ridgil	ridgil	固有名詞
ridgy	ridgy	固有名詞
riding	riding	固有名詞
ridley	ridley	固有名詞
rids	rids	固有名詞
rie	rie	固有名詞
riel	riel	固有名詞
riels	riels	固有名詞
riem	riem	固有名詞
rier	rier	固有名詞
ries	ries	固有名詞
riever	riever	固有名詞
rifart	rifart	固有名詞
rife	rife	固有名詞
rifely	rifely	固有名詞
rifer	rifer	固有名詞
rifest	rifest	固有名詞
riff	riff	固有名詞
riffed	riffed	固有名詞
riffi	riffi	固有名詞
riffle	riffle	固有名詞
riffs	riffs	固有名詞
rifi	rifi	固有名詞
rifian	rifian	固有名詞
rifle	rifle	固有名詞
rifled	rifled	固有名詞
rifler	rifler	固有名詞
rifles	rifles	固有名詞
rift	rift	固有名詞
rifted	rifted	固有名詞
rifter	rifter	固有名詞
rifts	rifts	固有名詞
rifty	rifty	固有名詞
rig	rig	固有名詞
riga	riga	固有名詞
rigel	rigel	固有名詞
riggal	riggal	固有名詞
rigged	rigged	固有名詞
rigger	rigger	固有名詞
riggot	riggot	固有名詞
right	right	固有名詞
righto	righto	固有名詞
rights	rights	固有名詞
righty	righty	固有名詞
rigid	rigid	固有名詞
riglet	riglet	固有名詞
rignum	rignum	固有名詞
rigol	rigol	固有名詞
rigole	rigole	固有名詞
rigor	rigor	固有名詞
rigors	rigors	固有名詞
rigour	rigour	固有名詞
rigs	rigs	固有名詞
rigsby	rigsby	固有名詞
rik	rik	固有名詞
rikari	rikari	固有名詞
rikk	rikk	固有名詞
riksha	riksha	固有名詞
rilawa	rilawa	固有名詞
rile	rile	固有名詞
riled	riled	固有名詞
riles	riles	固有名詞
riley	riley	固有名詞
riling	riling	固有名詞
rill	rill	固有名詞
rille	rille	固有名詞
rilled	rilled	固有名詞
rilles	rilles	固有名詞
rillet	rillet	固有名詞
rillow	rillow	固有名詞
rills	rills	固有名詞
rilly	rilly	固有名詞
rim	rim	固有名詞
rima	rima	固有名詞
rimal	rimal	固有名詞
rimas	rimas	固有名詞
rimate	rimate	固有名詞
rime	rime	固有名詞
rimed	rimed	固有名詞
rimer	rimer	固有名詞
rimers	rimers	固有名詞
rimery	rimery	固有名詞
rimes	rimes	固有名詞
rimier	rimier	固有名詞
riming	riming	固有名詞
rimmed	rimmed	固有名詞
rimmer	rimmer	固有名詞
rimose	rimose	固有名詞
rimous	rimous	固有名詞
rimpi	rimpi	固有名詞
rimple	rimple	固有名詞
rims	rims	固有名詞
rimu	rimu	固有名詞
rimula	rimula	固有名詞
rimy	rimy	固有名詞
rin	rin	固有名詞
rinch	rinch	固有名詞
rincon	rincon	固有名詞
rind	rind	固有名詞
rinde	rinde	固有名詞
rinded	rinded	固有名詞
rindle	rindle	固有名詞
rinds	rinds	固有名詞
rindy	rindy	固有名詞
rine	rine	固有名詞
ring	ring	固有名詞
ringe	ringe	固有名詞
ringed	ringed	固有名詞
ringer	ringer	固有名詞
ringle	ringle	固有名詞
rings	rings	固有名詞
ringy	ringy	固有名詞
rink	rink	固有名詞
rinka	rinka	固有名詞
rinker	rinker	固有名詞
rinks	rinks	固有名詞
rinner	rinner	固有名詞
rins	rins	固有名詞
rinse	rinse	固有名詞
rinsed	rinsed	固有名詞
rinser	rinser	固有名詞
rinses	rinses	固有名詞
rio	rio	固有名詞
riot	riot	固有名詞
rioted	rioted	固有名詞
rioter	rioter	固有名詞
riotry	riotry	固有名詞
riots	riots	固有名詞
rip	rip	固有名詞
ripa	ripa	固有名詞
ripal	ripal	固有名詞
ripe	ripe	固有名詞
riped	riped	固有名詞
ripely	ripely	固有名詞
ripen	ripen	固有名詞
ripens	ripens	固有名詞
riper	riper	固有名詞
ripes	ripes	固有名詞
ripest	ripest	固有名詞
ripgut	ripgut	固有名詞
ripier	ripier	固有名詞
riping	riping	固有名詞
ripoff	ripoff	固有名詞
ripost	ripost	固有名詞
ripped	ripped	固有名詞
ripper	ripper	固有名詞
rippet	rippet	固有名詞
rippit	rippit	固有名詞
ripple	ripple	固有名詞
ripply	ripply	固有名詞
rippon	rippon	固有名詞
riprap	riprap	固有名詞
rips	rips	固有名詞
ripsaw	ripsaw	固有名詞
ripup	ripup	固有名詞
risala	risala	固有名詞
rise	rise	固有名詞
risen	risen	固有名詞
riser	riser	固有名詞
risers	risers	固有名詞
rises	rises	固有名詞
rishi	rishi	固有名詞
rishis	rishis	固有名詞
rising	rising	固有名詞
risk	risk	固有名詞
risked	risked	固有名詞
risker	risker	固有名詞
risks	risks	固有名詞
risky	risky	固有名詞
risp	risp	固有名詞
risper	risper	固有名詞
risqu	risqu	固有名詞
risque	risque	固有名詞
riss	riss	固有名詞
rissel	rissel	固有名詞
risser	risser	固有名詞
rissle	rissle	固有名詞
rissoa	rissoa	固有名詞
rissom	rissom	固有名詞
rist	rist	固有名詞
risus	risus	固有名詞
rit	rit	固有名詞
rita	rita	固有名詞
ritard	ritard	固有名詞
rite	rite	固有名詞
ritely	ritely	固有名詞
rites	rites	固有名詞
rithe	rithe	固有名詞
ritsu	ritsu	固有名詞
ritter	ritter	固有名詞
ritual	ritual	固有名詞
ritus	ritus	固有名詞
ritz	ritz	固有名詞
ritzes	ritzes	固有名詞
ritzy	ritzy	固有名詞
riv	riv	固有名詞
riva	riva	固有名詞
rivage	rivage	固有名詞
rival	rival	固有名詞
rivals	rivals	固有名詞
rive	rive	固有名詞
rived	rived	固有名詞
rivel	rivel	固有名詞
rivell	rivell	固有名詞
riven	riven	固有名詞
river	river	固有名詞
rivers	rivers	固有名詞
rivery	rivery	固有名詞
rives	rives	固有名詞
rivet	rivet	固有名詞
rivets	rivets	固有名詞
rivina	rivina	固有名詞
riving	riving	固有名詞
rivo	rivo	固有名詞
rivose	rivose	固有名詞
rix	rix	固有名詞
rixy	rixy	固有名詞
riyal	riyal	固有名詞
riyals	riyals	固有名詞
rizar	rizar	固有名詞
rizzar	rizzar	固有名詞
rizzer	rizzer	固有名詞
rizzle	rizzle	固有名詞
rizzom	rizzom	固有名詞
rld	rld	固有名詞
rle	rle	固有名詞
rly	rly	固有名詞
rms	rms	固有名詞
rnd	rnd	固有名詞
roach	roach	固有名詞
road	road	固有名詞
roaded	roaded	固有名詞
roader	roader	固有名詞
roads	roads	固有名詞
roak	roak	固有名詞
roam	roam	固有名詞
roamed	roamed	固有名詞
roamer	roamer	固有名詞
roams	roams	固有名詞
roan	roan	固有名詞
roans	roans	固有名詞
roar	roar	固有名詞
roared	roared	固有名詞
roarer	roarer	固有名詞
roars	roars	固有名詞
roast	roast	固有名詞
roasts	roasts	固有名詞
rob	rob	固有名詞
robalo	robalo	固有名詞
roband	roband	固有名詞
robbed	robbed	固有名詞
robber	robber	固有名詞
robbin	robbin	固有名詞
robe	robe	固有名詞
robed	robed	固有名詞
rober	rober	固有名詞
roberd	roberd	固有名詞
robert	robert	固有名詞
robes	robes	固有名詞
robhah	robhah	固有名詞
robin	robin	固有名詞
robing	robing	固有名詞
robins	robins	固有名詞
roble	roble	固有名詞
robles	robles	固有名詞
robomb	robomb	固有名詞
robot	robot	固有名詞
robots	robots	固有名詞
robs	robs	固有名詞
robur	robur	固有名詞
robust	robust	固有名詞
roc	roc	固有名詞
roche	roche	固有名詞
rochea	rochea	固有名詞
rocher	rocher	固有名詞
rochet	rochet	固有名詞
rock	rock	固有名詞
rockat	rockat	固有名詞
rocked	rocked	固有名詞
rocker	rocker	固有名詞
rocket	rocket	固有名詞
rocks	rocks	固有名詞
rocky	rocky	固有名詞
rococo	rococo	固有名詞
rocolo	rocolo	固有名詞
rocs	rocs	固有名詞
rocta	rocta	固有名詞
rod	rod	固有名詞
rodd	rodd	固有名詞
rodded	rodded	固有名詞
rodden	rodden	固有名詞
rodder	rodder	固有名詞
roddin	roddin	固有名詞
rode	rode	固有名詞
rodent	rodent	固有名詞
rodeo	rodeo	固有名詞
rodeos	rodeos	固有名詞
rodge	rodge	固有名詞
rodger	rodger	固有名詞
rodham	rodham	固有名詞
roding	roding	固有名詞
rodlet	rodlet	固有名詞
rodman	rodman	固有名詞
rodmen	rodmen	固有名詞
rodney	rodney	固有名詞
rods	rods	固有名詞
roe	roe	固有名詞
roed	roed	固有名詞
roemer	roemer	固有名詞
roer	roer	固有名詞
roes	roes	固有名詞
roey	roey	固有名詞
rog	rog	固有名詞
rogan	rogan	固有名詞
roger	roger	固有名詞
rogero	rogero	固有名詞
rogers	rogers	固有名詞
roggle	roggle	固有名詞
rognon	rognon	固有名詞
rogue	rogue	固有名詞
rogued	rogued	固有名詞
rogues	rogues	固有名詞
roguy	roguy	固有名詞
rohan	rohan	固有名詞
rohob	rohob	固有名詞
rohun	rohun	固有名詞
rohuna	rohuna	固有名詞
roi	roi	固有名詞
roid	roid	固有名詞
roil	roil	固有名詞
roiled	roiled	固有名詞
roils	roils	固有名詞
roily	roily	固有名詞
roin	roin	固有名詞
roist	roist	固有名詞
roit	roit	固有名詞
rojak	rojak	固有名詞
rok	rok	固有名詞
roka	roka	固有名詞
roke	roke	固有名詞
rokee	rokee	固有名詞
roker	roker	固有名詞
rokey	rokey	固有名詞
roky	roky	固有名詞
roland	roland	固有名詞
role	role	固有名詞
roleo	roleo	固有名詞
roles	roles	固有名詞
rolf	rolf	固有名詞
rolfe	rolfe	固有名詞
roll	roll	固有名詞
rolled	rolled	固有名詞
roller	roller	固有名詞
rolley	rolley	固有名詞
rollix	rollix	固有名詞
rollo	rollo	固有名詞
rolls	rolls	固有名詞
rom	rom	固有名詞
romaic	romaic	固有名詞
romain	romain	固有名詞
romaji	romaji	固有名詞
romal	romal	固有名詞
roman	roman	固有名詞
romana	romana	固有名詞
romane	romane	固有名詞
romano	romano	固有名詞
romans	romans	固有名詞
romany	romany	固有名詞
romble	romble	固有名詞
rombos	rombos	固有名詞
rome	rome	固有名詞
romeo	romeo	固有名詞
romero	romero	固有名詞
romic	romic	固有名詞
romish	romish	固有名詞
romney	romney	固有名詞
romp	romp	固有名詞
romped	romped	固有名詞
rompee	rompee	固有名詞
romper	romper	固有名詞
romps	romps	固有名詞
rompu	rompu	固有名詞
rompy	rompy	固有名詞
roms	roms	固有名詞
romyko	romyko	固有名詞
ron	ron	固有名詞
ronald	ronald	固有名詞
roncet	roncet	固有名詞
roncho	roncho	固有名詞
ronco	ronco	固有名詞
roncos	roncos	固有名詞
rond	rond	固有名詞
ronde	ronde	固有名詞
rondel	rondel	固有名詞
rondle	rondle	固有名詞
rondo	rondo	固有名詞
rondos	rondos	固有名詞
rone	rone	固有名詞
rong	rong	固有名詞
ronga	ronga	固有名詞
ronier	ronier	固有名詞
ronin	ronin	固有名詞
ronion	ronion	固有名詞
ronnel	ronnel	固有名詞
ronni	ronni	固有名詞
ronyon	ronyon	固有名詞
roo	roo	固有名詞
rood	rood	固有名詞
roodle	roodle	固有名詞
roods	roods	固有名詞
rooed	rooed	固有名詞
roof	roof	固有名詞
roofed	roofed	固有名詞
roofer	roofer	固有名詞
roofs	roofs	固有名詞
roofy	roofy	固有名詞
rooing	rooing	固有名詞
rook	rook	固有名詞
rooked	rooked	固有名詞
rooker	rooker	固有名詞
rookie	rookie	固有名詞
rooks	rooks	固有名詞
rookus	rookus	固有名詞
rooky	rooky	固有名詞
rool	rool	固有名詞
room	room	固有名詞
roomed	roomed	固有名詞
roomer	roomer	固有名詞
roomie	roomie	固有名詞
rooms	rooms	固有名詞
roomth	roomth	固有名詞
roomy	roomy	固有名詞
roon	roon	固有名詞
roop	roop	固有名詞
roosa	roosa	固有名詞
roose	roose	固有名詞
roosed	roosed	固有名詞
rooser	rooser	固有名詞
rooses	rooses	固有名詞
roost	roost	固有名詞
roosts	roosts	固有名詞
roosty	roosty	固有名詞
root	root	固有名詞
rooted	rooted	固有名詞
rooter	rooter	固有名詞
rooti	rooti	固有名詞
rootle	rootle	固有名詞
roots	roots	固有名詞
rooty	rooty	固有名詞
roove	roove	固有名詞
rooved	rooved	固有名詞
ropand	ropand	固有名詞
ropani	ropani	固有名詞
rope	rope	固有名詞
roped	roped	固有名詞
roper	roper	固有名詞
ropers	ropers	固有名詞
ropery	ropery	固有名詞
ropes	ropes	固有名詞
ropey	ropey	固有名詞
ropier	ropier	固有名詞
ropily	ropily	固有名詞
roping	roping	固有名詞
ropish	ropish	固有名詞
ropp	ropp	固有名詞
ropy	ropy	固有名詞
roque	roque	固有名詞
roquer	roquer	固有名詞
roques	roques	固有名詞
roquet	roquet	固有名詞
roral	roral	固有名詞
rori	rori	固有名詞
roric	roric	固有名詞
rorid	rorid	固有名詞
roripa	roripa	固有名詞
rort	rort	固有名詞
rorty	rorty	固有名詞
rory	rory	固有名詞
ros	ros	固有名詞
rosa	rosa	固有名詞
rosace	rosace	固有名詞
rosal	rosal	固有名詞
rosary	rosary	固有名詞
rosbif	rosbif	固有名詞
roscid	roscid	固有名詞
roscoe	roscoe	固有名詞
rose	rose	固有名詞
roseal	roseal	固有名詞
rosed	rosed	固有名詞
rosel	rosel	固有名詞
rosery	rosery	固有名詞
roses	roses	固有名詞
roset	roset	固有名詞
rosets	rosets	固有名詞
rosety	rosety	固有名詞
roshi	roshi	固有名詞
rosied	rosied	固有名詞
rosier	rosier	固有名詞
rosily	rosily	固有名詞
rosin	rosin	固有名詞
rosine	rosine	固有名詞
rosing	rosing	固有名詞
rosins	rosins	固有名詞
rosiny	rosiny	固有名詞
rosoli	rosoli	固有名詞
ross	ross	固有名詞
rosser	rosser	固有名詞
rostel	rostel	固有名詞
roster	roster	固有名詞
rostra	rostra	固有名詞
rosy	rosy	固有名詞
rot	rot	固有名詞
rota	rota	固有名詞
rotal	rotal	固有名詞
rotala	rotala	固有名詞
rotan	rotan	固有名詞
rotang	rotang	固有名詞
rotary	rotary	固有名詞
rotas	rotas	固有名詞
rotate	rotate	固有名詞
rotch	rotch	固有名詞
rotche	rotche	固有名詞
rote	rote	固有名詞
roter	roter	固有名詞
rotes	rotes	固有名詞
rotge	rotge	固有名詞
rotgut	rotgut	固有名詞
rother	rother	固有名詞
roti	roti	固有名詞
rotl	rotl	固有名詞
rotls	rotls	固有名詞
roto	roto	固有名詞
rotor	rotor	固有名詞
rotors	rotors	固有名詞
rotos	rotos	固有名詞
rots	rots	固有名詞
rotse	rotse	固有名詞
rotta	rotta	固有名詞
rottan	rottan	固有名詞
rotte	rotte	固有名詞
rotted	rotted	固有名詞
rotten	rotten	固有名詞
rotter	rotter	固有名詞
rottle	rottle	固有名詞
rotula	rotula	固有名詞
rotund	rotund	固有名詞
roture	roture	固有名詞
roub	roub	固有名詞
rouble	rouble	固有名詞
rouche	rouche	固有名詞
roucou	roucou	固有名詞
roud	roud	固有名詞
roudas	roudas	固有名詞
roue	roue	固有名詞
rouen	rouen	固有名詞
rouens	rouens	固有名詞
roues	roues	固有名詞
rouge	rouge	固有名詞
rouged	rouged	固有名詞
rouges	rouges	固有名詞
rough	rough	固有名詞
roughs	roughs	固有名詞
rought	rought	固有名詞
roughy	roughy	固有名詞
rougy	rougy	固有名詞
rouky	rouky	固有名詞
rouman	rouman	固有名詞
roun	roun	固有名詞
rounce	rounce	固有名詞
rouncy	rouncy	固有名詞
round	round	固有名詞
rounds	rounds	固有名詞
roundy	roundy	固有名詞
rounge	rounge	固有名詞
roup	roup	固有名詞
rouped	rouped	固有名詞
rouper	rouper	固有名詞
roupet	roupet	固有名詞
roupie	roupie	固有名詞
roupit	roupit	固有名詞
roups	roups	固有名詞
roupy	roupy	固有名詞
rous	rous	固有名詞
rouse	rouse	固有名詞
roused	roused	固有名詞
rouser	rouser	固有名詞
rouses	rouses	固有名詞
roust	roust	固有名詞
rousts	rousts	固有名詞
rout	rout	固有名詞
route	route	固有名詞
routed	routed	固有名詞
router	router	固有名詞
routes	routes	固有名詞
routh	routh	固有名詞
rouths	rouths	固有名詞
routhy	routhy	固有名詞
routs	routs	固有名詞
roux	roux	固有名詞
rove	rove	固有名詞
roved	roved	固有名詞
roven	roven	固有名詞
rover	rover	固有名詞
rovers	rovers	固有名詞
roves	roves	固有名詞
rovet	rovet	固有名詞
roving	roving	固有名詞
row	row	固有名詞
rowan	rowan	固有名詞
rowans	rowans	固有名詞
rowdy	rowdy	固有名詞
rowed	rowed	固有名詞
rowel	rowel	固有名詞
rowels	rowels	固有名詞
rowen	rowen	固有名詞
rowena	rowena	固有名詞
rowens	rowens	固有名詞
rower	rower	固有名詞
rowers	rowers	固有名詞
rowet	rowet	固有名詞
rowing	rowing	固有名詞
rowlet	rowlet	固有名詞
rowley	rowley	固有名詞
rows	rows	固有名詞
rowt	rowt	固有名詞
rowte	rowte	固有名詞
rowted	rowted	固有名詞
rowth	rowth	固有名詞
rowths	rowths	固有名詞
rowty	rowty	固有名詞
rowy	rowy	固有名詞
rox	rox	固有名詞
roxana	roxana	固有名詞
roxane	roxane	固有名詞
roxie	roxie	固有名詞
roxy	roxy	固有名詞
roy	roy	固有名詞
royal	royal	固有名詞
royale	royale	固有名詞
royals	royals	固有名詞
royena	royena	固有名詞
royet	royet	固有名詞
royou	royou	固有名詞
royt	royt	固有名詞
rozum	rozum	固有名詞
rozzer	rozzer	固有名詞
rpm	rpm	固有名詞
rps	rps	固有名詞
rpt	rpt	固有名詞
rrhiza	rrhiza	固有名詞
rsum	rsum	固有名詞
rsvp	rsvp	固有名詞
rte	rte	固有名詞
rti	rti	固有名詞
rtw	rtw	固有名詞
rua	rua	固有名詞
ruach	ruach	固有名詞
ruana	ruana	固有名詞
rub	rub	固有名詞
rubace	rubace	固有名詞
rubato	rubato	固有名詞
rubbed	rubbed	固有名詞
rubbee	rubbee	固有名詞
rubber	rubber	固有名詞
rubbio	rubbio	固有名詞
rubble	rubble	固有名詞
rubbly	rubbly	固有名詞
rubby	rubby	固有名詞
rube	rube	固有名詞
rubefy	rubefy	固有名詞
rubens	rubens	固有名詞
rubes	rubes	固有名詞
rubia	rubia	固有名詞
rubian	rubian	固有名詞
rubied	rubied	固有名詞
rubier	rubier	固有名詞
rubies	rubies	固有名詞
rubify	rubify	固有名詞
rubigo	rubigo	固有名詞
rubin	rubin	固有名詞
rubine	rubine	固有名詞
ruble	ruble	固有名詞
rubles	rubles	固有名詞
rublis	rublis	固有名詞
rubor	rubor	固有名詞
rubout	rubout	固有名詞
rubric	rubric	固有名詞
rubs	rubs	固有名詞
rubus	rubus	固有名詞
ruby	Ruby	固有名詞
ruche	ruche	固有名詞
ruches	ruches	固有名詞
ruck	ruck	固有名詞
rucked	rucked	固有名詞
rucker	rucker	固有名詞
ruckle	ruckle	固有名詞
rucks	rucks	固有名詞
ruckus	ruckus	固有名詞
rucky	rucky	固有名詞
rud	rud	固有名詞
rudas	rudas	固有名詞
rudd	rudd	固有名詞
rudder	rudder	固有名詞
ruddle	ruddle	固有名詞
rudds	rudds	固有名詞
ruddy	ruddy	固有名詞
rude	rude	固有名詞
rudely	rudely	固有名詞
ruder	ruder	固有名詞
rudera	rudera	固有名詞
rudest	rudest	固有名詞
rudge	rudge	固有名詞
rudish	rudish	固有名詞
rudity	rudity	固有名詞
rudolf	rudolf	固有名詞
rudous	rudous	固有名詞
rudy	rudy	固有名詞
rue	rue	固有名詞
rued	rued	固有名詞
rueful	rueful	固有名詞
ruelle	ruelle	固有名詞
ruely	ruely	固有名詞
ruen	ruen	固有名詞
ruer	ruer	固有名詞
ruers	ruers	固有名詞
rues	rues	固有名詞
ruff	ruff	固有名詞
ruffe	ruffe	固有名詞
ruffed	ruffed	固有名詞
ruffer	ruffer	固有名詞
ruffes	ruffes	固有名詞
ruffin	ruffin	固有名詞
ruffle	ruffle	固有名詞
ruffly	ruffly	固有名詞
ruffs	ruffs	固有名詞
rufous	rufous	固有名詞
rufter	rufter	固有名詞
rufus	rufus	固有名詞
rug	rug	固有名詞
ruga	ruga	固有名詞
rugae	rugae	固有名詞
rugal	rugal	固有名詞
rugate	rugate	固有名詞
rugby	rugby	固有名詞
rugged	rugged	固有名詞
rugger	rugger	固有名詞
ruggle	ruggle	固有名詞
ruggy	ruggy	固有名詞
rugine	rugine	固有名詞
rugosa	rugosa	固有名詞
rugose	rugose	固有名詞
rugous	rugous	固有名詞
rugs	rugs	固有名詞
ruin	ruin	固有名詞
ruined	ruined	固有名詞
ruiner	ruiner	固有名詞
ruing	ruing	固有名詞
ruins	ruins	固有名詞
rukbat	rukbat	固有名詞
rukh	rukh	固有名詞
rule	rule	固有名詞
ruled	ruled	固有名詞
ruler	ruler	固有名詞
rulers	rulers	固有名詞
rules	rules	固有名詞
ruling	ruling	固有名詞
rull	rull	固有名詞
ruller	ruller	固有名詞
ruly	ruly	固有名詞
rum	rum	固有名詞
rumage	rumage	固有名詞
rumal	rumal	固有名詞
ruman	ruman	固有名詞
rumb	rumb	固有名詞
rumba	rumba	固有名詞
rumbas	rumbas	固有名詞
rumble	rumble	固有名詞
rumbly	rumbly	固有名詞
rumbo	rumbo	固有名詞
rumdum	rumdum	固有名詞
rume	rume	固有名詞
rumen	rumen	固有名詞
rumens	rumens	固有名詞
rumex	rumex	固有名詞
rumina	rumina	固有名詞
rumkin	rumkin	固有名詞
rumly	rumly	固有名詞
rummer	rummer	固有名詞
rummes	rummes	固有名詞
rummle	rummle	固有名詞
rummy	rummy	固有名詞
rumney	rumney	固有名詞
rumor	rumor	固有名詞
rumors	rumors	固有名詞
rumour	rumour	固有名詞
rump	rump	固有名詞
rumpad	rumpad	固有名詞
rumper	rumper	固有名詞
rumple	rumple	固有名詞
rumply	rumply	固有名詞
rumpot	rumpot	固有名詞
rumps	rumps	固有名詞
rumpus	rumpus	固有名詞
rumpy	rumpy	固有名詞
rums	rums	固有名詞
run	run	固有名詞
runby	runby	固有名詞
runch	runch	固有名詞
rundel	rundel	固有名詞
rundi	rundi	固有名詞
rundle	rundle	固有名詞
rune	rune	固有名詞
runed	runed	固有名詞
runer	runer	固有名詞
runes	runes	固有名詞
rung	rung	固有名詞
rungs	rungs	固有名詞
runic	runic	固有名詞
runite	runite	固有名詞
runkle	runkle	固有名詞
runkly	runkly	固有名詞
runlet	runlet	固有名詞
runman	runman	固有名詞
runnel	runnel	固有名詞
runner	runner	固有名詞
runnet	runnet	固有名詞
runny	runny	固有名詞
runoff	runoff	固有名詞
runout	runout	固有名詞
runrig	runrig	固有名詞
runs	runs	固有名詞
runsy	runsy	固有名詞
runt	runt	固有名詞
runted	runted	固有名詞
runtee	runtee	固有名詞
runts	runts	固有名詞
runty	runty	固有名詞
runway	runway	固有名詞
rupa	rupa	固有名詞
rupee	rupee	固有名詞
rupees	rupees	固有名詞
rupert	rupert	固有名詞
rupia	rupia	固有名詞
rupiah	rupiah	固有名詞
rupial	rupial	固有名詞
rupie	rupie	固有名詞
ruppia	ruppia	固有名詞
rural	rural	固有名詞
rurban	rurban	固有名詞
ruru	ruru	固有名詞
rus	rus	固有名詞
rusa	rusa	固有名詞
ruscus	ruscus	固有名詞
ruse	ruse	固有名詞
ruses	ruses	固有名詞
rush	rush	固有名詞
rushed	rushed	固有名詞
rushee	rushee	固有名詞
rushen	rushen	固有名詞
rusher	rusher	固有名詞
rushes	rushes	固有名詞
rushy	rushy	固有名詞
rusin	rusin	固有名詞
rusine	rusine	固有名詞
rusk	rusk	固有名詞
ruskin	ruskin	固有名詞
rusks	rusks	固有名詞
rusky	rusky	固有名詞
rusma	rusma	固有名詞
rusot	rusot	固有名詞
russ	russ	固有名詞
russe	russe	固有名詞
russel	russel	固有名詞
russet	russet	固有名詞
russia	russia	固有名詞
russud	russud	固有名詞
rust	Rust	固有名詞
rusted	rusted	固有名詞
rustic	rustic	固有名詞
rustle	rustle	固有名詞
rustly	rustly	固有名詞
rustre	rustre	固有名詞
rusts	rusts	固有名詞
rusty	rusty	固有名詞
ruswut	ruswut	固有名詞
rut	rut	固有名詞
ruta	ruta	固有名詞
rutate	rutate	固有名詞
rutch	rutch	固有名詞
ruth	ruth	固有名詞
ruther	ruther	固有名詞
ruths	ruths	固有名詞
rutic	rutic	固有名詞
rutile	rutile	固有名詞
rutin	rutin	固有名詞
ruts	ruts	固有名詞
rutted	rutted	固有名詞
ruttee	ruttee	固有名詞
rutter	rutter	固有名詞
ruttle	ruttle	固有名詞
rutty	rutty	固有名詞
rutuli	rutuli	固有名詞
rutyl	rutyl	固有名詞
ruvid	ruvid	固有名詞
rux	rux	固有名詞
rwd	rwd	固有名詞
rwound	rwound	固有名詞
rwy	rwy	固有名詞
rya	rya	固有名詞
ryal	ryal	固有名詞
ryania	ryania	固有名詞
ryas	ryas	固有名詞
rybat	rybat	固有名詞
ryder	ryder	固有名詞
rye	rye	固有名詞
ryen	ryen	固有名詞
ryes	ryes	固有名詞
ryke	ryke	固有名詞
ryked	ryked	固有名詞
rykes	rykes	固有名詞
ryking	ryking	固有名詞
ryme	ryme	固有名詞
rynd	rynd	固有名詞
rynds	rynds	固有名詞
rynt	rynt	固有名詞
ryokan	ryokan	固有名詞
ryot	ryot	固有名詞
ryots	ryots	固有名詞
rype	rype	固有名詞
rypeck	rypeck	固有名詞
rytina	rytina	固有名詞
ryukyu	ryukyu	固有名詞
saa	saa	固有名詞
saad	saad	固有名詞
saan	saan	固有名詞
saanen	saanen	固有名詞
sab	sab	固有名詞
saba	saba	固有名詞
sabal	sabal	固有名詞
sabalo	sabalo	固有名詞
saban	saban	固有名詞
sabana	sabana	固有名詞
sabbat	sabbat	固有名詞
sabbed	sabbed	固有名詞
sabby	sabby	固有名詞
sabe	sabe	固有名詞
sabeca	sabeca	固有名詞
sabed	sabed	固有名詞
saber	saber	固有名詞
sabers	sabers	固有名詞
sabes	sabes	固有名詞
sabia	sabia	固有名詞
sabian	sabian	固有名詞
sabicu	sabicu	固有名詞
sabik	sabik	固有名詞
sabin	sabin	固有名詞
sabina	sabina	固有名詞
sabine	sabine	固有名詞
sabing	sabing	固有名詞
sabino	sabino	固有名詞
sabins	sabins	固有名詞
sabir	sabir	固有名詞
sabirs	sabirs	固有名詞
sable	sable	固有名詞
sables	sables	固有名詞
sably	sably	固有名詞
sabora	sabora	固有名詞
sabot	sabot	固有名詞
sabots	sabots	固有名詞
sabra	sabra	固有名詞
sabras	sabras	固有名詞
sabre	sabre	固有名詞
sabred	sabred	固有名詞
sabres	sabres	固有名詞
sabs	sabs	固有名詞
sabuja	sabuja	固有名詞
sabzi	sabzi	固有名詞
sac	sac	固有名詞
sacae	sacae	固有名詞
sacate	sacate	固有名詞
sacbut	sacbut	固有名詞
saccha	saccha	固有名詞
saccli	saccli	固有名詞
saccos	saccos	固有名詞
saccus	saccus	固有名詞
sacela	sacela	固有名詞
sachem	sachem	固有名詞
sachet	sachet	固有名詞
sacian	sacian	固有名詞
sack	sack	固有名詞
sacked	sacked	固有名詞
sacken	sacken	固有名詞
sacker	sacker	固有名詞
sacket	sacket	固有名詞
sacks	sacks	固有名詞
saco	saco	固有名詞
sacope	sacope	固有名詞
sacque	sacque	固有名詞
sacra	sacra	固有名詞
sacrad	sacrad	固有名詞
sacral	sacral	固有名詞
sacre	sacre	固有名詞
sacred	sacred	固有名詞
sacro	sacro	固有名詞
sacrum	sacrum	固有名詞
sacry	sacry	固有名詞
sacs	sacs	固有名詞
sad	sad	固有名詞
sadden	sadden	固有名詞
sadder	sadder	固有名詞
saddhu	saddhu	固有名詞
saddik	saddik	固有名詞
saddle	saddle	固有名詞
sade	sade	固有名詞
sades	sades	固有名詞
sadh	sadh	固有名詞
sadhe	sadhe	固有名詞
sadhes	sadhes	固有名詞
sadhu	sadhu	固有名詞
sadhus	sadhus	固有名詞
sadi	sadi	固有名詞
sadic	sadic	固有名詞
sadie	sadie	固有名詞
sadis	sadis	固有名詞
sadism	sadism	固有名詞
sadist	sadist	固有名詞
sadite	sadite	固有名詞
sadly	sadly	固有名詞
sado	sado	固有名詞
sadr	sadr	固有名詞
sae	sae	固有名詞
saeima	saeima	固有名詞
saeta	saeta	固有名詞
saeter	saeter	固有名詞
saeume	saeume	固有名詞
safar	safar	固有名詞
safari	safari	固有名詞
safavi	safavi	固有名詞
safe	safe	固有名詞
safely	safely	固有名詞
safen	safen	固有名詞
safer	safer	固有名詞
safes	safes	固有名詞
safest	safest	固有名詞
safety	safety	固有名詞
safi	safi	固有名詞
safine	safine	固有名詞
safini	safini	固有名詞
safrol	safrol	固有名詞
saft	saft	固有名詞
saftly	saftly	固有名詞
sag	sag	固有名詞
saga	saga	固有名詞
sagai	sagai	固有名詞
sagaie	sagaie	固有名詞
sagan	sagan	固有名詞
sagas	sagas	固有名詞
sagbut	sagbut	固有名詞
sage	sage	固有名詞
sageer	sageer	固有名詞
sagely	sagely	固有名詞
sagene	sagene	固有名詞
sager	sager	固有名詞
sages	sages	固有名詞
sagest	sagest	固有名詞
saggar	saggar	固有名詞
sagged	sagged	固有名詞
sagger	sagger	固有名詞
saggon	saggon	固有名詞
saggy	saggy	固有名詞
sagier	sagier	固有名詞
sagina	sagina	固有名詞
saging	saging	固有名詞
sago	sago	固有名詞
sagoin	sagoin	固有名詞
sagos	sagos	固有名詞
sagra	sagra	固有名詞
sags	sags	固有名詞
sagum	sagum	固有名詞
sagy	sagy	固有名詞
sah	sah	固有名詞
sahara	sahara	固有名詞
sahh	sahh	固有名詞
sahib	sahib	固有名詞
sahibs	sahibs	固有名詞
sahme	sahme	固有名詞
saho	saho	固有名詞
sahras	sahras	固有名詞
sai	sai	固有名詞
saic	saic	固有名詞
saice	saice	固有名詞
saices	saices	固有名詞
said	said	固有名詞
saidi	saidi	固有名詞
saids	saids	固有名詞
saify	saify	固有名詞
saiga	saiga	固有名詞
saigas	saigas	固有名詞
saigon	saigon	固有名詞
saiid	saiid	固有名詞
sail	sail	固有名詞
sailed	sailed	固有名詞
sailer	sailer	固有名詞
sailor	sailor	固有名詞
sails	sails	固有名詞
saily	saily	固有名詞
sailye	sailye	固有名詞
saim	saim	固有名詞
saimy	saimy	固有名詞
sain	sain	固有名詞
sained	sained	固有名詞
sains	sains	固有名詞
saint	saint	固有名詞
sainte	sainte	固有名詞
saints	saints	固有名詞
saip	saip	固有名詞
saiph	saiph	固有名詞
sair	sair	固有名詞
sairly	sairly	固有名詞
sairve	sairve	固有名詞
sairy	sairy	固有名詞
saite	saite	固有名詞
saith	saith	固有名詞
saithe	saithe	固有名詞
saitic	saitic	固有名詞
saiva	saiva	固有名詞
saiyid	saiyid	固有名詞
saj	saj	固有名詞
sajou	sajou	固有名詞
sajous	sajous	固有名詞
sak	sak	固有名詞
saka	saka	固有名詞
sakai	sakai	固有名詞
sake	sake	固有名詞
sakeen	sakeen	固有名詞
sakel	sakel	固有名詞
sakell	sakell	固有名詞
saker	saker	固有名詞
sakers	sakers	固有名詞
sakes	sakes	固有名詞
sakha	sakha	固有名詞
saki	saki	固有名詞
sakieh	sakieh	固有名詞
sakis	sakis	固有名詞
sakkoi	sakkoi	固有名詞
sakkos	sakkos	固有名詞
sakti	sakti	固有名詞
sal	sal	固有名詞
sala	sala	固有名詞
salaam	salaam	固有名詞
salad	salad	固有名詞
salada	salada	固有名詞
salade	salade	固有名詞
salads	salads	固有名詞
salago	salago	固有名詞
salal	salal	固有名詞
salame	salame	固有名詞
salami	salami	固有名詞
salamo	salamo	固有名詞
salar	salar	固有名詞
salary	salary	固有名詞
salat	salat	固有名詞
salay	salay	固有名詞
saldid	saldid	固有名詞
sale	sale	固有名詞
salele	salele	固有名詞
salem	salem	固有名詞
salema	salema	固有名詞
salep	salep	固有名詞
saleps	saleps	固有名詞
sales	sales	固有名詞
salesforce	Salesforce	固有名詞
salet	salet	固有名詞
salian	salian	固有名詞
salic	salic	固有名詞
salify	salify	固有名詞
salina	salina	固有名詞
saline	saline	固有名詞
salish	salish	固有名詞
salite	salite	固有名詞
saliva	saliva	固有名詞
salix	salix	固有名詞
sall	sall	固有名詞
salle	salle	固有名詞
sallee	sallee	固有名詞
sallet	sallet	固有名詞
salloo	salloo	固有名詞
sallow	sallow	固有名詞
sally	sally	固有名詞
salm	salm	固有名詞
salma	salma	固有名詞
salmi	salmi	固有名詞
salmin	salmin	固有名詞
salmis	salmis	固有名詞
salmo	salmo	固有名詞
salmon	salmon	固有名詞
salol	salol	固有名詞
salols	salols	固有名詞
salome	salome	固有名詞
salon	salon	固有名詞
salons	salons	固有名詞
saloon	saloon	固有名詞
saloop	saloop	固有名詞
salp	salp	固有名詞
salpa	salpa	固有名詞
salpae	salpae	固有名詞
salpas	salpas	固有名詞
salpid	salpid	固有名詞
salps	salps	固有名詞
sals	sals	固有名詞
salsa	salsa	固有名詞
salse	salse	固有名詞
salt	salt	固有名詞
salta	salta	固有名詞
salted	salted	固有名詞
saltee	saltee	固有名詞
salten	salten	固有名詞
salter	salter	固有名詞
saltie	saltie	固有名詞
saltly	saltly	固有名詞
salts	salts	固有名詞
saltus	saltus	固有名詞
salty	salty	固有名詞
salud	salud	固有名詞
saluda	saluda	固有名詞
salue	salue	固有名詞
salugi	salugi	固有名詞
saluki	saluki	固有名詞
salung	salung	固有名詞
salus	salus	固有名詞
salute	salute	固有名詞
salva	salva	固有名詞
salve	salve	固有名詞
salved	salved	固有名詞
salver	salver	固有名詞
salves	salves	固有名詞
salvia	salvia	固有名詞
salvo	salvo	固有名詞
salvor	salvor	固有名詞
salvos	salvos	固有名詞
salvy	salvy	固有名詞
salwey	salwey	固有名詞
salwin	salwin	固有名詞
sam	sam	固有名詞
samadh	samadh	固有名詞
samaj	samaj	固有名詞
samal	samal	固有名詞
saman	saman	固有名詞
samani	samani	固有名詞
samara	samara	固有名詞
samas	samas	固有名詞
samba	samba	固有名詞
sambal	sambal	固有名詞
sambar	sambar	固有名詞
sambas	sambas	固有名詞
sambel	sambel	固有名詞
sambo	sambo	固有名詞
sambos	sambos	固有名詞
sambuk	sambuk	固有名詞
sambul	sambul	固有名詞
sambur	sambur	固有名詞
same	same	固有名詞
samech	samech	固有名詞
samek	samek	固有名詞
samekh	samekh	固有名詞
sameks	sameks	固有名詞
samel	samel	固有名詞
samely	samely	固有名詞
samen	samen	固有名詞
samfoo	samfoo	固有名詞
samgha	samgha	固有名詞
samh	samh	固有名詞
samian	samian	固有名詞
samiel	samiel	固有名詞
samir	samir	固有名詞
samiri	samiri	固有名詞
samish	samish	固有名詞
samite	samite	固有名詞
samiti	samiti	固有名詞
samlet	samlet	固有名詞
sammel	sammel	固有名詞
sammer	sammer	固有名詞
sammy	sammy	固有名詞
samoa	samoa	固有名詞
samoan	samoan	固有名詞
samohu	samohu	固有名詞
samory	samory	固有名詞
samp	samp	固有名詞
sampan	sampan	固有名詞
sampi	sampi	固有名詞
sample	sample	固有名詞
samps	samps	固有名詞
samsam	samsam	固有名詞
samshu	samshu	固有名詞
samson	samson	固有名詞
samucu	samucu	固有名詞
samuel	samuel	固有名詞
samuin	samuin	固有名詞
samvat	samvat	固有名詞
san	san	固有名詞
sanai	sanai	固有名詞
sanand	sanand	固有名詞
sanche	sanche	固有名詞
sancho	sancho	固有名詞
sanct	sanct	固有名詞
sancta	sancta	固有名詞
sancy	sancy	固有名詞
sand	sand	固有名詞
sandak	sandak	固有名詞
sandal	sandal	固有名詞
sandan	sandan	固有名詞
sanded	sanded	固有名詞
sander	sander	固有名詞
sandhi	sandhi	固有名詞
sandia	sandia	固有名詞
sandip	sandip	固有名詞
sandix	sandix	固有名詞
sandra	sandra	固有名詞
sands	sands	固有名詞
sandy	sandy	固有名詞
sandyx	sandyx	固有名詞
sane	sane	固有名詞
saned	saned	固有名詞
sanely	sanely	固有名詞
saner	saner	固有名詞
sanes	sanes	固有名詞
sanest	sanest	固有名詞
sang	sang	固有名詞
sanga	sanga	固有名詞
sangah	sangah	固有名詞
sangar	sangar	固有名詞
sangas	sangas	固有名詞
sangei	sangei	固有名詞
sanger	sanger	固有名詞
sangh	sangh	固有名詞
sangha	sangha	固有名詞
sangho	sangho	固有名詞
sanghs	sanghs	固有名詞
sangil	sangil	固有名詞
sangir	sangir	固有名詞
sangu	sangu	固有名詞
sanies	sanies	固有名詞
sanify	sanify	固有名詞
saning	saning	固有名詞
sanit	sanit	固有名詞
sanity	sanity	固有名詞
sanjak	sanjak	固有名詞
sanjay	sanjay	固有名詞
sanjib	sanjib	固有名詞
sank	sank	固有名詞
sanka	sanka	固有名詞
sankha	sankha	固有名詞
sannop	sannop	固有名詞
sannup	sannup	固有名詞
sans	sans	固有名詞
sansar	sansar	固有名詞
sansei	sansei	固有名詞
sansi	sansi	固有名詞
sant	sant	固有名詞
santa	santa	固有名詞
santal	santal	固有名詞
santar	santar	固有名詞
santee	santee	固有名詞
santii	santii	固有名詞
santir	santir	固有名詞
santo	santo	固有名詞
santol	santol	固有名詞
santon	santon	固有名詞
santos	santos	固有名詞
santy	santy	固有名詞
sanzen	sanzen	固有名詞
sao	sao	固有名詞
sap	sap	固有名詞
sapa	sapa	固有名詞
sapan	sapan	固有名詞
sapek	sapek	固有名詞
sapele	sapele	固有名詞
sapful	sapful	固有名詞
saphie	saphie	固有名詞
sapiao	sapiao	固有名詞
sapid	sapid	固有名詞
sapin	sapin	固有名詞
sapit	sapit	固有名詞
sapium	sapium	固有名詞
saple	saple	固有名詞
sapo	sapo	固有名詞
saponi	saponi	固有名詞
sapor	sapor	固有名詞
sapors	sapors	固有名詞
sapota	sapota	固有名詞
sapote	sapote	固有名詞
sapour	sapour	固有名詞
sapped	sapped	固有名詞
sapper	sapper	固有名詞
sappho	sappho	固有名詞
sappy	sappy	固有名詞
saprin	saprin	固有名詞
saps	saps	固有名詞
sapsap	sapsap	固有名詞
saqib	saqib	固有名詞
sar	sar	固有名詞
sara	sara	固有名詞
saraad	saraad	固有名詞
sarada	sarada	固有名詞
saraf	saraf	固有名詞
sarah	sarah	固有名詞
saran	saran	固有名詞
sarans	sarans	固有名詞
sarape	sarape	固有名詞
sarcel	sarcel	固有名詞
sarcle	sarcle	固有名詞
sard	sard	固有名詞
sardar	sardar	固有名詞
sardel	sardel	固有名詞
sards	sards	固有名詞
sare	sare	固有名詞
saree	saree	固有名詞
sarees	sarees	固有名詞
sarge	sarge	固有名詞
sarges	sarges	固有名詞
sargo	sargo	固有名詞
sargos	sargos	固有名詞
sargus	sargus	固有名詞
sari	sari	固有名詞
sarif	sarif	固有名詞
sarin	sarin	固有名詞
sarins	sarins	固有名詞
sarip	sarip	固有名詞
saris	saris	固有名詞
sark	sark	固有名詞
sarkar	sarkar	固有名詞
sarkit	sarkit	固有名詞
sarks	sarks	固有名詞
sarky	sarky	固有名詞
sarlac	sarlac	固有名詞
sarlak	sarlak	固有名詞
sarlyk	sarlyk	固有名詞
sarna	sarna	固有名詞
sarod	sarod	固有名詞
sarode	sarode	固有名詞
sarods	sarods	固有名詞
saron	saron	固有名詞
sarong	sarong	固有名詞
saros	saros	固有名詞
sarpo	sarpo	固有名詞
sarra	sarra	固有名詞
sarraf	sarraf	固有名詞
sarrow	sarrow	固有名詞
sarsa	sarsa	固有名詞
sarsar	sarsar	固有名詞
sarsen	sarsen	固有名詞
sarsi	sarsi	固有名詞
sarson	sarson	固有名詞
sart	sart	固有名詞
sartor	sartor	固有名詞
saruk	saruk	固有名詞
sarum	sarum	固有名詞
sarus	sarus	固有名詞
sarwan	sarwan	固有名詞
sarzan	sarzan	固有名詞
sasa	sasa	固有名詞
sasan	sasan	固有名詞
sasani	sasani	固有名詞
sash	sash	固有名詞
sashay	sashay	固有名詞
sashed	sashed	固有名詞
sashes	sashes	固有名詞
sasin	sasin	固有名詞
sasine	sasine	固有名詞
sasins	sasins	固有名詞
sass	sass	固有名詞
sassak	sassak	固有名詞
sassan	sassan	固有名詞
sasse	sasse	固有名詞
sassed	sassed	固有名詞
sasses	sasses	固有名詞
sassy	sassy	固有名詞
sastra	sastra	固有名詞
sat	sat	固有名詞
sata	sata	固有名詞
satai	satai	固有名詞
satan	satan	固有名詞
satang	satang	固有名詞
satara	satara	固有名詞
satd	satd	固有名詞
sate	sate	固有名詞
sated	sated	固有名詞
sateen	sateen	固有名詞
satem	satem	固有名詞
sates	sates	固有名詞
sati	sati	固有名詞
satin	satin	固有名詞
satine	satine	固有名詞
sating	sating	固有名詞
satins	satins	固有名詞
satiny	satiny	固有名詞
sation	sation	固有名詞
satire	satire	固有名詞
satis	satis	固有名詞
sativa	sativa	固有名詞
sative	sative	固有名詞
satori	satori	固有名詞
satrae	satrae	固有名詞
satrap	satrap	固有名詞
satron	satron	固有名詞
satsop	satsop	固有名詞
sattar	sattar	固有名詞
sattie	sattie	固有名詞
sattle	sattle	固有名詞
sattva	sattva	固有名詞
satura	satura	固有名詞
saturn	saturn	固有名詞
satury	satury	固有名詞
satyr	satyr	固有名詞
satyrs	satyrs	固有名詞
sau	sau	固有名詞
sauba	sauba	固有名詞
sauce	sauce	固有名詞
sauced	sauced	固有名詞
saucer	saucer	固有名詞
sauces	sauces	固有名詞
sauch	sauch	固有名詞
sauchs	sauchs	固有名詞
saucy	saucy	固有名詞
saudi	saudi	固有名詞
saudis	saudis	固有名詞
sauf	sauf	固有名詞
sauger	sauger	固有名詞
saugh	saugh	固有名詞
saughs	saughs	固有名詞
saught	saught	固有名詞
saughy	saughy	固有名詞
saul	saul	固有名詞
sauld	sauld	固有名詞
saulge	saulge	固有名詞
saulie	saulie	固有名詞
sauls	sauls	固有名詞
sault	sault	固有名詞
saults	saults	固有名詞
saum	saum	固有名詞
saumon	saumon	固有名詞
saumur	saumur	固有名詞
saumya	saumya	固有名詞
sauna	sauna	固有名詞
saunas	saunas	固有名詞
sauncy	sauncy	固有名詞
saunt	saunt	固有名詞
sauqui	sauqui	固有名詞
saur	saur	固有名詞
saura	saura	固有名詞
saurel	saurel	固有名詞
sauria	sauria	固有名詞
saury	saury	固有名詞
saut	saut	固有名詞
saute	saute	固有名詞
sauted	sauted	固有名詞
sauter	sauter	固有名詞
sautes	sautes	固有名詞
sauty	sauty	固有名詞
sauve	sauve	固有名詞
sav	sav	固有名詞
savacu	savacu	固有名詞
savage	savage	固有名詞
savant	savant	固有名詞
savara	savara	固有名詞
savate	savate	固有名詞
save	save	固有名詞
saved	saved	固有名詞
saver	saver	固有名詞
savers	savers	固有名詞
savery	savery	固有名詞
saves	saves	固有名詞
savey	savey	固有名詞
savile	savile	固有名詞
savin	savin	固有名詞
savine	savine	固有名詞
saving	saving	固有名詞
savins	savins	固有名詞
savior	savior	固有名詞
savola	savola	固有名詞
savor	savor	固有名詞
savors	savors	固有名詞
savory	savory	固有名詞
savour	savour	固有名詞
savoy	savoy	固有名詞
savoys	savoys	固有名詞
savvy	savvy	固有名詞
saw	saw	固有名詞
sawah	sawah	固有名詞
sawali	sawali	固有名詞
sawan	sawan	固有名詞
sawbwa	sawbwa	固有名詞
sawder	sawder	固有名詞
sawed	sawed	固有名詞
sawer	sawer	固有名詞
sawers	sawers	固有名詞
sawfly	sawfly	固有名詞
sawing	sawing	固有名詞
sawish	sawish	固有名詞
sawlog	sawlog	固有名詞
sawman	sawman	固有名詞
sawmon	sawmon	固有名詞
sawn	sawn	固有名詞
sawneb	sawneb	固有名詞
sawney	sawney	固有名詞
sawnie	sawnie	固有名詞
sawny	sawny	固有名詞
sawpit	sawpit	固有名詞
saws	saws	固有名詞
sawt	sawt	固有名詞
sawway	sawway	固有名詞
sawyer	sawyer	固有名詞
sax	sax	固有名詞
saxaul	saxaul	固有名詞
saxe	saxe	固有名詞
saxes	saxes	固有名詞
saxish	saxish	固有名詞
saxon	saxon	固有名詞
saxons	saxons	固有名詞
saxony	saxony	固有名詞
saxten	saxten	固有名詞
saxtie	saxtie	固有名詞
say	say	固有名詞
saya	saya	固有名詞
sayal	sayal	固有名詞
sayee	sayee	固有名詞
sayer	sayer	固有名詞
sayers	sayers	固有名詞
sayest	sayest	固有名詞
sayid	sayid	固有名詞
sayids	sayids	固有名詞
saying	saying	固有名詞
saynay	saynay	固有名詞
says	says	固有名詞
sayst	sayst	固有名詞
sayyid	sayyid	固有名詞
sazen	sazen	固有名詞
sbirro	sbirro	固有名詞
sblood	sblood	固有名詞
scab	scab	固有名詞
scabby	scabby	固有名詞
scabia	scabia	固有名詞
scabid	scabid	固有名詞
scabs	scabs	固有名詞
scad	scad	固有名詞
scads	scads	固有名詞
scaean	scaean	固有名詞
scaena	scaena	固有名詞
scaff	scaff	固有名詞
scaffy	scaffy	固有名詞
scag	scag	固有名詞
scags	scags	固有名詞
scaife	scaife	固有名詞
scala	Scala	固有名詞
scalae	scalae	固有名詞
scalar	scalar	固有名詞
scald	scald	固有名詞
scalds	scalds	固有名詞
scaldy	scaldy	固有名詞
scale	scale	固有名詞
scaled	scaled	固有名詞
scaler	scaler	固有名詞
scales	scales	固有名詞
scalet	scalet	固有名詞
scalf	scalf	固有名詞
scalfe	scalfe	固有名詞
scall	scall	固有名詞
scalls	scalls	固有名詞
scalma	scalma	固有名詞
scalp	scalp	固有名詞
scalps	scalps	固有名詞
scalt	scalt	固有名詞
scalx	scalx	固有名詞
scaly	scaly	固有名詞
scalz	scalz	固有名詞
scam	scam	固有名詞
scamp	scamp	固有名詞
scampi	scampi	固有名詞
scamps	scamps	固有名詞
scams	scams	固有名詞
scan	scan	固有名詞
scance	scance	固有名詞
scania	scania	固有名詞
scanic	scanic	固有名詞
scans	scans	固有名詞
scant	scant	固有名詞
scants	scants	固有名詞
scanty	scanty	固有名詞
scap	scap	固有名詞
scape	scape	固有名詞
scaped	scaped	固有名詞
scapel	scapel	固有名詞
scapes	scapes	固有名詞
scapha	scapha	固有名詞
scaphe	scaphe	固有名詞
scapus	scapus	固有名詞
scar	scar	固有名詞
scarab	scarab	固有名詞
scarce	scarce	固有名詞
scarcy	scarcy	固有名詞
scards	scards	固有名詞
scare	scare	固有名詞
scared	scared	固有名詞
scarer	scarer	固有名詞
scares	scares	固有名詞
scarey	scarey	固有名詞
scarf	scarf	固有名詞
scarfe	scarfe	固有名詞
scarfs	scarfs	固有名詞
scarfy	scarfy	固有名詞
scarid	scarid	固有名詞
scarn	scarn	固有名詞
scarp	scarp	固有名詞
scarpa	scarpa	固有名詞
scarpe	scarpe	固有名詞
scarph	scarph	固有名詞
scarps	scarps	固有名詞
scarry	scarry	固有名詞
scars	scars	固有名詞
scart	scart	固有名詞
scarth	scarth	固有名詞
scarts	scarts	固有名詞
scarus	scarus	固有名詞
scary	scary	固有名詞
scase	scase	固有名詞
scat	scat	固有名詞
scatch	scatch	固有名詞
scathe	scathe	固有名詞
scathy	scathy	固有名詞
scats	scats	固有名詞
scatt	scatt	固有名詞
scatts	scatts	固有名詞
scatty	scatty	固有名詞
scaul	scaul	固有名詞
scaum	scaum	固有名詞
scaup	scaup	固有名詞
scaups	scaups	固有名詞
scaur	scaur	固有名詞
scaurs	scaurs	固有名詞
scaut	scaut	固有名詞
scavel	scavel	固有名詞
scaw	scaw	固有名詞
scawd	scawd	固有名詞
scawl	scawl	固有名詞
scazon	scazon	固有名詞
sceat	sceat	固有名詞
scelp	scelp	固有名詞
scena	scena	固有名詞
scenas	scenas	固有名詞
scend	scend	固有名詞
scends	scends	固有名詞
scene	scene	固有名詞
scenes	scenes	固有名詞
scenic	scenic	固有名詞
scent	scent	固有名詞
scents	scents	固有名詞
scerne	scerne	固有名詞
scf	scf	固有名詞
scfh	scfh	固有名詞
scfm	scfm	固有名詞
sch	sch	固有名詞
schanz	schanz	固有名詞
scharf	scharf	固有名詞
schav	schav	固有名詞
schavs	schavs	固有名詞
scheat	scheat	固有名詞
schelm	schelm	固有名詞
schema	schema	固有名詞
scheme	scheme	固有名詞
schemy	schemy	固有名詞
schene	schene	固有名詞
scherm	scherm	固有名詞
schick	schick	固有名詞
schism	schism	固有名詞
schist	schist	固有名詞
schiz	schiz	固有名詞
schizo	schizo	固有名詞
schizy	schizy	固有名詞
schlep	schlep	固有名詞
schmo	schmo	固有名詞
schmoe	schmoe	固有名詞
schnoz	schnoz	固有名詞
scho	scho	固有名詞
schola	schola	固有名詞
schone	schone	固有名詞
school	school	固有名詞
schoon	schoon	固有名詞
schorl	schorl	固有名詞
schout	schout	固有名詞
schouw	schouw	固有名詞
schrik	schrik	固有名詞
schuh	schuh	固有名詞
schuhe	schuhe	固有名詞
schuit	schuit	固有名詞
schul	schul	固有名詞
schule	schule	固有名詞
schuln	schuln	固有名詞
schuss	schuss	固有名詞
schute	schute	固有名詞
schuyt	schuyt	固有名詞
schwa	schwa	固有名詞
schwas	schwas	固有名詞
sci	sci	固有名詞
sciage	sciage	固有名詞
scian	scian	固有名詞
sciara	sciara	固有名詞
sciath	sciath	固有名詞
scient	scient	固有名詞
scil	scil	固有名詞
scilla	scilla	固有名詞
scind	scind	固有名詞
scion	scion	固有名詞
scions	scions	固有名詞
sciot	sciot	固有名詞
scious	scious	固有名詞
scivvy	scivvy	固有名詞
sclaff	sclaff	固有名詞
sclat	sclat	固有名詞
sclate	sclate	固有名詞
sclav	sclav	固有名詞
sclaw	sclaw	固有名詞
sclent	sclent	固有名詞
scler	scler	固有名詞
sclera	sclera	固有名詞
sclere	sclere	固有名詞
scliff	scliff	固有名詞
sclim	sclim	固有名詞
sclimb	sclimb	固有名詞
scoad	scoad	固有名詞
scob	scob	固有名詞
scobby	scobby	固有名詞
scobs	scobs	固有名詞
scodgy	scodgy	固有名詞
scoff	scoff	固有名詞
scoffs	scoffs	固有名詞
scog	scog	固有名詞
scogie	scogie	固有名詞
scoke	scoke	固有名詞
scolb	scolb	固有名詞
scold	scold	固有名詞
scolds	scolds	固有名詞
scolex	scolex	固有名詞
scoley	scoley	固有名詞
scolia	scolia	固有名詞
scoloc	scoloc	固有名詞
scolog	scolog	固有名詞
scomm	scomm	固有名詞
sconce	sconce	固有名詞
scone	scone	固有名詞
scones	scones	固有名詞
scooch	scooch	固有名詞
scoon	scoon	固有名詞
scoop	scoop	固有名詞
scoops	scoops	固有名詞
scoot	scoot	固有名詞
scoots	scoots	固有名詞
scop	scop	固有名詞
scopa	scopa	固有名詞
scope	scope	固有名詞
scoped	scoped	固有名詞
scopes	scopes	固有名詞
scopet	scopet	固有名詞
scopic	scopic	固有名詞
scops	scops	固有名詞
scopus	scopus	固有名詞
scorce	scorce	固有名詞
scorch	scorch	固有名詞
score	score	固有名詞
scored	scored	固有名詞
scorer	scorer	固有名詞
scores	scores	固有名詞
scoria	scoria	固有名詞
scorn	scorn	固有名詞
scorns	scorns	固有名詞
scorny	scorny	固有名詞
scorse	scorse	固有名詞
scorza	scorza	固有名詞
scot	scot	固有名詞
scotal	scotal	固有名詞
scotch	scotch	固有名詞
scote	scote	固有名詞
scoter	scoter	固有名詞
scotia	scotia	固有名詞
scotic	scotic	固有名詞
scots	scots	固有名詞
scott	scott	固有名詞
scotty	scotty	固有名詞
scouch	scouch	固有名詞
scouk	scouk	固有名詞
scoup	scoup	固有名詞
scour	scour	固有名詞
scours	scours	固有名詞
scoury	scoury	固有名詞
scouse	scouse	固有名詞
scout	scout	固有名詞
scouth	scouth	固有名詞
scouts	scouts	固有名詞
scove	scove	固有名詞
scovel	scovel	固有名詞
scovy	scovy	固有名詞
scow	scow	固有名詞
scowed	scowed	固有名詞
scowl	scowl	固有名詞
scowls	scowls	固有名詞
scows	scows	固有名詞
scr	scr	固有名詞
scrab	scrab	固有名詞
scrabe	scrabe	固有名詞
scrae	scrae	固有名詞
scrag	scrag	固有名詞
scrags	scrags	固有名詞
scram	scram	固有名詞
scramb	scramb	固有名詞
scrams	scrams	固有名詞
scran	scran	固有名詞
scrank	scrank	固有名詞
scrap	scrap	固有名詞
scrape	scrape	固有名詞
scraps	scraps	固有名詞
scrapy	scrapy	固有名詞
scrat	scrat	固有名詞
scrath	scrath	固有名詞
scraw	scraw	固有名詞
scrawk	scrawk	固有名詞
scrawl	scrawl	固有名詞
scrawm	scrawm	固有名詞
scray	scray	固有名詞
scraye	scraye	固有名詞
scraze	scraze	固有名詞
screak	screak	固有名詞
scream	scream	固有名詞
screar	screar	固有名詞
scree	scree	固有名詞
screed	screed	固有名詞
screek	screek	固有名詞
screel	screel	固有名詞
screen	screen	固有名詞
screes	screes	固有名詞
screet	screet	固有名詞
screve	screve	固有名詞
screw	screw	固有名詞
screws	screws	固有名詞
screwy	screwy	固有名詞
scribe	scribe	固有名詞
scride	scride	固有名詞
scrike	scrike	固有名詞
scrim	scrim	固有名詞
scrime	scrime	固有名詞
scrimp	scrimp	固有名詞
scrims	scrims	固有名詞
scrimy	scrimy	固有名詞
scrin	scrin	固有名詞
scrine	scrine	固有名詞
scrip	scrip	固有名詞
scrips	scrips	固有名詞
script	script	固有名詞
scrit	scrit	固有名詞
scrite	scrite	固有名詞
scrive	scrive	固有名詞
scrob	scrob	固有名詞
scrobe	scrobe	固有名詞
scrod	scrod	固有名詞
scrods	scrods	固有名詞
scroff	scroff	固有名詞
scrog	scrog	固有名詞
scrogs	scrogs	固有名詞
scroll	scroll	固有名詞
scroo	scroo	固有名詞
scroop	scroop	固有名詞
scrota	scrota	固有名詞
scrout	scrout	固有名詞
scrow	scrow	固有名詞
scrub	scrub	固有名詞
scrubs	scrubs	固有名詞
scruf	scruf	固有名詞
scruff	scruff	固有名詞
scruft	scruft	固有名詞
scrum	scrum	固有名詞
scrump	scrump	固有名詞
scrums	scrums	固有名詞
scrunt	scrunt	固有名詞
scrush	scrush	固有名詞
scruto	scruto	固有名詞
scruze	scruze	固有名詞
scry	scry	固有名詞
scryer	scryer	固有名詞
sct	sct	固有名詞
sctd	sctd	固有名詞
scuba	scuba	固有名詞
scubas	scubas	固有名詞
scud	scud	固有名詞
scuddy	scuddy	固有名詞
scudi	scudi	固有名詞
scudo	scudo	固有名詞
scuds	scuds	固有名詞
scuff	scuff	固有名詞
scuffs	scuffs	固有名詞
scuffy	scuffy	固有名詞
scuft	scuft	固有名詞
scug	scug	固有名詞
sculch	sculch	固有名詞
sculk	sculk	固有名詞
sculks	sculks	固有名詞
scull	scull	固有名詞
sculls	sculls	固有名詞
sculp	sculp	固有名詞
sculps	sculps	固有名詞
sculpt	sculpt	固有名詞
sculsh	sculsh	固有名詞
scult	scult	固有名詞
scum	scum	固有名詞
scummy	scummy	固有名詞
scums	scums	固有名詞
scun	scun	固有名詞
scunge	scunge	固有名詞
scungy	scungy	固有名詞
scup	scup	固有名詞
scups	scups	固有名詞
scur	scur	固有名詞
scurdy	scurdy	固有名詞
scurf	scurf	固有名詞
scurfs	scurfs	固有名詞
scurfy	scurfy	固有名詞
scurry	scurry	固有名詞
scurvy	scurvy	固有名詞
scuse	scuse	固有名詞
scusin	scusin	固有名詞
scut	scut	固有名詞
scuta	scuta	固有名詞
scutal	scutal	固有名詞
scutch	scutch	固有名詞
scute	scute	固有名詞
scutel	scutel	固有名詞
scutes	scutes	固有名詞
scuts	scuts	固有名詞
scutta	scutta	固有名詞
scutty	scutty	固有名詞
scutum	scutum	固有名詞
scuz	scuz	固有名詞
scuzzy	scuzzy	固有名詞
scye	scye	固有名詞
scyld	scyld	固有名詞
scylla	scylla	固有名詞
scypha	scypha	固有名詞
scyphi	scyphi	固有名詞
scyt	scyt	固有名詞
scyth	scyth	固有名詞
scythe	scythe	固有名詞
sdeath	sdeath	固有名詞
sdeign	sdeign	固有名詞
sdk	SDK	固有名詞
sdlc	sdlc	固有名詞
sds	sds	固有名詞
sdump	sdump	固有名詞
sea	sea	固有名詞
seabag	seabag	固有名詞
seabed	seabed	固有名詞
seabee	seabee	固有名詞
seadog	seadog	固有名詞
seah	seah	固有名詞
seak	seak	固有名詞
seal	seal	固有名詞
sealch	sealch	固有名詞
sealed	sealed	固有名詞
sealer	sealer	固有名詞
sealet	sealet	固有名詞
seals	seals	固有名詞
sealy	sealy	固有名詞
seam	seam	固有名詞
seaman	seaman	固有名詞
seamas	seamas	固有名詞
seamed	seamed	固有名詞
seamen	seamen	固有名詞
seamer	seamer	固有名詞
seamew	seamew	固有名詞
seams	seams	固有名詞
seamus	seamus	固有名詞
seamy	seamy	固有名詞
sean	sean	固有名詞
seance	seance	固有名詞
sear	sear	固有名詞
searce	searce	固有名詞
search	search	固有名詞
seared	seared	固有名詞
searer	searer	固有名詞
sears	sears	固有名詞
seary	seary	固有名詞
seas	seas	固有名詞
seasan	seasan	固有名詞
season	season	固有名詞
seat	seat	固有名詞
seated	seated	固有名詞
seater	seater	固有名詞
seathe	seathe	固有名詞
seats	seats	固有名詞
seave	seave	固有名詞
seavy	seavy	固有名詞
seawan	seawan	固有名詞
seaway	seaway	固有名詞
seax	seax	固有名詞
seba	seba	固有名詞
sebago	sebago	固有名詞
sebait	sebait	固有名詞
sebat	sebat	固有名詞
sebate	sebate	固有名詞
sebkha	sebkha	固有名詞
sebum	sebum	固有名詞
sebums	sebums	固有名詞
sec	sec	固有名詞
secale	secale	固有名詞
secant	secant	固有名詞
secco	secco	固有名詞
seccos	seccos	固有名詞
secede	secede	固有名詞
secern	secern	固有名詞
secesh	secesh	固有名詞
secess	secess	固有名詞
sech	sech	固有名詞
seck	seck	固有名詞
seckel	seckel	固有名詞
secno	secno	固有名詞
secohm	secohm	固有名詞
second	second	固有名詞
secos	secos	固有名詞
secpar	secpar	固有名詞
secque	secque	固有名詞
secre	secre	固有名詞
secret	secret	固有名詞
secs	secs	固有名詞
sect	sect	固有名詞
sector	sector	固有名詞
sects	sects	固有名詞
secund	secund	固有名詞
secure	secure	固有名詞
secus	secus	固有名詞
secy	secy	固有名詞
sed	sed	固有名詞
sedan	sedan	固有名詞
sedang	sedang	固有名詞
sedans	sedans	固有名詞
sedat	sedat	固有名詞
sedate	sedate	固有名詞
sedent	sedent	固有名詞
seder	seder	固有名詞
seders	seders	固有名詞
sedge	sedge	固有名詞
sedged	sedged	固有名詞
sedges	sedges	固有名詞
sedgy	sedgy	固有名詞
sedile	sedile	固有名詞
seduce	seduce	固有名詞
seduct	seduct	固有名詞
sedum	sedum	固有名詞
sedums	sedums	固有名詞
see	see	固有名詞
seech	seech	固有名詞
seed	seed	固有名詞
seeded	seeded	固有名詞
seeder	seeder	固有名詞
seeds	seeds	固有名詞
seedy	seedy	固有名詞
seege	seege	固有名詞
seeing	seeing	固有名詞
seek	seek	固有名詞
seeker	seeker	固有名詞
seeks	seeks	固有名詞
seel	seel	固有名詞
seeled	seeled	固有名詞
seels	seels	固有名詞
seely	seely	固有名詞
seem	seem	固有名詞
seemed	seemed	固有名詞
seemer	seemer	固有名詞
seemly	seemly	固有名詞
seems	seems	固有名詞
seen	seen	固有名詞
seenie	seenie	固有名詞
seenil	seenil	固有名詞
seenu	seenu	固有名詞
seep	seep	固有名詞
seeped	seeped	固有名詞
seeps	seeps	固有名詞
seepy	seepy	固有名詞
seer	seer	固有名詞
seers	seers	固有名詞
sees	sees	固有名詞
seesaw	seesaw	固有名詞
seesee	seesee	固有名詞
seethe	seethe	固有名詞
seewee	seewee	固有名詞
sefton	sefton	固有名詞
seg	seg	固有名詞
segar	segar	固有名詞
seggar	seggar	固有名詞
segged	segged	固有名詞
seggio	seggio	固有名詞
seggy	seggy	固有名詞
seghol	seghol	固有名詞
segni	segni	固有名詞
segno	segno	固有名詞
segnos	segnos	固有名詞
sego	sego	固有名詞
segol	segol	固有名詞
segos	segos	固有名詞
segou	segou	固有名詞
segue	segue	固有名詞
segued	segued	固有名詞
segues	segues	固有名詞
sehyo	sehyo	固有名詞
sei	sei	固有名詞
seiche	seiche	固有名詞
seid	seid	固有名詞
seidel	seidel	固有名詞
seif	seif	固有名詞
seige	seige	固有名詞
seimas	seimas	固有名詞
seine	seine	固有名詞
seined	seined	固有名詞
seiner	seiner	固有名詞
seines	seines	固有名詞
seiren	seiren	固有名詞
seis	seis	固有名詞
seise	seise	固有名詞
seised	seised	固有名詞
seiser	seiser	固有名詞
seises	seises	固有名詞
seisin	seisin	固有名詞
seism	seism	固有名詞
seisms	seisms	固有名詞
seisor	seisor	固有名詞
seit	seit	固有名詞
seity	seity	固有名詞
seize	seize	固有名詞
seized	seized	固有名詞
seizer	seizer	固有名詞
seizes	seizes	固有名詞
seizin	seizin	固有名詞
seizor	seizor	固有名詞
sejant	sejant	固有名詞
sejero	sejero	固有名詞
sejoin	sejoin	固有名詞
sejour	sejour	固有名詞
sekane	sekane	固有名詞
sekani	sekani	固有名詞
sekar	sekar	固有名詞
seker	seker	固有名詞
sekere	sekere	固有名詞
sekos	sekos	固有名詞
sel	sel	固有名詞
selago	selago	固有名詞
selah	selah	固有名詞
selahs	selahs	固有名詞
seld	seld	固有名詞
selden	selden	固有名詞
seldom	seldom	固有名詞
seldor	seldor	固有名詞
sele	sele	固有名詞
select	select	固有名詞
selena	selena	固有名詞
selene	selene	固有名詞
selety	selety	固有名詞
self	self	固有名詞
selfed	selfed	固有名詞
selfly	selfly	固有名詞
selfs	selfs	固有名詞
selina	selina	固有名詞
seling	seling	固有名詞
selion	selion	固有名詞
seljuk	seljuk	固有名詞
sell	sell	固有名詞
sella	sella	固有名詞
sellar	sellar	固有名詞
selle	selle	固有名詞
seller	seller	固有名詞
selles	selles	固有名詞
selli	selli	固有名詞
sellie	sellie	固有名詞
sells	sells	固有名詞
selly	selly	固有名詞
sels	sels	固有名詞
selsyn	selsyn	固有名詞
selt	selt	固有名詞
selter	selter	固有名詞
selung	selung	固有名詞
selva	selva	固有名詞
selves	selves	固有名詞
sem	sem	固有名詞
semang	semang	固有名詞
semble	semble	固有名詞
seme	seme	固有名詞
semee	semee	固有名詞
semeed	semeed	固有名詞
semeia	semeia	固有名詞
semel	semel	固有名詞
sememe	sememe	固有名詞
semen	semen	固有名詞
semens	semens	固有名詞
sement	sement	固有名詞
semes	semes	固有名詞
semese	semese	固有名詞
semi	semi	固有名詞
semian	semian	固有名詞
semic	semic	固有名詞
semify	semify	固有名詞
semih	semih	固有名詞
semina	semina	固有名詞
semis	semis	固有名詞
semita	semita	固有名詞
semite	semite	固有名詞
semmel	semmel	固有名詞
semmet	semmet	固有名詞
semmit	semmit	固有名詞
semnae	semnae	固有名詞
semois	semois	固有名詞
semola	semola	固有名詞
semper	semper	固有名詞
semple	semple	固有名詞
sempre	sempre	固有名詞
semsem	semsem	固有名詞
semsen	semsen	固有名詞
sen	sen	固有名詞
sena	sena	固有名詞
senaah	senaah	固有名詞
senage	senage	固有名詞
senal	senal	固有名詞
senam	senam	固有名詞
senary	senary	固有名詞
senate	senate	固有名詞
sence	sence	固有名詞
senci	senci	固有名詞
sencio	sencio	固有名詞
send	send	固有名詞
sendal	sendal	固有名詞
sendee	sendee	固有名詞
sender	sender	固有名詞
sendle	sendle	固有名詞
sends	sends	固有名詞
seneca	seneca	固有名詞
senega	senega	固有名詞
senex	senex	固有名詞
sengi	sengi	固有名詞
senhor	senhor	固有名詞
senile	senile	固有名詞
senior	senior	固有名詞
senit	senit	固有名詞
seniti	seniti	固有名詞
senium	senium	固有名詞
senlac	senlac	固有名詞
senna	senna	固有名詞
sennas	sennas	固有名詞
sennet	sennet	固有名詞
sennit	sennit	固有名詞
senor	senor	固有名詞
senora	senora	固有名詞
senors	senors	固有名詞
sensa	sensa	固有名詞
sensal	sensal	固有名詞
sense	sense	固有名詞
sensed	sensed	固有名詞
senses	senses	固有名詞
senso	senso	固有名詞
sensor	sensor	固有名詞
sensu	sensu	固有名詞
sensum	sensum	固有名詞
sensus	sensus	固有名詞
sent	sent	固有名詞
senti	senti	固有名詞
sentry	sentry	固有名詞
sents	sents	固有名詞
senufo	senufo	固有名詞
senusi	senusi	固有名詞
senvy	senvy	固有名詞
senza	senza	固有名詞
seor	seor	固有名詞
seora	seora	固有名詞
seoul	seoul	固有名詞
sep	sep	固有名詞
sepad	sepad	固有名詞
sepal	sepal	固有名詞
sepals	sepals	固有名詞
sepawn	sepawn	固有名詞
sepd	sepd	固有名詞
sepg	sepg	固有名詞
sephen	sephen	固有名詞
sepia	sepia	固有名詞
sepiae	sepiae	固有名詞
sepian	sepian	固有名詞
sepias	sepias	固有名詞
sepic	sepic	固有名詞
sepion	sepion	固有名詞
sepium	sepium	固有名詞
sepn	sepn	固有名詞
sepone	sepone	固有名詞
sepose	sepose	固有名詞
sepoy	sepoy	固有名詞
sepoys	sepoys	固有名詞
seppa	seppa	固有名詞
seps	seps	固有名詞
sepses	sepses	固有名詞
sepsid	sepsid	固有名詞
sepsin	sepsin	固有名詞
sepsis	sepsis	固有名詞
sept	sept	固有名詞
septa	septa	固有名詞
septal	septal	固有名詞
septan	septan	固有名詞
septet	septet	固有名詞
septi	septi	固有名詞
septic	septic	固有名詞
septs	septs	固有名詞
septum	septum	固有名詞
sepult	sepult	固有名詞
seq	seq	固有名詞
seqed	seqed	固有名詞
seqq	seqq	固有名詞
seqrch	seqrch	固有名詞
sequa	sequa	固有名詞
sequan	sequan	固有名詞
sequel	sequel	固有名詞
sequin	sequin	固有名詞
seqwl	seqwl	固有名詞
ser	ser	固有名詞
sera	sera	固有名詞
serab	serab	固有名詞
serac	serac	固有名詞
seracs	seracs	固有名詞
serai	serai	固有名詞
serail	serail	固有名詞
serais	serais	固有名詞
seral	seral	固有名詞
serang	serang	固有名詞
serape	serape	固有名詞
seraph	seraph	固有名詞
serau	serau	固有名詞
seraw	seraw	固有名詞
seraya	seraya	固有名詞
serb	serb	固有名詞
serbia	serbia	固有名詞
sercom	sercom	固有名詞
serdab	serdab	固有名詞
serdar	serdar	固有名詞
sere	sere	固有名詞
serean	serean	固有名詞
sered	sered	固有名詞
sereh	sereh	固有名詞
serein	serein	固有名詞
serena	serena	固有名詞
serene	serene	固有名詞
sereno	sereno	固有名詞
serer	serer	固有名詞
seres	seres	固有名詞
serest	serest	固有名詞
serf	serf	固有名詞
serfs	serfs	固有名詞
serg	serg	固有名詞
serge	serge	固有名詞
sergei	sergei	固有名詞
serger	serger	固有名詞
serges	serges	固有名詞
sergio	sergio	固有名詞
sergiu	sergiu	固有名詞
sergt	sergt	固有名詞
seri	seri	固有名詞
serial	serial	固有名詞
serian	serian	固有名詞
seric	seric	固有名詞
series	series	固有名詞
serif	serif	固有名詞
serifs	serifs	固有名詞
serin	serin	固有名詞
serine	serine	固有名詞
sering	sering	固有名詞
serins	serins	固有名詞
serio	serio	固有名詞
sermo	sermo	固有名詞
sermon	sermon	固有名詞
sero	sero	固有名詞
seron	seron	固有名詞
seroon	seroon	固有名詞
seroot	seroot	固有名詞
serosa	serosa	固有名詞
serose	serose	固有名詞
serous	serous	固有名詞
serow	serow	固有名詞
serows	serows	固有名詞
serra	serra	固有名詞
serrae	serrae	固有名詞
serrai	serrai	固有名詞
serran	serran	固有名詞
serry	serry	固有名詞
sers	sers	固有名詞
sert	sert	固有名詞
serta	serta	固有名詞
sertum	sertum	固有名詞
serule	serule	固有名詞
serum	serum	固有名詞
serums	serums	固有名詞
serut	serut	固有名詞
serv	serv	固有名詞
serval	serval	固有名詞
serve	serve	固有名詞
served	served	固有名詞
server	server	固有名詞
serves	serves	固有名詞
servet	servet	固有名詞
servo	servo	固有名詞
servos	servos	固有名詞
servus	servus	固有名詞
sesame	sesame	固有名詞
sesban	sesban	固有名詞
seseli	seseli	固有名詞
seshat	seshat	固有名詞
sesia	sesia	固有名詞
seskin	seskin	固有名詞
sesma	sesma	固有名詞
sesqui	sesqui	固有名詞
sess	sess	固有名詞
sessa	sessa	固有名詞
sessed	sessed	固有名詞
sestet	sestet	固有名詞
sesti	sesti	固有名詞
sestia	sestia	固有名詞
seston	seston	固有名詞
sesuto	sesuto	固有名詞
set	set	固有名詞
seta	seta	固有名詞
setae	setae	固有名詞
setal	setal	固有名詞
seth	seth	固有名詞
sethic	sethic	固有名詞
setibo	setibo	固有名詞
setier	setier	固有名詞
setnet	setnet	固有名詞
setoff	setoff	固有名詞
seton	seton	固有名詞
setons	setons	固有名詞
setose	setose	固有名詞
setous	setous	固有名詞
setout	setout	固有名詞
setpfx	setpfx	固有名詞
sets	sets	固有名詞
sett	sett	固有名詞
settee	settee	固有名詞
setter	setter	固有名詞
settle	settle	固有名詞
settos	settos	固有名詞
setuid	setuid	固有名詞
setula	setula	固有名詞
setule	setule	固有名詞
setup	setup	固有名詞
setups	setups	固有名詞
seudah	seudah	固有名詞
seugh	seugh	固有名詞
seve	seve	固有名詞
seven	seven	固有名詞
sevens	sevens	固有名詞
sever	sever	固有名詞
severe	severe	固有名詞
severs	severs	固有名詞
severy	severy	固有名詞
sevier	sevier	固有名詞
sevres	sevres	固有名詞
sevum	sevum	固有名詞
sew	sew	固有名詞
sewage	sewage	固有名詞
sewan	sewan	固有名詞
sewans	sewans	固有名詞
sewar	sewar	固有名詞
sewars	sewars	固有名詞
sewed	sewed	固有名詞
sewen	sewen	固有名詞
sewer	sewer	固有名詞
sewers	sewers	固有名詞
sewery	sewery	固有名詞
sewin	sewin	固有名詞
sewing	sewing	固有名詞
sewn	sewn	固有名詞
sews	sews	固有名詞
sex	sex	固有名詞
sexed	sexed	固有名詞
sexern	sexern	固有名詞
sexes	sexes	固有名詞
sexfid	sexfid	固有名詞
sexier	sexier	固有名詞
sexily	sexily	固有名詞
sexing	sexing	固有名詞
sexism	sexism	固有名詞
sexist	sexist	固有名詞
sexly	sexly	固有名詞
sexpot	sexpot	固有名詞
sext	sext	固有名詞
sextan	sextan	固有名詞
sextar	sextar	固有名詞
sextet	sextet	固有名詞
sextic	sextic	固有名詞
sexto	sexto	固有名詞
sexton	sexton	固有名詞
sextos	sextos	固有名詞
sextry	sextry	固有名詞
sexts	sexts	固有名詞
sextur	sextur	固有名詞
sextus	sextus	固有名詞
sexual	sexual	固有名詞
sexy	sexy	固有名詞
sey	sey	固有名詞
sfm	sfm	固有名詞
sfoot	sfoot	固有名詞
sfree	sfree	固有名詞
sfz	sfz	固有名詞
sgad	sgad	固有名詞
sgd	sgd	固有名詞
sha	sha	固有名詞
shab	shab	固有名詞
shaban	shaban	固有名詞
shabby	shabby	固有名詞
shack	shack	固有名詞
shacko	shacko	固有名詞
shacks	shacks	固有名詞
shacky	shacky	固有名詞
shad	shad	固有名詞
shade	shade	固有名詞
shaded	shaded	固有名詞
shader	shader	固有名詞
shades	shades	固有名詞
shado	shado	固有名詞
shadow	shadow	固有名詞
shads	shads	固有名詞
shaduf	shaduf	固有名詞
shady	shady	固有名詞
shafii	shafii	固有名詞
shaft	shaft	固有名詞
shafts	shafts	固有名詞
shafty	shafty	固有名詞
shag	shag	固有名詞
shaggy	shaggy	固有名詞
shagia	shagia	固有名詞
shags	shags	固有名詞
shah	shah	固有名詞
shahee	shahee	固有名詞
shahi	shahi	固有名詞
shahid	shahid	固有名詞
shahin	shahin	固有名詞
shahs	shahs	固有名詞
shai	shai	固有名詞
shaikh	shaikh	固有名詞
shaird	shaird	固有名詞
shairn	shairn	固有名詞
shaiva	shaiva	固有名詞
shaka	shaka	固有名詞
shake	shake	固有名詞
shaken	shaken	固有名詞
shaker	shaker	固有名詞
shakes	shakes	固有名詞
shakha	shakha	固有名詞
shakil	shakil	固有名詞
shako	shako	固有名詞
shakos	shakos	固有名詞
shakta	shakta	固有名詞
shakti	shakti	固有名詞
shaku	shaku	固有名詞
shaky	shaky	固有名詞
shale	shale	固有名詞
shaled	shaled	固有名詞
shalee	shalee	固有名詞
shales	shales	固有名詞
shall	shall	固有名詞
shallu	shallu	固有名詞
shally	shally	固有名詞
shalom	shalom	固有名詞
shalt	shalt	固有名詞
shaly	shaly	固有名詞
sham	sham	固有名詞
shama	shama	固有名詞
shamal	shamal	固有名詞
shaman	shaman	固有名詞
shamba	shamba	固有名詞
shambu	shambu	固有名詞
shame	shame	固有名詞
shamed	shamed	固有名詞
shamer	shamer	固有名詞
shames	shames	固有名詞
shamim	shamim	固有名詞
shamir	shamir	固有名詞
shammy	shammy	固有名詞
shamoy	shamoy	固有名詞
shams	shams	固有名詞
shamus	shamus	固有名詞
shan	shan	固有名詞
shandy	shandy	固有名詞
shane	shane	固有名詞
shang	shang	固有名詞
shangy	shangy	固有名詞
shank	shank	固有名詞
shanks	shanks	固有名詞
shanna	shanna	固有名詞
shanny	shanny	固有名詞
shansa	shansa	固有名詞
shant	shant	固有名詞
shanti	shanti	固有名詞
shanty	shanty	固有名詞
shap	shap	固有名詞
shape	shape	固有名詞
shaped	shaped	固有名詞
shapen	shapen	固有名詞
shaper	shaper	固有名詞
shapes	shapes	固有名詞
shapka	shapka	固有名詞
shapoo	shapoo	固有名詞
shaps	shaps	固有名詞
shapy	shapy	固有名詞
sharan	sharan	固有名詞
shard	shard	固有名詞
shards	shards	固有名詞
shardy	shardy	固有名詞
share	share	固有名詞
shared	shared	固有名詞
sharer	sharer	固有名詞
shares	shares	固有名詞
shari	shari	固有名詞
sharia	sharia	固有名詞
sharif	sharif	固有名詞
shark	shark	固有名詞
sharki	sharki	固有名詞
sharks	sharks	固有名詞
sharky	sharky	固有名詞
sharn	sharn	固有名詞
sharns	sharns	固有名詞
sharny	sharny	固有名詞
sharon	sharon	固有名詞
sharp	sharp	固有名詞
sharps	sharps	固有名詞
sharpy	sharpy	固有名詞
sharra	sharra	固有名詞
sharry	sharry	固有名詞
shasta	shasta	固有名詞
shat	shat	固有名詞
shatan	shatan	固有名詞
shaugh	shaugh	固有名詞
shaul	shaul	固有名詞
shaula	shaula	固有名詞
shauls	shauls	固有名詞
shaup	shaup	固有名詞
shauri	shauri	固有名詞
shauwe	shauwe	固有名詞
shave	shave	固有名詞
shaved	shaved	固有名詞
shavee	shavee	固有名詞
shaven	shaven	固有名詞
shaver	shaver	固有名詞
shaves	shaves	固有名詞
shavie	shavie	固有名詞
shaw	shaw	固有名詞
shawed	shawed	固有名詞
shawl	shawl	固有名詞
shawls	shawls	固有名詞
shawm	shawm	固有名詞
shawms	shawms	固有名詞
shawn	shawn	固有名詞
shawny	shawny	固有名詞
shaws	shaws	固有名詞
shawy	shawy	固有名詞
shay	shay	固有名詞
shayed	shayed	固有名詞
shaykh	shaykh	固有名詞
shays	shays	固有名詞
shazam	shazam	固有名詞
she	she	固有名詞
shea	shea	固有名詞
sheaf	sheaf	固有名詞
sheafs	sheafs	固有名詞
sheafy	sheafy	固有名詞
sheal	sheal	固有名詞
sheals	sheals	固有名詞
shean	shean	固有名詞
shear	shear	固有名詞
sheard	sheard	固有名詞
shears	shears	固有名詞
sheas	sheas	固有名詞
sheat	sheat	固有名詞
sheath	sheath	固有名詞
sheave	sheave	固有名詞
shebar	shebar	固有名詞
shebat	shebat	固有名詞
shed	shed	固有名詞
sheder	sheder	固有名詞
shedim	shedim	固有名詞
sheds	sheds	固有名詞
shedu	shedu	固有名詞
shee	shee	固有名詞
sheel	sheel	固有名詞
sheely	sheely	固有名詞
sheen	sheen	固有名詞
sheens	sheens	固有名詞
sheeny	sheeny	固有名詞
sheep	sheep	固有名詞
sheepy	sheepy	固有名詞
sheer	sheer	固有名詞
sheers	sheers	固有名詞
sheet	sheet	固有名詞
sheets	sheets	固有名詞
sheety	sheety	固有名詞
sheeve	sheeve	固有名詞
sheik	sheik	固有名詞
sheikh	sheikh	固有名詞
sheiks	sheiks	固有名詞
sheila	sheila	固有名詞
shekel	shekel	固有名詞
shel	shel	固有名詞
shela	shela	固有名詞
shelah	shelah	固有名詞
sheld	sheld	固有名詞
shelf	shelf	固有名詞
shelfy	shelfy	固有名詞
shell	shell	固有名詞
shells	shells	固有名詞
shelly	shelly	固有名詞
shelta	shelta	固有名詞
shelty	shelty	固有名詞
shelve	shelve	固有名詞
shelvy	shelvy	固有名詞
shem	shem	固有名詞
shema	shema	固有名詞
shemu	shemu	固有名詞
shen	shen	固有名詞
shend	shend	固有名詞
shends	shends	固有名詞
sheng	sheng	固有名詞
shent	shent	固有名詞
sheol	sheol	固有名詞
sheols	sheols	固有名詞
sher	sher	固有名詞
sherd	sherd	固有名詞
sherds	sherds	固有名詞
sheria	sheria	固有名詞
sherif	sherif	固有名詞
sherpa	sherpa	固有名詞
sherri	sherri	固有名詞
sherry	sherry	固有名詞
shes	shes	固有名詞
shesha	shesha	固有名詞
sheth	sheth	固有名詞
sheuch	sheuch	固有名詞
sheugh	sheugh	固有名詞
sheva	sheva	固有名詞
shevel	shevel	固有名詞
shevri	shevri	固有名詞
shew	shew	固有名詞
shewa	shewa	固有名詞
shewed	shewed	固有名詞
shewel	shewel	固有名詞
shewer	shewer	固有名詞
shewn	shewn	固有名詞
shews	shews	固有名詞
sheyle	sheyle	固有名詞
shfsep	shfsep	固有名詞
shh	shh	固有名詞
shi	shi	固有名詞
shia	shia	固有名詞
shiah	shiah	固有名詞
shiai	shiai	固有名詞
shibah	shibah	固有名詞
shibar	shibar	固有名詞
shice	shice	固有名詞
shicer	shicer	固有名詞
shick	shick	固有名詞
shide	shide	固有名詞
shied	shied	固有名詞
shiel	shiel	固有名詞
shield	shield	固有名詞
shiels	shiels	固有名詞
shier	shier	固有名詞
shiers	shiers	固有名詞
shies	shies	固有名詞
shiest	shiest	固有名詞
shift	shift	固有名詞
shifts	shifts	固有名詞
shifty	shifty	固有名詞
shih	shih	固有名詞
shiism	shiism	固有名詞
shiite	shiite	固有名詞
shik	shik	固有名詞
shikar	shikar	固有名詞
shikii	shikii	固有名詞
shiko	shiko	固有名詞
shikra	shikra	固有名詞
shiksa	shiksa	固有名詞
shikse	shikse	固有名詞
shilf	shilf	固有名詞
shilfa	shilfa	固有名詞
shilh	shilh	固有名詞
shilha	shilha	固有名詞
shill	shill	固有名詞
shilla	shilla	固有名詞
shills	shills	固有名詞
shilly	shilly	固有名詞
shiloh	shiloh	固有名詞
shily	shily	固有名詞
shim	shim	固有名詞
shimal	shimal	固有名詞
shimei	shimei	固有名詞
shimmy	shimmy	固有名詞
shims	shims	固有名詞
shin	shin	固有名詞
shina	shina	固有名詞
shindy	shindy	固有名詞
shine	shine	固有名詞
shined	shined	固有名詞
shiner	shiner	固有名詞
shines	shines	固有名詞
shinny	shinny	固有名詞
shins	shins	固有名詞
shinto	shinto	固有名詞
shinty	shinty	固有名詞
shiny	shiny	固有名詞
shinza	shinza	固有名詞
ship	ship	固有名詞
shippo	shippo	固有名詞
shippy	shippy	固有名詞
ships	ships	固有名詞
shipt	shipt	固有名詞
shiraz	shiraz	固有名詞
shire	shire	固有名詞
shires	shires	固有名詞
shirk	shirk	固有名詞
shirks	shirks	固有名詞
shirky	shirky	固有名詞
shirl	shirl	固有名詞
shirr	shirr	固有名詞
shirra	shirra	固有名詞
shirrs	shirrs	固有名詞
shirt	shirt	固有名詞
shirts	shirts	固有名詞
shirty	shirty	固有名詞
shish	shish	固有名詞
shisn	shisn	固有名詞
shist	shist	固有名詞
shists	shists	固有名詞
shit	shit	固有名詞
shita	shita	固有名詞
shits	shits	固有名詞
shitty	shitty	固有名詞
shiv	shiv	固有名詞
shiva	shiva	固有名詞
shivah	shivah	固有名詞
shivas	shivas	固有名詞
shive	shive	固有名詞
shiver	shiver	固有名詞
shives	shives	固有名詞
shivey	shivey	固有名詞
shivoo	shivoo	固有名詞
shivs	shivs	固有名詞
shivvy	shivvy	固有名詞
shivy	shivy	固有名詞
shlep	shlep	固有名詞
shlock	shlock	固有名詞
shlu	shlu	固有名詞
shluh	shluh	固有名詞
shmo	shmo	固有名詞
shmoes	shmoes	固有名詞
shnaps	shnaps	固有名詞
shnook	shnook	固有名詞
sho	sho	固有名詞
shoa	shoa	固有名詞
shoad	shoad	固有名詞
shoal	shoal	固有名詞
shoals	shoals	固有名詞
shoaly	shoaly	固有名詞
shoat	shoat	固有名詞
shoats	shoats	固有名詞
shock	shock	固有名詞
shocks	shocks	固有名詞
shod	shod	固有名詞
shoddy	shoddy	固有名詞
shode	shode	固有名詞
shoder	shoder	固有名詞
shoe	shoe	固有名詞
shoed	shoed	固有名詞
shoer	shoer	固有名詞
shoers	shoers	固有名詞
shoes	shoes	固有名詞
shofar	shofar	固有名詞
shoful	shoful	固有名詞
shog	shog	固有名詞
shogi	shogi	固有名詞
shogs	shogs	固有名詞
shogun	shogun	固有名詞
shohet	shohet	固有名詞
shohji	shohji	固有名詞
shoji	shoji	固有名詞
shojis	shojis	固有名詞
shojo	shojo	固有名詞
shola	shola	固有名詞
shole	shole	固有名詞
sholom	sholom	固有名詞
shona	shona	固有名詞
shonde	shonde	固有名詞
shone	shone	固有名詞
shoo	shoo	固有名詞
shood	shood	固有名詞
shooed	shooed	固有名詞
shoofa	shoofa	固有名詞
shooi	shooi	固有名詞
shook	shook	固有名詞
shooks	shooks	固有名詞
shool	shool	固有名詞
shools	shools	固有名詞
shoon	shoon	固有名詞
shoop	shoop	固有名詞
shoor	shoor	固有名詞
shoos	shoos	固有名詞
shoot	shoot	固有名詞
shoots	shoots	固有名詞
shop	shop	固有名詞
shope	shope	固有名詞
shopify	Shopify	固有名詞
shoppe	shoppe	固有名詞
shoppy	shoppy	固有名詞
shops	shops	固有名詞
shoq	shoq	固有名詞
shor	shor	固有名詞
shoran	shoran	固有名詞
shore	shore	固有名詞
shorea	shorea	固有名詞
shored	shored	固有名詞
shorer	shorer	固有名詞
shores	shores	固有名詞
shorl	shorl	固有名詞
shorls	shorls	固有名詞
shorn	shorn	固有名詞
short	short	固有名詞
shorts	shorts	固有名詞
shorty	shorty	固有名詞
shot	shot	固有名詞
shote	shote	固有名詞
shotes	shotes	固有名詞
shots	shots	固有名詞
shott	shott	固有名詞
shotts	shotts	固有名詞
shotty	shotty	固有名詞
shou	shou	固有名詞
shough	shough	固有名詞
should	should	固有名詞
shouse	shouse	固有名詞
shout	shout	固有名詞
shouts	shouts	固有名詞
shoval	shoval	固有名詞
shove	shove	固有名詞
shoved	shoved	固有名詞
shovel	shovel	固有名詞
shover	shover	固有名詞
shoves	shoves	固有名詞
show	show	固有名詞
showd	showd	固有名詞
showed	showed	固有名詞
shower	shower	固有名詞
shown	shown	固有名詞
shows	shows	固有名詞
showup	showup	固有名詞
showy	showy	固有名詞
shoya	shoya	固有名詞
shoyu	shoyu	固有名詞
shp	shp	固有名詞
shpt	shpt	固有名詞
shr	shr	固有名詞
shrab	shrab	固有名詞
shradd	shradd	固有名詞
shradh	shradh	固有名詞
shraf	shraf	固有名詞
shrag	shrag	固有名詞
shram	shram	固有名詞
shrame	shrame	固有名詞
shrank	shrank	固有名詞
shrap	shrap	固有名詞
shrape	shrape	固有名詞
shrave	shrave	固有名詞
shred	shred	固有名詞
shreds	shreds	固有名詞
shree	shree	固有名詞
shrend	shrend	固有名詞
shrew	shrew	固有名詞
shrewd	shrewd	固有名詞
shrews	shrews	固有名詞
shri	shri	固有名詞
shride	shride	固有名詞
shriek	shriek	固有名詞
shrift	shrift	固有名詞
shrike	shrike	固有名詞
shrill	shrill	固有名詞
shrimp	shrimp	固有名詞
shrine	shrine	固有名詞
shrink	shrink	固有名詞
shrip	shrip	固有名詞
shris	shris	固有名詞
shrite	shrite	固有名詞
shrive	shrive	固有名詞
shroff	shroff	固有名詞
shrog	shrog	固有名詞
shrogs	shrogs	固有名詞
shroud	shroud	固有名詞
shrove	shrove	固有名詞
shrovy	shrovy	固有名詞
shrub	shrub	固有名詞
shrubs	shrubs	固有名詞
shruff	shruff	固有名詞
shrug	shrug	固有名詞
shrugs	shrugs	固有名詞
shrunk	shrunk	固有名詞
shrups	shrups	固有名詞
shruti	shruti	固有名詞
sht	sht	固有名詞
shtetl	shtetl	固有名詞
shtg	shtg	固有名詞
shtick	shtick	固有名詞
shu	shu	固有名詞
shuba	shuba	固有名詞
shuck	shuck	固有名詞
shucks	shucks	固有名詞
shudna	shudna	固有名詞
shuff	shuff	固有名詞
shufty	shufty	固有名詞
shug	shug	固有名詞
shuggy	shuggy	固有名詞
shul	shul	固有名詞
shuler	shuler	固有名詞
shuln	shuln	固有名詞
shuls	shuls	固有名詞
shumac	shumac	固有名詞
shumal	shumal	固有名詞
shun	shun	固有名詞
shune	shune	固有名詞
shuns	shuns	固有名詞
shunt	shunt	固有名詞
shunts	shunts	固有名詞
shure	shure	固有名詞
shurf	shurf	固有名詞
shush	shush	固有名詞
shut	shut	固有名詞
shute	shute	固有名詞
shuted	shuted	固有名詞
shutes	shutes	固有名詞
shuts	shuts	固有名詞
shuvra	shuvra	固有名詞
shwa	shwa	固有名詞
shwebo	shwebo	固有名詞
shy	shy	固有名詞
shyam	shyam	固有名詞
shyer	shyer	固有名詞
shyers	shyers	固有名詞
shyest	shyest	固有名詞
shying	shying	固有名詞
shyish	shyish	固有名詞
shyly	shyly	固有名詞
shypoo	shypoo	固有名詞
sia	sia	固有名詞
siafu	siafu	固有名詞
siak	siak	固有名詞
sial	sial	固有名詞
sialia	sialia	固有名詞
sialic	sialic	固有名詞
sialid	sialid	固有名詞
sialis	sialis	固有名詞
sials	sials	固有名詞
siam	siam	固有名詞
sib	sib	固有名詞
sibb	sibb	固有名詞
sibbed	sibbed	固有名詞
sibber	sibber	固有名詞
sibbs	sibbs	固有名詞
sibby	sibby	固有名詞
sibs	sibs	固有名詞
sibyl	sibyl	固有名詞
sibyls	sibyls	固有名詞
sic	sic	固有名詞
sicana	sicana	固有名詞
sicani	sicani	固有名詞
sicc	sicc	固有名詞
sicca	sicca	固有名詞
siccan	siccan	固有名詞
siccar	siccar	固有名詞
sicced	sicced	固有名詞
sice	sice	固有名詞
sicel	sicel	固有名詞
sicer	sicer	固有名詞
sices	sices	固有名詞
sich	sich	固有名詞
sicht	sicht	固有名詞
sicily	sicily	固有名詞
sick	sick	固有名詞
sicked	sicked	固有名詞
sicken	sicken	固有名詞
sicker	sicker	固有名詞
sicket	sicket	固有名詞
sickie	sickie	固有名詞
sickle	sickle	固有名詞
sickly	sickly	固有名詞
sicks	sicks	固有名詞
sicle	sicle	固有名詞
sics	sics	固有名詞
sicsac	sicsac	固有名詞
sicula	sicula	固有名詞
siculi	siculi	固有名詞
sicyos	sicyos	固有名詞
sid	sid	固有名詞
sida	sida	固有名詞
sidder	sidder	固有名詞
siddha	siddha	固有名詞
siddhi	siddhi	固有名詞
siddow	siddow	固有名詞
siddur	siddur	固有名詞
side	side	固有名詞
sided	sided	固有名詞
sider	sider	固有名詞
sides	sides	固有名詞
sidest	sidest	固有名詞
sidhe	sidhe	固有名詞
sidi	sidi	固有名詞
sidia	sidia	固有名詞
siding	siding	固有名詞
sidion	sidion	固有名詞
sidle	sidle	固有名詞
sidled	sidled	固有名詞
sidler	sidler	固有名詞
sidles	sidles	固有名詞
sidney	sidney	固有名詞
sidth	sidth	固有名詞
sidy	sidy	固有名詞
sie	sie	固有名詞
siecle	siecle	固有名詞
siege	siege	固有名詞
sieged	sieged	固有名詞
sieger	sieger	固有名詞
sieges	sieges	固有名詞
siena	siena	固有名詞
sienna	sienna	固有名詞
sier	sier	固有名詞
sierra	sierra	固有名詞
siest	siest	固有名詞
siesta	siesta	固有名詞
sieur	sieur	固有名詞
sieurs	sieurs	固有名詞
sieva	sieva	固有名詞
sieve	sieve	固有名詞
sieved	sieved	固有名詞
siever	siever	固有名詞
sieves	sieves	固有名詞
sievy	sievy	固有名詞
sifac	sifac	固有名詞
sifaka	sifaka	固有名詞
sife	sife	固有名詞
siffle	siffle	固有名詞
sift	sift	固有名詞
sifted	sifted	固有名詞
sifter	sifter	固有名詞
sifts	sifts	固有名詞
sig	sig	固有名詞
sigger	sigger	固有名詞
sigh	sigh	固有名詞
sighed	sighed	固有名詞
sigher	sigher	固有名詞
sighs	sighs	固有名詞
sight	sight	固有名詞
sights	sights	固有名詞
sighty	sighty	固有名詞
sigil	sigil	固有名詞
sigill	sigill	固有名詞
sigils	sigils	固有名詞
sigla	sigla	固有名詞
sigloi	sigloi	固有名詞
siglos	siglos	固有名詞
siglum	siglum	固有名詞
sigma	sigma	固有名詞
sigmas	sigmas	固有名詞
sign	sign	固有名詞
signa	signa	固有名詞
signal	signal	固有名詞
signed	signed	固有名詞
signee	signee	固有名詞
signer	signer	固有名詞
signet	signet	固有名詞
signoi	signoi	固有名詞
signon	signon	固有名詞
signor	signor	固有名詞
signs	signs	固有名詞
signum	signum	固有名詞
sigrim	sigrim	固有名詞
sigurd	sigurd	固有名詞
sijill	sijill	固有名詞
sika	sika	固有名詞
sikar	sikar	固有名詞
sikara	sikara	固有名詞
sike	sike	固有名詞
siker	siker	固有名詞
sikes	sikes	固有名詞
siket	siket	固有名詞
sikh	sikh	固有名詞
sikhra	sikhra	固有名詞
sikhs	sikhs	固有名詞
sikimi	sikimi	固有名詞
sikkim	sikkim	固有名詞
sikra	sikra	固有名詞
sil	sil	固有名詞
silage	silage	固有名詞
silane	silane	固有名詞
silas	silas	固有名詞
sild	sild	固有名詞
silds	silds	固有名詞
sile	sile	固有名詞
silen	silen	固有名詞
silene	silene	固有名詞
sileni	sileni	固有名詞
silent	silent	固有名詞
siletz	siletz	固有名詞
silex	silex	固有名詞
silica	silica	固有名詞
silico	silico	固有名詞
silk	silk	固有名詞
silked	silked	固有名詞
silken	silken	固有名詞
silker	silker	固有名詞
silkie	silkie	固有名詞
silks	silks	固有名詞
silky	silky	固有名詞
sill	sill	固有名詞
sillar	sillar	固有名詞
siller	siller	固有名詞
sillon	sillon	固有名詞
sills	sills	固有名詞
silly	silly	固有名詞
silo	silo	固有名詞
siloam	siloam	固有名詞
siloed	siloed	固有名詞
silos	silos	固有名詞
silpha	silpha	固有名詞
silt	silt	固有名詞
silted	silted	固有名詞
silts	silts	固有名詞
silty	silty	固有名詞
silure	silure	固有名詞
silva	silva	固有名詞
silvae	silvae	固有名詞
silvan	silvan	固有名詞
silvas	silvas	固有名詞
silver	silver	固有名詞
silvex	silvex	固有名詞
silvia	silvia	固有名詞
silyl	silyl	固有名詞
sim	sim	固有名詞
sima	sima	固有名詞
simaba	simaba	固有名詞
simal	simal	固有名詞
simar	simar	固有名詞
simara	simara	固有名詞
simars	simars	固有名詞
simas	simas	固有名詞
simba	simba	固有名詞
simbil	simbil	固有名詞
simcon	simcon	固有名詞
sime	sime	固有名詞
simeon	simeon	固有名詞
simia	simia	固有名詞
simiad	simiad	固有名詞
simial	simial	固有名詞
simian	simian	固有名詞
simiid	simiid	固有名詞
simile	simile	固有名詞
simity	simity	固有名詞
simkin	simkin	固有名詞
simlin	simlin	固有名詞
simmer	simmer	固有名詞
simmon	simmon	固有名詞
simnel	simnel	固有名詞
simon	simon	固有名詞
simony	simony	固有名詞
simool	simool	固有名詞
simoom	simoom	固有名詞
simoon	simoon	固有名詞
simous	simous	固有名詞
simp	simp	固有名詞
simpai	simpai	固有名詞
simper	simper	固有名詞
simple	simple	固有名詞
simply	simply	固有名詞
simps	simps	固有名詞
sims	sims	固有名詞
simsim	simsim	固有名詞
simson	simson	固有名詞
simul	simul	固有名詞
simula	simula	固有名詞
simule	simule	固有名詞
simurg	simurg	固有名詞
sin	sin	固有名詞
sina	sina	固有名詞
sinae	sinae	固有名詞
sinaic	sinaic	固有名詞
sinal	sinal	固有名詞
sinawa	sinawa	固有名詞
since	since	固有名詞
sind	sind	固有名詞
sinder	sinder	固有名詞
sindhi	sindhi	固有名詞
sindle	sindle	固有名詞
sindoc	sindoc	固有名詞
sindon	sindon	固有名詞
sindry	sindry	固有名詞
sine	sine	固有名詞
sines	sines	固有名詞
sinew	sinew	固有名詞
sinews	sinews	固有名詞
sinewy	sinewy	固有名詞
sinful	sinful	固有名詞
sing	sing	固有名詞
singe	singe	固有名詞
singed	singed	固有名詞
singer	singer	固有名詞
singes	singes	固有名詞
singey	singey	固有名詞
singfo	singfo	固有名詞
singh	singh	固有名詞
single	single	固有名詞
singly	singly	固有名詞
sings	sings	固有名詞
sinh	sinh	固有名詞
sinhs	sinhs	固有名詞
sinian	sinian	固有名詞
sinic	sinic	固有名詞
sinico	sinico	固有名詞
sinify	sinify	固有名詞
sinism	sinism	固有名詞
sinite	sinite	固有名詞
sinjer	sinjer	固有名詞
sink	sink	固有名詞
sinked	sinked	固有名詞
sinker	sinker	固有名詞
sinks	sinks	固有名詞
sinky	sinky	固有名詞
sinned	sinned	固有名詞
sinnen	sinnen	固有名詞
sinner	sinner	固有名詞
sinnet	sinnet	固有名詞
sinon	sinon	固有名詞
sins	sins	固有名詞
sinter	sinter	固有名詞
sinto	sinto	固有名詞
sintoc	sintoc	固有名詞
sintu	sintu	固有名詞
sinus	sinus	固有名詞
sinzer	sinzer	固有名詞
siol	siol	固有名詞
sion	sion	固有名詞
siouan	siouan	固有名詞
sioux	sioux	固有名詞
sip	sip	固有名詞
sipage	sipage	固有名詞
sipapu	sipapu	固有名詞
sipe	sipe	固有名詞
siped	siped	固有名詞
siper	siper	固有名詞
sipers	sipers	固有名詞
sipes	sipes	固有名詞
siphac	siphac	固有名詞
siphon	siphon	固有名詞
sipibo	sipibo	固有名詞
sipid	sipid	固有名詞
siping	siping	固有名詞
sipped	sipped	固有名詞
sipper	sipper	固有名詞
sippet	sippet	固有名詞
sippio	sippio	固有名詞
sipple	sipple	固有名詞
sippy	sippy	固有名詞
sips	sips	固有名詞
sir	sir	固有名詞
sircar	sircar	固有名詞
sirdar	sirdar	固有名詞
sire	sire	固有名詞
sired	sired	固有名詞
siree	siree	固有名詞
sirees	sirees	固有名詞
siren	siren	固有名詞
sirene	sirene	固有名詞
sirens	sirens	固有名詞
sireny	sireny	固有名詞
sires	sires	固有名詞
siress	siress	固有名詞
sirex	sirex	固有名詞
sirian	sirian	固有名詞
sirih	sirih	固有名詞
siring	siring	固有名詞
siris	siris	固有名詞
sirius	sirius	固有名詞
sirkar	sirkar	固有名詞
sirki	sirki	固有名詞
sirky	sirky	固有名詞
siroc	siroc	固有名詞
sirop	sirop	固有名詞
siros	siros	固有名詞
sirpea	sirpea	固有名詞
sirple	sirple	固有名詞
sirra	sirra	固有名詞
sirrah	sirrah	固有名詞
sirras	sirras	固有名詞
sirree	sirree	固有名詞
sirs	sirs	固有名詞
sirup	sirup	固有名詞
sirups	sirups	固有名詞
sirupy	sirupy	固有名詞
siryan	siryan	固有名詞
sis	sis	固有名詞
sisal	sisal	固有名詞
sisals	sisals	固有名詞
sise	sise	固有名詞
sisel	sisel	固有名詞
sises	sises	固有名詞
sish	sish	固有名詞
sisham	sisham	固有名詞
sisi	sisi	固有名詞
sisith	sisith	固有名詞
siskin	siskin	固有名詞
sisley	sisley	固有名詞
siss	siss	固有名詞
sissoo	sissoo	固有名詞
sissu	sissu	固有名詞
sissy	sissy	固有名詞
sist	sist	固有名詞
sisten	sisten	固有名詞
sister	sister	固有名詞
sistle	sistle	固有名詞
sistra	sistra	固有名詞
sit	sit	固有名詞
sita	sita	固有名詞
sitao	sitao	固有名詞
sitar	sitar	固有名詞
sitars	sitars	固有名詞
sitch	sitch	固有名詞
sitcom	sitcom	固有名詞
site	site	固有名詞
sited	sited	固有名詞
sites	sites	固有名詞
sith	sith	固有名詞
sithe	sithe	固有名詞
sithen	sithen	固有名詞
sithes	sithes	固有名詞
siti	siti	固有名詞
siting	siting	固有名詞
sitio	sitio	固有名詞
sitka	sitka	固有名詞
sitkan	sitkan	固有名詞
sitrep	sitrep	固有名詞
sits	sits	固有名詞
sitta	sitta	固有名詞
sittee	sittee	固有名詞
sitten	sitten	固有名詞
sitter	sitter	固有名詞
situ	situ	固有名詞
situal	situal	固有名詞
situla	situla	固有名詞
situp	situp	固有名詞
situps	situps	固有名詞
situs	situs	固有名詞
sitz	sitz	固有名詞
sium	sium	固有名詞
siums	siums	固有名詞
siusi	siusi	固有名詞
siva	siva	固有名詞
sivan	sivan	固有名詞
siver	siver	固有名詞
sivers	sivers	固有名詞
siwan	siwan	固有名詞
siwash	siwash	固有名詞
siwens	siwens	固有名詞
six	six	固有名詞
sixain	sixain	固有名詞
sixer	sixer	固有名詞
sixes	sixes	固有名詞
sixgun	sixgun	固有名詞
sixing	sixing	固有名詞
sixish	sixish	固有名詞
sixmo	sixmo	固有名詞
sixmos	sixmos	固有名詞
sixte	sixte	固有名詞
sixtes	sixtes	固有名詞
sixth	sixth	固有名詞
sixths	sixths	固有名詞
sixtus	sixtus	固有名詞
sixty	sixty	固有名詞
sizal	sizal	固有名詞
sizar	sizar	固有名詞
sizars	sizars	固有名詞
size	size	固有名詞
sized	sized	固有名詞
sizer	sizer	固有名詞
sizers	sizers	固有名詞
sizes	sizes	固有名詞
sizier	sizier	固有名詞
sizing	sizing	固有名詞
sizy	sizy	固有名詞
sizz	sizz	固有名詞
sizzle	sizzle	固有名詞
sjaak	sjaak	固有名詞
sjomil	sjomil	固有名詞
sjouke	sjouke	固有名詞
skaff	skaff	固有名詞
skag	skag	固有名詞
skags	skags	固有名詞
skail	skail	固有名詞
skair	skair	固有名詞
skal	skal	固有名詞
skald	skald	固有名詞
skalds	skalds	固有名詞
skance	skance	固有名詞
skanda	skanda	固有名詞
skart	skart	固有名詞
skat	skat	固有名詞
skate	skate	固有名詞
skated	skated	固有名詞
skater	skater	固有名詞
skates	skates	固有名詞
skatol	skatol	固有名詞
skats	skats	固有名詞
skaw	skaw	固有名詞
skean	skean	固有名詞
skeane	skeane	固有名詞
skeans	skeans	固有名詞
skeat	skeat	固有名詞
sked	sked	固有名詞
skedge	skedge	固有名詞
skee	skee	固有名詞
skeech	skeech	固有名詞
skeed	skeed	固有名詞
skeeg	skeeg	固有名詞
skeel	skeel	固有名詞
skeely	skeely	固有名詞
skeen	skeen	固有名詞
skeens	skeens	固有名詞
skeer	skeer	固有名詞
skeery	skeery	固有名詞
skees	skees	固有名詞
skeet	skeet	固有名詞
skeets	skeets	固有名詞
skef	skef	固有名詞
skeg	skeg	固有名詞
skegs	skegs	固有名詞
skeich	skeich	固有名詞
skeif	skeif	固有名詞
skeigh	skeigh	固有名詞
skeily	skeily	固有名詞
skein	skein	固有名詞
skeins	skeins	固有名詞
skeipp	skeipp	固有名詞
skel	skel	固有名詞
skelet	skelet	固有名詞
skelf	skelf	固有名詞
skelic	skelic	固有名詞
skell	skell	固有名詞
skelly	skelly	固有名詞
skelp	skelp	固有名詞
skelps	skelps	固有名詞
skelvy	skelvy	固有名詞
skemp	skemp	固有名詞
sken	sken	固有名詞
skenai	skenai	固有名詞
skene	skene	固有名詞
skenes	skenes	固有名詞
skeo	skeo	固有名詞
skep	skep	固有名詞
skeppe	skeppe	固有名詞
skeps	skeps	固有名詞
sker	sker	固有名詞
skere	skere	固有名詞
skerry	skerry	固有名詞
skers	skers	固有名詞
sket	sket	固有名詞
sketch	sketch	固有名詞
skete	skete	固有名詞
skew	skew	固有名詞
skewed	skewed	固有名詞
skewer	skewer	固有名詞
skewl	skewl	固有名詞
skewly	skewly	固有名詞
skews	skews	固有名詞
skewy	skewy	固有名詞
skey	skey	固有名詞
skhian	skhian	固有名詞
ski	ski	固有名詞
skibby	skibby	固有名詞
skibob	skibob	固有名詞
skice	skice	固有名詞
skid	skid	固有名詞
skiddy	skiddy	固有名詞
skidi	skidi	固有名詞
skidoo	skidoo	固有名詞
skids	skids	固有名詞
skiech	skiech	固有名詞
skied	skied	固有名詞
skiegh	skiegh	固有名詞
skier	skier	固有名詞
skiers	skiers	固有名詞
skies	skies	固有名詞
skieur	skieur	固有名詞
skiey	skiey	固有名詞
skiff	skiff	固有名詞
skiffs	skiffs	固有名詞
skift	skift	固有名詞
skiing	skiing	固有名詞
skiis	skiis	固有名詞
skil	skil	固有名詞
skill	skill	固有名詞
skillo	skillo	固有名詞
skills	skills	固有名詞
skilly	skilly	固有名詞
skilts	skilts	固有名詞
skilty	skilty	固有名詞
skim	skim	固有名詞
skime	skime	固有名詞
skimo	skimo	固有名詞
skimos	skimos	固有名詞
skimp	skimp	固有名詞
skimps	skimps	固有名詞
skimpy	skimpy	固有名詞
skims	skims	固有名詞
skin	skin	固有名詞
skinch	skinch	固有名詞
skink	skink	固有名詞
skinks	skinks	固有名詞
skinny	skinny	固有名詞
skins	skins	固有名詞
skint	skint	固有名詞
skip	skip	固有名詞
skippy	skippy	固有名詞
skips	skips	固有名詞
skirl	skirl	固有名詞
skirls	skirls	固有名詞
skirp	skirp	固有名詞
skirr	skirr	固有名詞
skirrs	skirrs	固有名詞
skirt	skirt	固有名詞
skirts	skirts	固有名詞
skirty	skirty	固有名詞
skis	skis	固有名詞
skit	skit	固有名詞
skite	skite	固有名詞
skited	skited	固有名詞
skiter	skiter	固有名詞
skites	skites	固有名詞
skits	skits	固有名詞
skitty	skitty	固有名詞
skiv	skiv	固有名詞
skive	skive	固有名詞
skived	skived	固有名詞
skiver	skiver	固有名詞
skives	skives	固有名詞
skivie	skivie	固有名詞
skivvy	skivvy	固有名詞
skivy	skivy	固有名詞
skiwy	skiwy	固有名詞
sklate	sklate	固有名詞
sklent	sklent	固有名詞
skoal	skoal	固有名詞
skoals	skoals	固有名詞
skol	skol	固有名詞
skolly	skolly	固有名詞
skoo	skoo	固有名詞
skoot	skoot	固有名詞
skout	skout	固有名詞
skouth	skouth	固有名詞
skreel	skreel	固有名詞
skrike	skrike	固有名詞
skryer	skryer	固有名詞
skua	skua	固有名詞
skuas	skuas	固有名詞
skulk	skulk	固有名詞
skulks	skulks	固有名詞
skull	skull	固有名詞
skulls	skulls	固有名詞
skully	skully	固有名詞
skulp	skulp	固有名詞
skun	skun	固有名詞
skunk	skunk	固有名詞
skunks	skunks	固有名詞
skunky	skunky	固有名詞
skurry	skurry	固有名詞
skuse	skuse	固有名詞
sky	sky	固有名詞
skybal	skybal	固有名詞
skycap	skycap	固有名詞
skye	skye	固有名詞
skyed	skyed	固有名詞
skyey	skyey	固有名詞
skyfte	skyfte	固有名詞
skyful	skyful	固有名詞
skying	skying	固有名詞
skyish	skyish	固有名詞
skylab	skylab	固有名詞
skyman	skyman	固有名詞
skymen	skymen	固有名詞
skyre	skyre	固有名詞
skyrin	skyrin	固有名詞
skys	skys	固有名詞
skyte	skyte	固有名詞
skyway	skyway	固有名詞
sla	sla	固有名詞
slab	slab	固有名詞
slabby	slabby	固有名詞
slabs	slabs	固有名詞
slack	Slack	固有名詞
slacks	slacks	固有名詞
slad	slad	固有名詞
slade	slade	固有名詞
slae	slae	固有名詞
slag	slag	固有名詞
slaggy	slaggy	固有名詞
slags	slags	固有名詞
slain	slain	固有名詞
slait	slait	固有名詞
slake	slake	固有名詞
slaked	slaked	固有名詞
slaker	slaker	固有名詞
slakes	slakes	固有名詞
slakin	slakin	固有名詞
slaky	slaky	固有名詞
slalom	slalom	固有名詞
slam	slam	固有名詞
slamp	slamp	固有名詞
slams	slams	固有名詞
slane	slane	固有名詞
slang	slang	固有名詞
slangs	slangs	固有名詞
slangy	slangy	固有名詞
slank	slank	固有名詞
slant	slant	固有名詞
slants	slants	固有名詞
slap	slap	固有名詞
slape	slape	固有名詞
slappy	slappy	固有名詞
slaps	slaps	固有名詞
slare	slare	固有名詞
slart	slart	固有名詞
slarth	slarth	固有名詞
slash	slash	固有名詞
slashy	slashy	固有名詞
slask	slask	固有名詞
slat	slat	固有名詞
slatch	slatch	固有名詞
slate	slate	固有名詞
slated	slated	固有名詞
slater	slater	固有名詞
slates	slates	固有名詞
slath	slath	固有名詞
slats	slats	固有名詞
slaty	slaty	固有名詞
slaum	slaum	固有名詞
slav	slav	固有名詞
slave	slave	固有名詞
slaved	slaved	固有名詞
slaver	slaver	固有名詞
slaves	slaves	固有名詞
slavey	slavey	固有名詞
slavi	slavi	固有名詞
slavic	slavic	固有名詞
slavin	slavin	固有名詞
slavs	slavs	固有名詞
slaw	slaw	固有名詞
slaws	slaws	固有名詞
slay	slay	固有名詞
slayed	slayed	固有名詞
slayer	slayer	固有名詞
slays	slays	固有名詞
sld	sld	固有名詞
sleave	sleave	固有名詞
sleazy	sleazy	固有名詞
sleb	sleb	固有名詞
sleck	sleck	固有名詞
sled	sled	固有名詞
sledge	sledge	固有名詞
sleds	sleds	固有名詞
slee	slee	固有名詞
sleech	sleech	固有名詞
sleek	sleek	固有名詞
sleeks	sleeks	固有名詞
sleeky	sleeky	固有名詞
sleep	sleep	固有名詞
sleeps	sleeps	固有名詞
sleepy	sleepy	固有名詞
sleer	sleer	固有名詞
sleet	sleet	固有名詞
sleets	sleets	固有名詞
sleety	sleety	固有名詞
sleeve	sleeve	固有名詞
sleezy	sleezy	固有名詞
sleigh	sleigh	固有名詞
slent	slent	固有名詞
slepez	slepez	固有名詞
slept	slept	固有名詞
slete	slete	固有名詞
sleuth	sleuth	固有名詞
slew	slew	固有名詞
slewed	slewed	固有名詞
slewer	slewer	固有名詞
slews	slews	固有名詞
slewth	slewth	固有名詞
sley	sley	固有名詞
sleyed	sleyed	固有名詞
sleyer	sleyer	固有名詞
sleys	sleys	固有名詞
slice	slice	固有名詞
sliced	sliced	固有名詞
slicer	slicer	固有名詞
slices	slices	固有名詞
slich	slich	固有名詞
slicht	slicht	固有名詞
slick	slick	固有名詞
slicks	slicks	固有名詞
slid	slid	固有名詞
slide	slide	固有名詞
slided	slided	固有名詞
slider	slider	固有名詞
slides	slides	固有名詞
slier	slier	固有名詞
sliest	sliest	固有名詞
slight	slight	固有名詞
slik	slik	固有名詞
slily	slily	固有名詞
slim	slim	固有名詞
slime	slime	固有名詞
slimed	slimed	固有名詞
slimer	slimer	固有名詞
slimes	slimes	固有名詞
slimly	slimly	固有名詞
slims	slims	固有名詞
slimsy	slimsy	固有名詞
slimy	slimy	固有名詞
sline	sline	固有名詞
sling	sling	固有名詞
slinge	slinge	固有名詞
slings	slings	固有名詞
slink	slink	固有名詞
slinks	slinks	固有名詞
slinky	slinky	固有名詞
slinte	slinte	固有名詞
slip	slip	固有名詞
slipe	slipe	固有名詞
sliped	sliped	固有名詞
slipes	slipes	固有名詞
slippy	slippy	固有名詞
slips	slips	固有名詞
slipt	slipt	固有名詞
slipup	slipup	固有名詞
slirt	slirt	固有名詞
slish	slish	固有名詞
slit	slit	固有名詞
slitch	slitch	固有名詞
slite	slite	固有名詞
slithy	slithy	固有名詞
slits	slits	固有名詞
slitty	slitty	固有名詞
slive	slive	固有名詞
sliver	sliver	固有名詞
sliwer	sliwer	固有名詞
sloan	sloan	固有名詞
sloat	sloat	固有名詞
slob	slob	固有名詞
slobby	slobby	固有名詞
slobs	slobs	固有名詞
slock	slock	固有名詞
slod	slod	固有名詞
slodge	slodge	固有名詞
sloe	sloe	固有名詞
sloes	sloes	固有名詞
slog	slog	固有名詞
slogan	slogan	固有名詞
slogs	slogs	固有名詞
sloid	sloid	固有名詞
sloids	sloids	固有名詞
slojd	slojd	固有名詞
slojds	slojds	固有名詞
sloka	sloka	固有名詞
sloke	sloke	固有名詞
sloked	sloked	固有名詞
sloken	sloken	固有名詞
slon	slon	固有名詞
slone	slone	固有名詞
slonk	slonk	固有名詞
sloo	sloo	固有名詞
sloom	sloom	固有名詞
sloomy	sloomy	固有名詞
sloop	sloop	固有名詞
sloops	sloops	固有名詞
sloosh	sloosh	固有名詞
sloot	sloot	固有名詞
slop	slop	固有名詞
slope	slope	固有名詞
sloped	sloped	固有名詞
sloper	sloper	固有名詞
slopes	slopes	固有名詞
sloppy	sloppy	固有名詞
slops	slops	固有名詞
slopy	slopy	固有名詞
slorp	slorp	固有名詞
slosh	slosh	固有名詞
sloshy	sloshy	固有名詞
slot	slot	固有名詞
slote	slote	固有名詞
sloted	sloted	固有名詞
sloth	sloth	固有名詞
sloths	sloths	固有名詞
slots	slots	固有名詞
slouch	slouch	固有名詞
slough	slough	固有名詞
slour	slour	固有名詞
sloush	sloush	固有名詞
slovak	slovak	固有名詞
sloven	sloven	固有名詞
slow	slow	固有名詞
slowed	slowed	固有名詞
slower	slower	固有名詞
slowly	slowly	固有名詞
slows	slows	固有名詞
slowup	slowup	固有名詞
sloyd	sloyd	固有名詞
sloyds	sloyds	固有名詞
slt	slt	固有名詞
slub	slub	固有名詞
slubby	slubby	固有名詞
slubs	slubs	固有名詞
slud	slud	固有名詞
sludge	sludge	固有名詞
sludgy	sludgy	固有名詞
slue	slue	固有名詞
slued	slued	固有名詞
sluer	sluer	固有名詞
slues	slues	固有名詞
sluff	sluff	固有名詞
sluffs	sluffs	固有名詞
slug	slug	固有名詞
sluggy	sluggy	固有名詞
slugs	slugs	固有名詞
sluice	sluice	固有名詞
sluicy	sluicy	固有名詞
sluig	sluig	固有名詞
sluing	sluing	固有名詞
sluit	sluit	固有名詞
slum	slum	固有名詞
slummy	slummy	固有名詞
slump	slump	固有名詞
slumps	slumps	固有名詞
slumpy	slumpy	固有名詞
slums	slums	固有名詞
slung	slung	固有名詞
slunge	slunge	固有名詞
slunk	slunk	固有名詞
slup	slup	固有名詞
slur	slur	固有名詞
slurb	slurb	固有名詞
slurbs	slurbs	固有名詞
slurp	slurp	固有名詞
slurps	slurps	固有名詞
slurry	slurry	固有名詞
slurs	slurs	固有名詞
slush	slush	固有名詞
slushy	slushy	固有名詞
slut	slut	固有名詞
slutch	slutch	固有名詞
sluts	sluts	固有名詞
slutty	slutty	固有名詞
sly	sly	固有名詞
slyer	slyer	固有名詞
slyest	slyest	固有名詞
slyish	slyish	固有名詞
slyly	slyly	固有名詞
slype	slype	固有名詞
slypes	slypes	固有名詞
sma	sma	固有名詞
smack	smack	固有名詞
smacks	smacks	固有名詞
smaik	smaik	固有名詞
small	small	固有名詞
smalls	smalls	固有名詞
smally	smally	固有名詞
smalm	smalm	固有名詞
smalt	smalt	固有名詞
smalti	smalti	固有名詞
smalto	smalto	固有名詞
smalts	smalts	固有名詞
smaltz	smaltz	固有名詞
smarm	smarm	固有名詞
smarms	smarms	固有名詞
smarmy	smarmy	固有名詞
smart	smart	固有名詞
smarts	smarts	固有名詞
smarty	smarty	固有名詞
smash	smash	固有名詞
smatch	smatch	固有名詞
smaze	smaze	固有名詞
smazes	smazes	固有名詞
smear	smear	固有名詞
smears	smears	固有名詞
smeary	smeary	固有名詞
smeath	smeath	固有名詞
smee	smee	固有名詞
smeech	smeech	固有名詞
smeek	smeek	固有名詞
smeeks	smeeks	固有名詞
smeeky	smeeky	固有名詞
smeer	smeer	固有名詞
smeeth	smeeth	固有名詞
smegma	smegma	固有名詞
smell	smell	固有名詞
smells	smells	固有名詞
smelly	smelly	固有名詞
smelt	smelt	固有名詞
smelts	smelts	固有名詞
smerk	smerk	固有名詞
smerks	smerks	固有名詞
smervy	smervy	固有名詞
smeth	smeth	固有名詞
smethe	smethe	固有名詞
smeuse	smeuse	固有名詞
smeuth	smeuth	固有名詞
smew	smew	固有名詞
smews	smews	固有名詞
smich	smich	固有名詞
smiddy	smiddy	固有名詞
smidge	smidge	固有名詞
smift	smift	固有名詞
smilax	smilax	固有名詞
smile	smile	固有名詞
smiled	smiled	固有名詞
smiler	smiler	固有名詞
smiles	smiles	固有名詞
smilet	smilet	固有名詞
smiley	smiley	固有名詞
smily	smily	固有名詞
smirch	smirch	固有名詞
smiris	smiris	固有名詞
smirk	smirk	固有名詞
smirks	smirks	固有名詞
smirky	smirky	固有名詞
smit	smit	固有名詞
smitch	smitch	固有名詞
smite	smite	固有名詞
smiter	smiter	固有名詞
smites	smites	固有名詞
smith	smith	固有名詞
smiths	smiths	固有名詞
smithy	smithy	固有名詞
sml	sml	固有名詞
smock	smock	固有名詞
smocks	smocks	固有名詞
smog	smog	固有名詞
smoggy	smoggy	固有名詞
smogs	smogs	固有名詞
smoke	smoke	固有名詞
smoked	smoked	固有名詞
smoker	smoker	固有名詞
smokes	smokes	固有名詞
smokey	smokey	固有名詞
smoko	smoko	固有名詞
smokos	smokos	固有名詞
smoky	smoky	固有名詞
smolt	smolt	固有名詞
smolts	smolts	固有名詞
smooch	smooch	固有名詞
smooge	smooge	固有名詞
smook	smook	固有名詞
smoos	smoos	固有名詞
smoot	smoot	固有名詞
smooth	smooth	固有名詞
smore	smore	固有名詞
smote	smote	固有名詞
smouch	smouch	固有名詞
smous	smous	固有名詞
smouse	smouse	固有名詞
smout	smout	固有名詞
smrgs	smrgs	固有名詞
smriti	smriti	固有名詞
smudge	smudge	固有名詞
smudgy	smudgy	固有名詞
smug	smug	固有名詞
smugly	smugly	固有名詞
smur	smur	固有名詞
smurks	smurks	固有名詞
smurr	smurr	固有名詞
smurry	smurry	固有名詞
smuse	smuse	固有名詞
smush	smush	固有名詞
smut	smut	固有名詞
smutch	smutch	固有名詞
smuts	smuts	固有名詞
smutty	smutty	固有名詞
smyrna	smyrna	固有名詞
smyth	smyth	固有名詞
snab	snab	固有名詞
snabby	snabby	固有名詞
snack	snack	固有名詞
snacks	snacks	固有名詞
snacky	snacky	固有名詞
snaff	snaff	固有名詞
snafu	snafu	固有名詞
snafus	snafus	固有名詞
snag	snag	固有名詞
snaggy	snaggy	固有名詞
snags	snags	固有名詞
snail	snail	固有名詞
snails	snails	固有名詞
snaily	snaily	固有名詞
snaith	snaith	固有名詞
snake	snake	固有名詞
snaked	snaked	固有名詞
snaker	snaker	固有名詞
snakes	snakes	固有名詞
snakey	snakey	固有名詞
snaky	snaky	固有名詞
snap	snap	固有名詞
snape	snape	固有名詞
snaper	snaper	固有名詞
snappe	snappe	固有名詞
snapps	snapps	固有名詞
snappy	snappy	固有名詞
snaps	snaps	固有名詞
snapy	snapy	固有名詞
snare	snare	固有名詞
snared	snared	固有名詞
snarer	snarer	固有名詞
snares	snares	固有名詞
snark	snark	固有名詞
snarks	snarks	固有名詞
snarl	snarl	固有名詞
snarls	snarls	固有名詞
snarly	snarly	固有名詞
snary	snary	固有名詞
snash	snash	固有名詞
snast	snast	固有名詞
snaste	snaste	固有名詞
snasty	snasty	固有名詞
snatch	snatch	固有名詞
snath	snath	固有名詞
snathe	snathe	固有名詞
snaths	snaths	固有名詞
snavel	snavel	固有名詞
snaw	snaw	固有名詞
snawed	snawed	固有名詞
snawle	snawle	固有名詞
snaws	snaws	固有名詞
snazzy	snazzy	固有名詞
snead	snead	固有名詞
sneak	sneak	固有名詞
sneaks	sneaks	固有名詞
sneaky	sneaky	固有名詞
sneap	sneap	固有名詞
sneaps	sneaps	固有名詞
sneath	sneath	固有名詞
sneb	sneb	固有名詞
sneck	sneck	固有名詞
snecks	snecks	固有名詞
sned	sned	固有名詞
sneds	sneds	固有名詞
snee	snee	固有名詞
sneer	sneer	固有名詞
sneers	sneers	固有名詞
sneery	sneery	固有名詞
sneesh	sneesh	固有名詞
sneest	sneest	固有名詞
sneeze	sneeze	固有名詞
sneezy	sneezy	固有名詞
snell	snell	固有名詞
snells	snells	固有名詞
snelly	snelly	固有名詞
snerp	snerp	固有名詞
snew	snew	固有名詞
snib	snib	固有名詞
snibel	snibel	固有名詞
snibs	snibs	固有名詞
snick	snick	固有名詞
snicks	snicks	固有名詞
snide	snide	固有名詞
snider	snider	固有名詞
snies	snies	固有名詞
sniff	sniff	固有名詞
sniffs	sniffs	固有名詞
sniffy	sniffy	固有名詞
snift	snift	固有名詞
snifty	snifty	固有名詞
snig	snig	固有名詞
snight	snight	固有名詞
snigs	snigs	固有名詞
snip	snip	固有名詞
snipe	snipe	固有名詞
sniped	sniped	固有名詞
sniper	sniper	固有名詞
snipes	snipes	固有名詞
snippy	snippy	固有名詞
snips	snips	固有名詞
snipy	snipy	固有名詞
snirl	snirl	固有名詞
snirt	snirt	固有名詞
snit	snit	固有名詞
snitch	snitch	固有名詞
snite	snite	固有名詞
snithe	snithe	固有名詞
snithy	snithy	固有名詞
snits	snits	固有名詞
snitz	snitz	固有名詞
snivel	snivel	固有名詞
snivey	snivey	固有名詞
snivy	snivy	固有名詞
snob	snob	固有名詞
snobby	snobby	固有名詞
snobol	snobol	固有名詞
snobs	snobs	固有名詞
snocat	snocat	固有名詞
snock	snock	固有名詞
snod	snod	固有名詞
snodly	snodly	固有名詞
snoek	snoek	固有名詞
snog	snog	固有名詞
snoga	snoga	固有名詞
snoke	snoke	固有名詞
snood	snood	固有名詞
snoods	snoods	固有名詞
snook	snook	固有名詞
snooks	snooks	固有名詞
snool	snool	固有名詞
snools	snools	固有名詞
snoop	snoop	固有名詞
snoops	snoops	固有名詞
snoopy	snoopy	固有名詞
snoose	snoose	固有名詞
snoot	snoot	固有名詞
snoots	snoots	固有名詞
snooty	snooty	固有名詞
snoove	snoove	固有名詞
snooze	snooze	固有名詞
snoozy	snoozy	固有名詞
snop	snop	固有名詞
snore	snore	固有名詞
snored	snored	固有名詞
snorer	snorer	固有名詞
snores	snores	固有名詞
snork	snork	固有名詞
snort	snort	固有名詞
snorts	snorts	固有名詞
snorty	snorty	固有名詞
snot	snot	固有名詞
snots	snots	固有名詞
snotty	snotty	固有名詞
snouch	snouch	固有名詞
snout	snout	固有名詞
snouts	snouts	固有名詞
snouty	snouty	固有名詞
snow	snow	固有名詞
snowed	snowed	固有名詞
snowie	snowie	固有名詞
snowk	snowk	固有名詞
snowl	snowl	固有名詞
snows	snows	固有名詞
snowy	snowy	固有名詞
snub	snub	固有名詞
snubby	snubby	固有名詞
snubs	snubs	固有名詞
snuck	snuck	固有名詞
snudge	snudge	固有名詞
snuff	snuff	固有名詞
snuffs	snuffs	固有名詞
snuffy	snuffy	固有名詞
snug	snug	固有名詞
snugly	snugly	固有名詞
snugs	snugs	固有名詞
snum	snum	固有名詞
snup	snup	固有名詞
snur	snur	固有名詞
snurl	snurl	固有名詞
snurly	snurly	固有名詞
snurp	snurp	固有名詞
snurt	snurt	固有名詞
sny	sny	固有名詞
snye	snye	固有名詞
snyed	snyed	固有名詞
snyes	snyes	固有名詞
snying	snying	固有名詞
soak	soak	固有名詞
soaked	soaked	固有名詞
soaken	soaken	固有名詞
soaker	soaker	固有名詞
soaks	soaks	固有名詞
soaky	soaky	固有名詞
soally	soally	固有名詞
soam	soam	固有名詞
soap	soap	固有名詞
soaped	soaped	固有名詞
soaper	soaper	固有名詞
soapi	soapi	固有名詞
soaps	soaps	固有名詞
soapy	soapy	固有名詞
soar	soar	固有名詞
soared	soared	固有名詞
soarer	soarer	固有名詞
soars	soars	固有名詞
soary	soary	固有名詞
soave	soave	固有名詞
soaves	soaves	固有名詞
sob	sob	固有名詞
sobbed	sobbed	固有名詞
sobber	sobber	固有名詞
sobby	sobby	固有名詞
sobeit	sobeit	固有名詞
sober	sober	固有名詞
sobers	sobers	固有名詞
sobful	sobful	固有名詞
sobole	sobole	固有名詞
sobs	sobs	固有名詞
soc	soc	固有名詞
socage	socage	固有名詞
soccer	soccer	固有名詞
soce	soce	固有名詞
socht	socht	固有名詞
social	social	固有名詞
socies	socies	固有名詞
socii	socii	固有名詞
sociol	sociol	固有名詞
socius	socius	固有名詞
sock	sock	固有名詞
socked	socked	固有名詞
socker	socker	固有名詞
socket	socket	固有名詞
socko	socko	固有名詞
socks	socks	固有名詞
socky	socky	固有名詞
socle	socle	固有名詞
socles	socles	固有名詞
socman	socman	固有名詞
socmen	socmen	固有名詞
soco	soco	固有名詞
sod	sod	固有名詞
soda	soda	固有名詞
sodaic	sodaic	固有名詞
sodas	sodas	固有名詞
sodded	sodded	固有名詞
sodden	sodden	固有名詞
soddy	soddy	固有名詞
sodic	sodic	固有名詞
sodio	sodio	固有名詞
sodium	sodium	固有名詞
sodoku	sodoku	固有名詞
sodom	sodom	固有名詞
sodomy	sodomy	固有名詞
sods	sods	固有名詞
sody	sody	固有名詞
soe	soe	固有名詞
soekoe	soekoe	固有名詞
soever	soever	固有名詞
sofa	sofa	固有名詞
sofane	sofane	固有名詞
sofar	sofar	固有名詞
sofars	sofars	固有名詞
sofas	sofas	固有名詞
sofer	sofer	固有名詞
soffit	soffit	固有名詞
sofia	sofia	固有名詞
sofkee	sofkee	固有名詞
soft	soft	固有名詞
softa	softa	固有名詞
softas	softas	固有名詞
soften	soften	固有名詞
softer	softer	固有名詞
softie	softie	固有名詞
softly	softly	固有名詞
softs	softs	固有名詞
softy	softy	固有名詞
sog	sog	固有名詞
soga	soga	固有名詞
soger	soger	固有名詞
soget	soget	固有名詞
sogged	sogged	固有名詞
soggy	soggy	固有名詞
soh	soh	固有名詞
soho	soho	固有名詞
soign	soign	固有名詞
soigne	soigne	固有名詞
soil	soil	固有名詞
soiled	soiled	固有名詞
soils	soils	固有名詞
soily	soily	固有名詞
soir	soir	固有名詞
soiree	soiree	固有名詞
soja	soja	固有名詞
sojas	sojas	固有名詞
sok	sok	固有名詞
soka	soka	固有名詞
soke	soke	固有名詞
soken	soken	固有名詞
sokes	sokes	固有名詞
soko	soko	固有名詞
sokoki	sokoki	固有名詞
sokulk	sokulk	固有名詞
sol	sol	固有名詞
sola	sola	固有名詞
solace	solace	固有名詞
solach	solach	固有名詞
solan	solan	固有名詞
soland	soland	固有名詞
solano	solano	固有名詞
solans	solans	固有名詞
solar	solar	固有名詞
solary	solary	固有名詞
solate	solate	固有名詞
solay	solay	固有名詞
sold	sold	固有名詞
soldan	soldan	固有名詞
soldat	soldat	固有名詞
solder	solder	固有名詞
soldi	soldi	固有名詞
soldo	soldo	固有名詞
sole	sole	固有名詞
solea	solea	固有名詞
soleas	soleas	固有名詞
soled	soled	固有名詞
soleil	soleil	固有名詞
solein	solein	固有名詞
solely	solely	固有名詞
solemn	solemn	固有名詞
solen	solen	固有名詞
solent	solent	固有名詞
soler	soler	固有名詞
solera	solera	固有名詞
solert	solert	固有名詞
soles	soles	固有名詞
soleus	soleus	固有名詞
soleyn	soleyn	固有名詞
solfa	solfa	固有名詞
solfge	solfge	固有名詞
solgel	solgel	固有名詞
soli	soli	固有名詞
solid	solid	固有名詞
solidi	solidi	固有名詞
solido	solido	固有名詞
solids	solids	固有名詞
soling	soling	固有名詞
solio	solio	固有名詞
solion	solion	固有名詞
solist	solist	固有名詞
sollar	sollar	固有名詞
soller	soller	固有名詞
sollya	sollya	固有名詞
soln	soln	固有名詞
solo	solo	固有名詞
solod	solod	固有名詞
solodi	solodi	固有名詞
soloed	soloed	固有名詞
solon	solon	固有名詞
solons	solons	固有名詞
solos	solos	固有名詞
soloth	soloth	固有名詞
sols	sols	固有名詞
solum	solum	固有名詞
solums	solums	固有名詞
solus	solus	固有名詞
solute	solute	固有名詞
solv	solv	固有名詞
solve	solve	固有名詞
solved	solved	固有名詞
solver	solver	固有名詞
solves	solves	固有名詞
solvus	solvus	固有名詞
solyma	solyma	固有名詞
soma	soma	固有名詞
somal	somal	固有名詞
somali	somali	固有名詞
somalo	somalo	固有名詞
somas	somas	固有名詞
somata	somata	固有名詞
somber	somber	固有名詞
sombre	sombre	固有名詞
somdel	somdel	固有名詞
some	some	固有名詞
somers	somers	固有名詞
somet	somet	固有名詞
somite	somite	固有名詞
somler	somler	固有名詞
somma	somma	固有名詞
somne	somne	固有名詞
somner	somner	固有名詞
somnus	somnus	固有名詞
sompay	sompay	固有名詞
sompne	sompne	固有名詞
son	son	固有名詞
sonant	sonant	固有名詞
sonar	sonar	固有名詞
sonars	sonars	固有名詞
sonata	sonata	固有名詞
soncy	soncy	固有名詞
sond	sond	固有名詞
sonde	sonde	固有名詞
sonder	sonder	固有名詞
sondes	sondes	固有名詞
sone	sone	固有名詞
soneri	soneri	固有名詞
sones	sones	固有名詞
song	song	固有名詞
songer	songer	固有名詞
songle	songle	固有名詞
songo	songo	固有名詞
songoi	songoi	固有名詞
songs	songs	固有名詞
songy	songy	固有名詞
sonic	sonic	固有名詞
sonica	sonica	固有名詞
sonics	sonics	固有名詞
soning	soning	固有名詞
soniou	soniou	固有名詞
sonja	sonja	固有名詞
sonk	sonk	固有名詞
sonly	sonly	固有名詞
sonnet	sonnet	固有名詞
sonny	sonny	固有名詞
sonrai	sonrai	固有名詞
sons	sons	固有名詞
sonsie	sonsie	固有名詞
sonsy	sonsy	固有名詞
sontag	sontag	固有名詞
soodle	soodle	固有名詞
soodly	soodly	固有名詞
sooey	sooey	固有名詞
soogan	soogan	固有名詞
soogee	soogee	固有名詞
soojee	soojee	固有名詞
sook	sook	固有名詞
sooke	sooke	固有名詞
sookie	sookie	固有名詞
sooky	sooky	固有名詞
sool	sool	固有名詞
soom	soom	固有名詞
soon	soon	固有名詞
sooner	sooner	固有名詞
soonly	soonly	固有名詞
soony	soony	固有名詞
sooper	sooper	固有名詞
soorah	soorah	固有名詞
soord	soord	固有名詞
soorki	soorki	固有名詞
soorky	soorky	固有名詞
soorma	soorma	固有名詞
soosoo	soosoo	固有名詞
soot	soot	固有名詞
sooted	sooted	固有名詞
sooter	sooter	固有名詞
sooth	sooth	固有名詞
soothe	soothe	固有名詞
sooths	sooths	固有名詞
soots	soots	固有名詞
sooty	sooty	固有名詞
sop	sop	固有名詞
sope	sope	固有名詞
soph	soph	固有名詞
sopher	sopher	固有名詞
sophia	sophia	固有名詞
sophic	sophic	固有名詞
sophs	sophs	固有名詞
sophta	sophta	固有名詞
sophy	sophy	固有名詞
sopite	sopite	固有名詞
sopor	sopor	固有名詞
sopors	sopors	固有名詞
sopped	sopped	固有名詞
sopper	sopper	固有名詞
soppy	soppy	固有名詞
sops	sops	固有名詞
sora	sora	固有名詞
sorage	sorage	固有名詞
soral	soral	固有名詞
soras	soras	固有名詞
sorb	sorb	固有名詞
sorbed	sorbed	固有名詞
sorbet	sorbet	固有名詞
sorbic	sorbic	固有名詞
sorbin	sorbin	固有名詞
sorbol	sorbol	固有名詞
sorbs	sorbs	固有名詞
sorbus	sorbus	固有名詞
sorcer	sorcer	固有名詞
sord	sord	固有名詞
sorda	sorda	固有名詞
sordes	sordes	固有名詞
sordid	sordid	固有名詞
sordo	sordo	固有名詞
sordor	sordor	固有名詞
sords	sords	固有名詞
sore	sore	固有名詞
soree	soree	固有名詞
sorel	sorel	固有名詞
sorels	sorels	固有名詞
sorely	sorely	固有名詞
sorema	sorema	固有名詞
sorer	sorer	固有名詞
sores	sores	固有名詞
sorest	sorest	固有名詞
sorex	sorex	固有名詞
sorghe	sorghe	固有名詞
sorgho	sorgho	固有名詞
sorgo	sorgo	固有名詞
sorgos	sorgos	固有名詞
sori	sori	固有名詞
sorite	sorite	固有名詞
sorn	sorn	固有名詞
sorned	sorned	固有名詞
sorner	sorner	固有名詞
sorns	sorns	固有名詞
sorose	sorose	固有名詞
sorra	sorra	固有名詞
sorrel	sorrel	固有名詞
sorren	sorren	固有名詞
sorroa	sorroa	固有名詞
sorrow	sorrow	固有名詞
sorry	sorry	固有名詞
sort	sort	固有名詞
sortal	sortal	固有名詞
sorted	sorted	固有名詞
sorter	sorter	固有名詞
sortes	sortes	固有名詞
sortie	sortie	固有名詞
sortly	sortly	固有名詞
sorts	sorts	固有名詞
sorty	sorty	固有名詞
sorus	sorus	固有名詞
sorva	sorva	固有名詞
sory	sory	固有名詞
sos	sos	固有名詞
sosh	sosh	固有名詞
soshed	soshed	固有名詞
sosia	sosia	固有名詞
sosie	sosie	固有名詞
soso	soso	固有名詞
soss	soss	固有名詞
sossle	sossle	固有名詞
sot	sot	固有名詞
soter	soter	固有名詞
soth	soth	固有名詞
sothic	sothic	固有名詞
sothis	sothis	固有名詞
sotho	sotho	固有名詞
soths	soths	固有名詞
sotie	sotie	固有名詞
sotik	sotik	固有名詞
sotnia	sotnia	固有名詞
sotnik	sotnik	固有名詞
sotol	sotol	固有名詞
sotols	sotols	固有名詞
sots	sots	固有名詞
sotted	sotted	固有名詞
sotter	sotter	固有名詞
sottie	sottie	固有名詞
sou	sou	固有名詞
souari	souari	固有名詞
soucar	soucar	固有名詞
souchy	souchy	固有名詞
soud	soud	固有名詞
soudan	soudan	固有名詞
soudge	soudge	固有名詞
soudgy	soudgy	固有名詞
soueak	soueak	固有名詞
soueef	soueef	固有名詞
souffl	souffl	固有名詞
sougan	sougan	固有名詞
sough	sough	固有名詞
soughs	soughs	固有名詞
sought	sought	固有名詞
souk	souk	固有名詞
soul	soul	固有名詞
souled	souled	固有名詞
souls	souls	固有名詞
soulx	soulx	固有名詞
souly	souly	固有名詞
soulz	soulz	固有名詞
soum	soum	固有名詞
soumak	soumak	固有名詞
sound	sound	固有名詞
sounds	sounds	固有名詞
soup	soup	固有名詞
souped	souped	固有名詞
souper	souper	固有名詞
souple	souple	固有名詞
soupon	soupon	固有名詞
soups	soups	固有名詞
soupy	soupy	固有名詞
sour	sour	固有名詞
source	source	固有名詞
sourd	sourd	固有名詞
soured	soured	固有名詞
souren	souren	固有名詞
sourer	sourer	固有名詞
sourly	sourly	固有名詞
sours	sours	固有名詞
soury	soury	固有名詞
sous	sous	固有名詞
souse	souse	固有名詞
soused	soused	固有名詞
souser	souser	固有名詞
souses	souses	固有名詞
soushy	soushy	固有名詞
soutar	soutar	固有名詞
souter	souter	固有名詞
south	south	固有名詞
souths	souths	固有名詞
souush	souush	固有名詞
sov	sov	固有名詞
soviet	soviet	固有名詞
sovite	sovite	固有名詞
sovran	sovran	固有名詞
sow	sow	固有名詞
sowan	sowan	固有名詞
sowans	sowans	固有名詞
sowar	sowar	固有名詞
sowars	sowars	固有名詞
sowcar	sowcar	固有名詞
sowder	sowder	固有名詞
sowed	sowed	固有名詞
sowel	sowel	固有名詞
sowens	sowens	固有名詞
sower	sower	固有名詞
sowers	sowers	固有名詞
sowf	sowf	固有名詞
sowing	sowing	固有名詞
sowins	sowins	固有名詞
sowish	sowish	固有名詞
sowl	sowl	固有名詞
sowle	sowle	固有名詞
sowlth	sowlth	固有名詞
sown	sown	固有名詞
sows	sows	固有名詞
sowse	sowse	固有名詞
sowt	sowt	固有名詞
sowte	sowte	固有名詞
sox	sox	固有名詞
soy	soy	固有名詞
soya	soya	固有名詞
soyas	soyas	固有名詞
soyate	soyate	固有名詞
soyled	soyled	固有名詞
soyot	soyot	固有名詞
soys	soys	固有名詞
sozin	sozin	固有名詞
sozine	sozine	固有名詞
sozins	sozins	固有名詞
sozly	sozly	固有名詞
sozzle	sozzle	固有名詞
sozzly	sozzly	固有名詞
spa	spa	固有名詞
spaad	spaad	固有名詞
space	space	固有名詞
spaced	spaced	固有名詞
spacer	spacer	固有名詞
spaces	spaces	固有名詞
spack	spack	固有名詞
spacy	spacy	固有名詞
spad	spad	固有名詞
spade	spade	固有名詞
spaded	spaded	固有名詞
spader	spader	固有名詞
spades	spades	固有名詞
spadix	spadix	固有名詞
spado	spado	固有名詞
spae	spae	固有名詞
spaed	spaed	固有名詞
spaer	spaer	固有名詞
spaes	spaes	固有名詞
spag	spag	固有名詞
spahee	spahee	固有名詞
spahi	spahi	固有名詞
spahis	spahis	固有名詞
spaid	spaid	固有名詞
spaik	spaik	固有名詞
spail	spail	固有名詞
spails	spails	固有名詞
spain	spain	固有名詞
spair	spair	固有名詞
spait	spait	固有名詞
spaits	spaits	固有名詞
spak	spak	固有名詞
spake	spake	固有名詞
spaked	spaked	固有名詞
spalax	spalax	固有名詞
spald	spald	固有名詞
spale	spale	固有名詞
spales	spales	固有名詞
spall	spall	固有名詞
spalls	spalls	固有名詞
spalt	spalt	固有名詞
spam	spam	固有名詞
span	span	固有名詞
spandy	spandy	固有名詞
spane	spane	固有名詞
spaned	spaned	固有名詞
spang	spang	固有名詞
spank	spank	固有名詞
spanks	spanks	固有名詞
spanky	spanky	固有名詞
spann	spann	固有名詞
spans	spans	固有名詞
spar	spar	固有名詞
sparch	sparch	固有名詞
spare	spare	固有名詞
spared	spared	固有名詞
sparer	sparer	固有名詞
spares	spares	固有名詞
sparge	sparge	固有名詞
sparid	sparid	固有名詞
spark	spark	固有名詞
sparks	sparks	固有名詞
sparky	sparky	固有名詞
sparm	sparm	固有名詞
sparry	sparry	固有名詞
spars	spars	固有名詞
sparse	sparse	固有名詞
spart	spart	固有名詞
sparta	sparta	固有名詞
sparth	sparth	固有名詞
sparus	sparus	固有名詞
spary	spary	固有名詞
spas	spas	固有名詞
spasm	spasm	固有名詞
spasms	spasms	固有名詞
spass	spass	固有名詞
spat	spat	固有名詞
spate	spate	固有名詞
spated	spated	固有名詞
spates	spates	固有名詞
spath	spath	固有名詞
spatha	spatha	固有名詞
spathe	spathe	固有名詞
spatio	spatio	固有名詞
spats	spats	固有名詞
spauld	spauld	固有名詞
spave	spave	固有名詞
spaver	spaver	固有名詞
spavie	spavie	固有名詞
spavin	spavin	固有名詞
spavit	spavit	固有名詞
spawl	spawl	固有名詞
spawn	spawn	固有名詞
spawns	spawns	固有名詞
spawny	spawny	固有名詞
spay	spay	固有名詞
spayad	spayad	固有名詞
spayed	spayed	固有名詞
spays	spays	固有名詞
speak	speak	固有名詞
speaks	speaks	固有名詞
speal	speal	固有名詞
spean	spean	固有名詞
speans	speans	固有名詞
spear	spear	固有名詞
spears	spears	固有名詞
speary	speary	固有名詞
speave	speave	固有名詞
spec	spec	固有名詞
spece	spece	固有名詞
specie	specie	固有名詞
specif	specif	固有名詞
speck	speck	固有名詞
specks	specks	固有名詞
specky	specky	固有名詞
specs	specs	固有名詞
spect	spect	固有名詞
specus	specus	固有名詞
sped	sped	固有名詞
speece	speece	固有名詞
speech	speech	固有名詞
speed	speed	固有名詞
speedo	speedo	固有名詞
speeds	speeds	固有名詞
speedy	speedy	固有名詞
speel	speel	固有名詞
speels	speels	固有名詞
speen	speen	固有名詞
speer	speer	固有名詞
speers	speers	固有名詞
speil	speil	固有名詞
speils	speils	固有名詞
speir	speir	固有名詞
speirs	speirs	固有名詞
speise	speise	固有名詞
speiss	speiss	固有名詞
spekt	spekt	固有名詞
spelk	spelk	固有名詞
spell	spell	固有名詞
spells	spells	固有名詞
spelt	spelt	固有名詞
spelts	spelts	固有名詞
speltz	speltz	固有名詞
spence	spence	固有名詞
spency	spency	固有名詞
spend	spend	固有名詞
spends	spends	固有名詞
spense	spense	固有名詞
spent	spent	固有名詞
speos	speos	固有名詞
spere	spere	固有名詞
sperm	sperm	固有名詞
sperma	sperma	固有名詞
sperms	sperms	固有名詞
spermy	spermy	固有名詞
speron	speron	固有名詞
sperse	sperse	固有名詞
spet	spet	固有名詞
spetch	spetch	固有名詞
spete	spete	固有名詞
spew	spew	固有名詞
spewed	spewed	固有名詞
spewer	spewer	固有名詞
spews	spews	固有名詞
spewy	spewy	固有名詞
spex	spex	固有名詞
sphalm	sphalm	固有名詞
sphene	sphene	固有名詞
sphere	sphere	固有名詞
sphery	sphery	固有名詞
sphex	sphex	固有名詞
sphinx	sphinx	固有名詞
spial	spial	固有名詞
spic	spic	固有名詞
spica	spica	固有名詞
spicae	spicae	固有名詞
spical	spical	固有名詞
spicas	spicas	固有名詞
spice	spice	固有名詞
spiced	spiced	固有名詞
spicer	spicer	固有名詞
spices	spices	固有名詞
spicey	spicey	固有名詞
spick	spick	固有名詞
spicks	spicks	固有名詞
spics	spics	固有名詞
spicy	spicy	固有名詞
spider	spider	固有名詞
spied	spied	固有名詞
spiel	spiel	固有名詞
spiels	spiels	固有名詞
spier	spier	固有名詞
spiers	spiers	固有名詞
spies	spies	固有名詞
spif	spif	固有名詞
spiff	spiff	固有名詞
spiffy	spiffy	固有名詞
spig	spig	固有名詞
spigot	spigot	固有名詞
spik	spik	固有名詞
spike	spike	固有名詞
spiked	spiked	固有名詞
spiker	spiker	固有名詞
spikes	spikes	固有名詞
spiks	spiks	固有名詞
spiky	spiky	固有名詞
spile	spile	固有名詞
spiled	spiled	固有名詞
spiler	spiler	固有名詞
spiles	spiles	固有名詞
spill	spill	固有名詞
spills	spills	固有名詞
spilly	spilly	固有名詞
spilt	spilt	固有名詞
spilth	spilth	固有名詞
spilus	spilus	固有名詞
spin	spin	固有名詞
spina	spina	固有名詞
spinae	spinae	固有名詞
spinal	spinal	固有名詞
spine	spine	固有名詞
spined	spined	固有名詞
spinel	spinel	固有名詞
spines	spines	固有名詞
spinet	spinet	固有名詞
spink	spink	固有名詞
spinny	spinny	固有名詞
spinor	spinor	固有名詞
spins	spins	固有名詞
spiny	spiny	固有名詞
spira	spira	固有名詞
spirae	spirae	固有名詞
spiral	spiral	固有名詞
spiran	spiran	固有名詞
spire	spire	固有名詞
spirea	spirea	固有名詞
spired	spired	固有名詞
spirem	spirem	固有名詞
spires	spires	固有名詞
spirit	spirit	固有名詞
spiro	spiro	固有名詞
spirol	spirol	固有名詞
spirt	spirt	固有名詞
spirts	spirts	固有名詞
spiry	spiry	固有名詞
spise	spise	固有名詞
spiss	spiss	固有名詞
spissy	spissy	固有名詞
spit	spit	固有名詞
spital	spital	固有名詞
spite	spite	固有名詞
spited	spited	固有名詞
spites	spites	固有名詞
spits	spits	固有名詞
spitz	spitz	固有名詞
spiv	spiv	固有名詞
spivs	spivs	固有名詞
spivvy	spivvy	固有名詞
spl	spl	固有名詞
splad	splad	固有名詞
splake	splake	固有名詞
splash	splash	固有名詞
splat	splat	固有名詞
splats	splats	固有名詞
splay	splay	固有名詞
splays	splays	固有名詞
spleen	spleen	固有名詞
spleet	spleet	固有名詞
splent	splent	固有名詞
splet	splet	固有名詞
splice	splice	固有名詞
spline	spline	固有名詞
splint	splint	固有名詞
split	split	固有名詞
splite	splite	固有名詞
splits	splits	固有名詞
sploit	sploit	固有名詞
splore	splore	固有名詞
splosh	splosh	固有名詞
splunt	splunt	固有名詞
splurt	splurt	固有名詞
spninx	spninx	固有名詞
spoach	spoach	固有名詞
spock	spock	固有名詞
spode	spode	固有名詞
spodes	spodes	固有名詞
spoffy	spoffy	固有名詞
spogel	spogel	固有名詞
spoil	spoil	固有名詞
spoils	spoils	固有名詞
spoilt	spoilt	固有名詞
spokan	spokan	固有名詞
spoke	spoke	固有名詞
spoked	spoked	固有名詞
spoken	spoken	固有名詞
spokes	spokes	固有名詞
spoky	spoky	固有名詞
spole	spole	固有名詞
spolia	spolia	固有名詞
spong	spong	固有名詞
sponge	sponge	固有名詞
spongy	spongy	固有名詞
spoof	spoof	固有名詞
spoofs	spoofs	固有名詞
spook	spook	固有名詞
spooks	spooks	固有名詞
spooky	spooky	固有名詞
spool	spool	固有名詞
spools	spools	固有名詞
spoom	spoom	固有名詞
spoon	spoon	固有名詞
spoons	spoons	固有名詞
spoony	spoony	固有名詞
spoor	spoor	固有名詞
spoorn	spoorn	固有名詞
spoors	spoors	固有名詞
spoot	spoot	固有名詞
spor	spor	固有名詞
sporal	sporal	固有名詞
spore	spore	固有名詞
spored	spored	固有名詞
spores	spores	固有名詞
sporid	sporid	固有名詞
sport	sport	固有名詞
sports	sports	固有名詞
sporty	sporty	固有名詞
sposh	sposh	固有名詞
sposhy	sposhy	固有名詞
spot	spot	固有名詞
spotify	Spotify	固有名詞
spots	spots	固有名詞
spotty	spotty	固有名詞
spouse	spouse	固有名詞
spousy	spousy	固有名詞
spout	spout	固有名詞
spouts	spouts	固有名詞
spouty	spouty	固有名詞
spp	spp	固有名詞
sprack	sprack	固有名詞
sprad	sprad	固有名詞
sprag	sprag	固有名詞
sprags	sprags	固有名詞
sprain	sprain	固有名詞
sprang	sprang	固有名詞
sprank	sprank	固有名詞
sprat	sprat	固有名詞
sprats	sprats	固有名詞
sprawl	sprawl	固有名詞
spray	spray	固有名詞
sprays	sprays	固有名詞
spread	spread	固有名詞
spree	spree	固有名詞
spreed	spreed	固有名詞
sprees	sprees	固有名詞
spreng	spreng	固有名詞
sprent	sprent	固有名詞
spret	spret	固有名詞
sprew	sprew	固有名詞
sprewl	sprewl	固有名詞
spried	spried	固有名詞
sprier	sprier	固有名詞
sprig	sprig	固有名詞
sprigs	sprigs	固有名詞
spring	Spring	固有名詞
sprink	sprink	固有名詞
sprint	sprint	固有名詞
sprit	sprit	固有名詞
sprite	sprite	固有名詞
sprits	sprits	固有名詞
spritz	spritz	固有名詞
sproat	sproat	固有名詞
sprod	sprod	固有名詞
sproil	sproil	固有名詞
sprong	sprong	固有名詞
sprose	sprose	固有名詞
sprot	sprot	固有名詞
sproty	sproty	固有名詞
sprout	sprout	固有名詞
spruce	spruce	固有名詞
sprucy	sprucy	固有名詞
sprue	sprue	固有名詞
spruer	spruer	固有名詞
sprues	sprues	固有名詞
sprug	sprug	固有名詞
sprugs	sprugs	固有名詞
spruik	spruik	固有名詞
spruit	spruit	固有名詞
sprung	sprung	固有名詞
sprunk	sprunk	固有名詞
sprunt	sprunt	固有名詞
sprush	sprush	固有名詞
spry	spry	固有名詞
spryer	spryer	固有名詞
spryly	spryly	固有名詞
sps	sps	固有名詞
spt	spt	固有名詞
spud	spud	固有名詞
spuddy	spuddy	固有名詞
spuds	spuds	固有名詞
spue	spue	固有名詞
spued	spued	固有名詞
spues	spues	固有名詞
spug	spug	固有名詞
spuggy	spuggy	固有名詞
spuing	spuing	固有名詞
spuke	spuke	固有名詞
spume	spume	固有名詞
spumed	spumed	固有名詞
spumes	spumes	固有名詞
spumy	spumy	固有名詞
spun	spun	固有名詞
spunch	spunch	固有名詞
spung	spung	固有名詞
spunge	spunge	固有名詞
spunk	spunk	固有名詞
spunks	spunks	固有名詞
spunky	spunky	固有名詞
spunny	spunny	固有名詞
spur	spur	固有名詞
spurge	spurge	固有名詞
spuria	spuria	固有名詞
spurl	spurl	固有名詞
spurn	spurn	固有名詞
spurns	spurns	固有名詞
spurry	spurry	固有名詞
spurs	spurs	固有名詞
spurt	spurt	固有名詞
spurts	spurts	固有名詞
sput	sput	固有名詞
sputa	sputa	固有名詞
spute	spute	固有名詞
sputta	sputta	固有名詞
sputum	sputum	固有名詞
spy	spy	固有名詞
spydom	spydom	固有名詞
spyer	spyer	固有名詞
spying	spying	固有名詞
spyism	spyism	固有名詞
spyros	spyros	固有名詞
sqd	sqd	固有名詞
sqlite	SQLite	固有名詞
sqq	sqq	固有名詞
sqrt	sqrt	固有名詞
squab	squab	固有名詞
squabs	squabs	固有名詞
squad	squad	固有名詞
squads	squads	固有名詞
squail	squail	固有名詞
squali	squali	固有名詞
squall	squall	固有名詞
squalm	squalm	固有名詞
squam	squam	固有名詞
squama	squama	固有名詞
squame	squame	固有名詞
squamy	squamy	固有名詞
square	square	固有名詞
squark	squark	固有名詞
squary	squary	固有名詞
squash	squash	固有名詞
squat	squat	固有名詞
squats	squats	固有名詞
squaw	squaw	固有名詞
squawk	squawk	固有名詞
squawl	squawl	固有名詞
squaws	squaws	固有名詞
squdge	squdge	固有名詞
squdgy	squdgy	固有名詞
squeak	squeak	固有名詞
squeal	squeal	固有名詞
squeam	squeam	固有名詞
squeel	squeel	固有名詞
squeg	squeg	固有名詞
squegs	squegs	固有名詞
squet	squet	固有名詞
squib	squib	固有名詞
squibs	squibs	固有名詞
squid	squid	固有名詞
squids	squids	固有名詞
squill	squill	固有名詞
squin	squin	固有名詞
squint	squint	固有名詞
squire	squire	固有名詞
squirk	squirk	固有名詞
squirl	squirl	固有名詞
squirm	squirm	固有名詞
squirr	squirr	固有名詞
squirt	squirt	固有名詞
squish	squish	固有名詞
squiss	squiss	固有名詞
squit	squit	固有名詞
squiz	squiz	固有名詞
squoze	squoze	固有名詞
squshy	squshy	固有名詞
squush	squush	固有名詞
srac	srac	固有名詞
sradha	sradha	固有名詞
sri	sri	固有名詞
sriram	sriram	固有名詞
sris	sris	固有名詞
sruti	sruti	固有名詞
ssd	SSD	固有名詞
ssed	ssed	固有名詞
ssh	SSH	固有名詞
ssi	ssi	固有名詞
ssing	ssing	固有名詞
ssort	ssort	固有名詞
ssp	ssp	固有名詞
sstor	sstor	固有名詞
ssu	ssu	固有名詞
sta	sta	固有名詞
staab	staab	固有名詞
stab	stab	固有名詞
stable	stable	固有名詞
stably	stably	固有名詞
staboy	staboy	固有名詞
stabs	stabs	固有名詞
stacc	stacc	固有名詞
stacey	stacey	固有名詞
stack	stack	固有名詞
stacks	stacks	固有名詞
stacte	stacte	固有名詞
stacy	stacy	固有名詞
stad	stad	固有名詞
stadda	stadda	固有名詞
stade	stade	固有名詞
stader	stader	固有名詞
stades	stades	固有名詞
stadia	stadia	固有名詞
stadic	stadic	固有名詞
stadie	stadie	固有名詞
stadle	stadle	固有名詞
staff	staff	固有名詞
staffs	staffs	固有名詞
stag	stag	固有名詞
stage	stage	固有名詞
staged	staged	固有名詞
stager	stager	固有名詞
stages	stages	固有名詞
stagey	stagey	固有名詞
staggy	staggy	固有名詞
stagne	stagne	固有名詞
stags	stags	固有名詞
stagy	stagy	固有名詞
staia	staia	固有名詞
staid	staid	固有名詞
staig	staig	固有名詞
staigs	staigs	固有名詞
stail	stail	固有名詞
stain	stain	固有名詞
stains	stains	固有名詞
staio	staio	固有名詞
stair	stair	固有名詞
stairs	stairs	固有名詞
stairy	stairy	固有名詞
staith	staith	固有名詞
stake	stake	固有名詞
staked	staked	固有名詞
staker	staker	固有名詞
stakes	stakes	固有名詞
stalag	stalag	固有名詞
stale	stale	固有名詞
staled	staled	固有名詞
staler	staler	固有名詞
stales	stales	固有名詞
stalin	stalin	固有名詞
stalk	stalk	固有名詞
stalko	stalko	固有名詞
stalks	stalks	固有名詞
stalky	stalky	固有名詞
stall	stall	固有名詞
stalls	stalls	固有名詞
stam	stam	固有名詞
stamba	stamba	固有名詞
stamen	stamen	固有名詞
stamin	stamin	固有名詞
stamp	stamp	固有名詞
stamps	stamps	固有名詞
stan	stan	固有名詞
stance	stance	固有名詞
stanch	stanch	固有名詞
stand	stand	固有名詞
standi	standi	固有名詞
stands	stands	固有名詞
stane	stane	固有名詞
staned	staned	固有名詞
stanek	stanek	固有名詞
stanes	stanes	固有名詞
stang	stang	固有名詞
stangs	stangs	固有名詞
stank	stank	固有名詞
stanks	stanks	固有名詞
stanly	stanly	固有名詞
stanno	stanno	固有名詞
stanza	stanza	固有名詞
stanze	stanze	固有名詞
stanzo	stanzo	固有名詞
stap	stap	固有名詞
stapes	stapes	固有名詞
staph	staph	固有名詞
staphs	staphs	固有名詞
staple	staple	固有名詞
staplf	staplf	固有名詞
star	star	固有名詞
starch	starch	固有名詞
stare	stare	固有名詞
stared	stared	固有名詞
staree	staree	固有名詞
starer	starer	固有名詞
stares	stares	固有名詞
starik	starik	固有名詞
stark	stark	固有名詞
starky	starky	固有名詞
starn	starn	固有名詞
starny	starny	固有名詞
starr	starr	固有名詞
starry	starry	固有名詞
stars	stars	固有名詞
start	start	固有名詞
starts	starts	固有名詞
starty	starty	固有名詞
starve	starve	固有名詞
starvy	starvy	固有名詞
starw	starw	固有名詞
stary	stary	固有名詞
stases	stases	固有名詞
stash	stash	固有名詞
stasis	stasis	固有名詞
stat	stat	固有名詞
statal	statal	固有名詞
state	state	固有名詞
stated	stated	固有名詞
stater	stater	固有名詞
states	states	固有名詞
static	static	固有名詞
stator	stator	固有名詞
stats	stats	固有名詞
statua	statua	固有名詞
statue	statue	固有名詞
status	status	固有名詞
stauk	stauk	固有名詞
staun	staun	固有名詞
staup	staup	固有名詞
stave	stave	固有名詞
staved	staved	固有名詞
staver	staver	固有名詞
staves	staves	固有名詞
staw	staw	固有名詞
stawn	stawn	固有名詞
staxis	staxis	固有名詞
stay	stay	固有名詞
stayed	stayed	固有名詞
stayer	stayer	固有名詞
stays	stays	固有名詞
stbd	stbd	固有名詞
stchi	stchi	固有名詞
std	std	固有名詞
stddmp	stddmp	固有名詞
stead	stead	固有名詞
steads	steads	固有名詞
steady	steady	固有名詞
steak	steak	固有名詞
steaks	steaks	固有名詞
steal	steal	固有名詞
steals	steals	固有名詞
stealy	stealy	固有名詞
steam	Steam	固有名詞
steams	steams	固有名詞
steamy	steamy	固有名詞
stean	stean	固有名詞
stech	stech	固有名詞
steed	steed	固有名詞
steeds	steeds	固有名詞
steek	steek	固有名詞
steeks	steeks	固有名詞
steel	steel	固有名詞
steele	steele	固有名詞
steels	steels	固有名詞
steely	steely	固有名詞
steem	steem	固有名詞
steen	steen	固有名詞
steep	steep	固有名詞
steeps	steeps	固有名詞
steepy	steepy	固有名詞
steer	steer	固有名詞
steers	steers	固有名詞
steery	steery	固有名詞
steeve	steeve	固有名詞
stefan	stefan	固有名詞
steg	steg	固有名詞
stegh	stegh	固有名詞
steid	steid	固有名詞
steigh	steigh	固有名詞
stein	stein	固有名詞
steins	steins	固有名詞
stekan	stekan	固有名詞
stela	stela	固有名詞
stelae	stelae	固有名詞
stelai	stelai	固有名詞
stelar	stelar	固有名詞
stele	stele	固有名詞
steles	steles	固有名詞
stelic	stelic	固有名詞
stell	stell	固有名詞
stella	stella	固有名詞
stem	stem	固有名詞
stema	stema	固有名詞
stemma	stemma	固有名詞
stemmy	stemmy	固有名詞
stems	stems	固有名詞
sten	sten	固有名詞
stenar	stenar	固有名詞
stench	stench	固有名詞
stend	stend	固有名詞
steng	steng	固有名詞
stenia	stenia	固有名詞
steno	steno	固有名詞
stenog	stenog	固有名詞
stenos	stenos	固有名詞
stent	stent	固有名詞
step	step	固有名詞
stephe	stephe	固有名詞
steppe	steppe	固有名詞
steps	steps	固有名詞
stept	stept	固有名詞
stepup	stepup	固有名詞
ster	ster	固有名詞
sterad	sterad	固有名詞
stere	stere	固有名詞
stereo	stereo	固有名詞
steres	steres	固有名詞
steri	steri	固有名詞
steric	steric	固有名詞
sterid	sterid	固有名詞
sterin	sterin	固有名詞
sterk	sterk	固有名詞
stern	stern	固有名詞
sterna	sterna	固有名詞
sterno	sterno	固有名詞
sterns	sterns	固有名詞
stero	stero	固有名詞
sterol	sterol	固有名詞
stert	stert	固有名詞
sterve	sterve	固有名詞
stet	stet	固有名詞
stetch	stetch	固有名詞
stethy	stethy	固有名詞
stets	stets	固有名詞
stevan	stevan	固有名詞
steve	steve	固有名詞
stevel	stevel	固有名詞
steven	steven	固有名詞
stevia	stevia	固有名詞
stew	stew	固有名詞
stewed	stewed	固有名詞
stews	stews	固有名詞
stewy	stewy	固有名詞
stey	stey	固有名詞
stg	stg	固有名詞
stge	stge	固有名詞
sthene	sthene	固有名詞
stib	stib	固有名詞
stibic	stibic	固有名詞
stich	stich	固有名詞
stichs	stichs	固有名詞
stick	stick	固有名詞
sticks	sticks	固有名詞
sticky	sticky	固有名詞
sticta	sticta	固有名詞
stid	stid	固有名詞
stiddy	stiddy	固有名詞
stied	stied	固有名詞
sties	sties	固有名詞
stife	stife	固有名詞
stiff	stiff	固有名詞
stiffs	stiffs	固有名詞
stifle	stifle	固有名詞
stigma	stigma	固有名詞
stigme	stigme	固有名詞
stilb	stilb	固有名詞
stile	stile	固有名詞
stiles	stiles	固有名詞
stilet	stilet	固有名詞
still	still	固有名詞
stills	stills	固有名詞
stilly	stilly	固有名詞
stilt	stilt	固有名詞
stilts	stilts	固有名詞
stilty	stilty	固有名詞
stim	stim	固有名詞
stime	stime	固有名詞
stimes	stimes	固有名詞
stimy	stimy	固有名詞
stine	stine	固有名詞
sting	sting	固有名詞
stinge	stinge	固有名詞
stingo	stingo	固有名詞
stings	stings	固有名詞
stingy	stingy	固有名詞
stink	stink	固有名詞
stinko	stinko	固有名詞
stinks	stinks	固有名詞
stinky	stinky	固有名詞
stint	stint	固有名詞
stints	stints	固有名詞
stinty	stinty	固有名詞
stion	stion	固有名詞
stipa	stipa	固有名詞
stipe	stipe	固有名詞
stiped	stiped	固有名詞
stipel	stipel	固有名詞
stipes	stipes	固有名詞
stipo	stipo	固有名詞
stipos	stipos	固有名詞
stir	stir	固有名詞
stire	stire	固有名詞
stiria	stiria	固有名詞
stirk	stirk	固有名詞
stirks	stirks	固有名詞
stirp	stirp	固有名詞
stirps	stirps	固有名詞
stirra	stirra	固有名詞
stirs	stirs	固有名詞
stitch	stitch	固有名詞
stite	stite	固有名詞
stith	stith	固有名詞
stithe	stithe	固有名詞
stithy	stithy	固有名詞
stive	stive	固有名詞
stiver	stiver	固有名詞
stivy	stivy	固有名詞
stk	stk	固有名詞
stlg	stlg	固有名詞
stm	stm	固有名詞
stoa	stoa	固有名詞
stoach	stoach	固有名詞
stoae	stoae	固有名詞
stoai	stoai	固有名詞
stoas	stoas	固有名詞
stoat	stoat	固有名詞
stoats	stoats	固有名詞
stob	stob	固有名詞
stobs	stobs	固有名詞
stocah	stocah	固有名詞
stock	stock	固有名詞
stocks	stocks	固有名詞
stocky	stocky	固有名詞
stod	stod	固有名詞
stodge	stodge	固有名詞
stodgy	stodgy	固有名詞
stoep	stoep	固有名詞
stof	stof	固有名詞
stoff	stoff	固有名詞
stog	stog	固有名詞
stoga	stoga	固有名詞
stogey	stogey	固有名詞
stogie	stogie	固有名詞
stogy	stogy	固有名詞
stoic	stoic	固有名詞
stoics	stoics	固有名詞
stoit	stoit	固有名詞
stoke	stoke	固有名詞
stoked	stoked	固有名詞
stoker	stoker	固有名詞
stokes	stokes	固有名詞
stola	stola	固有名詞
stolae	stolae	固有名詞
stolas	stolas	固有名詞
stold	stold	固有名詞
stole	stole	固有名詞
stoled	stoled	固有名詞
stolen	stolen	固有名詞
stoles	stoles	固有名詞
stolid	stolid	固有名詞
stolon	stolon	固有名詞
stoma	stoma	固有名詞
stomal	stomal	固有名詞
stomas	stomas	固有名詞
stomp	stomp	固有名詞
stomps	stomps	固有名詞
stond	stond	固有名詞
stone	stone	固有名詞
stoned	stoned	固有名詞
stonen	stonen	固有名詞
stoner	stoner	固有名詞
stones	stones	固有名詞
stoney	stoney	固有名詞
stong	stong	固有名詞
stonk	stonk	固有名詞
stony	stony	固有名詞
stood	stood	固有名詞
stoof	stoof	固有名詞
stooge	stooge	固有名詞
stook	stook	固有名詞
stooks	stooks	固有名詞
stool	stool	固有名詞
stools	stools	固有名詞
stoon	stoon	固有名詞
stoond	stoond	固有名詞
stoop	stoop	固有名詞
stoops	stoops	固有名詞
stoory	stoory	固有名詞
stoot	stoot	固有名詞
stooth	stooth	固有名詞
stop	stop	固有名詞
stopa	stopa	固有名詞
stope	stope	固有名詞
stoped	stoped	固有名詞
stopen	stopen	固有名詞
stoper	stoper	固有名詞
stopes	stopes	固有名詞
stops	stops	固有名詞
stopt	stopt	固有名詞
stor	stor	固有名詞
storax	storax	固有名詞
storay	storay	固有名詞
store	store	固有名詞
stored	stored	固有名詞
storer	storer	固有名詞
stores	stores	固有名詞
storey	storey	固有名詞
storge	storge	固有名詞
stork	stork	固有名詞
storks	storks	固有名詞
storm	storm	固有名詞
storms	storms	固有名詞
stormy	stormy	固有名詞
story	story	固有名詞
stosh	stosh	固有名詞
stoss	stoss	固有名詞
stot	stot	固有名詞
stoter	stoter	固有名詞
stott	stott	固有名詞
stoun	stoun	固有名詞
stound	stound	固有名詞
stoup	stoup	固有名詞
stoups	stoups	固有名詞
stour	stour	固有名詞
stoure	stoure	固有名詞
stours	stours	固有名詞
stoury	stoury	固有名詞
stoush	stoush	固有名詞
stout	stout	固有名詞
stouth	stouth	固有名詞
stouts	stouts	固有名詞
stouty	stouty	固有名詞
stove	stove	固有名詞
stoved	stoved	固有名詞
stoven	stoven	固有名詞
stover	stover	固有名詞
stoves	stoves	固有名詞
stow	stow	固有名詞
stowce	stowce	固有名詞
stowed	stowed	固有名詞
stower	stower	固有名詞
stowp	stowp	固有名詞
stowps	stowps	固有名詞
stows	stows	固有名詞
stowse	stowse	固有名詞
stowth	stowth	固有名詞
str	str	固有名詞
stra	stra	固有名詞
strack	strack	固有名詞
stract	stract	固有名詞
strad	strad	固有名詞
strade	strade	固有名詞
stradl	stradl	固有名詞
strae	strae	固有名詞
strafe	strafe	固有名詞
strag	strag	固有名詞
strage	strage	固有名詞
straik	straik	固有名詞
strail	strail	固有名詞
strain	strain	固有名詞
strait	strait	固有名詞
straka	straka	固有名詞
strake	strake	固有名詞
straky	straky	固有名詞
stram	stram	固有名詞
stramp	stramp	固有名詞
strand	strand	固有名詞
strang	strang	固有名詞
strany	strany	固有名詞
strap	strap	固有名詞
straps	straps	固有名詞
strass	strass	固有名詞
strata	strata	固有名詞
strate	strate	固有名詞
strath	strath	固有名詞
strati	strati	固有名詞
strave	strave	固有名詞
straw	straw	固有名詞
straws	straws	固有名詞
strawy	strawy	固有名詞
stray	stray	固有名詞
strays	strays	固有名詞
stre	stre	固有名詞
streak	streak	固有名詞
stream	stream	固有名詞
streck	streck	固有名詞
stree	stree	固有名詞
streek	streek	固有名詞
streel	streel	固有名詞
streen	streen	固有名詞
streep	streep	固有名詞
street	street	固有名詞
streit	streit	固有名詞
streke	streke	固有名詞
streng	streng	固有名詞
strent	strent	固有名詞
strep	strep	固有名詞
streps	streps	固有名詞
stress	stress	固有名詞
stret	stret	固有名詞
strew	strew	固有名詞
strewn	strewn	固有名詞
strews	strews	固有名詞
strey	strey	固有名詞
stria	stria	固有名詞
striae	striae	固有名詞
strial	strial	固有名詞
strich	strich	固有名詞
strick	strick	固有名詞
strict	strict	固有名詞
strid	strid	固有名詞
stride	stride	固有名詞
strife	strife	固有名詞
strift	strift	固有名詞
strig	strig	固有名詞
striga	striga	固有名詞
strike	strike	固有名詞
strind	strind	固有名詞
string	string	固有名詞
strip	strip	固有名詞
stripe	stripe	固有名詞
strips	strips	固有名詞
stript	stript	固有名詞
stripy	stripy	固有名詞
strit	strit	固有名詞
strive	strive	固有名詞
strivy	strivy	固有名詞
strix	strix	固有名詞
stroam	stroam	固有名詞
strobe	strobe	固有名詞
strode	strode	固有名詞
stroil	stroil	固有名詞
stroke	stroke	固有名詞
stroky	stroky	固有名詞
strold	strold	固有名詞
stroll	stroll	固有名詞
strom	strom	固有名詞
stroma	stroma	固有名詞
stromb	stromb	固有名詞
strome	strome	固有名詞
strond	strond	固有名詞
strone	strone	固有名詞
strong	strong	固有名詞
strook	strook	固有名詞
stroot	stroot	固有名詞
strop	strop	固有名詞
strops	strops	固有名詞
stroth	stroth	固有名詞
stroud	stroud	固有名詞
stroup	stroup	固有名詞
strout	strout	固有名詞
strove	strove	固有名詞
strow	strow	固有名詞
strowd	strowd	固有名詞
strown	strown	固有名詞
strows	strows	固有名詞
stroy	stroy	固有名詞
stroys	stroys	固有名詞
strub	strub	固有名詞
struck	struck	固有名詞
struct	struct	固有名詞
strude	strude	固有名詞
strue	strue	固有名詞
struis	struis	固有名詞
strum	strum	固有名詞
struma	struma	固有名詞
strums	strums	固有名詞
strung	strung	固有名詞
strunt	strunt	固有名詞
struse	struse	固有名詞
strut	strut	固有名詞
struth	struth	固有名詞
struts	struts	固有名詞
struv	struv	固有名詞
strych	strych	固有名詞
strype	strype	固有名詞
stu	stu	固有名詞
stuart	stuart	固有名詞
stub	stub	固有名詞
stubb	stubb	固有名詞
stubby	stubby	固有名詞
stube	stube	固有名詞
stuber	stuber	固有名詞
stuboy	stuboy	固有名詞
stubs	stubs	固有名詞
stucco	stucco	固有名詞
stuck	stuck	固有名詞
stud	stud	固有名詞
studdy	studdy	固有名詞
stude	stude	固有名詞
studia	studia	固有名詞
studio	studio	固有名詞
studs	studs	固有名詞
study	study	固有名詞
studys	studys	固有名詞
stue	stue	固有名詞
stuff	stuff	固有名詞
stuffs	stuffs	固有名詞
stuffy	stuffy	固有名詞
stug	stug	固有名詞
stuggy	stuggy	固有名詞
stull	stull	固有名詞
stulls	stulls	固有名詞
stulm	stulm	固有名詞
stulty	stulty	固有名詞
stum	stum	固有名詞
stumer	stumer	固有名詞
stummy	stummy	固有名詞
stumor	stumor	固有名詞
stump	stump	固有名詞
stumps	stumps	固有名詞
stumpy	stumpy	固有名詞
stums	stums	固有名詞
stun	stun	固有名詞
stung	stung	固有名詞
stunk	stunk	固有名詞
stuns	stuns	固有名詞
stunt	stunt	固有名詞
stunts	stunts	固有名詞
stunty	stunty	固有名詞
stupa	stupa	固有名詞
stupas	stupas	固有名詞
stupe	stupe	固有名詞
stuped	stuped	固有名詞
stupes	stupes	固有名詞
stupex	stupex	固有名詞
stuphe	stuphe	固有名詞
stupid	stupid	固有名詞
stupor	stupor	固有名詞
stupp	stupp	固有名詞
sturdy	sturdy	固有名詞
sturin	sturin	固有名詞
sturk	sturk	固有名詞
sturt	sturt	固有名詞
sturte	sturte	固有名詞
sturts	sturts	固有名詞
sturty	sturty	固有名詞
stuss	stuss	固有名詞
stut	stut	固有名詞
sty	sty	固有名詞
styan	styan	固有名詞
styany	styany	固有名詞
styca	styca	固有名詞
stye	stye	固有名詞
styed	styed	固有名詞
styes	styes	固有名詞
styful	styful	固有名詞
stying	stying	固有名詞
stylar	stylar	固有名詞
style	style	固有名詞
styled	styled	固有名詞
styler	styler	固有名詞
styles	styles	固有名詞
stylet	stylet	固有名詞
styli	styli	固有名詞
stylli	stylli	固有名詞
stylo	stylo	固有名詞
stylus	stylus	固有名詞
stymie	stymie	固有名詞
stymy	stymy	固有名詞
styrax	styrax	固有名詞
styrol	styrol	固有名詞
styryl	styryl	固有名詞
stythe	stythe	固有名詞
styx	styx	固有名詞
suable	suable	固有名詞
suably	suably	固有名詞
suade	suade	固有名詞
suaeda	suaeda	固有名詞
suant	suant	固有名詞
suave	suave	固有名詞
suaver	suaver	固有名詞
sub	sub	固有名詞
suba	suba	固有名詞
subact	subact	固有名詞
subage	subage	固有名詞
subah	subah	固有名詞
subahs	subahs	固有名詞
subaid	subaid	固有名詞
subas	subas	固有名詞
subaud	subaud	固有名詞
subbed	subbed	固有名詞
subch	subch	固有名詞
subdeb	subdeb	固有名詞
subdie	subdie	固有名詞
subdit	subdit	固有名詞
subdue	subdue	固有名詞
suber	suber	固有名詞
subers	subers	固有名詞
subet	subet	固有名詞
subeth	subeth	固有名詞
subfeu	subfeu	固有名詞
subfix	subfix	固有名詞
subg	subg	固有名詞
subget	subget	固有名詞
subgit	subgit	固有名詞
subgod	subgod	固有名詞
subgum	subgum	固有名詞
subito	subito	固有名詞
subiya	subiya	固有名詞
subj	subj	固有名詞
subjee	subjee	固有名詞
sublet	sublet	固有名詞
sublid	sublid	固有名詞
sublot	sublot	固有名詞
subman	subman	固有名詞
submen	submen	固有名詞
submit	submit	固有名詞
subnet	subnet	固有名詞
subnex	subnex	固有名詞
suborn	suborn	固有名詞
subpar	subpar	固有名詞
subra	subra	固有名詞
subs	subs	固有名詞
subsea	subsea	固有名詞
subset	subset	固有名詞
subst	subst	固有名詞
subtle	subtle	固有名詞
subtly	subtly	固有名詞
suburb	suburb	固有名詞
subvii	subvii	固有名詞
subwar	subwar	固有名詞
subway	subway	固有名詞
succah	succah	固有名詞
succes	succes	固有名詞
succi	succi	固有名詞
succin	succin	固有名詞
succor	succor	固有名詞
succub	succub	固有名詞
succus	succus	固有名詞
such	such	固有名詞
suchos	suchos	固有名詞
suci	suci	固有名詞
suck	suck	固有名詞
sucked	sucked	固有名詞
sucken	sucken	固有名詞
sucker	sucker	固有名詞
sucket	sucket	固有名詞
suckle	suckle	固有名詞
sucks	sucks	固有名詞
suclat	suclat	固有名詞
sucre	sucre	固有名詞
sucres	sucres	固有名詞
sucuri	sucuri	固有名詞
sucury	sucury	固有名詞
sud	sud	固有名詞
sudan	sudan	固有名詞
sudani	sudani	固有名詞
sudary	sudary	固有名詞
sudate	sudate	固有名詞
sudd	sudd	固有名詞
sudden	sudden	固有名詞
sudder	sudder	固有名詞
suddle	suddle	固有名詞
sudds	sudds	固有名詞
suddy	suddy	固有名詞
sude	sude	固有名詞
sudes	sudes	固有名詞
sudic	sudic	固有名詞
sudor	sudor	固有名詞
sudors	sudors	固有名詞
sudra	sudra	固有名詞
suds	suds	固有名詞
sudsed	sudsed	固有名詞
sudser	sudser	固有名詞
sudses	sudses	固有名詞
sudsy	sudsy	固有名詞
sue	sue	固有名詞
sued	sued	固有名詞
suede	suede	固有名詞
sueded	sueded	固有名詞
suedes	suedes	固有名詞
suegee	suegee	固有名詞
suent	suent	固有名詞
suer	suer	固有名詞
suerre	suerre	固有名詞
suers	suers	固有名詞
suerte	suerte	固有名詞
sues	sues	固有名詞
suet	suet	固有名詞
suets	suets	固有名詞
suety	suety	固有名詞
sueve	sueve	固有名詞
suevi	suevi	固有名詞
suevic	suevic	固有名詞
suey	suey	固有名詞
suez	suez	固有名詞
suf	suf	固有名詞
suff	suff	固有名詞
suffer	suffer	固有名詞
suffix	suffix	固有名詞
sufi	sufi	固有名詞
sufism	sufism	固有名詞
sugamo	sugamo	固有名詞
sugan	sugan	固有名詞
sugann	sugann	固有名詞
sugar	sugar	固有名詞
sugars	sugars	固有名詞
sugary	sugary	固有名詞
sugat	sugat	固有名詞
sugent	sugent	固有名詞
sugg	sugg	固有名詞
suggan	suggan	固有名詞
suggil	suggil	固有名詞
sugh	sugh	固有名詞
sughed	sughed	固有名詞
sughs	sughs	固有名詞
sugi	sugi	固有名詞
sugih	sugih	固有名詞
sugis	sugis	固有名詞
sui	sui	固有名詞
suid	suid	固有名詞
suidae	suidae	固有名詞
suina	suina	固有名詞
suine	suine	固有名詞
suing	suing	固有名詞
suint	suint	固有名詞
suints	suints	固有名詞
suisse	suisse	固有名詞
suist	suist	固有名詞
suit	suit	固有名詞
suite	suite	固有名詞
suited	suited	固有名詞
suites	suites	固有名詞
suitly	suitly	固有名詞
suitor	suitor	固有名詞
suits	suits	固有名詞
suity	suity	固有名詞
suivez	suivez	固有名詞
suji	suji	固有名詞
suk	suk	固有名詞
sukey	sukey	固有名詞
sukkah	sukkah	固有名詞
suku	suku	固有名詞
sula	sula	固有名詞
sulaba	sulaba	固有名詞
sulaib	sulaib	固有名詞
sulcal	sulcal	固有名詞
sulcar	sulcar	固有名詞
sulci	sulci	固有名詞
sulcus	sulcus	固有名詞
suld	suld	固有名詞
suldan	suldan	固有名詞
sulea	sulea	固有名詞
sulfa	sulfa	固有名詞
sulfas	sulfas	固有名詞
sulfid	sulfid	固有名詞
sulfo	sulfo	固有名詞
sulfur	sulfur	固有名詞
suling	suling	固有名詞
sulk	sulk	固有名詞
sulka	sulka	固有名詞
sulked	sulked	固有名詞
sulker	sulker	固有名詞
sulks	sulks	固有名詞
sulky	sulky	固有名詞
sull	sull	固有名詞
sulla	sulla	固有名詞
sullan	sullan	固有名詞
sullen	sullen	固有名詞
sullow	sullow	固有名詞
sully	sully	固有名詞
sulpha	sulpha	固有名詞
sulpho	sulpho	固有名詞
sultam	sultam	固有名詞
sultan	sultan	固有名詞
sultry	sultry	固有名詞
sulu	sulu	固有名詞
suluan	suluan	固有名詞
sulung	sulung	固有名詞
sum	sum	固有名詞
sumac	sumac	固有名詞
sumach	sumach	固有名詞
sumacs	sumacs	固有名詞
sumage	sumage	固有名詞
sumak	sumak	固有名詞
sumass	sumass	固有名詞
sumbal	sumbal	固有名詞
sumbul	sumbul	固有名詞
sumdum	sumdum	固有名詞
sumen	sumen	固有名詞
sumi	sumi	固有名詞
summa	summa	固有名詞
summae	summae	固有名詞
summar	summar	固有名詞
summas	summas	固有名詞
summat	summat	固有名詞
summed	summed	固有名詞
summer	summer	固有名詞
summit	summit	固有名詞
summon	summon	固有名詞
summut	summut	固有名詞
sumner	sumner	固有名詞
sumo	sumo	固有名詞
sumos	sumos	固有名詞
sump	sump	固有名詞
sumper	sumper	固有名詞
sumph	sumph	固有名詞
sumphy	sumphy	固有名詞
sumpit	sumpit	固有名詞
sumple	sumple	固有名詞
sumps	sumps	固有名詞
sumpt	sumpt	固有名詞
sums	sums	固有名詞
sun	sun	固有名詞
sunbow	sunbow	固有名詞
suncke	suncke	固有名詞
suncup	suncup	固有名詞
sundae	sundae	固有名詞
sundar	sundar	固有名詞
sunday	sunday	固有名詞
sundek	sundek	固有名詞
sunder	sunder	固有名詞
sundew	sundew	固有名詞
sundik	sundik	固有名詞
sundog	sundog	固有名詞
sundra	sundra	固有名詞
sundri	sundri	固有名詞
sundry	sundry	固有名詞
sune	sune	固有名詞
sung	sung	固有名詞
sungar	sungar	固有名詞
sungha	sungha	固有名詞
sunglo	sunglo	固有名詞
sunhat	sunhat	固有名詞
sunil	sunil	固有名詞
sunk	sunk	固有名詞
sunken	sunken	固有名詞
sunket	sunket	固有名詞
sunkie	sunkie	固有名詞
sunlet	sunlet	固有名詞
sunlit	sunlit	固有名詞
sunn	sunn	固有名詞
sunna	sunna	固有名詞
sunnas	sunnas	固有名詞
sunned	sunned	固有名詞
sunni	sunni	固有名詞
sunns	sunns	固有名詞
sunnud	sunnud	固有名詞
sunny	sunny	固有名詞
sunray	sunray	固有名詞
suns	suns	固有名詞
sunset	sunset	固有名詞
sunt	sunt	固有名詞
suntan	suntan	固有名詞
sunup	sunup	固有名詞
sunups	sunups	固有名詞
sunway	sunway	固有名詞
sunyie	sunyie	固有名詞
suomi	suomi	固有名詞
suomic	suomic	固有名詞
sup	sup	固有名詞
supa	supa	固有名詞
supai	supai	固有名詞
supari	supari	固有名詞
supawn	supawn	固有名詞
supe	supe	固有名詞
super	super	固有名詞
superb	superb	固有名詞
superi	superi	固有名詞
superl	superl	固有名詞
supers	supers	固有名詞
supes	supes	固有名詞
supine	supine	固有名詞
suplex	suplex	固有名詞
supp	supp	固有名詞
supped	supped	固有名詞
supper	supper	固有名詞
suppl	suppl	固有名詞
supple	supple	固有名詞
supply	supply	固有名詞
suppos	suppos	固有名詞
supr	supr	固有名詞
supra	supra	固有名詞
sups	sups	固有名詞
supt	supt	固有名詞
supvr	supvr	固有名詞
suq	suq	固有名詞
sur	sur	固有名詞
sura	sura	固有名詞
surah	surah	固有名詞
surahi	surahi	固有名詞
surahs	surahs	固有名詞
sural	sural	固有名詞
suras	suras	固有名詞
surat	surat	固有名詞
surbed	surbed	固有名詞
surcle	surcle	固有名詞
surd	surd	固有名詞
surds	surds	固有名詞
sure	sure	固有名詞
sured	sured	固有名詞
surely	surely	固有名詞
surer	surer	固有名詞
sures	sures	固有名詞
suresh	suresh	固有名詞
surest	surest	固有名詞
surety	surety	固有名詞
surf	surf	固有名詞
surfed	surfed	固有名詞
surfer	surfer	固有名詞
surfie	surfie	固有名詞
surfle	surfle	固有名詞
surfs	surfs	固有名詞
surfy	surfy	固有名詞
surg	surg	固有名詞
surge	surge	固有名詞
surged	surged	固有名詞
surger	surger	固有名詞
surges	surges	固有名詞
surgy	surgy	固有名詞
surhai	surhai	固有名詞
suriga	suriga	固有名詞
surly	surly	固有名詞
surma	surma	固有名詞
surmit	surmit	固有名詞
surnai	surnai	固有名詞
surnap	surnap	固有名詞
surnay	surnay	固有名詞
surra	surra	固有名詞
surrah	surrah	固有名詞
surras	surras	固有名詞
surrey	surrey	固有名詞
surtax	surtax	固有名詞
surv	surv	固有名詞
survey	survey	固有名詞
surwan	surwan	固有名詞
surya	surya	固有名詞
sus	sus	固有名詞
susan	susan	固有名詞
susans	susans	固有名詞
sushi	sushi	固有名詞
susi	susi	固有名詞
susian	susian	固有名詞
susie	susie	固有名詞
suslik	suslik	固有名詞
suss	suss	固有名詞
sussex	sussex	固有名詞
susso	susso	固有名詞
sussy	sussy	固有名詞
susu	susu	固有名詞
susumu	susumu	固有名詞
susurr	susurr	固有名詞
sutaio	sutaio	固有名詞
suther	suther	固有名詞
sutile	sutile	固有名詞
sutler	sutler	固有名詞
suto	suto	固有名詞
sutor	sutor	固有名詞
sutra	sutra	固有名詞
sutras	sutras	固有名詞
sutta	sutta	固有名詞
suttas	suttas	固有名詞
suttee	suttee	固有名詞
sutten	sutten	固有名詞
sutter	sutter	固有名詞
suttin	suttin	固有名詞
suttle	suttle	固有名詞
sutu	sutu	固有名詞
suture	suture	固有名詞
suu	suu	固有名詞
suum	suum	固有名詞
suwe	suwe	固有名詞
suyog	suyog	固有名詞
suz	suz	固有名詞
suzan	suzan	固有名詞
suzuki	suzuki	固有名詞
suzy	suzy	固有名詞
svamin	svamin	固有名詞
svan	svan	固有名詞
svante	svante	固有名詞
svaraj	svaraj	固有名詞
svc	svc	固有名詞
svce	svce	固有名詞
svelt	svelt	固有名詞
svelte	Svelte	固有名詞
svgs	svgs	固有名詞
swa	swa	固有名詞
swab	swab	固有名詞
swabby	swabby	固有名詞
swabs	swabs	固有名詞
swack	swack	固有名詞
swad	swad	固有名詞
swaddy	swaddy	固有名詞
swag	swag	固有名詞
swage	swage	固有名詞
swaged	swaged	固有名詞
swager	swager	固有名詞
swages	swages	固有名詞
swaggi	swaggi	固有名詞
swaggy	swaggy	固有名詞
swags	swags	固有名詞
swail	swail	固有名詞
swails	swails	固有名詞
swain	swain	固有名詞
swains	swains	固有名詞
swaird	swaird	固有名詞
swale	swale	固有名詞
swaler	swaler	固有名詞
swales	swales	固有名詞
swallo	swallo	固有名詞
swam	swam	固有名詞
swami	swami	固有名詞
swamis	swamis	固有名詞
swamp	swamp	固有名詞
swamps	swamps	固有名詞
swampy	swampy	固有名詞
swamy	swamy	固有名詞
swan	swan	固有名詞
swang	swang	固有名詞
swangy	swangy	固有名詞
swank	swank	固有名詞
swanks	swanks	固有名詞
swanky	swanky	固有名詞
swanny	swanny	固有名詞
swans	swans	固有名詞
swap	swap	固有名詞
swape	swape	固有名詞
swaps	swaps	固有名詞
swaraj	swaraj	固有名詞
sward	sward	固有名詞
swards	swards	固有名詞
swardy	swardy	固有名詞
sware	sware	固有名詞
swarf	swarf	固有名詞
swarfs	swarfs	固有名詞
swarga	swarga	固有名詞
swarm	swarm	固有名詞
swarms	swarms	固有名詞
swarmy	swarmy	固有名詞
swarry	swarry	固有名詞
swart	swart	固有名詞
swarth	swarth	固有名詞
swarty	swarty	固有名詞
swarve	swarve	固有名詞
swash	swash	固有名詞
swashy	swashy	固有名詞
swat	swat	固有名詞
swatch	swatch	固有名詞
swath	swath	固有名詞
swathe	swathe	固有名詞
swaths	swaths	固有名詞
swathy	swathy	固有名詞
swati	swati	固有名詞
swatow	swatow	固有名詞
swats	swats	固有名詞
swaver	swaver	固有名詞
sway	sway	固有名詞
swayed	swayed	固有名詞
swayer	swayer	固有名詞
sways	sways	固有名詞
swazi	swazi	固有名詞
sweal	sweal	固有名詞
swear	swear	固有名詞
swears	swears	固有名詞
sweat	sweat	固有名詞
sweath	sweath	固有名詞
sweats	sweats	固有名詞
sweaty	sweaty	固有名詞
swede	swede	固有名詞
sweden	sweden	固有名詞
swedes	swedes	固有名詞
swedge	swedge	固有名詞
swedru	swedru	固有名詞
sweens	sweens	固有名詞
sweeny	sweeny	固有名詞
sweep	sweep	固有名詞
sweeps	sweeps	固有名詞
sweepy	sweepy	固有名詞
sweer	sweer	固有名詞
sweert	sweert	固有名詞
sweese	sweese	固有名詞
sweet	sweet	固有名詞
sweets	sweets	固有名詞
sweety	sweety	固有名詞
swego	swego	固有名詞
swell	swell	固有名詞
swells	swells	固有名詞
swelly	swelly	固有名詞
swelp	swelp	固有名詞
swelt	swelt	固有名詞
swelth	swelth	固有名詞
swelty	swelty	固有名詞
swep	swep	固有名詞
swept	swept	固有名詞
swerd	swerd	固有名詞
swerve	swerve	固有名詞
sweven	sweven	固有名詞
swick	swick	固有名詞
swidge	swidge	固有名詞
swift	Swift	固有名詞
swifts	swifts	固有名詞
swifty	swifty	固有名詞
swig	swig	固有名詞
swigs	swigs	固有名詞
swile	swile	固有名詞
swill	swill	固有名詞
swills	swills	固有名詞
swim	swim	固有名詞
swimmy	swimmy	固有名詞
swims	swims	固有名詞
swimy	swimy	固有名詞
swine	swine	固有名詞
swiney	swiney	固有名詞
swing	swing	固有名詞
swinge	swinge	固有名詞
swings	swings	固有名詞
swingy	swingy	固有名詞
swink	swink	固有名詞
swinks	swinks	固有名詞
swipe	swipe	固有名詞
swiped	swiped	固有名詞
swiper	swiper	固有名詞
swipes	swipes	固有名詞
swiple	swiple	固有名詞
swipy	swipy	固有名詞
swird	swird	固有名詞
swire	swire	固有名詞
swirl	swirl	固有名詞
swirls	swirls	固有名詞
swirly	swirly	固有名詞
swish	swish	固有名詞
swishy	swishy	固有名詞
swiss	swiss	固有名詞
switch	switch	固有名詞
swith	swith	固有名詞
swithe	swithe	固有名詞
swive	swive	固有名詞
swived	swived	固有名詞
swivel	swivel	固有名詞
swiver	swiver	固有名詞
swives	swives	固有名詞
swivet	swivet	固有名詞
swiwet	swiwet	固有名詞
swiz	swiz	固有名詞
swizz	swizz	固有名詞
swob	swob	固有名詞
swobs	swobs	固有名詞
swoln	swoln	固有名詞
swom	swom	固有名詞
swonk	swonk	固有名詞
swoon	swoon	固有名詞
swoons	swoons	固有名詞
swoony	swoony	固有名詞
swoop	swoop	固有名詞
swoops	swoops	固有名詞
swoose	swoose	固有名詞
swoosh	swoosh	固有名詞
swop	swop	固有名詞
swops	swops	固有名詞
sword	sword	固有名詞
swords	swords	固有名詞
swore	swore	固有名詞
sworn	sworn	固有名詞
swosh	swosh	固有名詞
swot	swot	固有名詞
swots	swots	固有名詞
swough	swough	固有名詞
swoun	swoun	固有名詞
swound	swound	固有名詞
swouns	swouns	固有名詞
swow	swow	固有名詞
swum	swum	固有名詞
swung	swung	固有名詞
swure	swure	固有名詞
swy	swy	固有名詞
swythe	swythe	固有名詞
sybil	sybil	固有名詞
sybo	sybo	固有名詞
syboes	syboes	固有名詞
sybow	sybow	固有名詞
syce	syce	固有名詞
sycee	sycee	固有名詞
sycees	sycees	固有名詞
syces	syces	固有名詞
sychee	sychee	固有名詞
sycite	sycite	固有名詞
sycock	sycock	固有名詞
sycoma	sycoma	固有名詞
sycon	sycon	固有名詞
syd	syd	固有名詞
syddir	syddir	固有名詞
sydney	sydney	固有名詞
sye	sye	固有名詞
syed	syed	固有名詞
syftn	syftn	固有名詞
syke	syke	固有名詞
sykes	sykes	固有名詞
syl	syl	固有名詞
sylene	sylene	固有名詞
sylid	sylid	固有名詞
syling	syling	固有名詞
syll	syll	固有名詞
syllab	syllab	固有名詞
syllid	syllid	固有名詞
syllis	syllis	固有名詞
sylph	sylph	固有名詞
sylphs	sylphs	固有名詞
sylphy	sylphy	固有名詞
sylva	sylva	固有名詞
sylvae	sylvae	固有名詞
sylvan	sylvan	固有名詞
sylvas	sylvas	固有名詞
sylvia	sylvia	固有名詞
sylvic	sylvic	固有名詞
sylvin	sylvin	固有名詞
sym	sym	固有名詞
symbol	symbol	固有名詞
sympus	sympus	固有名詞
symtab	symtab	固有名詞
syn	syn	固有名詞
sync	sync	固有名詞
synced	synced	固有名詞
synch	synch	固有名詞
synchs	synchs	固有名詞
syncom	syncom	固有名詞
syncs	syncs	固有名詞
synd	synd	固有名詞
syndet	syndet	固有名詞
syndic	syndic	固有名詞
syndoc	syndoc	固有名詞
syne	syne	固有名詞
synema	synema	固有名詞
synod	synod	固有名詞
synods	synods	固有名詞
synop	synop	固有名詞
syntan	syntan	固有名詞
syntax	syntax	固有名詞
synura	synura	固有名詞
syph	syph	固有名詞
sypher	sypher	固有名詞
syphon	syphon	固有名詞
syr	syr	固有名詞
syre	syre	固有名詞
syren	syren	固有名詞
syrens	syrens	固有名詞
syria	syria	固有名詞
syriac	syriac	固有名詞
syrian	syrian	固有名詞
syrinx	syrinx	固有名詞
syrma	syrma	固有名詞
syrt	syrt	固有名詞
syrtic	syrtic	固有名詞
syrtis	syrtis	固有名詞
syrup	syrup	固有名詞
syrups	syrups	固有名詞
syrupy	syrupy	固有名詞
syrus	syrus	固有名詞
sysin	sysin	固有名詞
sysout	sysout	固有名詞
syssel	syssel	固有名詞
syst	syst	固有名詞
system	system	固有名詞
syud	syud	固有名詞
syun	syun	固有名詞
syzygy	syzygy	固有名詞
taa	taa	固有名詞
taal	taal	固有名詞
taar	taar	固有名詞
taata	taata	固有名詞
tab	tab	固有名詞
tabac	tabac	固有名詞
taband	taband	固有名詞
tabard	tabard	固有名詞
tabbed	tabbed	固有名詞
tabber	tabber	固有名詞
tabbis	tabbis	固有名詞
tabby	tabby	固有名詞
tabefy	tabefy	固有名詞
tabel	tabel	固有名詞
taber	taber	固有名詞
tabers	tabers	固有名詞
tabes	tabes	固有名詞
tabet	tabet	固有名詞
tabi	tabi	固有名詞
tabic	tabic	固有名詞
tabid	tabid	固有名詞
tabira	tabira	固有名詞
tabis	tabis	固有名詞
tabla	tabla	固有名詞
tablas	tablas	固有名詞
table	table	固有名詞
tabled	tabled	固有名詞
tabler	tabler	固有名詞
tables	tables	固有名詞
tablet	tablet	固有名詞
tabog	tabog	固有名詞
taboo	taboo	固有名詞
taboos	taboos	固有名詞
taboot	taboot	固有名詞
tabor	tabor	固有名詞
tabors	tabors	固有名詞
tabour	tabour	固有名詞
tabret	tabret	固有名詞
tabriz	tabriz	固有名詞
tabs	tabs	固有名詞
tabu	tabu	固有名詞
tabued	tabued	固有名詞
tabula	tabula	固有名詞
tabule	tabule	固有名詞
tabus	tabus	固有名詞
tabut	tabut	固有名詞
tacan	tacan	固有名詞
tacana	tacana	固有名詞
tacca	tacca	固有名詞
tace	tace	固有名詞
taces	taces	固有名詞
tacet	tacet	固有名詞
tach	tach	固有名詞
tache	tache	固有名詞
taches	taches	固有名詞
tachi	tachi	固有名詞
tachs	tachs	固有名詞
tacit	tacit	固有名詞
tack	tack	固有名詞
tacked	tacked	固有名詞
tacker	tacker	固有名詞
tacket	tacket	固有名詞
tackey	tackey	固有名詞
tackle	tackle	固有名詞
tacks	tacks	固有名詞
tacky	tacky	固有名詞
taco	taco	固有名詞
tacoma	tacoma	固有名詞
tacos	tacos	固有名詞
tacso	tacso	固有名詞
tact	tact	固有名詞
tactic	tactic	固有名詞
tactor	tactor	固有名詞
tacts	tacts	固有名詞
tactus	tactus	固有名詞
tad	tad	固有名詞
tade	tade	固有名詞
tadjik	tadjik	固有名詞
tads	tads	固有名詞
tae	tae	固有名詞
tael	tael	固有名詞
taels	taels	固有名詞
taen	taen	固有名詞
taenia	taenia	固有名詞
taffia	taffia	固有名詞
taffle	taffle	固有名詞
taffy	taffy	固有名詞
tafia	tafia	固有名詞
tafias	tafias	固有名詞
taft	taft	固有名詞
tafwiz	tafwiz	固有名詞
tag	tag	固有名詞
tagal	tagal	固有名詞
tagala	tagala	固有名詞
tagalo	tagalo	固有名詞
tagaur	tagaur	固有名詞
tagel	tagel	固有名詞
tagged	tagged	固有名詞
tagger	tagger	固有名詞
taggle	taggle	固有名詞
taggy	taggy	固有名詞
tagish	tagish	固有名詞
taglet	taglet	固有名詞
taglia	taglia	固有名詞
tagrag	tagrag	固有名詞
tags	tags	固有名詞
tagua	tagua	固有名詞
taguan	taguan	固有名詞
tagula	tagula	固有名詞
tagus	tagus	固有名詞
taha	taha	固有名詞
tahali	tahali	固有名詞
tahami	tahami	固有名詞
tahar	tahar	固有名詞
taheen	taheen	固有名詞
tahil	tahil	固有名詞
tahin	tahin	固有名詞
tahina	tahina	固有名詞
tahiti	tahiti	固有名詞
tahona	tahona	固有名詞
tahr	tahr	固有名詞
tahrs	tahrs	固有名詞
tahsil	tahsil	固有名詞
tahsin	tahsin	固有名詞
tahua	tahua	固有名詞
tai	tai	固有名詞
taiaha	taiaha	固有名詞
taich	taich	固有名詞
taig	taig	固有名詞
taiga	taiga	固有名詞
taigas	taigas	固有名詞
taigle	taigle	固有名詞
taihoa	taihoa	固有名詞
taikih	taikih	固有名詞
taikun	taikun	固有名詞
tail	tail	固有名詞
tailed	tailed	固有名詞
tailer	tailer	固有名詞
tailet	tailet	固有名詞
tailge	tailge	固有名詞
taille	taille	固有名詞
tailor	tailor	固有名詞
tails	tails	固有名詞
tailte	tailte	固有名詞
tailwind	Tailwind	固有名詞
taily	taily	固有名詞
tailye	tailye	固有名詞
taimen	taimen	固有名詞
tain	tain	固有名詞
tainan	tainan	固有名詞
taino	taino	固有名詞
tainos	tainos	固有名詞
tains	tains	固有名詞
taint	taint	固有名詞
tainte	tainte	固有名詞
taints	taints	固有名詞
tainui	tainui	固有名詞
taipan	taipan	固有名詞
taipei	taipei	固有名詞
taipi	taipi	固有名詞
taipo	taipo	固有名詞
tairge	tairge	固有名詞
tairn	tairn	固有名詞
taisch	taisch	固有名詞
taise	taise	固有名詞
taish	taish	固有名詞
taisho	taisho	固有名詞
tait	tait	固有名詞
taiver	taiver	固有名詞
taiwan	taiwan	固有名詞
taiyal	taiyal	固有名詞
taj	taj	固有名詞
tajes	tajes	固有名詞
tajik	tajik	固有名詞
tajiki	tajiki	固有名詞
taka	taka	固有名詞
takahe	takahe	固有名詞
takao	takao	固有名詞
takar	takar	固有名詞
take	take	固有名詞
taked	taked	固有名詞
taken	taken	固有名詞
taker	taker	固有名詞
takers	takers	固有名詞
takes	takes	固有名詞
taketh	taketh	固有名詞
takin	takin	固有名詞
taking	taking	固有名詞
takins	takins	固有名詞
takt	takt	固有名詞
taku	taku	固有名詞
taky	taky	固有名詞
takyr	takyr	固有名詞
tal	tal	固有名詞
tala	tala	固有名詞
talaje	talaje	固有名詞
talak	talak	固有名詞
talao	talao	固有名詞
talar	talar	固有名詞
talari	talari	固有名詞
talars	talars	固有名詞
talas	talas	固有名詞
talbot	talbot	固有名詞
talc	talc	固有名詞
talced	talced	固有名詞
talcer	talcer	固有名詞
talck	talck	固有名詞
talcky	talcky	固有名詞
talcs	talcs	固有名詞
talcum	talcum	固有名詞
tald	tald	固有名詞
tale	tale	固有名詞
taled	taled	固有名詞
talent	talent	固有名詞
taler	taler	固有名詞
talers	talers	固有名詞
tales	tales	固有名詞
tali	tali	固有名詞
talio	talio	固有名詞
talion	talion	固有名詞
talis	talis	固有名詞
talite	talite	固有名詞
talk	talk	固有名詞
talked	talked	固有名詞
talkee	talkee	固有名詞
talker	talker	固有名詞
talkie	talkie	固有名詞
talks	talks	固有名詞
talky	talky	固有名詞
tall	tall	固有名詞
taller	taller	固有名詞
talles	talles	固有名詞
tallet	tallet	固有名詞
talli	talli	固有名詞
tallis	tallis	固有名詞
tallit	tallit	固有名詞
tallol	tallol	固有名詞
tallow	tallow	固有名詞
tally	tally	固有名詞
talma	talma	固有名詞
talmas	talmas	固有名詞
talmud	talmud	固有名詞
talon	talon	固有名詞
talons	talons	固有名詞
talose	talose	固有名詞
talpa	talpa	固有名詞
talpid	talpid	固有名詞
talter	talter	固有名詞
taluk	taluk	固有名詞
taluka	taluka	固有名詞
taluks	taluks	固有名詞
talus	talus	固有名詞
taluto	taluto	固有名詞
talwar	talwar	固有名詞
talweg	talweg	固有名詞
tam	tam	固有名詞
tama	tama	固有名詞
tamal	tamal	固有名詞
tamale	tamale	固有名詞
tamals	tamals	固有名詞
tamanu	tamanu	固有名詞
tamara	tamara	固有名詞
tamas	tamas	固有名詞
tambac	tambac	固有名詞
tamber	tamber	固有名詞
tambo	tambo	固有名詞
tamboo	tamboo	固有名詞
tambor	tambor	固有名詞
tambur	tambur	固有名詞
tame	tame	固有名詞
tamed	tamed	固有名詞
tamein	tamein	固有名詞
tamely	tamely	固有名詞
tamer	tamer	固有名詞
tamers	tamers	固有名詞
tames	tames	固有名詞
tamest	tamest	固有名詞
tamias	tamias	固有名詞
tamil	tamil	固有名詞
tamine	tamine	固有名詞
taming	taming	固有名詞
taminy	taminy	固有名詞
tamis	tamis	固有名詞
tamise	tamise	固有名詞
tammar	tammar	固有名詞
tammie	tammie	固有名詞
tammuz	tammuz	固有名詞
tammy	tammy	固有名詞
tamoyo	tamoyo	固有名詞
tamp	tamp	固有名詞
tampa	tampa	固有名詞
tampan	tampan	固有名詞
tamped	tamped	固有名詞
tamper	tamper	固有名詞
tampin	tampin	固有名詞
tampoe	tampoe	固有名詞
tampon	tampon	固有名詞
tampoy	tampoy	固有名詞
tamps	tamps	固有名詞
tampur	tampur	固有名詞
tams	tams	固有名詞
tamul	tamul	固有名詞
tamure	tamure	固有名詞
tamus	tamus	固有名詞
tan	tan	固有名詞
tana	tana	固有名詞
tanach	tanach	固有名詞
tanak	tanak	固有名詞
tanaka	tanaka	固有名詞
tanala	tanala	固有名詞
tanan	tanan	固有名詞
tanbur	tanbur	固有名詞
tancel	tancel	固有名詞
tandan	tandan	固有名詞
tandem	tandem	固有名詞
tandle	tandle	固有名詞
tandy	tandy	固有名詞
tane	tane	固有名詞
tanega	tanega	固有名詞
tang	tang	固有名詞
tanga	tanga	固有名詞
tanged	tanged	固有名詞
tanger	tanger	固有名詞
tangi	tangi	固有名詞
tangie	tangie	固有名詞
tangka	tangka	固有名詞
tangle	tangle	固有名詞
tangly	tangly	固有名詞
tango	tango	固有名詞
tangos	tangos	固有名詞
tangs	tangs	固有名詞
tangue	tangue	固有名詞
tangum	tangum	固有名詞
tangun	tangun	固有名詞
tangut	tangut	固有名詞
tangy	tangy	固有名詞
tanh	tanh	固有名詞
tanha	tanha	固有名詞
tania	tania	固有名詞
tanica	tanica	固有名詞
tanier	tanier	固有名詞
taniko	taniko	固有名詞
tanist	tanist	固有名詞
tanite	tanite	固有名詞
tanjib	tanjib	固有名詞
tank	tank	固有名詞
tanka	tanka	固有名詞
tankah	tankah	固有名詞
tankas	tankas	固有名詞
tanked	tanked	固有名詞
tanker	tanker	固有名詞
tankie	tankie	固有名詞
tankka	tankka	固有名詞
tankle	tankle	固有名詞
tanks	tanks	固有名詞
tanna	tanna	固有名詞
tanned	tanned	固有名詞
tanner	tanner	固有名詞
tannic	tannic	固有名詞
tannid	tannid	固有名詞
tannin	tannin	固有名詞
tanny	tanny	固有名詞
tannyl	tannyl	固有名詞
tano	tano	固有名詞
tanoa	tanoa	固有名詞
tanoan	tanoan	固有名詞
tanrec	tanrec	固有名詞
tans	tans	固有名詞
tansel	tansel	固有名詞
tansey	tansey	固有名詞
tansy	tansy	固有名詞
tanti	tanti	固有名詞
tantle	tantle	固有名詞
tanto	tanto	固有名詞
tantra	tantra	固有名詞
tantum	tantum	固有名詞
tanya	tanya	固有名詞
tanzeb	tanzeb	固有名詞
tanzib	tanzib	固有名詞
tanzy	tanzy	固有名詞
tao	tao	固有名詞
taoism	taoism	固有名詞
taoist	taoist	固有名詞
taoiya	taoiya	固有名詞
taos	taos	固有名詞
taotai	taotai	固有名詞
taoyin	taoyin	固有名詞
tap	tap	固有名詞
tapa	tapa	固有名詞
tapajo	tapajo	固有名詞
tapalo	tapalo	固有名詞
tapas	tapas	固有名詞
tape	tape	固有名詞
taped	taped	固有名詞
tapen	tapen	固有名詞
taper	taper	固有名詞
tapers	tapers	固有名詞
tapery	tapery	固有名詞
tapes	tapes	固有名詞
tapet	tapet	固有名詞
tapeta	tapeta	固有名詞
tapete	tapete	固有名詞
tapeti	tapeti	固有名詞
tapia	tapia	固有名詞
taping	taping	固有名詞
tapir	tapir	固有名詞
tapiro	tapiro	固有名詞
tapirs	tapirs	固有名詞
tapis	tapis	固有名詞
tapism	tapism	固有名詞
tapist	tapist	固有名詞
tapit	tapit	固有名詞
taplet	taplet	固有名詞
tapnet	tapnet	固有名詞
tapoa	tapoa	固有名詞
taposa	taposa	固有名詞
tapoun	tapoun	固有名詞
tappa	tappa	固有名詞
tapped	tapped	固有名詞
tappen	tappen	固有名詞
tapper	tapper	固有名詞
tappet	tappet	固有名詞
tappit	tappit	固有名詞
taps	taps	固有名詞
tapu	tapu	固有名詞
tapul	tapul	固有名詞
tapuya	tapuya	固有名詞
tapuyo	tapuyo	固有名詞
taqlid	taqlid	固有名詞
taqua	taqua	固有名詞
tar	tar	固有名詞
tara	tara	固有名詞
taraf	taraf	固有名詞
tarage	tarage	固有名詞
tarai	tarai	固有名詞
tarand	tarand	固有名詞
taraph	taraph	固有名詞
tarasc	tarasc	固有名詞
tarata	tarata	固有名詞
tarau	tarau	固有名詞
tarbet	tarbet	固有名詞
tarble	tarble	固有名詞
tarbox	tarbox	固有名詞
tarboy	tarboy	固有名詞
tarcel	tarcel	固有名詞
tarde	tarde	固有名詞
tardle	tardle	固有名詞
tardo	tardo	固有名詞
tardy	tardy	固有名詞
tare	tare	固有名詞
tarea	tarea	固有名詞
tared	tared	固有名詞
tarefa	tarefa	固有名詞
tareq	tareq	固有名詞
tares	tares	固有名詞
tarfa	tarfa	固有名詞
targe	targe	固有名詞
targed	targed	固有名詞
targer	targer	固有名詞
targes	targes	固有名詞
target	target	固有名詞
targum	targum	固有名詞
tari	tari	固有名詞
tarie	tarie	固有名詞
tariff	tariff	固有名詞
tarin	tarin	固有名詞
taring	taring	固有名詞
tariqa	tariqa	固有名詞
tariri	tariri	固有名詞
tarish	tarish	固有名詞
tarmac	tarmac	固有名詞
tarman	tarman	固有名詞
tarmi	tarmi	固有名詞
tarn	tarn	固有名詞
tarnal	tarnal	固有名詞
tarns	tarns	固有名詞
taro	taro	固有名詞
taroc	taroc	固有名詞
tarocs	tarocs	固有名詞
tarok	tarok	固有名詞
taroks	taroks	固有名詞
taros	taros	固有名詞
tarot	tarot	固有名詞
tarots	tarots	固有名詞
tarp	tarp	固有名詞
tarpan	tarpan	固有名詞
tarpon	tarpon	固有名詞
tarpot	tarpot	固有名詞
tarps	tarps	固有名詞
tarpum	tarpum	固有名詞
tarr	tarr	固有名詞
tarras	tarras	固有名詞
tarre	tarre	固有名詞
tarred	tarred	固有名詞
tarrer	tarrer	固有名詞
tarres	tarres	固有名詞
tarri	tarri	固有名詞
tarrie	tarrie	固有名詞
tarrow	tarrow	固有名詞
tarry	tarry	固有名詞
tars	tars	固有名詞
tarsal	tarsal	固有名詞
tarse	tarse	固有名詞
tarsi	tarsi	固有名詞
tarsia	tarsia	固有名詞
tarsus	tarsus	固有名詞
tart	tart	固有名詞
tartan	tartan	固有名詞
tartar	tartar	固有名詞
tarte	tarte	固有名詞
tarted	tarted	固有名詞
tarten	tarten	固有名詞
tarter	tarter	固有名詞
tartle	tartle	固有名詞
tartly	tartly	固有名詞
tartro	tartro	固有名詞
tarts	tarts	固有名詞
taruma	taruma	固有名詞
tarve	tarve	固有名詞
tarvia	tarvia	固有名詞
taryba	taryba	固有名詞
tarzan	tarzan	固有名詞
tas	tas	固有名詞
tasajo	tasajo	固有名詞
tasbih	tasbih	固有名詞
tascal	tascal	固有名詞
tasco	tasco	固有名詞
tash	tash	固有名詞
tashie	tashie	固有名詞
tasian	tasian	固有名詞
task	task	固有名詞
tasked	tasked	固有名詞
tasker	tasker	固有名詞
taskit	taskit	固有名詞
tasks	tasks	固有名詞
taslet	taslet	固有名詞
tass	tass	固有名詞
tassah	tassah	固有名詞
tassal	tassal	固有名詞
tasse	tasse	固有名詞
tassel	tassel	固有名詞
tasser	tasser	固有名詞
tasses	tasses	固有名詞
tasset	tasset	固有名詞
tassie	tassie	固有名詞
tassoo	tassoo	固有名詞
taste	taste	固有名詞
tasted	tasted	固有名詞
tasten	tasten	固有名詞
taster	taster	固有名詞
tastes	tastes	固有名詞
tasty	tasty	固有名詞
tasu	tasu	固有名詞
tat	tat	固有名詞
tatami	tatami	固有名詞
tatar	tatar	固有名詞
tatary	tatary	固有名詞
tatbeb	tatbeb	固有名詞
tatchy	tatchy	固有名詞
tate	tate	固有名詞
tater	tater	固有名詞
taters	taters	固有名詞
tates	tates	固有名詞
tath	tath	固有名詞
tatian	tatian	固有名詞
tatie	tatie	固有名詞
tatler	tatler	固有名詞
tatoo	tatoo	固有名詞
tatoos	tatoos	固有名詞
tatou	tatou	固有名詞
tats	tats	固有名詞
tatta	tatta	固有名詞
tatted	tatted	固有名詞
tatter	tatter	固有名詞
tattie	tattie	固有名詞
tattle	tattle	固有名詞
tattoo	tattoo	固有名詞
tattva	tattva	固有名詞
tatty	tatty	固有名詞
tatu	tatu	固有名詞
tau	tau	固有名詞
taube	taube	固有名詞
taught	taught	固有名詞
taula	taula	固有名詞
taulch	taulch	固有名詞
tauli	tauli	固有名詞
taulia	taulia	固有名詞
taum	taum	固有名詞
taun	taun	固有名詞
taunt	taunt	固有名詞
taunts	taunts	固有名詞
taupe	taupe	固有名詞
taupes	taupes	固有名詞
taupo	taupo	固有名詞
taupou	taupou	固有名詞
taur	taur	固有名詞
tauri	tauri	固有名詞
tauric	tauric	固有名詞
taurid	taurid	固有名詞
taurin	taurin	固有名詞
taurus	taurus	固有名詞
tauryl	tauryl	固有名詞
taus	taus	固有名詞
taut	taut	固有名詞
tauted	tauted	固有名詞
tauten	tauten	固有名詞
tauter	tauter	固有名詞
tautit	tautit	固有名詞
tautly	tautly	固有名詞
tautog	tautog	固有名詞
tauts	tauts	固有名詞
tav	tav	固有名詞
tavast	tavast	固有名詞
tave	tave	固有名詞
tavell	tavell	固有名詞
taver	taver	固有名詞
tavern	tavern	固有名詞
tavers	tavers	固有名詞
tavert	tavert	固有名詞
tavghi	tavghi	固有名詞
tavola	tavola	固有名詞
tavoy	tavoy	固有名詞
tavs	tavs	固有名詞
tavy	tavy	固有名詞
taw	taw	固有名詞
tawa	tawa	固有名詞
tawdry	tawdry	固有名詞
tawed	tawed	固有名詞
tawer	tawer	固有名詞
tawers	tawers	固有名詞
tawery	tawery	固有名詞
tawgi	tawgi	固有名詞
tawhai	tawhai	固有名詞
tawhid	tawhid	固有名詞
tawie	tawie	固有名詞
tawing	tawing	固有名詞
tawite	tawite	固有名詞
tawkee	tawkee	固有名詞
tawkin	tawkin	固有名詞
tawn	tawn	固有名詞
tawney	tawney	固有名詞
tawnie	tawnie	固有名詞
tawnle	tawnle	固有名詞
tawny	tawny	固有名詞
tawpi	tawpi	固有名詞
tawpie	tawpie	固有名詞
tawpy	tawpy	固有名詞
taws	taws	固有名詞
tawse	tawse	固有名詞
tawsed	tawsed	固有名詞
tawses	tawses	固有名詞
tawtie	tawtie	固有名詞
tawyer	tawyer	固有名詞
tax	tax	固有名詞
taxa	taxa	固有名詞
taxed	taxed	固有名詞
taxeme	taxeme	固有名詞
taxer	taxer	固有名詞
taxers	taxers	固有名詞
taxes	taxes	固有名詞
taxi	taxi	固有名詞
taxied	taxied	固有名詞
taxies	taxies	固有名詞
taxin	taxin	固有名詞
taxine	taxine	固有名詞
taxing	taxing	固有名詞
taxir	taxir	固有名詞
taxis	taxis	固有名詞
taxite	taxite	固有名詞
taxman	taxman	固有名詞
taxmen	taxmen	固有名詞
taxon	taxon	固有名詞
taxons	taxons	固有名詞
taxor	taxor	固有名詞
taxus	taxus	固有名詞
taxwax	taxwax	固有名詞
taxy	taxy	固有名詞
tay	tay	固有名詞
tayer	tayer	固有名詞
tayir	tayir	固有名詞
taylor	taylor	固有名詞
tayra	tayra	固有名詞
taysmm	taysmm	固有名詞
tazeea	tazeea	固有名詞
tazia	tazia	固有名詞
tazza	tazza	固有名詞
tazzas	tazzas	固有名詞
tazze	tazze	固有名詞
tbs	tbs	固有名詞
tbsp	tbsp	固有名詞
tcawi	tcawi	固有名詞
tch	tch	固有名詞
tchai	tchai	固有名詞
tchast	tchast	固有名詞
tche	tche	固有名詞
tcheka	tcheka	固有名詞
tchi	tchi	固有名詞
tchick	tchick	固有名詞
tchr	tchr	固有名詞
tchu	tchu	固有名詞
tchwi	tchwi	固有名詞
tck	tck	固有名詞
tdr	tdr	固有名詞
tea	tea	固有名詞
teabox	teabox	固有名詞
teaboy	teaboy	固有名詞
teach	teach	固有名詞
teache	teache	固有名詞
teachy	teachy	固有名詞
teacup	teacup	固有名詞
tead	tead	固有名詞
teaer	teaer	固有名詞
teaey	teaey	固有名詞
teagle	teagle	固有名詞
teague	teague	固有名詞
teaing	teaing	固有名詞
teaish	teaish	固有名詞
teaism	teaism	固有名詞
teak	teak	固有名詞
teaks	teaks	固有名詞
teal	teal	固有名詞
teals	teals	固有名詞
team	team	固有名詞
teaman	teaman	固有名詞
teamed	teamed	固有名詞
teameo	teameo	固有名詞
teamer	teamer	固有名詞
teams	Teams	固有名詞
tean	tean	固有名詞
teanal	teanal	固有名詞
teap	teap	固有名詞
teapot	teapot	固有名詞
teapoy	teapoy	固有名詞
tear	tear	固有名詞
teared	teared	固有名詞
tearer	tearer	固有名詞
tears	tears	固有名詞
teart	teart	固有名詞
teary	teary	固有名詞
teas	teas	固有名詞
tease	tease	固有名詞
teased	teased	固有名詞
teasel	teasel	固有名詞
teaser	teaser	固有名詞
teases	teases	固有名詞
teasle	teasle	固有名詞
teasy	teasy	固有名詞
teat	teat	固有名詞
teated	teated	固有名詞
teathe	teathe	固有名詞
teats	teats	固有名詞
teaty	teaty	固有名詞
teave	teave	固有名詞
teaze	teaze	固有名詞
teazel	teazel	固有名詞
teazer	teazer	固有名詞
teazle	teazle	固有名詞
tebbad	tebbad	固有名詞
tebbet	tebbet	固有名詞
tebet	tebet	固有名詞
tebeth	tebeth	固有名詞
tebu	tebu	固有名詞
tec	tec	固有名詞
teca	teca	固有名詞
tecali	tecali	固有名詞
tech	tech	固有名詞
teched	teched	固有名詞
techie	techie	固有名詞
techne	techne	固有名詞
techy	techy	固有名詞
teck	teck	固有名詞
tecla	tecla	固有名詞
teco	teco	固有名詞
tecoma	tecoma	固有名詞
tecon	tecon	固有名詞
tecta	tecta	固有名詞
tectal	tectal	固有名詞
tectum	tectum	固有名詞
tecum	tecum	固有名詞
tecuma	tecuma	固有名詞
tecuna	tecuna	固有名詞
ted	ted	固有名詞
teda	teda	固有名詞
tedded	tedded	固有名詞
tedder	tedder	固有名詞
teddy	teddy	固有名詞
tedge	tedge	固有名詞
tedium	tedium	固有名詞
teds	teds	固有名詞
tee	tee	固有名詞
teed	teed	固有名詞
teedle	teedle	固有名詞
teeing	teeing	固有名詞
teel	teel	固有名詞
teem	teem	固有名詞
teemed	teemed	固有名詞
teemer	teemer	固有名詞
teems	teems	固有名詞
teen	teen	固有名詞
teener	teener	固有名詞
teenet	teenet	固有名詞
teenie	teenie	固有名詞
teens	teens	固有名詞
teensy	teensy	固有名詞
teenty	teenty	固有名詞
teeny	teeny	固有名詞
teepee	teepee	固有名詞
teer	teer	固有名詞
teerer	teerer	固有名詞
tees	tees	固有名詞
teest	teest	固有名詞
teet	teet	固有名詞
teetan	teetan	固有名詞
teetee	teetee	固有名詞
teeter	teeter	固有名詞
teeth	teeth	固有名詞
teethe	teethe	固有名詞
teethy	teethy	固有名詞
teety	teety	固有名詞
teevee	teevee	固有名詞
tef	tef	固有名詞
teff	teff	固有名詞
teffs	teffs	固有名詞
teflon	teflon	固有名詞
teg	teg	固有名詞
tega	tega	固有名詞
tegean	tegean	固有名詞
tegg	tegg	固有名詞
tegmen	tegmen	固有名詞
tegs	tegs	固有名詞
tegua	tegua	固有名詞
teguas	teguas	固有名詞
tegula	tegula	固有名詞
tehee	tehee	固有名詞
tehsil	tehsil	固有名詞
teian	teian	固有名詞
teihte	teihte	固有名詞
teiid	teiid	固有名詞
teiids	teiids	固有名詞
teil	teil	固有名詞
teind	teind	固有名詞
teinds	teinds	固有名詞
teioid	teioid	固有名詞
teise	teise	固有名詞
tejano	tejano	固有名詞
tejon	tejon	固有名詞
teju	teju	固有名詞
tekiah	tekiah	固有名詞
tekke	tekke	固有名詞
tekken	tekken	固有名詞
tektos	tektos	固有名詞
tekya	tekya	固有名詞
tel	tel	固有名詞
tela	tela	固有名詞
telae	telae	固有名詞
telang	telang	固有名詞
telar	telar	固有名詞
telary	telary	固有名詞
tele	tele	固有名詞
teledu	teledu	固有名詞
teleg	teleg	固有名詞
telega	telega	固有名詞
telegn	telegn	固有名詞
telegu	telegu	固有名詞
telei	telei	固有名詞
teleia	teleia	固有名詞
teleph	teleph	固有名詞
teles	teles	固有名詞
telesm	telesm	固有名詞
teleut	teleut	固有名詞
telex	telex	固有名詞
telfer	telfer	固有名詞
teli	teli	固有名詞
telia	telia	固有名詞
telial	telial	固有名詞
telic	telic	固有名詞
telium	telium	固有名詞
tell	tell	固有名詞
tellee	tellee	固有名詞
tellen	tellen	固有名詞
teller	teller	固有名詞
tellin	tellin	固有名詞
tells	tells	固有名詞
tellt	tellt	固有名詞
tellus	tellus	固有名詞
telly	telly	固有名詞
teloi	teloi	固有名詞
telome	telome	固有名詞
telos	telos	固有名詞
telson	telson	固有名詞
telt	telt	固有名詞
telugu	telugu	固有名詞
telyn	telyn	固有名詞
tem	tem	固有名詞
tema	tema	固有名詞
teman	teman	固有名詞
tembe	tembe	固有名詞
tembu	tembu	固有名詞
temene	temene	固有名詞
temiak	temiak	固有名詞
temin	temin	固有名詞
temne	temne	固有名詞
temp	temp	固有名詞
tempe	tempe	固有名詞
tempeh	tempeh	固有名詞
temper	temper	固有名詞
tempi	tempi	固有名詞
temple	temple	固有名詞
tempo	tempo	固有名詞
tempos	tempos	固有名詞
tempre	tempre	固有名詞
temps	temps	固有名詞
tempt	tempt	固有名詞
tempts	tempts	固有名詞
tempus	tempus	固有名詞
tempyo	tempyo	固有名詞
temse	temse	固有名詞
temser	temser	固有名詞
ten	ten	固有名詞
tenace	tenace	固有名詞
tenacy	tenacy	固有名詞
tenai	tenai	固有名詞
tenail	tenail	固有名詞
tenaim	tenaim	固有名詞
tenant	tenant	固有名詞
tench	tench	固有名詞
tend	tend	固有名詞
tended	tended	固有名詞
tender	tender	固有名詞
tendo	tendo	固有名詞
tendon	tendon	固有名詞
tendre	tendre	固有名詞
tendry	tendry	固有名詞
tends	tends	固有名詞
tenent	tenent	固有名詞
tenet	tenet	固有名詞
tenets	tenets	固有名詞
tenez	tenez	固有名詞
teng	teng	固有名詞
tengu	tengu	固有名詞
tenia	tenia	固有名詞
teniae	teniae	固有名詞
tenias	tenias	固有名詞
tenino	tenino	固有名詞
tenio	tenio	固有名詞
tenla	tenla	固有名詞
tenne	tenne	固有名詞
tenner	tenner	固有名詞
tennis	tennis	固有名詞
tenno	tenno	固有名詞
tennu	tennu	固有名詞
tenon	tenon	固有名詞
tenons	tenons	固有名詞
tenor	tenor	固有名詞
tenore	tenore	固有名詞
tenors	tenors	固有名詞
tenour	tenour	固有名詞
tenpin	tenpin	固有名詞
tenrec	tenrec	固有名詞
tens	tens	固有名詞
tensas	tensas	固有名詞
tensaw	tensaw	固有名詞
tense	tense	固有名詞
tensed	tensed	固有名詞
tenser	tenser	固有名詞
tenses	tenses	固有名詞
tenso	tenso	固有名詞
tenson	tenson	固有名詞
tensor	tensor	固有名詞
tent	tent	固有名詞
tented	tented	固有名詞
tenter	tenter	固有名詞
tenth	tenth	固有名詞
tenths	tenths	固有名詞
tentie	tentie	固有名詞
tentor	tentor	固有名詞
tents	tents	固有名詞
tenty	tenty	固有名詞
tenue	tenue	固有名詞
tenues	tenues	固有名詞
tenuis	tenuis	固有名詞
tenuit	tenuit	固有名詞
tenure	tenure	固有名詞
tenury	tenury	固有名詞
tenuti	tenuti	固有名詞
tenuto	tenuto	固有名詞
tenzon	tenzon	固有名詞
teopan	teopan	固有名詞
tepa	tepa	固有名詞
tepal	tepal	固有名詞
tepals	tepals	固有名詞
tepary	tepary	固有名詞
tepas	tepas	固有名詞
tepe	tepe	固有名詞
tepee	tepee	固有名詞
tepees	tepees	固有名詞
tepefy	tepefy	固有名詞
tephra	tephra	固有名詞
tepid	tepid	固有名詞
tepor	tepor	固有名詞
ter	ter	固有名詞
tera	tera	固有名詞
terai	terai	固有名詞
terais	terais	固有名詞
terap	terap	固有名詞
teraph	teraph	固有名詞
teras	teras	固有名詞
terass	terass	固有名詞
terata	terata	固有名詞
terbia	terbia	固有名詞
terbic	terbic	固有名詞
terce	terce	固有名詞
tercel	tercel	固有名詞
tercer	tercer	固有名詞
terces	terces	固有名詞
tercet	tercet	固有名詞
tercia	tercia	固有名詞
tercio	tercio	固有名詞
teredo	teredo	固有名詞
terek	terek	固有名詞
teres	teres	固有名詞
teresa	teresa	固有名詞
terete	terete	固有名詞
tereu	tereu	固有名詞
tereus	tereus	固有名詞
terfez	terfez	固有名詞
terga	terga	固有名詞
tergal	tergal	固有名詞
tergum	tergum	固有名詞
teri	teri	固有名詞
term	term	固有名詞
terma	terma	固有名詞
termal	termal	固有名詞
terman	terman	固有名詞
termed	termed	固有名詞
termen	termen	固有名詞
termer	termer	固有名詞
termes	termes	固有名詞
termin	termin	固有名詞
termly	termly	固有名詞
termon	termon	固有名詞
termor	termor	固有名詞
terms	terms	固有名詞
tern	tern	固有名詞
terna	terna	固有名詞
ternal	ternal	固有名詞
ternar	ternar	固有名詞
terne	terne	固有名詞
terned	terned	固有名詞
terner	terner	固有名詞
ternes	ternes	固有名詞
terns	terns	固有名詞
terp	terp	固有名詞
terpen	terpen	固有名詞
terpin	terpin	固有名詞
terr	terr	固有名詞
terra	terra	固有名詞
terrae	terrae	固有名詞
terral	terral	固有名詞
terran	terran	固有名詞
terrar	terrar	固有名詞
terras	terras	固有名詞
terre	terre	固有名詞
terret	terret	固有名詞
terri	terri	固有名詞
terrie	terrie	固有名詞
territ	territ	固有名詞
terron	terron	固有名詞
terror	terror	固有名詞
terry	terry	固有名詞
terse	terse	固有名詞
terser	terser	固有名詞
tertia	tertia	固有名詞
tertii	tertii	固有名詞
tertio	tertio	固有名詞
terton	terton	固有名詞
teruah	teruah	固有名詞
tervee	tervee	固有名詞
terzet	terzet	固有名詞
terzio	terzio	固有名詞
terzo	terzo	固有名詞
tesack	tesack	固有名詞
tesla	tesla	固有名詞
teslas	teslas	固有名詞
tess	tess	固有名詞
tessel	tessel	固有名詞
test	test	固有名詞
testa	testa	固有名詞
testae	testae	固有名詞
testao	testao	固有名詞
testar	testar	固有名詞
teste	teste	固有名詞
tested	tested	固有名詞
testee	testee	固有名詞
tester	tester	固有名詞
testes	testes	固有名詞
testis	testis	固有名詞
teston	teston	固有名詞
testor	testor	固有名詞
tests	tests	固有名詞
testy	testy	固有名詞
tetany	tetany	固有名詞
tetard	tetard	固有名詞
tetch	tetch	固有名詞
tetchy	tetchy	固有名詞
tete	tete	固有名詞
tetel	tetel	固有名詞
teth	teth	固有名詞
tether	tether	固有名詞
teths	teths	固有名詞
tethys	tethys	固有名詞
teton	teton	固有名詞
tetra	tetra	固有名詞
tetrad	tetrad	固有名詞
tetrao	tetrao	固有名詞
tetras	tetras	固有名詞
tetric	tetric	固有名詞
tetrix	tetrix	固有名詞
tetrol	tetrol	固有名詞
tetryl	tetryl	固有名詞
tetter	tetter	固有名詞
tettix	tettix	固有名詞
tetty	tetty	固有名詞
tetum	tetum	固有名詞
teucer	teucer	固有名詞
teuch	teuch	固有名詞
teucri	teucri	固有名詞
teufit	teufit	固有名詞
teugh	teugh	固有名詞
teuk	teuk	固有名詞
teuton	teuton	固有名詞
teviss	teviss	固有名詞
tew	tew	固有名詞
tewa	tewa	固有名詞
tewart	tewart	固有名詞
tewed	tewed	固有名詞
tewel	tewel	固有名詞
tewer	tewer	固有名詞
tewhit	tewhit	固有名詞
tewing	tewing	固有名詞
tewit	tewit	固有名詞
tewly	tewly	固有名詞
tews	tews	固有名詞
tewtaw	tewtaw	固有名詞
tewter	tewter	固有名詞
tex	tex	固有名詞
texaco	texaco	固有名詞
texan	texan	固有名詞
texans	texans	固有名詞
texas	texas	固有名詞
text	text	固有名詞
texts	texts	固有名詞
textus	textus	固有名詞
tez	tez	固有名詞
tfr	tfr	固有名詞
tgn	tgn	固有名詞
tgt	tgt	固有名詞
tha	tha	固有名詞
thack	thack	固有名詞
thacks	thacks	固有名詞
thad	thad	固有名詞
thae	thae	固有名詞
thai	thai	固有名詞
thairm	thairm	固有名詞
thais	thais	固有名詞
thak	thak	固有名詞
thakur	thakur	固有名詞
thala	thala	固有名詞
thaler	thaler	固有名詞
thalia	thalia	固有名詞
thalli	thalli	固有名詞
thames	thames	固有名詞
thamin	thamin	固有名詞
thamus	thamus	固有名詞
than	than	固有名詞
thana	thana	固有名詞
thanah	thanah	固有名詞
thanan	thanan	固有名詞
thane	thane	固有名詞
thanes	thanes	固有名詞
thank	thank	固有名詞
thanks	thanks	固有名詞
thapes	thapes	固有名詞
thar	thar	固有名詞
tharen	tharen	固有名詞
tharf	tharf	固有名詞
tharm	tharm	固有名詞
tharms	tharms	固有名詞
that	that	固有名詞
thatch	thatch	固有名詞
thatd	thatd	固有名詞
thatll	thatll	固有名詞
thatn	thatn	固有名詞
thats	thats	固有名詞
thave	thave	固有名詞
thaw	thaw	固有名詞
thawed	thawed	固有名詞
thawer	thawer	固有名詞
thawn	thawn	固有名詞
thaws	thaws	固有名詞
thawy	thawy	固有名詞
the	the	固有名詞
thea	thea	固有名詞
theah	theah	固有名詞
theat	theat	固有名詞
theave	theave	固有名詞
theb	theb	固有名詞
theban	theban	固有名詞
theca	theca	固有名詞
thecae	thecae	固有名詞
thecal	thecal	固有名詞
thecia	thecia	固有名詞
thecla	thecla	固有名詞
thed	thed	固有名詞
thee	thee	固有名詞
theek	theek	固有名詞
theer	theer	固有名詞
theet	theet	固有名詞
theft	theft	固有名詞
thefts	thefts	固有名詞
thegn	thegn	固有名詞
thegns	thegns	固有名詞
thein	thein	固有名詞
theine	theine	固有名詞
theins	theins	固有名詞
their	their	固有名詞
theirn	theirn	固有名詞
theirs	theirs	固有名詞
theism	theism	固有名詞
theist	theist	固有名詞
them	them	固有名詞
thema	thema	固有名詞
theme	theme	固有名詞
themed	themed	固有名詞
themer	themer	固有名詞
themes	themes	固有名詞
themis	themis	固有名詞
then	then	固有名詞
thenad	thenad	固有名詞
thenal	thenal	固有名詞
thenar	thenar	固有名詞
thence	thence	固有名詞
thenne	thenne	固有名詞
thens	thens	固有名詞
theo	theo	固有名詞
theody	theody	固有名詞
theol	theol	固有名詞
theor	theor	固有名詞
theory	theory	固有名詞
theos	theos	固有名詞
theow	theow	固有名詞
therap	therap	固有名詞
there	there	固有名詞
thered	thered	固有名詞
theres	theres	固有名詞
theria	theria	固有名詞
therm	therm	固有名詞
therme	therme	固有名詞
thermo	thermo	固有名詞
therms	therms	固有名詞
theron	theron	固有名詞
these	these	固有名詞
theses	theses	固有名詞
thesis	thesis	固有名詞
theta	theta	固有名詞
thetas	thetas	固有名詞
thetch	thetch	固有名詞
thete	thete	固有名詞
thetic	thetic	固有名詞
thetin	thetin	固有名詞
thetis	thetis	固有名詞
thew	thew	固有名詞
thewed	thewed	固有名詞
thews	thews	固有名詞
thewy	thewy	固有名詞
they	they	固有名詞
theyd	theyd	固有名詞
theyll	theyll	固有名詞
theyre	theyre	固有名詞
theyve	theyve	固有名詞
thiasi	thiasi	固有名詞
thibet	thibet	固有名詞
thible	thible	固有名詞
thick	thick	固有名詞
thicke	thicke	固有名詞
thicks	thicks	固有名詞
thicky	thicky	固有名詞
thief	thief	固有名詞
thieve	thieve	固有名詞
thig	thig	固有名詞
thigh	thigh	固有名詞
thighs	thighs	固有名詞
thight	thight	固有名詞
thilk	thilk	固有名詞
thill	thill	固有名詞
thills	thills	固有名詞
thilly	thilly	固有名詞
thin	thin	固有名詞
thine	thine	固有名詞
thing	thing	固有名詞
things	things	固有名詞
thingy	thingy	固有名詞
think	think	固有名詞
thinks	thinks	固有名詞
thinly	thinly	固有名詞
thins	thins	固有名詞
thio	thio	固有名詞
thiol	thiol	固有名詞
thiols	thiols	固有名詞
thir	thir	固有名詞
thiram	thiram	固有名詞
third	third	固有名詞
thirds	thirds	固有名詞
thirl	thirl	固有名詞
thirls	thirls	固有名詞
thirst	thirst	固有名詞
thirt	thirt	固有名詞
thirty	thirty	固有名詞
this	this	固有名詞
thisbe	thisbe	固有名詞
thisll	thisll	固有名詞
thisn	thisn	固有名詞
thitka	thitka	固有名詞
thitsi	thitsi	固有名詞
thivel	thivel	固有名詞
thixle	thixle	固有名詞
tho	tho	固有名詞
thob	thob	固有名詞
thocht	thocht	固有名詞
thof	thof	固有名詞
thoft	thoft	固有名詞
thoght	thoght	固有名詞
thoke	thoke	固有名詞
thole	thole	固有名詞
tholed	tholed	固有名詞
tholes	tholes	固有名詞
tholi	tholi	固有名詞
tholli	tholli	固有名詞
tholoi	tholoi	固有名詞
tholos	tholos	固有名詞
tholus	tholus	固有名詞
thoman	thoman	固有名詞
thomas	thomas	固有名詞
thon	thon	固有名詞
thone	thone	固有名詞
thong	thong	固有名詞
thonga	thonga	固有名詞
thongs	thongs	固有名詞
thongy	thongy	固有名詞
thoo	thoo	固有名詞
thooid	thooid	固有名詞
thoom	thoom	固有名詞
thor	thor	固有名詞
thoral	thoral	固有名詞
thorax	thorax	固有名詞
thore	thore	固有名詞
thoria	thoria	固有名詞
thoric	thoric	固有名詞
thorn	thorn	固有名詞
thorns	thorns	固有名詞
thorny	thorny	固有名詞
thoro	thoro	固有名詞
thoron	thoron	固有名詞
thorp	thorp	固有名詞
thorpe	thorpe	固有名詞
thorps	thorps	固有名詞
thort	thort	固有名詞
thos	thos	固有名詞
those	those	固有名詞
thou	thou	固有名詞
thoued	thoued	固有名詞
though	though	固有名詞
thous	thous	固有名詞
thouse	thouse	固有名詞
thow	thow	固有名詞
thowel	thowel	固有名詞
thowt	thowt	固有名詞
thrack	thrack	固有名詞
thraep	thraep	固有名詞
thrail	thrail	固有名詞
thrain	thrain	固有名詞
thrall	thrall	固有名詞
thram	thram	固有名詞
thrang	thrang	固有名詞
thrap	thrap	固有名詞
thrash	thrash	固有名詞
thraso	thraso	固有名詞
thrast	thrast	固有名詞
thrave	thrave	固有名詞
thraw	thraw	固有名詞
thrawn	thrawn	固有名詞
thraws	thraws	固有名詞
thrax	thrax	固有名詞
thread	thread	固有名詞
threap	threap	固有名詞
threat	threat	固有名詞
three	three	固有名詞
threep	threep	固有名詞
threes	threes	固有名詞
threip	threip	固有名詞
threne	threne	固有名詞
threpe	threpe	固有名詞
thresh	thresh	固有名詞
threw	threw	固有名詞
thrice	thrice	固有名詞
thrift	thrift	固有名詞
thrill	thrill	固有名詞
thrimp	thrimp	固有名詞
thring	thring	固有名詞
thrip	thrip	固有名詞
thrips	thrips	固有名詞
thrist	thrist	固有名詞
thrive	thrive	固有名詞
thro	thro	固有名詞
throat	throat	固有名詞
throb	throb	固有名詞
throbs	throbs	固有名詞
throck	throck	固有名詞
throe	throe	固有名詞
throed	throed	固有名詞
throes	throes	固有名詞
throne	throne	固有名詞
throng	throng	固有名詞
thrope	thrope	固有名詞
throu	throu	固有名詞
throve	throve	固有名詞
throw	throw	固有名詞
thrown	thrown	固有名詞
throws	throws	固有名詞
thru	thru	固有名詞
thrum	thrum	固有名詞
thrums	thrums	固有名詞
thrush	thrush	固有名詞
thrust	thrust	固有名詞
thruv	thruv	固有名詞
thsant	thsant	固有名詞
thuan	thuan	固有名詞
thuban	thuban	固有名詞
thud	thud	固有名詞
thuds	thuds	固有名詞
thug	thug	固有名詞
thugs	thugs	固有名詞
thuja	thuja	固有名詞
thujas	thujas	固有名詞
thujin	thujin	固有名詞
thujyl	thujyl	固有名詞
thule	thule	固有名詞
thulia	thulia	固有名詞
thulir	thulir	固有名詞
thulr	thulr	固有名詞
thumb	thumb	固有名詞
thumbs	thumbs	固有名詞
thumby	thumby	固有名詞
thump	thump	固有名詞
thumps	thumps	固有名詞
thunar	thunar	固有名詞
thund	thund	固有名詞
thung	thung	固有名詞
thunge	thunge	固有名詞
thunor	thunor	固有名詞
thuoc	thuoc	固有名詞
thurgi	thurgi	固有名詞
thurio	thurio	固有名詞
thurl	thurl	固有名詞
thurle	thurle	固有名詞
thurls	thurls	固有名詞
thurm	thurm	固有名詞
thurse	thurse	固有名詞
thurst	thurst	固有名詞
thurt	thurt	固有名詞
thus	thus	固有名詞
thushi	thushi	固有名詞
thusly	thusly	固有名詞
thuya	thuya	固有名詞
thuyas	thuyas	固有名詞
thwack	thwack	固有名詞
thwait	thwait	固有名詞
thwart	thwart	固有名詞
thwite	thwite	固有名詞
thworl	thworl	固有名詞
thy	thy	固有名詞
thyiad	thyiad	固有名詞
thyine	thyine	固有名詞
thyme	thyme	固有名詞
thymes	thymes	固有名詞
thymey	thymey	固有名詞
thymi	thymi	固有名詞
thymic	thymic	固有名詞
thymin	thymin	固有名詞
thymol	thymol	固有名詞
thyms	thyms	固有名詞
thymus	thymus	固有名詞
thymy	thymy	固有名詞
thymyl	thymyl	固有名詞
thyris	thyris	固有名詞
thyrse	thyrse	固有名詞
thyrsi	thyrsi	固有名詞
thysel	thysel	固有名詞
thysen	thysen	固有名詞
tiam	tiam	固有名詞
tiang	tiang	固有名詞
tiao	tiao	固有名詞
tiar	tiar	固有名詞
tiara	tiara	固有名詞
tiaras	tiaras	固有名詞
tib	tib	固有名詞
tibbie	tibbie	固有名詞
tibbit	tibbit	固有名詞
tibbu	tibbu	固有名詞
tibby	tibby	固有名詞
tiber	tiber	固有名詞
tibert	tibert	固有名詞
tibet	tibet	固有名詞
tibey	tibey	固有名詞
tibia	tibia	固有名詞
tibiad	tibiad	固有名詞
tibiae	tibiae	固有名詞
tibial	tibial	固有名詞
tibias	tibias	固有名詞
tic	tic	固有名詞
tical	tical	固有名詞
ticals	ticals	固有名詞
ticca	ticca	固有名詞
tice	tice	固有名詞
ticer	ticer	固有名詞
tichel	tichel	固有名詞
tick	tick	固有名詞
ticked	ticked	固有名詞
ticken	ticken	固有名詞
ticker	ticker	固有名詞
ticket	ticket	固有名詞
tickey	tickey	固有名詞
tickie	tickie	固有名詞
tickle	tickle	固有名詞
tickly	tickly	固有名詞
ticks	ticks	固有名詞
ticky	ticky	固有名詞
tics	tics	固有名詞
tictac	tictac	固有名詞
tictic	tictic	固有名詞
tictoc	tictoc	固有名詞
ticul	ticul	固有名詞
ticuna	ticuna	固有名詞
tid	tid	固有名詞
tidal	tidal	固有名詞
tidbit	tidbit	固有名詞
tidder	tidder	固有名詞
tiddle	tiddle	固有名詞
tiddly	tiddly	固有名詞
tiddy	tiddy	固有名詞
tide	tide	固有名詞
tided	tided	固有名詞
tidely	tidely	固有名詞
tides	tides	固有名詞
tidi	tidi	固有名詞
tidied	tidied	固有名詞
tidier	tidier	固有名詞
tidies	tidies	固有名詞
tidife	tidife	固有名詞
tidily	tidily	固有名詞
tiding	tiding	固有名詞
tidley	tidley	固有名詞
tidy	tidy	固有名詞
tie	tie	固有名詞
tieboy	tieboy	固有名詞
tied	tied	固有名詞
tiedog	tiedog	固有名詞
tieing	tieing	固有名詞
tien	tien	固有名詞
tienda	tienda	固有名詞
tiens	tiens	固有名詞
tienta	tienta	固有名詞
tiento	tiento	固有名詞
tiepin	tiepin	固有名詞
tier	tier	固有名詞
tierce	tierce	固有名詞
tiered	tiered	固有名詞
tierer	tierer	固有名詞
tiers	tiers	固有名詞
ties	ties	固有名詞
tiewig	tiewig	固有名詞
tiff	tiff	固有名詞
tiffed	tiffed	固有名詞
tiffie	tiffie	固有名詞
tiffin	tiffin	固有名詞
tiffle	tiffle	固有名詞
tiffs	tiffs	固有名詞
tiffy	tiffy	固有名詞
tift	tift	固有名詞
tifter	tifter	固有名詞
tig	tig	固有名詞
tige	tige	固有名詞
tiger	tiger	固有名詞
tigers	tigers	固有名詞
tigery	tigery	固有名詞
tigger	tigger	固有名詞
tight	tight	固有名詞
tights	tights	固有名詞
tiglic	tiglic	固有名詞
tiglon	tiglon	固有名詞
tignon	tignon	固有名詞
tignum	tignum	固有名詞
tigon	tigon	固有名詞
tigons	tigons	固有名詞
tigrai	tigrai	固有名詞
tigre	tigre	固有名詞
tigris	tigris	固有名詞
tigtag	tigtag	固有名詞
tigua	tigua	固有名詞
tike	tike	固有名詞
tikes	tikes	固有名詞
tiki	tiki	固有名詞
tikis	tikis	固有名詞
tikka	tikka	固有名詞
tikker	tikker	固有名詞
tikkun	tikkun	固有名詞
tiklin	tiklin	固有名詞
tikoor	tikoor	固有名詞
tikor	tikor	固有名詞
tikur	tikur	固有名詞
til	til	固有名詞
tilak	tilak	固有名詞
tilaka	tilaka	固有名詞
tilaks	tilaks	固有名詞
tilda	tilda	固有名詞
tilde	tilde	固有名詞
tilden	tilden	固有名詞
tildes	tildes	固有名詞
tile	tile	固有名詞
tiled	tiled	固有名詞
tiler	tiler	固有名詞
tilers	tilers	固有名詞
tilery	tilery	固有名詞
tiles	tiles	固有名詞
tilia	tilia	固有名詞
tiling	tiling	固有名詞
till	till	固有名詞
tilled	tilled	固有名詞
tiller	tiller	固有名詞
tillet	tillet	固有名詞
tilley	tilley	固有名詞
tillot	tillot	固有名詞
tills	tills	固有名詞
tilly	tilly	固有名詞
tilmus	tilmus	固有名詞
tilpah	tilpah	固有名詞
tils	tils	固有名詞
tilsit	tilsit	固有名詞
tilt	tilt	固有名詞
tilted	tilted	固有名詞
tilter	tilter	固有名詞
tilth	tilth	固有名詞
tilths	tilths	固有名詞
tilts	tilts	固有名詞
tiltup	tiltup	固有名詞
tilty	tilty	固有名詞
tilyer	tilyer	固有名詞
tim	tim	固有名詞
timani	timani	固有名詞
timar	timar	固有名詞
timaua	timaua	固有名詞
timawa	timawa	固有名詞
timbal	timbal	固有名詞
timbe	timbe	固有名詞
timber	timber	固有名詞
timbo	timbo	固有名詞
timbre	timbre	固有名詞
time	time	固有名詞
timed	timed	固有名詞
timely	timely	固有名詞
timer	timer	固有名詞
timers	timers	固有名詞
times	times	固有名詞
timet	timet	固有名詞
timias	timias	固有名詞
timid	timid	固有名詞
timing	timing	固有名詞
timish	timish	固有名詞
timist	timist	固有名詞
timmer	timmer	固有名詞
timne	timne	固有名詞
timo	timo	固有名詞
timon	timon	固有名詞
timor	timor	固有名詞
timote	timote	固有名詞
tin	tin	固有名詞
tina	tina	固有名詞
tinage	tinage	固有名詞
tinaja	tinaja	固有名詞
tinc	tinc	固有名詞
tincal	tincal	固有名詞
tinct	tinct	固有名詞
tincts	tincts	固有名詞
tind	tind	固有名詞
tindal	tindal	固有名詞
tinder	tinder	固有名詞
tine	tine	固有名詞
tinea	tinea	固有名詞
tineal	tineal	固有名詞
tinean	tinean	固有名詞
tineas	tineas	固有名詞
tined	tined	固有名詞
tineid	tineid	固有名詞
tines	tines	固有名詞
tinety	tinety	固有名詞
tinful	tinful	固有名詞
ting	ting	固有名詞
tinge	tinge	固有名詞
tinged	tinged	固有名詞
tinger	tinger	固有名詞
tinges	tinges	固有名詞
tingi	tingi	固有名詞
tingid	tingid	固有名詞
tingis	tingis	固有名詞
tingle	tingle	固有名詞
tingly	tingly	固有名詞
tings	tings	固有名詞
tinguy	tinguy	固有名詞
tinier	tinier	固有名詞
tinily	tinily	固有名詞
tining	tining	固有名詞
tink	tink	固有名詞
tinker	tinker	固有名詞
tinkle	tinkle	固有名詞
tinkly	tinkly	固有名詞
tinlet	tinlet	固有名詞
tinman	tinman	固有名詞
tinmen	tinmen	固有名詞
tinne	tinne	固有名詞
tinned	tinned	固有名詞
tinnen	tinnen	固有名詞
tinner	tinner	固有名詞
tinnet	tinnet	固有名詞
tinni	tinni	固有名詞
tinny	tinny	固有名詞
tino	tino	固有名詞
tinosa	tinosa	固有名詞
tinpot	tinpot	固有名詞
tins	tins	固有名詞
tinsel	tinsel	固有名詞
tinsy	tinsy	固有名詞
tint	tint	固有名詞
tinta	tinta	固有名詞
tinted	tinted	固有名詞
tinter	tinter	固有名詞
tintie	tintie	固有名詞
tints	tints	固有名詞
tinty	tinty	固有名詞
tiny	tiny	固有名詞
tiou	tiou	固有名詞
tip	tip	固有名詞
tipcat	tipcat	固有名詞
tipe	tipe	固有名詞
tipful	tipful	固有名詞
tiphia	tiphia	固有名詞
tipi	tipi	固有名詞
tipis	tipis	固有名詞
tipit	tipit	固有名詞
tipiti	tipiti	固有名詞
tiple	tiple	固有名詞
tiplet	tiplet	固有名詞
tipman	tipman	固有名詞
tipmen	tipmen	固有名詞
tipoff	tipoff	固有名詞
tiponi	tiponi	固有名詞
tipped	tipped	固有名詞
tippee	tippee	固有名詞
tipper	tipper	固有名詞
tippet	tippet	固有名詞
tipple	tipple	固有名詞
tipply	tipply	固有名詞
tippy	tippy	固有名詞
tipree	tipree	固有名詞
tips	tips	固有名詞
tipsy	tipsy	固有名詞
tiptoe	tiptoe	固有名詞
tiptop	tiptop	固有名詞
tipula	tipula	固有名詞
tipup	tipup	固有名詞
tipura	tipura	固有名詞
tirade	tirade	固有名詞
tirage	tirage	固有名詞
tiraz	tiraz	固有名詞
tire	tire	固有名詞
tired	tired	固有名詞
tirer	tirer	固有名詞
tires	tires	固有名詞
tiriba	tiriba	固有名詞
tiring	tiring	固有名詞
tirl	tirl	固有名詞
tirled	tirled	固有名詞
tirls	tirls	固有名詞
tirma	tirma	固有名詞
tiro	tiro	固有名詞
tiros	tiros	固有名詞
tirr	tirr	固有名詞
tirret	tirret	固有名詞
tirrit	tirrit	固有名詞
tirve	tirve	固有名詞
tirwit	tirwit	固有名詞
tis	tis	固有名詞
tisane	tisane	固有名詞
tisar	tisar	固有名詞
tishri	tishri	固有名詞
tisic	tisic	固有名詞
tissu	tissu	固有名詞
tissue	tissue	固有名詞
tiswin	tiswin	固有名詞
tit	tit	固有名詞
titan	titan	固有名詞
titano	titano	固有名詞
titans	titans	固有名詞
titar	titar	固有名詞
titbit	titbit	固有名詞
tite	tite	固有名詞
titer	titer	固有名詞
titers	titers	固有名詞
titfer	titfer	固有名詞
tithal	tithal	固有名詞
tithe	tithe	固有名詞
tithed	tithed	固有名詞
tither	tither	固有名詞
tithes	tithes	固有名詞
titi	titi	固有名詞
titian	titian	固有名詞
titien	titien	固有名詞
tities	tities	固有名詞
titis	titis	固有名詞
title	title	固有名詞
titled	titled	固有名詞
titler	titler	固有名詞
titles	titles	固有名詞
titmal	titmal	固有名詞
titman	titman	固有名詞
titmen	titmen	固有名詞
titoki	titoki	固有名詞
titre	titre	固有名詞
titres	titres	固有名詞
tits	tits	固有名詞
titter	titter	固有名詞
tittie	tittie	固有名詞
tittle	tittle	固有名詞
tittup	tittup	固有名詞
titty	titty	固有名詞
titule	titule	固有名詞
tituli	tituli	固有名詞
titus	titus	固有名詞
tiu	tiu	固有名詞
tiver	tiver	固有名詞
tivoli	tivoli	固有名詞
tivy	tivy	固有名詞
tiwaz	tiwaz	固有名詞
tiza	tiza	固有名詞
tizeur	tizeur	固有名詞
tizwin	tizwin	固有名詞
tizzy	tizzy	固有名詞
tjaele	tjaele	固有名詞
tjandi	tjandi	固有名詞
tji	tji	固有名詞
tkt	tkt	固有名詞
tlaco	tlaco	固有名詞
tln	tln	固有名詞
tlo	tlo	固有名詞
tlr	tlr	固有名詞
tls	TLS	固有名詞
tmema	tmema	固有名詞
tmeses	tmeses	固有名詞
tmesis	tmesis	固有名詞
tmh	tmh	固有名詞
tng	tng	固有名詞
tnpk	tnpk	固有名詞
tnt	tnt	固有名詞
toa	toa	固有名詞
toad	toad	固有名詞
toader	toader	固有名詞
toads	toads	固有名詞
toady	toady	固有名詞
toag	toag	固有名詞
toast	toast	固有名詞
toasts	toasts	固有名詞
toasty	toasty	固有名詞
toat	toat	固有名詞
toatoa	toatoa	固有名詞
tob	tob	固有名詞
toba	toba	固有名詞
tobe	tobe	固有名詞
tobiah	tobiah	固有名詞
tobias	tobias	固有名詞
tobies	tobies	固有名詞
tobine	tobine	固有名詞
tobira	tobira	固有名詞
toby	toby	固有名詞
toch	toch	固有名詞
tocher	tocher	固有名詞
tock	tock	固有名詞
toco	toco	固有名詞
tocome	tocome	固有名詞
tocsin	tocsin	固有名詞
tod	tod	固有名詞
toda	toda	固有名詞
today	today	固有名詞
todays	todays	固有名詞
todd	todd	固有名詞
todder	todder	固有名詞
toddle	toddle	固有名詞
toddy	toddy	固有名詞
tode	tode	固有名詞
todea	todea	固有名詞
todies	todies	固有名詞
tods	tods	固有名詞
todus	todus	固有名詞
tody	tody	固有名詞
toe	toe	固有名詞
toea	toea	固有名詞
toecap	toecap	固有名詞
toed	toed	固有名詞
toeing	toeing	固有名詞
toes	toes	固有名詞
toetoe	toetoe	固有名詞
toey	toey	固有名詞
toff	toff	固有名詞
toffee	toffee	固有名詞
toffs	toffs	固有名詞
toffy	toffy	固有名詞
tofile	tofile	固有名詞
tofore	tofore	固有名詞
toforn	toforn	固有名詞
toft	toft	固有名詞
tofter	tofter	固有名詞
tofts	tofts	固有名詞
tofu	tofu	固有名詞
tofus	tofus	固有名詞
tog	tog	固有名詞
toga	toga	固有名詞
togae	togae	固有名詞
togaed	togaed	固有名詞
togas	togas	固有名詞
togata	togata	固有名詞
togate	togate	固有名詞
toged	toged	固有名詞
togged	togged	固有名詞
toggel	toggel	固有名詞
togger	togger	固有名詞
toggle	toggle	固有名詞
togo	togo	固有名詞
togs	togs	固有名詞
togt	togt	固有名詞
togue	togue	固有名詞
togues	togues	固有名詞
toher	toher	固有名詞
toho	toho	固有名詞
tohome	tohome	固有名詞
toi	toi	固有名詞
toil	toil	固有名詞
toile	toile	固有名詞
toiled	toiled	固有名詞
toiler	toiler	固有名詞
toiles	toiles	固有名詞
toilet	toilet	固有名詞
toils	toils	固有名詞
toise	toise	固有名詞
toised	toised	固有名詞
toison	toison	固有名詞
toist	toist	固有名詞
toit	toit	固有名詞
toited	toited	固有名詞
toitoi	toitoi	固有名詞
toits	toits	固有名詞
toity	toity	固有名詞
toivel	toivel	固有名詞
tokay	tokay	固有名詞
tokays	tokays	固有名詞
toke	toke	固有名詞
toked	toked	固有名詞
token	token	固有名詞
tokens	tokens	固有名詞
tokes	tokes	固有名詞
toking	toking	固有名詞
toko	toko	固有名詞
tokyo	tokyo	固有名詞
tol	tol	固有名詞
tola	tola	固有名詞
tolan	tolan	固有名詞
tolane	tolane	固有名詞
tolans	tolans	固有名詞
tolas	tolas	固有名詞
told	told	固有名詞
toldo	toldo	固有名詞
tole	tole	固有名詞
toled	toled	固有名詞
toledo	toledo	固有名詞
toles	toles	固有名詞
toling	toling	固有名詞
tolite	tolite	固有名詞
toll	toll	固有名詞
tolled	tolled	固有名詞
toller	toller	固有名詞
tollon	tollon	固有名詞
tolls	tolls	固有名詞
tolly	tolly	固有名詞
tolmen	tolmen	固有名詞
tolowa	tolowa	固有名詞
tolsel	tolsel	固有名詞
tolsey	tolsey	固有名詞
tolt	tolt	固有名詞
toltec	toltec	固有名詞
tolter	tolter	固有名詞
tolu	tolu	固有名詞
toluic	toluic	固有名詞
toluid	toluid	固有名詞
toluol	toluol	固有名詞
tolus	tolus	固有名詞
toluyl	toluyl	固有名詞
tolyl	tolyl	固有名詞
tolyls	tolyls	固有名詞
tolzey	tolzey	固有名詞
tom	tom	固有名詞
toma	toma	固有名詞
toman	toman	固有名詞
tomand	tomand	固有名詞
tomans	tomans	固有名詞
tomas	tomas	固有名詞
tomato	tomato	固有名詞
tomb	tomb	固有名詞
tombac	tombac	固有名詞
tombak	tombak	固有名詞
tombal	tombal	固有名詞
tombe	tombe	固有名詞
tombed	tombed	固有名詞
tombic	tombic	固有名詞
tomboy	tomboy	固有名詞
tombs	tombs	固有名詞
tomcat	tomcat	固有名詞
tomcod	tomcod	固有名詞
tome	tome	固有名詞
toment	toment	固有名詞
tomes	tomes	固有名詞
tomia	tomia	固有名詞
tomial	tomial	固有名詞
tomin	tomin	固有名詞
tomish	tomish	固有名詞
tomium	tomium	固有名詞
tomjon	tomjon	固有名詞
tomkin	tomkin	固有名詞
tommed	tommed	固有名詞
tommer	tommer	固有名詞
tommy	tommy	固有名詞
tomolo	tomolo	固有名詞
tomorn	tomorn	固有名詞
tompon	tompon	固有名詞
tomrig	tomrig	固有名詞
toms	toms	固有名詞
tomtit	tomtit	固有名詞
ton	ton	固有名詞
tonada	tonada	固有名詞
tonal	tonal	固有名詞
tonant	tonant	固有名詞
tondi	tondi	固有名詞
tondo	tondo	固有名詞
tone	tone	固有名詞
toned	toned	固有名詞
toneme	toneme	固有名詞
toner	toner	固有名詞
toners	toners	固有名詞
tones	tones	固有名詞
tong	tong	固有名詞
tonga	tonga	固有名詞
tongan	tongan	固有名詞
tongas	tongas	固有名詞
tonged	tonged	固有名詞
tonger	tonger	固有名詞
tongs	tongs	固有名詞
tongue	tongue	固有名詞
tonguy	tonguy	固有名詞
tonic	tonic	固有名詞
tonics	tonics	固有名詞
tonier	tonier	固有名詞
tonies	tonies	固有名詞
tonify	tonify	固有名詞
toning	toning	固有名詞
tonish	tonish	固有名詞
tonite	tonite	固有名詞
tonjon	tonjon	固有名詞
tonk	tonk	固有名詞
tonka	tonka	固有名詞
tonkin	tonkin	固有名詞
tonlet	tonlet	固有名詞
tonn	tonn	固有名詞
tonna	tonna	固有名詞
tonne	tonne	固有名詞
tonner	tonner	固有名詞
tonnes	tonnes	固有名詞
tonous	tonous	固有名詞
tons	tons	固有名詞
tonsil	tonsil	固有名詞
tonsor	tonsor	固有名詞
tonto	tonto	固有名詞
tonus	tonus	固有名詞
tony	tony	固有名詞
too	too	固有名詞
tooart	tooart	固有名詞
toodle	toodle	固有名詞
took	took	固有名詞
tooken	tooken	固有名詞
tool	tool	固有名詞
tooled	tooled	固有名詞
tooler	tooler	固有名詞
tools	tools	固有名詞
toolsi	toolsi	固有名詞
toolsy	toolsy	固有名詞
toom	toom	固有名詞
toomly	toomly	固有名詞
toon	toon	固有名詞
toona	toona	固有名詞
toons	toons	固有名詞
toop	toop	固有名詞
toorie	toorie	固有名詞
tooroo	tooroo	固有名詞
toosh	toosh	固有名詞
toosie	toosie	固有名詞
toot	toot	固有名詞
tooted	tooted	固有名詞
tooter	tooter	固有名詞
tooth	tooth	固有名詞
tooths	tooths	固有名詞
toothy	toothy	固有名詞
tootle	tootle	固有名詞
toots	toots	固有名詞
tootsy	tootsy	固有名詞
toozle	toozle	固有名詞
toozoo	toozoo	固有名詞
top	top	固有名詞
topas	topas	固有名詞
topass	topass	固有名詞
topato	topato	固有名詞
topau	topau	固有名詞
topaz	topaz	固有名詞
topazy	topazy	固有名詞
topcap	topcap	固有名詞
tope	tope	固有名詞
toped	toped	固有名詞
topee	topee	固有名詞
topees	topees	固有名詞
topeka	topeka	固有名詞
topeng	topeng	固有名詞
topepo	topepo	固有名詞
toper	toper	固有名詞
topers	topers	固有名詞
topes	topes	固有名詞
topful	topful	固有名詞
toph	toph	固有名詞
tophe	tophe	固有名詞
tophes	tophes	固有名詞
tophet	tophet	固有名詞
tophi	tophi	固有名詞
tophs	tophs	固有名詞
tophus	tophus	固有名詞
topi	topi	固有名詞
topia	topia	固有名詞
topic	topic	固有名詞
topics	topics	固有名詞
toping	toping	固有名詞
topis	topis	固有名詞
topman	topman	固有名詞
topmen	topmen	固有名詞
topnet	topnet	固有名詞
topo	topo	固有名詞
topog	topog	固有名詞
topoi	topoi	固有名詞
topos	topos	固有名詞
topped	topped	固有名詞
topper	topper	固有名詞
topple	topple	固有名詞
topply	topply	固有名詞
toppy	toppy	固有名詞
tops	tops	固有名詞
topsl	topsl	固有名詞
topsy	topsy	固有名詞
toque	toque	固有名詞
toques	toques	固有名詞
toquet	toquet	固有名詞
tor	tor	固有名詞
tora	tora	固有名詞
torah	torah	固有名詞
torahs	torahs	固有名詞
toraja	toraja	固有名詞
toral	toral	固有名詞
toran	toran	固有名詞
torana	torana	固有名詞
toras	toras	固有名詞
torc	torc	固有名詞
torcel	torcel	固有名詞
torch	torch	固有名詞
torchy	torchy	固有名詞
torcs	torcs	固有名詞
tore	tore	固有名詞
tored	tored	固有名詞
torero	torero	固有名詞
tores	tores	固有名詞
toret	toret	固有名詞
torfel	torfel	固有名詞
torfle	torfle	固有名詞
torgot	torgot	固有名詞
tori	tori	固有名詞
toric	toric	固有名詞
tories	tories	固有名詞
torii	torii	固有名詞
torma	torma	固有名詞
tormae	tormae	固有名詞
tormen	tormen	固有名詞
torn	torn	固有名詞
tornal	tornal	固有名詞
torney	torney	固有名詞
tornit	tornit	固有名詞
tornus	tornus	固有名詞
toro	toro	固有名詞
toroid	toroid	固有名詞
toros	toros	固有名詞
torose	torose	固有名詞
toroth	toroth	固有名詞
torous	torous	固有名詞
torpex	torpex	固有名詞
torpid	torpid	固有名詞
torpor	torpor	固有名詞
torque	torque	固有名詞
torr	torr	固有名詞
torret	torret	固有名詞
torrid	torrid	固有名詞
tors	tors	固有名詞
torse	torse	固有名詞
torsel	torsel	固有名詞
torses	torses	固有名詞
torsi	torsi	固有名詞
torsk	torsk	固有名詞
torsks	torsks	固有名詞
torso	torso	固有名詞
torsos	torsos	固有名詞
tort	tort	固有名詞
torta	torta	固有名詞
torte	torte	固有名詞
torten	torten	固有名詞
tortes	tortes	固有名詞
tortie	tortie	固有名詞
tortil	tortil	固有名詞
tortis	tortis	固有名詞
tortor	tortor	固有名詞
torts	torts	固有名詞
tortue	tortue	固有名詞
toru	toru	固有名詞
torula	torula	固有名詞
toruli	toruli	固有名詞
torus	torus	固有名詞
torve	torve	固有名詞
torvid	torvid	固有名詞
tory	tory	固有名詞
toryfy	toryfy	固有名詞
tos	tos	固有名詞
tosca	tosca	固有名詞
tosh	tosh	固有名詞
tosher	tosher	固有名詞
toshes	toshes	固有名詞
toshly	toshly	固有名詞
toshy	toshy	固有名詞
tosily	tosily	固有名詞
tosk	tosk	固有名詞
toss	toss	固有名詞
tossed	tossed	固有名詞
tosser	tosser	固有名詞
tosses	tosses	固有名詞
tossup	tossup	固有名詞
tossut	tossut	固有名詞
tossy	tossy	固有名詞
tost	tost	固有名詞
tostao	tostao	固有名詞
toston	toston	固有名詞
tosy	tosy	固有名詞
tot	tot	固有名詞
total	total	固有名詞
totals	totals	固有名詞
totara	totara	固有名詞
tote	tote	固有名詞
toted	toted	固有名詞
totem	totem	固有名詞
totems	totems	固有名詞
totemy	totemy	固有名詞
toter	toter	固有名詞
toters	toters	固有名詞
totery	totery	固有名詞
totes	totes	固有名詞
tother	tother	固有名詞
toting	toting	固有名詞
toto	toto	固有名詞
totora	totora	固有名詞
totoro	totoro	固有名詞
tots	tots	固有名詞
totted	totted	固有名詞
totten	totten	固有名詞
totter	totter	固有名詞
tottie	tottie	固有名詞
tottle	tottle	固有名詞
tottum	tottum	固有名詞
totty	totty	固有名詞
totum	totum	固有名詞
toty	toty	固有名詞
tou	tou	固有名詞
touart	touart	固有名詞
toucan	toucan	固有名詞
touch	touch	固有名詞
touche	touche	固有名詞
touchy	touchy	固有名詞
toufic	toufic	固有名詞
toug	toug	固有名詞
tough	tough	固有名詞
toughs	toughs	固有名詞
tought	tought	固有名詞
toughy	toughy	固有名詞
tould	tould	固有名詞
toup	toup	固有名詞
toupee	toupee	固有名詞
toupet	toupet	固有名詞
tour	tour	固有名詞
tourbe	tourbe	固有名詞
toured	toured	固有名詞
tourer	tourer	固有名詞
touret	touret	固有名詞
tourn	tourn	固有名詞
tourne	tourne	固有名詞
tours	tours	固有名詞
tourt	tourt	固有名詞
tourte	tourte	固有名詞
touse	touse	固有名詞
toused	toused	固有名詞
tousel	tousel	固有名詞
touser	touser	固有名詞
touses	touses	固有名詞
tousle	tousle	固有名詞
tously	tously	固有名詞
toust	toust	固有名詞
tousy	tousy	固有名詞
tout	tout	固有名詞
touted	touted	固有名詞
touter	touter	固有名詞
touts	touts	固有名詞
touzle	touzle	固有名詞
tov	tov	固有名詞
tovah	tovah	固有名詞
tovar	tovar	固有名詞
tovet	tovet	固有名詞
tow	tow	固有名詞
towage	towage	固有名詞
towai	towai	固有名詞
towan	towan	固有名詞
toward	toward	固有名詞
towbar	towbar	固有名詞
towd	towd	固有名詞
towdie	towdie	固有名詞
towed	towed	固有名詞
towel	towel	固有名詞
towels	towels	固有名詞
tower	tower	固有名詞
towers	towers	固有名詞
towery	towery	固有名詞
towght	towght	固有名詞
towhee	towhee	固有名詞
towie	towie	固有名詞
towies	towies	固有名詞
towing	towing	固有名詞
towkay	towkay	固有名詞
town	town	固有名詞
towned	towned	固有名詞
townee	townee	固有名詞
towner	towner	固有名詞
townet	townet	固有名詞
townie	townie	固有名詞
townly	townly	固有名詞
towns	towns	固有名詞
towny	towny	固有名詞
tows	tows	固有名詞
towser	towser	固有名詞
towson	towson	固有名詞
towsy	towsy	固有名詞
towy	towy	固有名詞
towzie	towzie	固有名詞
tox	tox	固有名詞
toxa	toxa	固有名詞
toxic	toxic	固有名詞
toxify	toxify	固有名詞
toxin	toxin	固有名詞
toxine	toxine	固有名詞
toxins	toxins	固有名詞
toxity	toxity	固有名詞
toxoid	toxoid	固有名詞
toxon	toxon	固有名詞
toxone	toxone	固有名詞
toy	toy	固有名詞
toydom	toydom	固有名詞
toyed	toyed	固有名詞
toyer	toyer	固有名詞
toyers	toyers	固有名詞
toyful	toyful	固有名詞
toying	toying	固有名詞
toyish	toyish	固有名詞
toyman	toyman	固有名詞
toymen	toymen	固有名詞
toyo	toyo	固有名詞
toyon	toyon	固有名詞
toyons	toyons	固有名詞
toyos	toyos	固有名詞
toyota	toyota	固有名詞
toys	toys	固有名詞
toze	toze	固有名詞
tozee	tozee	固有名詞
tozer	tozer	固有名詞
tpd	tpd	固有名詞
tph	tph	固有名詞
tpi	tpi	固有名詞
tpk	tpk	固有名詞
tpke	tpke	固有名詞
tpm	tpm	固有名詞
tps	tps	固有名詞
tra	tra	固有名詞
trabal	trabal	固有名詞
trabea	trabea	固有名詞
trabes	trabes	固有名詞
trabu	trabu	固有名詞
trac	trac	固有名詞
trace	trace	固有名詞
traced	traced	固有名詞
tracer	tracer	固有名詞
traces	traces	固有名詞
tracey	tracey	固有名詞
track	track	固有名詞
tracks	tracks	固有名詞
tract	tract	固有名詞
tracts	tracts	固有名詞
tracy	tracy	固有名詞
trad	trad	固有名詞
tradal	tradal	固有名詞
trade	trade	固有名詞
traded	traded	固有名詞
trader	trader	固有名詞
trades	trades	固有名詞
trady	trady	固有名詞
trag	trag	固有名詞
tragal	tragal	固有名詞
tragi	tragi	固有名詞
tragia	tragia	固有名詞
tragic	tragic	固有名詞
tragus	tragus	固有名詞
trah	trah	固有名詞
traik	traik	固有名詞
traiks	traiks	固有名詞
traiky	traiky	固有名詞
trail	trail	固有名詞
trails	trails	固有名詞
traily	traily	固有名詞
train	train	固有名詞
trains	trains	固有名詞
trainy	trainy	固有名詞
traist	traist	固有名詞
trait	trait	固有名詞
traits	traits	固有名詞
trajet	trajet	固有名詞
tram	tram	固有名詞
trama	trama	固有名詞
tramal	tramal	固有名詞
trame	trame	固有名詞
tramel	tramel	固有名詞
tramp	tramp	固有名詞
tramps	tramps	固有名詞
trams	trams	固有名詞
tran	tran	固有名詞
trance	trance	固有名詞
tranfd	tranfd	固有名詞
trank	trank	固有名詞
tranka	tranka	固有名詞
tranky	tranky	固有名詞
trans	trans	固有名詞
transe	transe	固有名詞
transf	transf	固有名詞
transl	transl	固有名詞
transp	transp	固有名詞
trant	trant	固有名詞
trap	trap	固有名詞
trapa	trapa	固有名詞
trapan	trapan	固有名詞
trapes	trapes	固有名詞
trappy	trappy	固有名詞
traps	traps	固有名詞
trapt	trapt	固有名詞
trash	trash	固有名詞
trashy	trashy	固有名詞
trass	trass	固有名詞
trasy	trasy	固有名詞
trauma	trauma	固有名詞
trav	trav	固有名詞
trave	trave	固有名詞
travel	travel	固有名詞
traves	traves	固有名詞
travis	travis	固有名詞
travoy	travoy	固有名詞
trawl	trawl	固有名詞
trawls	trawls	固有名詞
tray	tray	固有名詞
trayne	trayne	固有名詞
trays	trays	固有名詞
trazia	trazia	固有名詞
tread	tread	固有名詞
treads	treads	固有名詞
treas	treas	固有名詞
treasr	treasr	固有名詞
treat	treat	固有名詞
treats	treats	固有名詞
treaty	treaty	固有名詞
treble	treble	固有名詞
trebly	trebly	固有名詞
tree	tree	固有名詞
treed	treed	固有名詞
treen	treen	固有名詞
trees	trees	固有名詞
treey	treey	固有名詞
tref	tref	固有名詞
trefa	trefa	固有名詞
trefah	trefah	固有名詞
trefle	trefle	固有名詞
treget	treget	固有名詞
trek	trek	固有名詞
treks	treks	固有名詞
trema	trema	固有名詞
tremex	tremex	固有名詞
tremie	tremie	固有名詞
tremor	tremor	固有名詞
trench	trench	固有名詞
trend	trend	固有名詞
trends	trends	固有名詞
trendy	trendy	固有名詞
trent	trent	固有名詞
trepak	trepak	固有名詞
trepan	trepan	固有名詞
trepid	trepid	固有名詞
treppe	treppe	固有名詞
treron	treron	固有名詞
tres	tres	固有名詞
tresis	tresis	固有名詞
tress	tress	固有名詞
tressy	tressy	固有名詞
trest	trest	固有名詞
tret	tret	固有名詞
tretis	tretis	固有名詞
trets	trets	固有名詞
trevet	trevet	固有名詞
trevis	trevis	固有名詞
trevor	trevor	固有名詞
trewel	trewel	固有名詞
trews	trews	固有名詞
trey	trey	固有名詞
treys	treys	固有名詞
trf	trf	固有名詞
tri	tri	固有名詞
triac	triac	固有名詞
triace	triace	固有名詞
triact	triact	固有名詞
triad	triad	固有名詞
triads	triads	固有名詞
triage	triage	固有名詞
trial	trial	固有名詞
trials	trials	固有名詞
triary	triary	固有名詞
trias	trias	固有名詞
triazo	triazo	固有名詞
trib	trib	固有名詞
tribal	tribal	固有名詞
tribe	tribe	固有名詞
tribes	tribes	固有名詞
trica	trica	固有名詞
tricae	tricae	固有名詞
tricar	tricar	固有名詞
trice	trice	固有名詞
triced	triced	固有名詞
trices	trices	固有名詞
trichi	trichi	固有名詞
trichy	trichy	固有名詞
tricia	tricia	固有名詞
trick	trick	固有名詞
tricks	tricks	固有名詞
tricky	tricky	固有名詞
tricon	tricon	固有名詞
tricot	tricot	固有名詞
trid	trid	固有名詞
tridii	tridii	固有名詞
tridra	tridra	固有名詞
triduo	triduo	固有名詞
tried	tried	固有名詞
triene	triene	固有名詞
triens	triens	固有名詞
trier	trier	固有名詞
triers	triers	固有名詞
tries	tries	固有名詞
trifa	trifa	固有名詞
trifid	trifid	固有名詞
trifle	trifle	固有名詞
trifly	trifly	固有名詞
trig	trig	固有名詞
triga	triga	固有名詞
trigae	trigae	固有名詞
trigla	trigla	固有名詞
trigly	trigly	固有名詞
trigo	trigo	固有名詞
trigon	trigon	固有名詞
trigos	trigos	固有名詞
trigs	trigs	固有名詞
trigyn	trigyn	固有名詞
trijet	trijet	固有名詞
trike	trike	固有名詞
triker	triker	固有名詞
trikir	trikir	固有名詞
trilby	trilby	固有名詞
trilit	trilit	固有名詞
trill	trill	固有名詞
trilli	trilli	固有名詞
trillo	trillo	固有名詞
trills	trills	固有名詞
trim	trim	固有名詞
trimer	trimer	固有名詞
trimly	trimly	固有名詞
trims	trims	固有名詞
trin	trin	固有名詞
trina	trina	固有名詞
trinal	trinal	固有名詞
trine	trine	固有名詞
trined	trined	固有名詞
trines	trines	固有名詞
tringa	tringa	固有名詞
trinil	trinil	固有名詞
trink	trink	固有名詞
trinol	trinol	固有名詞
trio	trio	固有名詞
triode	triode	固有名詞
triol	triol	固有名詞
triole	triole	固有名詞
triols	triols	固有名詞
triops	triops	固有名詞
trior	trior	固有名詞
trios	trios	固有名詞
triose	triose	固有名詞
trip	trip	固有名詞
tripal	tripal	固有名詞
tripe	tripe	固有名詞
tripel	tripel	固有名詞
tripes	tripes	固有名詞
tripl	tripl	固有名詞
tripla	tripla	固有名詞
triple	triple	固有名詞
triply	triply	固有名詞
tripod	tripod	固有名詞
tripos	tripos	固有名詞
tripot	tripot	固有名詞
trips	trips	固有名詞
tript	tript	固有名詞
tripy	tripy	固有名詞
trisha	trisha	固有名詞
trist	trist	固有名詞
triste	triste	固有名詞
trisul	trisul	固有名詞
trit	trit	固有名詞
trite	trite	固有名詞
triter	triter	固有名詞
triton	triton	固有名詞
tritor	tritor	固有名詞
trityl	trityl	固有名詞
triumf	triumf	固有名詞
triune	triune	固有名詞
trivat	trivat	固有名詞
trivet	trivet	固有名詞
trivia	trivia	固有名詞
triwet	triwet	固有名詞
trix	trix	固有名詞
trixie	trixie	固有名詞
trixy	trixy	固有名詞
troad	troad	固有名詞
troak	troak	固有名詞
troaks	troaks	固有名詞
troat	troat	固有名詞
troca	troca	固有名詞
trocar	trocar	固有名詞
troch	troch	固有名詞
trocha	trocha	固有名詞
troche	troche	固有名詞
trochi	trochi	固有名詞
trock	trock	固有名詞
trocks	trocks	固有名詞
troco	troco	固有名詞
trod	trod	固有名詞
trode	trode	固有名詞
troft	troft	固有名詞
trog	trog	固有名詞
troggs	troggs	固有名詞
trogon	trogon	固有名詞
trogs	trogs	固有名詞
trogue	trogue	固有名詞
troic	troic	固有名詞
troika	troika	固有名詞
trois	trois	固有名詞
trojan	trojan	固有名詞
troke	troke	固有名詞
troked	troked	固有名詞
troker	troker	固有名詞
trokes	trokes	固有名詞
troll	troll	固有名詞
trolls	trolls	固有名詞
trolly	trolly	固有名詞
tromba	tromba	固有名詞
trombe	trombe	固有名詞
tromp	tromp	固有名詞
trompe	trompe	固有名詞
tromps	tromps	固有名詞
tron	tron	固有名詞
trona	trona	固有名詞
tronas	tronas	固有名詞
tronc	tronc	固有名詞
trone	trone	固有名詞
troner	troner	固有名詞
trones	trones	固有名詞
tronk	tronk	固有名詞
trooly	trooly	固有名詞
troop	troop	固有名詞
troops	troops	固有名詞
troot	troot	固有名詞
trooz	trooz	固有名詞
trop	trop	固有名詞
tropal	tropal	固有名詞
trope	trope	固有名詞
troper	troper	固有名詞
tropes	tropes	固有名詞
trophi	trophi	固有名詞
trophy	trophy	固有名詞
tropia	tropia	固有名詞
tropic	tropic	固有名詞
tropin	tropin	固有名詞
troppo	troppo	固有名詞
tropyl	tropyl	固有名詞
trot	trot	固有名詞
troth	troth	固有名詞
troths	troths	固有名詞
trotol	trotol	固有名詞
trots	trots	固有名詞
trotty	trotty	固有名詞
trotyl	trotyl	固有名詞
troue	troue	固有名詞
trough	trough	固有名詞
troupe	troupe	固有名詞
trouse	trouse	固有名詞
trouss	trouss	固有名詞
trout	trout	固有名詞
trouts	trouts	固有名詞
trouty	trouty	固有名詞
trouv	trouv	固有名詞
trove	trove	固有名詞
trover	trover	固有名詞
troves	troves	固有名詞
trow	trow	固有名詞
trowed	trowed	固有名詞
trowel	trowel	固有名詞
trowie	trowie	固有名詞
trows	trows	固有名詞
trowth	trowth	固有名詞
troy	troy	固有名詞
troys	troys	固有名詞
trp	trp	固有名詞
trpset	trpset	固有名詞
trs	trs	固有名詞
trt	trt	固有名詞
truant	truant	固有名詞
trub	trub	固有名詞
trubu	trubu	固有名詞
truce	truce	固有名詞
truced	truced	固有名詞
truces	truces	固有名詞
trucha	trucha	固有名詞
truck	truck	固有名詞
trucks	trucks	固有名詞
truddo	truddo	固有名詞
trudge	trudge	固有名詞
trudy	trudy	固有名詞
true	true	固有名詞
trued	trued	固有名詞
truer	truer	固有名詞
trues	trues	固有名詞
truest	truest	固有名詞
truff	truff	固有名詞
truffe	truffe	固有名詞
trug	trug	固有名詞
truing	truing	固有名詞
truish	truish	固有名詞
truism	truism	固有名詞
trull	trull	固有名詞
trulli	trulli	固有名詞
trullo	trullo	固有名詞
trulls	trulls	固有名詞
truly	truly	固有名詞
truman	truman	固有名詞
trump	trump	固有名詞
trumph	trumph	固有名詞
trumps	trumps	固有名詞
trun	trun	固有名詞
trunch	trunch	固有名詞
trunk	trunk	固有名詞
trunks	trunks	固有名詞
truong	truong	固有名詞
trush	trush	固有名詞
truss	truss	固有名詞
trust	trust	固有名詞
trusts	trusts	固有名詞
trusty	trusty	固有名詞
truth	truth	固有名詞
truths	truths	固有名詞
truthy	truthy	固有名詞
trutta	trutta	固有名詞
truvat	truvat	固有名詞
try	try	固有名詞
trygon	trygon	固有名詞
trying	trying	固有名詞
tryma	tryma	固有名詞
tryms	tryms	固有名詞
tryout	tryout	固有名詞
tryp	tryp	固有名詞
trypa	trypa	固有名詞
trypan	trypan	固有名詞
tryst	tryst	固有名詞
tryste	tryste	固有名詞
trysts	trysts	固有名詞
tryt	tryt	固有名詞
ts	TS	固有名詞
tsade	tsade	固有名詞
tsades	tsades	固有名詞
tsadi	tsadi	固有名詞
tsadik	tsadik	固有名詞
tsadis	tsadis	固有名詞
tsamba	tsamba	固有名詞
tsar	tsar	固有名詞
tsars	tsars	固有名詞
tsere	tsere	固有名詞
tsetse	tsetse	固有名詞
tshi	tshi	固有名詞
tsi	tsi	固有名詞
tsia	tsia	固有名詞
tsine	tsine	固有名詞
tsk	tsk	固有名詞
tsked	tsked	固有名詞
tsking	tsking	固有名詞
tsks	tsks	固有名詞
tsktsk	tsktsk	固有名詞
tsotsi	tsotsi	固有名詞
tsp	tsp	固有名詞
tss	tss	固有名詞
tst	tst	固有名詞
tsuba	tsuba	固有名詞
tsubo	tsubo	固有名詞
tsuga	tsuga	固有名詞
tsuma	tsuma	固有名詞
tsun	tsun	固有名詞
tsures	tsures	固有名詞
tsuris	tsuris	固有名詞
tswana	tswana	固有名詞
tty	TTY	固有名詞
tua	tua	固有名詞
tuan	tuan	固有名詞
tuant	tuant	固有名詞
tuareg	tuareg	固有名詞
tuarn	tuarn	固有名詞
tuart	tuart	固有名詞
tuath	tuath	固有名詞
tub	tub	固有名詞
tuba	tuba	固有名詞
tubae	tubae	固有名詞
tubage	tubage	固有名詞
tubal	tubal	固有名詞
tubar	tubar	固有名詞
tubas	tubas	固有名詞
tubate	tubate	固有名詞
tubba	tubba	固有名詞
tubbal	tubbal	固有名詞
tubbed	tubbed	固有名詞
tubber	tubber	固有名詞
tubbie	tubbie	固有名詞
tubboe	tubboe	固有名詞
tubby	tubby	固有名詞
tube	tube	固有名詞
tubed	tubed	固有名詞
tuber	tuber	固有名詞
tubers	tubers	固有名詞
tubes	tubes	固有名詞
tubful	tubful	固有名詞
tubig	tubig	固有名詞
tubik	tubik	固有名詞
tubing	tubing	固有名詞
tublet	tublet	固有名詞
tubman	tubman	固有名詞
tubmen	tubmen	固有名詞
tuboid	tuboid	固有名詞
tubs	tubs	固有名詞
tubule	tubule	固有名詞
tubuli	tubuli	固有名詞
tucana	tucana	固有名詞
tucano	tucano	固有名詞
tuchis	tuchis	固有名詞
tuchit	tuchit	固有名詞
tuchun	tuchun	固有名詞
tuck	tuck	固有名詞
tucked	tucked	固有名詞
tucker	tucker	固有名詞
tucket	tucket	固有名詞
tucks	tucks	固有名詞
tucky	tucky	固有名詞
tucson	tucson	固有名詞
tucum	tucum	固有名詞
tucuma	tucuma	固有名詞
tucuna	tucuna	固有名詞
tudel	tudel	固有名詞
tudor	tudor	固有名詞
tue	tue	固有名詞
tuebor	tuebor	固有名詞
tufa	tufa	固有名詞
tufan	tufan	固有名詞
tufas	tufas	固有名詞
tuff	tuff	固有名詞
tuffet	tuffet	固有名詞
tuffs	tuffs	固有名詞
tuft	tuft	固有名詞
tufted	tufted	固有名詞
tufter	tufter	固有名詞
tufts	tufts	固有名詞
tufty	tufty	固有名詞
tug	tug	固有名詞
tugged	tugged	固有名詞
tugger	tugger	固有名詞
tughra	tughra	固有名詞
tugman	tugman	固有名詞
tugrik	tugrik	固有名詞
tugs	tugs	固有名詞
tugui	tugui	固有名詞
tui	tui	固有名詞
tuik	tuik	固有名詞
tuille	tuille	固有名詞
tuinga	tuinga	固有名詞
tuis	tuis	固有名詞
tuism	tuism	固有名詞
tuke	tuke	固有名詞
tukra	tukra	固有名詞
tula	tula	固有名詞
tuladi	tuladi	固有名詞
tulare	tulare	固有名詞
tulasi	tulasi	固有名詞
tulcan	tulcan	固有名詞
tule	tule	固有名詞
tules	tules	固有名詞
tuliac	tuliac	固有名詞
tulip	tulip	固有名詞
tulipa	tulipa	固有名詞
tulipi	tulipi	固有名詞
tulips	tulips	固有名詞
tulipy	tulipy	固有名詞
tulle	tulle	固有名詞
tulles	tulles	固有名詞
tulnic	tulnic	固有名詞
tulsa	tulsa	固有名詞
tulsi	tulsi	固有名詞
tulu	tulu	固有名詞
tulwar	tulwar	固有名詞
tum	tum	固有名詞
tumain	tumain	固有名詞
tumbak	tumbak	固有名詞
tumbek	tumbek	固有名詞
tumble	tumble	固有名詞
tumbly	tumbly	固有名詞
tumboa	tumboa	固有名詞
tume	tume	固有名詞
tumefy	tumefy	固有名詞
tumfie	tumfie	固有名詞
tumid	tumid	固有名詞
tumion	tumion	固有名詞
tumli	tumli	固有名詞
tummed	tummed	固有名詞
tummel	tummel	固有名詞
tummer	tummer	固有名詞
tummy	tummy	固有名詞
tumor	tumor	固有名詞
tumors	tumors	固有名詞
tumour	tumour	固有名詞
tump	tump	固有名詞
tumphy	tumphy	固有名詞
tumps	tumps	固有名詞
tumtum	tumtum	固有名詞
tumuli	tumuli	固有名詞
tumult	tumult	固有名詞
tun	tun	固有名詞
tuna	tuna	固有名詞
tunal	tunal	固有名詞
tunas	tunas	固有名詞
tunca	tunca	固有名詞
tund	tund	固有名詞
tunder	tunder	固有名詞
tundra	tundra	固有名詞
tundun	tundun	固有名詞
tune	tune	固有名詞
tunebo	tunebo	固有名詞
tuned	tuned	固有名詞
tuner	tuner	固有名詞
tuners	tuners	固有名詞
tunes	tunes	固有名詞
tuneup	tuneup	固有名詞
tunful	tunful	固有名詞
tung	tung	固有名詞
tunga	tunga	固有名詞
tungah	tungah	固有名詞
tungan	tungan	固有名詞
tungo	tungo	固有名詞
tungos	tungos	固有名詞
tungs	tungs	固有名詞
tungus	tungus	固有名詞
tunic	tunic	固有名詞
tunica	tunica	固有名詞
tunics	tunics	固有名詞
tuning	tuning	固有名詞
tunis	tunis	固有名詞
tunish	tunish	固有名詞
tunist	tunist	固有名詞
tunk	tunk	固有名詞
tunka	tunka	固有名詞
tunker	tunker	固有名詞
tunket	tunket	固有名詞
tunna	tunna	固有名詞
tunned	tunned	固有名詞
tunnel	tunnel	固有名詞
tunner	tunner	固有名詞
tunney	tunney	固有名詞
tunnit	tunnit	固有名詞
tunnor	tunnor	固有名詞
tunny	tunny	固有名詞
tuno	tuno	固有名詞
tuns	tuns	固有名詞
tunu	tunu	固有名詞
tuny	tuny	固有名詞
tup	tup	固有名詞
tupaia	tupaia	固有名詞
tupara	tupara	固有名詞
tupek	tupek	固有名詞
tupelo	tupelo	固有名詞
tupi	tupi	固有名詞
tupian	tupian	固有名詞
tupik	tupik	固有名詞
tupiks	tupiks	固有名詞
tuple	tuple	固有名詞
tuples	tuples	固有名詞
tupman	tupman	固有名詞
tupmen	tupmen	固有名詞
tupped	tupped	固有名詞
tups	tups	固有名詞
tupuna	tupuna	固有名詞
tuque	tuque	固有名詞
tuques	tuques	固有名詞
tur	tur	固有名詞
turaco	turaco	固有名詞
turb	turb	固有名詞
turban	turban	固有名詞
turbeh	turbeh	固有名詞
turbid	turbid	固有名詞
turbit	turbit	固有名詞
turble	turble	固有名詞
turbo	turbo	固有名詞
turbos	turbos	固有名詞
turbot	turbot	固有名詞
turcic	turcic	固有名詞
turco	turco	固有名詞
turd	turd	固有名詞
turds	turds	固有名詞
turdus	turdus	固有名詞
tureen	tureen	固有名詞
turf	turf	固有名詞
turfed	turfed	固有名詞
turfen	turfen	固有名詞
turfs	turfs	固有名詞
turfy	turfy	固有名詞
turgid	turgid	固有名詞
turgor	turgor	固有名詞
turgy	turgy	固有名詞
turi	turi	固有名詞
turing	turing	固有名詞
turio	turio	固有名詞
turion	turion	固有名詞
turk	turk	固有名詞
turken	turken	固有名詞
turkey	turkey	固有名詞
turki	turki	固有名詞
turkic	turkic	固有名詞
turkis	turkis	固有名詞
turkle	turkle	固有名詞
turks	turks	固有名詞
turm	turm	固有名詞
turma	turma	固有名詞
turmet	turmet	固有名詞
turmit	turmit	固有名詞
turmut	turmut	固有名詞
turn	turn	固有名詞
turned	turned	固有名詞
turnel	turnel	固有名詞
turner	turner	固有名詞
turney	turney	固有名詞
turnip	turnip	固有名詞
turnix	turnix	固有名詞
turnor	turnor	固有名詞
turns	turns	固有名詞
turnup	turnup	固有名詞
turp	turp	固有名詞
turpid	turpid	固有名詞
turpis	turpis	固有名詞
turps	turps	固有名詞
turr	turr	固有名詞
turrel	turrel	固有名詞
turret	turret	固有名詞
turrum	turrum	固有名詞
turse	turse	固有名詞
tursha	tursha	固有名詞
tursio	tursio	固有名詞
turtan	turtan	固有名詞
turtle	turtle	固有名詞
turtur	turtur	固有名詞
tururi	tururi	固有名詞
turus	turus	固有名詞
turves	turves	固有名詞
turvy	turvy	固有名詞
turwar	turwar	固有名詞
tuscan	tuscan	固有名詞
tusche	tusche	固有名詞
tush	tush	固有名詞
tushed	tushed	固有名詞
tusher	tusher	固有名詞
tushes	tushes	固有名詞
tushie	tushie	固有名詞
tushs	tushs	固有名詞
tushy	tushy	固有名詞
tusk	tusk	固有名詞
tuskar	tuskar	固有名詞
tusked	tusked	固有名詞
tusker	tusker	固有名詞
tusks	tusks	固有名詞
tusky	tusky	固有名詞
tussah	tussah	固有名詞
tussal	tussal	固有名詞
tussar	tussar	固有名詞
tusseh	tusseh	固有名詞
tusser	tusser	固有名詞
tussis	tussis	固有名詞
tussle	tussle	固有名詞
tussor	tussor	固有名詞
tussur	tussur	固有名詞
tut	tut	固有名詞
tute	tute	固有名詞
tutee	tutee	固有名詞
tutees	tutees	固有名詞
tutela	tutela	固有名詞
tutele	tutele	固有名詞
tutelo	tutelo	固有名詞
tuth	tuth	固有名詞
tutin	tutin	固有名詞
tutler	tutler	固有名詞
tutly	tutly	固有名詞
tutman	tutman	固有名詞
tutmen	tutmen	固有名詞
tutor	tutor	固有名詞
tutors	tutors	固有名詞
tutory	tutory	固有名詞
tutrix	tutrix	固有名詞
tuts	tuts	固有名詞
tutsan	tutsan	固有名詞
tutted	tutted	固有名詞
tutti	tutti	固有名詞
tuttis	tuttis	固有名詞
tutto	tutto	固有名詞
tutty	tutty	固有名詞
tutu	tutu	固有名詞
tutus	tutus	固有名詞
tuum	tuum	固有名詞
tuwi	tuwi	固有名詞
tux	tux	固有名詞
tuxedo	tuxedo	固有名詞
tuxes	tuxes	固有名詞
tuy	tuy	固有名詞
tuyer	tuyer	固有名詞
tuyere	tuyere	固有名詞
tuyers	tuyers	固有名詞
tuza	tuza	固有名詞
tuzla	tuzla	固有名詞
tuzzle	tuzzle	固有名詞
twa	twa	固有名詞
twaddy	twaddy	固有名詞
twae	twae	固有名詞
twaes	twaes	固有名詞
twain	twain	固有名詞
twains	twains	固有名詞
twait	twait	固有名詞
twaite	twaite	固有名詞
twal	twal	固有名詞
twale	twale	固有名詞
twalt	twalt	固有名詞
twana	twana	固有名詞
twang	twang	固有名詞
twangs	twangs	固有名詞
twangy	twangy	固有名詞
twank	twank	固有名詞
twanky	twanky	固有名詞
twant	twant	固有名詞
twarly	twarly	固有名詞
twas	twas	固有名詞
twat	twat	固有名詞
twats	twats	固有名詞
tway	tway	固有名詞
twazzy	twazzy	固有名詞
tweag	tweag	固有名詞
tweak	tweak	固有名詞
tweaks	tweaks	固有名詞
tweaky	tweaky	固有名詞
twee	twee	固有名詞
tweed	tweed	固有名詞
tweeds	tweeds	固有名詞
tweedy	tweedy	固有名詞
tweeg	tweeg	固有名詞
tweel	tweel	固有名詞
tween	tween	固有名詞
tweeny	tweeny	固有名詞
tweese	tweese	固有名詞
tweesh	tweesh	固有名詞
tweest	tweest	固有名詞
tweet	tweet	固有名詞
tweets	tweets	固有名詞
tweeze	tweeze	固有名詞
tweil	tweil	固有名詞
twelve	twelve	固有名詞
twenty	twenty	固有名詞
twere	twere	固有名詞
twerp	twerp	固有名詞
twerps	twerps	固有名詞
twi	twi	固有名詞
twibil	twibil	固有名詞
twice	twice	固有名詞
twicer	twicer	固有名詞
twicet	twicet	固有名詞
twick	twick	固有名詞
twie	twie	固有名詞
twier	twier	固有名詞
twiers	twiers	固有名詞
twig	twig	固有名詞
twiggy	twiggy	固有名詞
twigs	twigs	固有名詞
twilit	twilit	固有名詞
twill	twill	固有名詞
twills	twills	固有名詞
twilly	twilly	固有名詞
twilt	twilt	固有名詞
twin	twin	固有名詞
twine	twine	固有名詞
twined	twined	固有名詞
twiner	twiner	固有名詞
twines	twines	固有名詞
twinge	twinge	固有名詞
twink	twink	固有名詞
twinly	twinly	固有名詞
twins	twins	固有名詞
twint	twint	固有名詞
twiny	twiny	固有名詞
twire	twire	固有名詞
twirk	twirk	固有名詞
twirl	twirl	固有名詞
twirls	twirls	固有名詞
twirly	twirly	固有名詞
twirp	twirp	固有名詞
twirps	twirps	固有名詞
twisel	twisel	固有名詞
twist	twist	固有名詞
twists	twists	固有名詞
twisty	twisty	固有名詞
twit	twit	固有名詞
twitch	twitch	固有名詞
twite	twite	固有名詞
twits	twits	固有名詞
twitter	Twitter	固有名詞
twitty	twitty	固有名詞
twixt	twixt	固有名詞
two	two	固有名詞
twoes	twoes	固有名詞
twofer	twofer	固有名詞
twos	twos	固有名詞
twp	twp	固有名詞
twyer	twyer	固有名詞
twyers	twyers	固有名詞
twyver	twyver	固有名詞
txt	txt	固有名詞
tyauve	tyauve	固有名詞
tybalt	tybalt	固有名詞
tyburn	tyburn	固有名詞
tyche	tyche	固有名詞
tycoon	tycoon	固有名詞
tydden	tydden	固有名詞
tyddyn	tyddyn	固有名詞
tydeus	tydeus	固有名詞
tydie	tydie	固有名詞
tye	tye	固有名詞
tyee	tyee	固有名詞
tyees	tyees	固有名詞
tyes	tyes	固有名詞
tyg	tyg	固有名詞
tyigh	tyigh	固有名詞
tying	tying	固有名詞
tyke	tyke	固有名詞
tyken	tyken	固有名詞
tykes	tykes	固有名詞
tyking	tyking	固有名詞
tylari	tylari	固有名詞
tyler	tyler	固有名詞
tylion	tylion	固有名詞
tyloma	tyloma	固有名詞
tylose	tylose	固有名詞
tylote	tylote	固有名詞
tylus	tylus	固有名詞
tymbal	tymbal	固有名詞
tymp	tymp	固有名詞
tympan	tympan	固有名詞
tynd	tynd	固有名詞
tyne	tyne	固有名詞
tyned	tyned	固有名詞
tynes	tynes	固有名詞
tyning	tyning	固有名詞
typ	typ	固有名詞
typal	typal	固有名詞
type	type	固有名詞
typed	typed	固有名詞
typees	typees	固有名詞
typer	typer	固有名詞
types	types	固有名詞
typescript	TypeScript	固有名詞
typey	typey	固有名詞
typha	typha	固有名詞
typhia	typhia	固有名詞
typhic	typhic	固有名詞
typhon	typhon	固有名詞
typhus	typhus	固有名詞
typic	typic	固有名詞
typica	typica	固有名詞
typier	typier	固有名詞
typify	typify	固有名詞
typika	typika	固有名詞
typing	typing	固有名詞
typist	typist	固有名詞
typo	typo	固有名詞
typos	typos	固有名詞
typp	typp	固有名詞
typps	typps	固有名詞
typw	typw	固有名詞
typy	typy	固有名詞
tyr	tyr	固有名詞
tyrant	tyrant	固有名詞
tyre	tyre	固有名詞
tyred	tyred	固有名詞
tyres	tyres	固有名詞
tyrian	tyrian	固有名詞
tyring	tyring	固有名詞
tyro	tyro	固有名詞
tyroid	tyroid	固有名詞
tyroma	tyroma	固有名詞
tyrone	tyrone	固有名詞
tyros	tyros	固有名詞
tyrr	tyrr	固有名詞
tyste	tyste	固有名詞
tystie	tystie	固有名詞
tyt	tyt	固有名詞
tythe	tythe	固有名詞
tythed	tythed	固有名詞
tythes	tythes	固有名詞
tyto	tyto	固有名詞
tyum	tyum	固有名詞
tzaam	tzaam	固有名詞
tzar	tzar	固有名詞
tzars	tzars	固有名詞
tzetse	tzetse	固有名詞
tzetze	tzetze	固有名詞
tzuris	tzuris	固有名詞
uakari	uakari	固有名詞
ualis	ualis	固有名詞
uang	uang	固有名詞
uaupe	uaupe	固有名詞
uayeb	uayeb	固有名詞
ubangi	ubangi	固有名詞
ubc	ubc	固有名詞
uberty	uberty	固有名詞
ubi	ubi	固有名詞
ubiety	ubiety	固有名詞
ubii	ubii	固有名詞
ubique	ubique	固有名詞
ubound	ubound	固有名詞
ubuntu	Ubuntu	固有名詞
ubussu	ubussu	固有名詞
uca	uca	固有名詞
ucal	ucal	固有名詞
uchean	uchean	固有名詞
uchee	uchee	固有名詞
uckers	uckers	固有名詞
uckia	uckia	固有名詞
ucuuba	ucuuba	固有名詞
udal	udal	固有名詞
udaler	udaler	固有名詞
udasi	udasi	固有名詞
udder	udder	固有名詞
udders	udders	固有名詞
udell	udell	固有名詞
udi	udi	固有名詞
udic	udic	固有名詞
udish	udish	固有名詞
udo	udo	固有名詞
udom	udom	固有名詞
udos	udos	固有名詞
uds	uds	固有名詞
ufer	ufer	固有名詞
ufo	ufo	固有名詞
ufos	ufos	固有名詞
ufs	ufs	固有名詞
ugali	ugali	固有名詞
uganda	uganda	固有名詞
ugh	ugh	固有名詞
ughs	ughs	固有名詞
ughten	ughten	固有名詞
ugli	ugli	固有名詞
uglier	uglier	固有名詞
uglify	uglify	固有名詞
uglily	uglily	固有名詞
uglis	uglis	固有名詞
ugly	ugly	固有名詞
ugrian	ugrian	固有名詞
ugric	ugric	固有名詞
ugroid	ugroid	固有名詞
ugsome	ugsome	固有名詞
ugt	ugt	固有名詞
uhlan	uhlan	固有名詞
uhlans	uhlans	固有名詞
uhllo	uhllo	固有名詞
uhs	uhs	固有名詞
uhuru	uhuru	固有名詞
uighur	uighur	固有名詞
uigur	uigur	固有名詞
uily	uily	固有名詞
uinal	uinal	固有名詞
uinta	uinta	固有名詞
uirina	uirina	固有名詞
uit	uit	固有名詞
uji	uji	固有名詞
ukase	ukase	固有名詞
ukases	ukases	固有名詞
uke	uke	固有名詞
ukes	ukes	固有名詞
ukiyoe	ukiyoe	固有名詞
ula	ula	固有名詞
ulama	ulama	固有名詞
ulamas	ulamas	固有名詞
ulan	ulan	固有名詞
ulans	ulans	固有名詞
ulaula	ulaula	固有名詞
ulcer	ulcer	固有名詞
ulcers	ulcers	固有名詞
ulcery	ulcery	固有名詞
ulcus	ulcus	固有名詞
ule	ule	固有名詞
ulema	ulema	固有名詞
ulemas	ulemas	固有名詞
uletic	uletic	固有名詞
ulex	ulex	固有名詞
ulicon	ulicon	固有名詞
ulidia	ulidia	固有名詞
ulitis	ulitis	固有名詞
ull	ull	固有名詞
ulla	ulla	固有名詞
ullage	ullage	固有名詞
uller	uller	固有名詞
ulling	ulling	固有名詞
ulluco	ulluco	固有名詞
ullucu	ullucu	固有名詞
ulmate	ulmate	固有名詞
ulmic	ulmic	固有名詞
ulmin	ulmin	固有名詞
ulmo	ulmo	固有名詞
ulmous	ulmous	固有名詞
ulmus	ulmus	固有名詞
ulna	ulna	固有名詞
ulnad	ulnad	固有名詞
ulnae	ulnae	固有名詞
ulnage	ulnage	固有名詞
ulnar	ulnar	固有名詞
ulnare	ulnare	固有名詞
ulnas	ulnas	固有名詞
uloid	uloid	固有名詞
ulpan	ulpan	固有名詞
ulster	ulster	固有名詞
ult	ult	固有名詞
ulta	ulta	固有名詞
ultima	ultima	固有名詞
ultime	ultime	固有名詞
ultimo	ultimo	固有名詞
ultion	ultion	固有名詞
ulto	ulto	固有名詞
ultra	ultra	固有名詞
ultras	ultras	固有名詞
ulu	ulu	固有名詞
ulua	ulua	固有名詞
uluhi	uluhi	固有名詞
ululu	ululu	固有名詞
ulus	ulus	固有名詞
ulva	ulva	固有名詞
ulvan	ulvan	固有名詞
ulvas	ulvas	固有名詞
umaua	umaua	固有名詞
umbel	umbel	固有名詞
umbels	umbels	固有名詞
umber	umber	固有名詞
umbers	umbers	固有名詞
umble	umble	固有名詞
umbles	umbles	固有名詞
umbo	umbo	固有名詞
umbone	umbone	固有名詞
umbos	umbos	固有名詞
umbra	umbra	固有名詞
umbrae	umbrae	固有名詞
umbral	umbral	固有名詞
umbras	umbras	固有名詞
umbre	umbre	固有名詞
umbrel	umbrel	固有名詞
umbret	umbret	固有名詞
umbril	umbril	固有名詞
ume	ume	固有名詞
umest	umest	固有名詞
umfaan	umfaan	固有名詞
umgang	umgang	固有名詞
umiac	umiac	固有名詞
umiack	umiack	固有名詞
umiacs	umiacs	固有名詞
umiak	umiak	固有名詞
umiaks	umiaks	固有名詞
umiaq	umiaq	固有名詞
umiaqs	umiaqs	固有名詞
umiri	umiri	固有名詞
umist	umist	固有名詞
umland	umland	固有名詞
umlaut	umlaut	固有名詞
umload	umload	固有名詞
umm	umm	固有名詞
ummps	ummps	固有名詞
ump	ump	固有名詞
umped	umped	固有名詞
umph	umph	固有名詞
umping	umping	固有名詞
umpire	umpire	固有名詞
umpqua	umpqua	固有名詞
umps	umps	固有名詞
umpty	umpty	固有名詞
umpy	umpy	固有名詞
umset	umset	固有名詞
umteen	umteen	固有名詞
umu	umu	固有名詞
una	una	固有名詞
unable	unable	固有名詞
unably	unably	固有名詞
unact	unact	固有名詞
unadd	unadd	固有名詞
unaged	unaged	固有名詞
unai	unai	固有名詞
unais	unais	固有名詞
unakin	unakin	固有名詞
unal	unal	固有名詞
unami	unami	固有名詞
unamo	unamo	固有名詞
unapt	unapt	固有名詞
unarch	unarch	固有名詞
unark	unark	固有名詞
unarm	unarm	固有名詞
unarms	unarms	固有名詞
unary	unary	固有名詞
unau	unau	固有名詞
unaus	unaus	固有名詞
unavid	unavid	固有名詞
unaway	unaway	固有名詞
unawed	unawed	固有名詞
unaxed	unaxed	固有名詞
unb	unb	固有名詞
unbag	unbag	固有名詞
unbain	unbain	固有名詞
unbait	unbait	固有名詞
unbale	unbale	固有名詞
unbane	unbane	固有名詞
unbank	unbank	固有名詞
unbar	unbar	固有名詞
unbarb	unbarb	固有名詞
unbare	unbare	固有名詞
unbark	unbark	固有名詞
unbars	unbars	固有名詞
unbase	unbase	固有名詞
unbay	unbay	固有名詞
unbe	unbe	固有名詞
unbear	unbear	固有名詞
unbed	unbed	固有名詞
unbell	unbell	固有名詞
unbelt	unbelt	固有名詞
unbend	unbend	固有名詞
unbent	unbent	固有名詞
unbet	unbet	固有名詞
unbias	unbias	固有名詞
unbid	unbid	固有名詞
unbind	unbind	固有名詞
unbit	unbit	固有名詞
unbitt	unbitt	固有名詞
unbled	unbled	固有名詞
unboat	unboat	固有名詞
unbody	unbody	固有名詞
unbog	unbog	固有名詞
unbold	unbold	固有名詞
unbolt	unbolt	固有名詞
unbone	unbone	固有名詞
unboot	unboot	固有名詞
unborn	unborn	固有名詞
unbow	unbow	固有名詞
unbox	unbox	固有名詞
unboy	unboy	固有名詞
unbran	unbran	固有名詞
unbred	unbred	固有名詞
unbud	unbud	固有名詞
unbung	unbung	固有名詞
unburn	unburn	固有名詞
unbury	unbury	固有名詞
unbush	unbush	固有名詞
unbusk	unbusk	固有名詞
unbusy	unbusy	固有名詞
unc	unc	固有名詞
unca	unca	固有名詞
uncage	uncage	固有名詞
uncake	uncake	固有名詞
uncalk	uncalk	固有名詞
uncall	uncall	固有名詞
uncalm	uncalm	固有名詞
uncamp	uncamp	固有名詞
uncap	uncap	固有名詞
uncaps	uncaps	固有名詞
uncart	uncart	固有名詞
uncase	uncase	固有名詞
uncask	uncask	固有名詞
uncast	uncast	固有名詞
uncate	uncate	固有名詞
uncave	uncave	固有名詞
unchic	unchic	固有名詞
unchid	unchid	固有名詞
unci	unci	固有名詞
uncia	uncia	固有名詞
unciae	unciae	固有名詞
uncial	uncial	固有名詞
uncini	uncini	固有名詞
uncite	uncite	固有名詞
uncity	uncity	固有名詞
unclad	unclad	固有名詞
unclay	unclay	固有名詞
uncle	uncle	固有名詞
uncles	uncles	固有名詞
unclew	unclew	固有名詞
unclip	unclip	固有名詞
unclog	unclog	固有名詞
unclot	unclot	固有名詞
unclub	unclub	固有名詞
unco	unco	固有名詞
uncoat	uncoat	固有名詞
uncock	uncock	固有名詞
uncoft	uncoft	固有名詞
uncoif	uncoif	固有名詞
uncoil	uncoil	固有名詞
uncoin	uncoin	固有名詞
uncolt	uncolt	固有名詞
uncoly	uncoly	固有名詞
uncome	uncome	固有名詞
uncool	uncool	固有名詞
uncoop	uncoop	固有名詞
uncope	uncope	固有名詞
uncord	uncord	固有名詞
uncore	uncore	固有名詞
uncork	uncork	固有名詞
uncos	uncos	固有名詞
uncost	uncost	固有名詞
uncous	uncous	固有名詞
uncow	uncow	固有名詞
uncowl	uncowl	固有名詞
uncoy	uncoy	固有名詞
uncram	uncram	固有名詞
uncrib	uncrib	固有名詞
uncs	uncs	固有名詞
unct	unct	固有名詞
uncurb	uncurb	固有名詞
uncurd	uncurd	固有名詞
uncurl	uncurl	固有名詞
uncus	uncus	固有名詞
uncut	uncut	固有名詞
uncute	uncute	固有名詞
uncuth	uncuth	固有名詞
undam	undam	固有名詞
undamn	undamn	固有名詞
undark	undark	固有名詞
undate	undate	固有名詞
undaub	undaub	固有名詞
unde	unde	固有名詞
undead	undead	固有名詞
undeaf	undeaf	固有名詞
undean	undean	固有名詞
undear	undear	固有名詞
undeck	undeck	固有名詞
undee	undee	固有名詞
undeep	undeep	固有名詞
undeft	undeft	固有名詞
unden	unden	固有名詞
under	under	固有名詞
undern	undern	固有名詞
undewy	undewy	固有名詞
undid	undid	固有名詞
undies	undies	固有名詞
undig	undig	固有名詞
undim	undim	固有名詞
undine	undine	固有名詞
undirk	undirk	固有名詞
undo	undo	固有名詞
undock	undock	固有名詞
undoer	undoer	固有名詞
undoes	undoes	固有名詞
undog	undog	固有名詞
undon	undon	固有名詞
undone	undone	固有名詞
undose	undose	固有名詞
undrab	undrab	固有名詞
undrag	undrag	固有名詞
undraw	undraw	固有名詞
undrew	undrew	固有名詞
undry	undry	固有名詞
undub	undub	固有名詞
undue	undue	固有名詞
undug	undug	固有名詞
unduke	unduke	固有名詞
undull	undull	固有名詞
unduly	unduly	固有名詞
undure	undure	固有名詞
undust	undust	固有名詞
unduty	unduty	固有名詞
undy	undy	固有名詞
undye	undye	固有名詞
undyed	undyed	固有名詞
unease	unease	固有名詞
uneasy	uneasy	固有名詞
uneath	uneath	固有名詞
unedge	unedge	固有名詞
unegal	unegal	固有名詞
unempt	unempt	固有名詞
unepic	unepic	固有名詞
unesco	unesco	固有名詞
uneven	uneven	固有名詞
unevil	unevil	固有名詞
uneye	uneye	固有名詞
uneyed	uneyed	固有名詞
unface	unface	固有名詞
unfact	unfact	固有名詞
unfain	unfain	固有名詞
unfair	unfair	固有名詞
unfar	unfar	固有名詞
unfast	unfast	固有名詞
unfed	unfed	固有名詞
unfeed	unfeed	固有名詞
unfeel	unfeel	固有名詞
unfele	unfele	固有名詞
unfelt	unfelt	固有名詞
unfew	unfew	固有名詞
unfile	unfile	固有名詞
unfill	unfill	固有名詞
unfilm	unfilm	固有名詞
unfine	unfine	固有名詞
unfirm	unfirm	固有名詞
unfit	unfit	固有名詞
unfits	unfits	固有名詞
unfix	unfix	固有名詞
unfixt	unfixt	固有名詞
unflag	unflag	固有名詞
unflat	unflat	固有名詞
unfold	unfold	固有名詞
unfond	unfond	固有名詞
unfool	unfool	固有名詞
unfork	unfork	固有名詞
unform	unform	固有名詞
unfoul	unfoul	固有名詞
unfoxy	unfoxy	固有名詞
unfree	unfree	固有名詞
unfret	unfret	固有名詞
unfull	unfull	固有名詞
unfur	unfur	固有名詞
unfurl	unfurl	固有名詞
ung	ung	固有名詞
ungag	ungag	固有名詞
ungain	ungain	固有名詞
ungamy	ungamy	固有名詞
ungaro	ungaro	固有名詞
ungear	ungear	固有名詞
ungelt	ungelt	固有名詞
unget	unget	固有名詞
ungift	ungift	固有名詞
ungild	ungild	固有名詞
ungill	ungill	固有名詞
ungilt	ungilt	固有名詞
ungird	ungird	固有名詞
ungirt	ungirt	固有名詞
ungive	ungive	固有名詞
ungka	ungka	固有名詞
unglad	unglad	固有名詞
unglee	unglee	固有名詞
unglib	unglib	固有名詞
unglue	unglue	固有名詞
ungnaw	ungnaw	固有名詞
ungod	ungod	固有名詞
ungold	ungold	固有名詞
ungone	ungone	固有名詞
ungood	ungood	固有名詞
ungot	ungot	固有名詞
ungown	ungown	固有名詞
ungrid	ungrid	固有名詞
ungrip	ungrip	固有名詞
ungrow	ungrow	固有名詞
ungt	ungt	固有名詞
ungual	ungual	固有名詞
ungues	ungues	固有名詞
unguis	unguis	固有名詞
ungula	ungula	固有名詞
ungull	ungull	固有名詞
ungulp	ungulp	固有名詞
ungum	ungum	固有名詞
ungyve	ungyve	固有名詞
unhad	unhad	固有名詞
unhaft	unhaft	固有名詞
unhair	unhair	固有名詞
unhale	unhale	固有名詞
unhand	unhand	固有名詞
unhang	unhang	固有名詞
unhap	unhap	固有名詞
unhard	unhard	固有名詞
unhasp	unhasp	固有名詞
unhat	unhat	固有名詞
unhate	unhate	固有名詞
unhats	unhats	固有名詞
unhave	unhave	固有名詞
unhazy	unhazy	固有名詞
unhead	unhead	固有名詞
unheal	unheal	固有名詞
unheed	unheed	固有名詞
unheld	unheld	固有名詞
unhele	unhele	固有名詞
unhelm	unhelm	固有名詞
unhelp	unhelp	固有名詞
unhent	unhent	固有名詞
unherd	unherd	固有名詞
unhero	unhero	固有名詞
unhewn	unhewn	固有名詞
unhex	unhex	固有名詞
unhid	unhid	固有名詞
unhide	unhide	固有名詞
unhigh	unhigh	固有名詞
unhip	unhip	固有名詞
unhit	unhit	固有名詞
unhive	unhive	固有名詞
unhoed	unhoed	固有名詞
unhold	unhold	固有名詞
unholy	unholy	固有名詞
unhome	unhome	固有名詞
unhood	unhood	固有名詞
unhook	unhook	固有名詞
unhoop	unhoop	固有名詞
unhope	unhope	固有名詞
unhose	unhose	固有名詞
unhot	unhot	固有名詞
unhued	unhued	固有名詞
unhull	unhull	固有名詞
unhung	unhung	固有名詞
unhurt	unhurt	固有名詞
unhusk	unhusk	固有名詞
uni	uni	固有名詞
uniat	uniat	固有名詞
uniate	uniate	固有名詞
unible	unible	固有名詞
unice	unice	固有名詞
uniced	uniced	固有名詞
unicef	unicef	固有名詞
unicode	Unicode	固有名詞
unicum	unicum	固有名詞
unidle	unidle	固有名詞
unidly	unidly	固有名詞
unie	unie	固有名詞
unific	unific	固有名詞
unify	unify	固有名詞
uninn	uninn	固有名詞
unio	unio	固有名詞
unioid	unioid	固有名詞
uniola	uniola	固有名詞
union	union	固有名詞
unions	unions	固有名詞
uniped	uniped	固有名詞
unipod	unipod	固有名詞
unique	unique	固有名詞
unisex	unisex	固有名詞
unism	unism	固有名詞
unison	unison	固有名詞
unist	unist	固有名詞
unit	unit	固有名詞
unital	unital	固有名詞
unite	unite	固有名詞
united	united	固有名詞
uniter	uniter	固有名詞
unites	unites	固有名詞
units	units	固有名詞
unity	unity	固有名詞
unius	unius	固有名詞
univ	univ	固有名詞
unix	unix	固有名詞
unjam	unjam	固有名詞
unjoin	unjoin	固有名詞
unjust	unjust	固有名詞
unked	unked	固有名詞
unken	unken	固有名詞
unkend	unkend	固有名詞
unkent	unkent	固有名詞
unkept	unkept	固有名詞
unket	unket	固有名詞
unkey	unkey	固有名詞
unkid	unkid	固有名詞
unkill	unkill	固有名詞
unkin	unkin	固有名詞
unkind	unkind	固有名詞
unking	unking	固有名詞
unkink	unkink	固有名詞
unkirk	unkirk	固有名詞
unkiss	unkiss	固有名詞
unkist	unkist	固有名詞
unknew	unknew	固有名詞
unknit	unknit	固有名詞
unknot	unknot	固有名詞
unknow	unknow	固有名詞
unl	unl	固有名詞
unlace	unlace	固有名詞
unlade	unlade	固有名詞
unlaid	unlaid	固有名詞
unlame	unlame	固有名詞
unland	unland	固有名詞
unlap	unlap	固有名詞
unlash	unlash	固有名詞
unlath	unlath	固有名詞
unlaw	unlaw	固有名詞
unlax	unlax	固有名詞
unlay	unlay	固有名詞
unlays	unlays	固有名詞
unlead	unlead	固有名詞
unleaf	unleaf	固有名詞
unleal	unleal	固有名詞
unlean	unlean	固有名詞
unled	unled	固有名詞
unleft	unleft	固有名詞
unlent	unlent	固有名詞
unless	unless	固有名詞
unlet	unlet	固有名詞
unlid	unlid	固有名詞
unlie	unlie	固有名詞
unlike	unlike	固有名詞
unlimb	unlimb	固有名詞
unlime	unlime	固有名詞
unlimp	unlimp	固有名詞
unline	unline	固有名詞
unlink	unlink	固有名詞
unlist	unlist	固有名詞
unlit	unlit	固有名詞
unlive	unlive	固有名詞
unload	unload	固有名詞
unlock	unlock	固有名詞
unlook	unlook	固有名詞
unloop	unloop	固有名詞
unlord	unlord	固有名詞
unlost	unlost	固有名詞
unlove	unlove	固有名詞
unluck	unluck	固有名詞
unlush	unlush	固有名詞
unlust	unlust	固有名詞
unlute	unlute	固有名詞
unmad	unmad	固有名詞
unmade	unmade	固有名詞
unmaid	unmaid	固有名詞
unmail	unmail	固有名詞
unmake	unmake	固有名詞
unman	unman	固有名詞
unmans	unmans	固有名詞
unmask	unmask	固有名詞
unmast	unmast	固有名詞
unmate	unmate	固有名詞
unmaze	unmaze	固有名詞
unmeek	unmeek	固有名詞
unmeet	unmeet	固有名詞
unmelt	unmelt	固有名詞
unmesh	unmesh	固有名詞
unmet	unmet	固有名詞
unmete	unmete	固有名詞
unmeth	unmeth	固有名詞
unmew	unmew	固有名詞
unmews	unmews	固有名詞
unmild	unmild	固有名詞
unmind	unmind	固有名詞
unmiry	unmiry	固有名詞
unmist	unmist	固有名詞
unmix	unmix	固有名詞
unmixt	unmixt	固有名詞
unmold	unmold	固有名詞
unmoor	unmoor	固有名詞
unmown	unmown	固有名詞
unn	unn	固有名詞
unnail	unnail	固有名詞
unname	unname	固有名詞
unnapt	unnapt	固有名詞
unnear	unnear	固有名詞
unneat	unneat	固有名詞
unness	unness	固有名詞
unnest	unnest	固有名詞
unnet	unnet	固有名詞
unneth	unneth	固有名詞
unnew	unnew	固有名詞
unnice	unnice	固有名詞
unnigh	unnigh	固有名詞
unnose	unnose	固有名詞
unode	unode	固有名詞
unoil	unoil	固有名詞
unoily	unoily	固有名詞
unold	unold	固有名詞
unona	unona	固有名詞
unoped	unoped	固有名詞
unopen	unopen	固有名詞
unoral	unoral	固有名詞
unorn	unorn	固有名詞
unowed	unowed	固有名詞
unown	unown	固有名詞
unp	unp	固有名詞
unpack	unpack	固有名詞
unpaid	unpaid	固有名詞
unpale	unpale	固有名詞
unpark	unpark	固有名詞
unpass	unpass	固有名詞
unpave	unpave	固有名詞
unpawn	unpawn	固有名詞
unpay	unpay	固有名詞
unpeel	unpeel	固有名詞
unpeg	unpeg	固有名詞
unpegs	unpegs	固有名詞
unpen	unpen	固有名詞
unpens	unpens	固有名詞
unpent	unpent	固有名詞
unpick	unpick	固有名詞
unpile	unpile	固有名詞
unpin	unpin	固有名詞
unpins	unpins	固有名詞
unpity	unpity	固有名詞
unplan	unplan	固有名詞
unplat	unplat	固有名詞
unplow	unplow	固有名詞
unplug	unplug	固有名詞
unpope	unpope	固有名詞
unpot	unpot	固有名詞
unpray	unpray	固有名詞
unprim	unprim	固有名詞
unprop	unprop	固有名詞
unpuff	unpuff	固有名詞
unpure	unpure	固有名詞
unput	unput	固有名詞
unquit	unquit	固有名詞
unquod	unquod	固有名詞
unrack	unrack	固有名詞
unrake	unrake	固有名詞
unram	unram	固有名詞
unrank	unrank	固有名詞
unrare	unrare	固有名詞
unrash	unrash	固有名詞
unray	unray	固有名詞
unread	unread	固有名詞
unreal	unreal	固有名詞
unred	unred	固有名詞
unreel	unreel	固有名詞
unrein	unrein	固有名詞
unrent	unrent	固有名詞
unrest	unrest	固有名詞
unrich	unrich	固有名詞
unrid	unrid	固有名詞
unride	unride	固有名詞
unrife	unrife	固有名詞
unrig	unrig	固有名詞
unrigs	unrigs	固有名詞
unrind	unrind	固有名詞
unring	unring	固有名詞
unrip	unrip	固有名詞
unripe	unripe	固有名詞
unrips	unrips	固有名詞
unrobe	unrobe	固有名詞
unroll	unroll	固有名詞
unroof	unroof	固有名詞
unroot	unroot	固有名詞
unrope	unrope	固有名詞
unrout	unrout	固有名詞
unrove	unrove	固有名詞
unrow	unrow	固有名詞
unrra	unrra	固有名詞
unrude	unrude	固有名詞
unrued	unrued	固有名詞
unrufe	unrufe	固有名詞
unrule	unrule	固有名詞
unruly	unruly	固有名詞
unrun	unrun	固有名詞
unrung	unrung	固有名詞
unrust	unrust	固有名詞
unruth	unruth	固有名詞
uns	uns	固有名詞
unsack	unsack	固有名詞
unsad	unsad	固有名詞
unsafe	unsafe	固有名詞
unsage	unsage	固有名詞
unsaid	unsaid	固有名詞
unsalt	unsalt	固有名詞
unsame	unsame	固有名詞
unsane	unsane	固有名詞
unsash	unsash	固有名詞
unsawn	unsawn	固有名詞
unsay	unsay	固有名詞
unsays	unsays	固有名詞
unseal	unseal	固有名詞
unseam	unseam	固有名詞
unseat	unseat	固有名詞
unsee	unsee	固有名詞
unseel	unseel	固有名詞
unseen	unseen	固有名詞
unself	unself	固有名詞
unsell	unsell	固有名詞
unsely	unsely	固有名詞
unsent	unsent	固有名詞
unsere	unsere	固有名詞
unset	unset	固有名詞
unsets	unsets	固有名詞
unsew	unsew	固有名詞
unsewn	unsewn	固有名詞
unsews	unsews	固有名詞
unsex	unsex	固有名詞
unshed	unshed	固有名詞
unship	unship	固有名詞
unshod	unshod	固有名詞
unshoe	unshoe	固有名詞
unshop	unshop	固有名詞
unshot	unshot	固有名詞
unshut	unshut	固有名詞
unshy	unshy	固有名詞
unsick	unsick	固有名詞
unsin	unsin	固有名詞
unsing	unsing	固有名詞
unskin	unskin	固有名詞
unslim	unslim	固有名詞
unslip	unslip	固有名詞
unslit	unslit	固有名詞
unslot	unslot	固有名詞
unslow	unslow	固有名詞
unsly	unsly	固有名詞
unsmug	unsmug	固有名詞
unsnap	unsnap	固有名詞
unsnib	unsnib	固有名詞
unsnow	unsnow	固有名詞
unsnug	unsnug	固有名詞
unsoft	unsoft	固有名詞
unsoil	unsoil	固有名詞
unsold	unsold	固有名詞
unsole	unsole	固有名詞
unsome	unsome	固有名詞
unson	unson	固有名詞
unsoot	unsoot	固有名詞
unsore	unsore	固有名詞
unsort	unsort	固有名詞
unsoul	unsoul	固有名詞
unsour	unsour	固有名詞
unsown	unsown	固有名詞
unspan	unspan	固有名詞
unspar	unspar	固有名詞
unsped	unsped	固有名詞
unspin	unspin	固有名詞
unspit	unspit	固有名詞
unspot	unspot	固有名詞
unspun	unspun	固有名詞
unstar	unstar	固有名詞
unstep	unstep	固有名詞
unstop	unstop	固有名詞
unstow	unstow	固有名詞
unsty	unsty	固有名詞
unsued	unsued	固有名詞
unsuit	unsuit	固有名詞
unsun	unsun	固有名詞
unsung	unsung	固有名詞
unsunk	unsunk	固有名詞
unsure	unsure	固有名詞
unta	unta	固有名詞
untack	untack	固有名詞
untall	untall	固有名詞
untame	untame	固有名詞
untap	untap	固有名詞
untar	untar	固有名詞
untaut	untaut	固有名詞
untax	untax	固有名詞
unteam	unteam	固有名詞
unteem	unteem	固有名詞
untell	untell	固有名詞
untent	untent	固有名詞
unthaw	unthaw	固有名詞
untidy	untidy	固有名詞
untie	untie	固有名詞
untied	untied	固有名詞
unties	unties	固有名詞
until	until	固有名詞
untile	untile	固有名詞
untill	untill	固有名詞
untilt	untilt	固有名詞
untime	untime	固有名詞
untin	untin	固有名詞
untine	untine	固有名詞
untipt	untipt	固有名詞
untire	untire	固有名詞
unto	unto	固有名詞
untold	untold	固有名詞
untomb	untomb	固有名詞
untone	untone	固有名詞
untop	untop	固有名詞
untorn	untorn	固有名詞
untown	untown	固有名詞
untrig	untrig	固有名詞
untrim	untrim	固有名詞
untrod	untrod	固有名詞
untrue	untrue	固有名詞
untuck	untuck	固有名詞
untune	untune	固有名詞
unturf	unturf	固有名詞
unturn	unturn	固有名詞
untz	untz	固有名詞
unugly	unugly	固有名詞
unum	unum	固有名詞
unured	unured	固有名詞
unurn	unurn	固有名詞
unuse	unuse	固有名詞
unused	unused	固有名詞
unvain	unvain	固有名詞
unveil	unveil	固有名詞
unvest	unvest	固有名詞
unvext	unvext	固有名詞
unvoid	unvoid	固有名詞
unvote	unvote	固有名詞
unwall	unwall	固有名詞
unwan	unwan	固有名詞
unware	unware	固有名詞
unwarm	unwarm	固有名詞
unwarn	unwarn	固有名詞
unwarp	unwarp	固有名詞
unwary	unwary	固有名詞
unwax	unwax	固有名詞
unweal	unweal	固有名詞
unweb	unweb	固有名詞
unwed	unwed	固有名詞
unweel	unweel	固有名詞
unweft	unweft	固有名詞
unweld	unweld	固有名詞
unwell	unwell	固有名詞
unwept	unwept	固有名詞
unwet	unwet	固有名詞
unwhig	unwhig	固有名詞
unwhip	unwhip	固有名詞
unwig	unwig	固有名詞
unwild	unwild	固有名詞
unwill	unwill	固有名詞
unwily	unwily	固有名詞
unwind	unwind	固有名詞
unwink	unwink	固有名詞
unwire	unwire	固有名詞
unwise	unwise	固有名詞
unwish	unwish	固有名詞
unwist	unwist	固有名詞
unwit	unwit	固有名詞
unwits	unwits	固有名詞
unwive	unwive	固有名詞
unwomb	unwomb	固有名詞
unwon	unwon	固有名詞
unwont	unwont	固有名詞
unwoof	unwoof	固有名詞
unwork	unwork	固有名詞
unworn	unworn	固有名詞
unwove	unwove	固有名詞
unwrap	unwrap	固有名詞
unwrit	unwrit	固有名詞
unwry	unwry	固有名詞
unyoke	unyoke	固有名詞
unze	unze	固有名詞
unzen	unzen	固有名詞
unzip	unzip	固有名詞
unzips	unzips	固有名詞
unzone	unzone	固有名詞
uparch	uparch	固有名詞
uparm	uparm	固有名詞
uparna	uparna	固有名詞
upas	upas	固有名詞
upases	upases	固有名詞
upaya	upaya	固有名詞
upband	upband	固有名詞
upbank	upbank	固有名詞
upbar	upbar	固有名詞
upbay	upbay	固有名詞
upbear	upbear	固有名詞
upbeat	upbeat	固有名詞
upbelt	upbelt	固有名詞
upbend	upbend	固有名詞
upbid	upbid	固有名詞
upbind	upbind	固有名詞
upblow	upblow	固有名詞
upboil	upboil	固有名詞
upbolt	upbolt	固有名詞
upbore	upbore	固有名詞
upbray	upbray	固有名詞
upbred	upbred	固有名詞
upbrim	upbrim	固有名詞
upbrow	upbrow	固有名詞
upbuoy	upbuoy	固有名詞
upburn	upburn	固有名詞
upbuy	upbuy	固有名詞
upby	upby	固有名詞
upbye	upbye	固有名詞
upcall	upcall	固有名詞
upcard	upcard	固有名詞
upcast	upcast	固有名詞
upcity	upcity	固有名詞
upcock	upcock	固有名詞
upcoil	upcoil	固有名詞
upcome	upcome	固有名詞
upcrop	upcrop	固有名詞
upcry	upcry	固有名詞
upcurl	upcurl	固有名詞
upcut	upcut	固有名詞
updart	updart	固有名詞
update	update	固有名詞
updeck	updeck	固有名詞
updive	updive	固有名詞
updo	updo	固有名詞
updome	updome	固有名詞
updos	updos	固有名詞
updove	updove	固有名詞
updrag	updrag	固有名詞
updraw	updraw	固有名詞
updry	updry	固有名詞
upeat	upeat	固有名詞
upend	upend	固有名詞
upends	upends	固有名詞
upfeed	upfeed	固有名詞
upfill	upfill	固有名詞
upflee	upflee	固有名詞
upflow	upflow	固有名詞
upfly	upfly	固有名詞
upfold	upfold	固有名詞
upfurl	upfurl	固有名詞
upgale	upgale	固有名詞
upgang	upgang	固有名詞
upgape	upgape	固有名詞
upgaze	upgaze	固有名詞
upget	upget	固有名詞
upgird	upgird	固有名詞
upgirt	upgirt	固有名詞
upgive	upgive	固有名詞
upgo	upgo	固有名詞
upgrew	upgrew	固有名詞
upgrow	upgrow	固有名詞
upgush	upgush	固有名詞
uphale	uphale	固有名詞
uphand	uphand	固有名詞
uphang	uphang	固有名詞
uphasp	uphasp	固有名詞
upheal	upheal	固有名詞
upheap	upheap	固有名詞
upheld	upheld	固有名詞
uphelm	uphelm	固有名詞
upher	upher	固有名詞
uphill	uphill	固有名詞
uphold	uphold	固有名詞
uphove	uphove	固有名詞
uphroe	uphroe	固有名詞
uphung	uphung	固有名詞
uphurl	uphurl	固有名詞
upjerk	upjerk	固有名詞
upjet	upjet	固有名詞
upkeep	upkeep	固有名詞
upknit	upknit	固有名詞
upla	upla	固有名詞
uplaid	uplaid	固有名詞
uplake	uplake	固有名詞
upland	upland	固有名詞
uplane	uplane	固有名詞
uplay	uplay	固有名詞
uplead	uplead	固有名詞
uplean	uplean	固有名詞
upleap	upleap	固有名詞
upleg	upleg	固有名詞
uplick	uplick	固有名詞
uplift	uplift	固有名詞
uplimb	uplimb	固有名詞
upline	upline	固有名詞
uplink	uplink	固有名詞
uplit	uplit	固有名詞
upload	upload	固有名詞
uplock	uplock	固有名詞
uplong	uplong	固有名詞
uplook	uplook	固有名詞
uploom	uploom	固有名詞
uploop	uploop	固有名詞
upmast	upmast	固有名詞
upmix	upmix	固有名詞
upmost	upmost	固有名詞
upmove	upmove	固有名詞
upness	upness	固有名詞
upo	upo	固有名詞
upon	upon	固有名詞
uppard	uppard	固有名詞
uppbad	uppbad	固有名詞
upped	upped	固有名詞
uppent	uppent	固有名詞
upper	upper	固有名詞
uppers	uppers	固有名詞
uppile	uppile	固有名詞
upping	upping	固有名詞
uppish	uppish	固有名詞
uppity	uppity	固有名詞
upplow	upplow	固有名詞
uppop	uppop	固有名詞
uppour	uppour	固有名詞
upprop	upprop	固有名詞
uppuff	uppuff	固有名詞
uppull	uppull	固有名詞
uppush	uppush	固有名詞
uprear	uprear	固有名詞
uprein	uprein	固有名詞
uprend	uprend	固有名詞
uprest	uprest	固有名詞
uprid	uprid	固有名詞
uprip	uprip	固有名詞
uprise	uprise	固有名詞
uprist	uprist	固有名詞
uprive	uprive	固有名詞
uproad	uproad	固有名詞
uproar	uproar	固有名詞
uproom	uproom	固有名詞
uproot	uproot	固有名詞
uprose	uprose	固有名詞
uprun	uprun	固有名詞
uprush	uprush	固有名詞
ups	ups	固有名詞
upseal	upseal	固有名詞
upseek	upseek	固有名詞
upsend	upsend	固有名詞
upsent	upsent	固有名詞
upset	upset	固有名詞
upsets	upsets	固有名詞
upsey	upsey	固有名詞
upshot	upshot	固有名詞
upshut	upshut	固有名詞
upside	upside	固有名詞
upsit	upsit	固有名詞
upskip	upskip	固有名詞
upslip	upslip	固有名詞
upsoak	upsoak	固有名詞
upsoar	upsoar	固有名詞
upspew	upspew	固有名詞
upspin	upspin	固有名詞
upstay	upstay	固有名詞
upstem	upstem	固有名詞
upstep	upstep	固有名詞
upstir	upstir	固有名詞
upsuck	upsuck	固有名詞
upsun	upsun	固有名詞
upsup	upsup	固有名詞
upsway	upsway	固有名詞
upsy	upsy	固有名詞
uptake	uptake	固有名詞
uptear	uptear	固有名詞
uptend	uptend	固有名詞
uptide	uptide	固有名詞
uptie	uptie	固有名詞
uptill	uptill	固有名詞
uptilt	uptilt	固有名詞
uptime	uptime	固有名詞
uptore	uptore	固有名詞
uptorn	uptorn	固有名詞
uptoss	uptoss	固有名詞
uptown	uptown	固有名詞
uptree	uptree	固有名詞
uptube	uptube	固有名詞
uptuck	uptuck	固有名詞
upturn	upturn	固有名詞
upupa	upupa	固有名詞
upwaft	upwaft	固有名詞
upwall	upwall	固有名詞
upward	upward	固有名詞
upwarp	upwarp	固有名詞
upwax	upwax	固有名詞
upway	upway	固有名詞
upways	upways	固有名詞
upwell	upwell	固有名詞
upwent	upwent	固有名詞
upwhir	upwhir	固有名詞
upwind	upwind	固有名詞
upwith	upwith	固有名詞
upwork	upwork	固有名詞
upwrap	upwrap	固有名詞
upyard	upyard	固有名詞
upyoke	upyoke	固有名詞
ura	ura	固有名詞
uracil	uracil	固有名詞
uraei	uraei	固有名詞
uraeus	uraeus	固有名詞
ural	ural	固有名詞
urali	urali	固有名詞
uralic	uralic	固有名詞
uramil	uramil	固有名詞
uran	uran	固有名詞
urania	urania	固有名詞
uranic	uranic	固有名詞
uranin	uranin	固有名詞
uranus	uranus	固有名詞
uranyl	uranyl	固有名詞
urao	urao	固有名詞
urare	urare	固有名詞
urares	urares	固有名詞
urari	urari	固有名詞
uraris	uraris	固有名詞
urase	urase	固有名詞
urases	urases	固有名詞
urate	urate	固有名詞
urates	urates	固有名詞
uratic	uratic	固有名詞
urazin	urazin	固有名詞
urb	urb	固有名詞
urban	urban	固有名詞
urbana	urbana	固有名詞
urbane	urbane	固有名詞
urbian	urbian	固有名詞
urbic	urbic	固有名詞
urbify	urbify	固有名詞
urbs	urbs	固有名詞
urceus	urceus	固有名詞
urchin	urchin	固有名詞
urd	urd	固有名詞
urde	urde	固有名詞
urdee	urdee	固有名詞
urds	urds	固有名詞
urdu	urdu	固有名詞
urdy	urdy	固有名詞
ure	ure	固有名詞
urea	urea	固有名詞
ureal	ureal	固有名詞
ureas	ureas	固有名詞
urease	urease	固有名詞
uredia	uredia	固有名詞
uredo	uredo	固有名詞
uredos	uredos	固有名詞
ureic	ureic	固有名詞
ureid	ureid	固有名詞
ureide	ureide	固有名詞
ureido	ureido	固有名詞
uremia	uremia	固有名詞
uremic	uremic	固有名詞
urena	urena	固有名詞
urent	urent	固有名詞
uresis	uresis	固有名詞
uretal	uretal	固有名詞
ureter	ureter	固有名詞
uretic	uretic	固有名詞
urf	urf	固有名詞
urge	urge	固有名詞
urged	urged	固有名詞
urgent	urgent	固有名詞
urger	urger	固有名詞
urgers	urgers	固有名詞
urges	urges	固有名詞
urging	urging	固有名詞
urheen	urheen	固有名詞
uri	URI	固有名詞
uria	uria	固有名詞
uriah	uriah	固有名詞
urial	urial	固有名詞
urian	urian	固有名詞
uric	uric	固有名詞
uriel	uriel	固有名詞
urim	urim	固有名詞
urinal	urinal	固有名詞
urine	urine	固有名詞
urines	urines	固有名詞
urite	urite	固有名詞
url	URL	固有名詞
urlar	urlar	固有名詞
urled	urled	固有名詞
urling	urling	固有名詞
urluch	urluch	固有名詞
urman	urman	固有名詞
urn	urn	固有名詞
urna	urna	固有名詞
urnae	urnae	固有名詞
urnal	urnal	固有名詞
urnful	urnful	固有名詞
urning	urning	固有名詞
urnism	urnism	固有名詞
urns	urns	固有名詞
uro	uro	固有名詞
urochs	urochs	固有名詞
urol	urol	固有名詞
uronic	uronic	固有名詞
uroo	uroo	固有名詞
urophi	urophi	固有名詞
uropod	uropod	固有名詞
urosis	urosis	固有名詞
uroxin	uroxin	固有名詞
urs	urs	固有名詞
ursa	ursa	固有名詞
ursae	ursae	固有名詞
ursal	ursal	固有名詞
ursid	ursid	固有名詞
ursine	ursine	固有名詞
ursoid	ursoid	固有名詞
urson	urson	固有名詞
ursone	ursone	固有名詞
ursuk	ursuk	固有名詞
ursula	ursula	固有名詞
ursus	ursus	固有名詞
urtext	urtext	固有名詞
urtica	urtica	固有名詞
urtite	urtite	固有名詞
uru	uru	固有名詞
urubu	urubu	固有名詞
urucu	urucu	固有名詞
urucum	urucum	固有名詞
uruisg	uruisg	固有名詞
urus	urus	固有名詞
uruses	uruses	固有名詞
urushi	urushi	固有名詞
urutu	urutu	固有名詞
urva	urva	固有名詞
usa	usa	固有名詞
usable	usable	固有名詞
usably	usably	固有名詞
usage	usage	固有名詞
usager	usager	固有名詞
usages	usages	固有名詞
usance	usance	固有名詞
usant	usant	固有名詞
usar	usar	固有名詞
usara	usara	固有名詞
usaron	usaron	固有名詞
usb	USB	固有名詞
use	use	固有名詞
used	used	固有名詞
usedly	usedly	固有名詞
usednt	usednt	固有名詞
usee	usee	固有名詞
useful	useful	固有名詞
usenet	usenet	固有名詞
usent	usent	固有名詞
user	user	固有名詞
users	users	固有名詞
uses	uses	固有名詞
ush	ush	固有名詞
ushak	ushak	固有名詞
ushas	ushas	固有名詞
usheen	usheen	固有名詞
usher	usher	固有名詞
ushers	ushers	固有名詞
usine	usine	固有名詞
using	using	固有名詞
usings	usings	固有名詞
uskara	uskara	固有名詞
uskok	uskok	固有名詞
usnea	usnea	固有名詞
usneas	usneas	固有名詞
usnic	usnic	固有名詞
usnin	usnin	固有名詞
uspoke	uspoke	固有名詞
usque	usque	固有名詞
usques	usques	固有名詞
usself	usself	固有名詞
ussels	ussels	固有名詞
ussr	ussr	固有名詞
ust	ust	固有名詞
uster	uster	固有名詞
ustion	ustion	固有名詞
usu	usu	固有名詞
usual	usual	固有名詞
usuals	usuals	固有名詞
usuary	usuary	固有名詞
usun	usun	固有名詞
usure	usure	固有名詞
usurer	usurer	固有名詞
usurp	usurp	固有名詞
usurps	usurps	固有名詞
usury	usury	固有名詞
usw	usw	固有名詞
usward	usward	固有名詞
uta	uta	固有名詞
utah	utah	固有名詞
utahan	utahan	固有名詞
utai	utai	固有名詞
utas	utas	固有名詞
utch	utch	固有名詞
utchy	utchy	固有名詞
ute	ute	固有名詞
utees	utees	固有名詞
utend	utend	固有名詞
uteri	uteri	固有名詞
utero	utero	固有名詞
uterus	uterus	固有名詞
utf8	UTF-8	固有名詞
uther	uther	固有名詞
uti	uti	固有名詞
utible	utible	固有名詞
utick	utick	固有名詞
util	util	固有名詞
utile	utile	固有名詞
utinam	utinam	固有名詞
utmost	utmost	固有名詞
utopia	utopia	固有名詞
utrubi	utrubi	固有名詞
utrum	utrum	固有名詞
uts	uts	固有名詞
utsuk	utsuk	固有名詞
utter	utter	固有名詞
utters	utters	固有名詞
utu	utu	固有名詞
utum	utum	固有名詞
uuid	UUID	固有名詞
uva	uva	固有名詞
uval	uval	固有名詞
uvala	uvala	固有名詞
uvalha	uvalha	固有名詞
uvate	uvate	固有名詞
uvea	uvea	固有名詞
uveal	uveal	固有名詞
uveas	uveas	固有名詞
uvella	uvella	固有名詞
uveous	uveous	固有名詞
uvic	uvic	固有名詞
uvid	uvid	固有名詞
uviol	uviol	固有名詞
uvitic	uvitic	固有名詞
uvito	uvito	固有名詞
uvre	uvre	固有名詞
uvres	uvres	固有名詞
uvrou	uvrou	固有名詞
uvula	uvula	固有名詞
uvulae	uvulae	固有名詞
uvular	uvular	固有名詞
uvulas	uvulas	固有名詞
uvver	uvver	固有名詞
uxoris	uxoris	固有名詞
uzan	uzan	固有名詞
uzara	uzara	固有名詞
uzarin	uzarin	固有名詞
uzaron	uzaron	固有名詞
uzbak	uzbak	固有名詞
uzbeg	uzbeg	固有名詞
uzbek	uzbek	固有名詞
vaad	vaad	固有名詞
vaadim	vaadim	固有名詞
vac	vac	固有名詞
vacant	vacant	固有名詞
vacate	vacate	固有名詞
vache	vache	固有名詞
vacoa	vacoa	固有名詞
vacona	vacona	固有名詞
vacoua	vacoua	固有名詞
vacouf	vacouf	固有名詞
vacua	vacua	固有名詞
vacual	vacual	固有名詞
vacuit	vacuit	固有名詞
vacuo	vacuo	固有名詞
vacuua	vacuua	固有名詞
vacuum	vacuum	固有名詞
vade	vade	固有名詞
vadim	vadim	固有名詞
vadis	vadis	固有名詞
vadium	vadium	固有名詞
vadose	vadose	固有名詞
vady	vady	固有名詞
vag	vag	固有名詞
vagal	vagal	固有名詞
vagant	vagant	固有名詞
vagary	vagary	固有名詞
vagas	vagas	固有名詞
vage	vage	固有名詞
vagi	vagi	固有名詞
vagile	vagile	固有名詞
vagina	vagina	固有名詞
vagous	vagous	固有名詞
vagrom	vagrom	固有名詞
vague	vague	固有名詞
vaguer	vaguer	固有名詞
vaguio	vaguio	固有名詞
vagus	vagus	固有名詞
vahana	vahana	固有名詞
vahine	vahine	固有名詞
vahini	vahini	固有名詞
vai	vai	固有名詞
vaidic	vaidic	固有名詞
vail	vail	固有名詞
vailed	vailed	固有名詞
vails	vails	固有名詞
vain	vain	固有名詞
vainer	vainer	固有名詞
vainly	vainly	固有名詞
vair	vair	固有名詞
vaire	vaire	固有名詞
vairee	vairee	固有名詞
vairs	vairs	固有名詞
vairy	vairy	固有名詞
vaisya	vaisya	固有名詞
vajra	vajra	固有名詞
vakass	vakass	固有名詞
vakeel	vakeel	固有名詞
vakia	vakia	固有名詞
vakil	vakil	固有名詞
vakils	vakils	固有名詞
val	val	固有名詞
vale	vale	固有名詞
valens	valens	固有名詞
valent	valent	固有名詞
vales	vales	固有名詞
valet	valet	固有名詞
valeta	valeta	固有名詞
valets	valets	固有名詞
valeur	valeur	固有名詞
valew	valew	固有名詞
valewe	valewe	固有名詞
valgus	valgus	固有名詞
vali	vali	固有名詞
valid	valid	固有名詞
valine	valine	固有名詞
valise	valise	固有名詞
valium	valium	固有名詞
valkyr	valkyr	固有名詞
vall	vall	固有名詞
vallar	vallar	固有名詞
valley	valley	固有名詞
vallis	vallis	固有名詞
vallum	vallum	固有名詞
valmy	valmy	固有名詞
valois	valois	固有名詞
valor	valor	固有名詞
valors	valors	固有名詞
valour	valour	固有名詞
valsa	valsa	固有名詞
valse	valse	固有名詞
valses	valses	固有名詞
value	value	固有名詞
valued	valued	固有名詞
valuer	valuer	固有名詞
values	values	固有名詞
valure	valure	固有名詞
valuta	valuta	固有名詞
valva	valva	固有名詞
valvae	valvae	固有名詞
valval	valval	固有名詞
valvar	valvar	固有名詞
valve	valve	固有名詞
valved	valved	固有名詞
valves	valves	固有名詞
valyl	valyl	固有名詞
vamos	vamos	固有名詞
vamose	vamose	固有名詞
vamp	vamp	固有名詞
vamped	vamped	固有名詞
vamper	vamper	固有名詞
vampey	vampey	固有名詞
vamps	vamps	固有名詞
vamure	vamure	固有名詞
van	van	固有名詞
vance	vance	固有名詞
vanda	vanda	固有名詞
vandal	vandal	固有名詞
vandas	vandas	固有名詞
vane	vane	固有名詞
vaned	vaned	固有名詞
vanes	vanes	固有名詞
vang	vang	固有名詞
vangee	vangee	固有名詞
vanglo	vanglo	固有名詞
vangs	vangs	固有名詞
vanir	vanir	固有名詞
vanish	vanish	固有名詞
vanist	vanist	固有名詞
vanity	vanity	固有名詞
vanlay	vanlay	固有名詞
vanman	vanman	固有名詞
vanmen	vanmen	固有名詞
vannai	vannai	固有名詞
vanned	vanned	固有名詞
vanner	vanner	固有名詞
vannet	vannet	固有名詞
vannic	vannic	固有名詞
vannus	vannus	固有名詞
vans	vans	固有名詞
vapid	vapid	固有名詞
vapor	vapor	固有名詞
vapors	vapors	固有名詞
vapory	vapory	固有名詞
vapour	vapour	固有名詞
vappa	vappa	固有名詞
var	var	固有名詞
vara	vara	固有名詞
varan	varan	固有名詞
varas	varas	固有名詞
varda	varda	固有名詞
vardy	vardy	固有名詞
vare	vare	固有名詞
varec	varec	固有名詞
varech	varech	固有名詞
vari	vari	固有名詞
varia	varia	固有名詞
variac	variac	固有名詞
variag	variag	固有名詞
varied	varied	固有名詞
varier	varier	固有名詞
varies	varies	固有名詞
varify	varify	固有名詞
varing	varing	固有名詞
vario	vario	固有名詞
varios	varios	固有名詞
varix	varix	固有名詞
varkas	varkas	固有名詞
varlet	varlet	固有名詞
varna	varna	固有名詞
varnas	varnas	固有名詞
varsal	varsal	固有名詞
varsha	varsha	固有名詞
varuna	varuna	固有名詞
varus	varus	固有名詞
varve	varve	固有名詞
varved	varved	固有名詞
varvel	varvel	固有名詞
varves	varves	固有名詞
vary	vary	固有名詞
vas	vas	固有名詞
vasa	vasa	固有名詞
vasal	vasal	固有名詞
vascla	vascla	固有名詞
vascon	vascon	固有名詞
vase	vase	固有名詞
vases	vases	固有名詞
vassal	vassal	固有名詞
vassar	vassar	固有名詞
vassos	vassos	固有名詞
vast	vast	固有名詞
vaster	vaster	固有名詞
vastly	vastly	固有名詞
vasts	vasts	固有名詞
vastus	vastus	固有名詞
vasty	vasty	固有名詞
vasu	vasu	固有名詞
vat	vat	固有名詞
vates	vates	固有名詞
vatful	vatful	固有名詞
vatic	vatic	固有名詞
vatman	vatman	固有名詞
vats	vats	固有名詞
vatted	vatted	固有名詞
vatter	vatter	固有名詞
vau	vau	固有名詞
vaudy	vaudy	固有名詞
vaughn	vaughn	固有名詞
vault	vault	固有名詞
vaults	vaults	固有名詞
vaulty	vaulty	固有名詞
vaunce	vaunce	固有名詞
vaunt	vaunt	固有名詞
vaunts	vaunts	固有名詞
vaunty	vaunty	固有名詞
vaus	vaus	固有名詞
vav	vav	固有名詞
vavs	vavs	固有名詞
vaw	vaw	固有名詞
vaward	vaward	固有名詞
vaws	vaws	固有名詞
vax	vax	固有名詞
vayu	vayu	固有名詞
veadar	veadar	固有名詞
veal	veal	固有名詞
vealed	vealed	固有名詞
vealer	vealer	固有名詞
veals	veals	固有名詞
vealy	vealy	固有名詞
veau	veau	固有名詞
vectis	vectis	固有名詞
vector	vector	固有名詞
veda	veda	固有名詞
vedaic	vedaic	固有名詞
vedana	vedana	固有名詞
vedda	vedda	固有名詞
vedet	vedet	固有名詞
vedic	vedic	固有名詞
vedika	vedika	固有名詞
vedism	vedism	固有名詞
vedist	vedist	固有名詞
vedro	vedro	固有名詞
veduis	veduis	固有名詞
vee	vee	固有名詞
veen	veen	固有名詞
veena	veena	固有名詞
veenas	veenas	固有名詞
veep	veep	固有名詞
veepee	veepee	固有名詞
veeps	veeps	固有名詞
veer	veer	固有名詞
veered	veered	固有名詞
veers	veers	固有名詞
veery	veery	固有名詞
vees	vees	固有名詞
vefry	vefry	固有名詞
veg	veg	固有名詞
vega	vega	固有名詞
vegan	vegan	固有名詞
vegans	vegans	固有名詞
vegas	vegas	固有名詞
vegete	vegete	固有名詞
vehme	vehme	固有名詞
vehmic	vehmic	固有名詞
vei	vei	固有名詞
veigle	veigle	固有名詞
veil	veil	固有名詞
veiled	veiled	固有名詞
veiler	veiler	固有名詞
veils	veils	固有名詞
veily	veily	固有名詞
vein	vein	固有名詞
veinal	veinal	固有名詞
veined	veined	固有名詞
veiner	veiner	固有名詞
veins	veins	固有名詞
veiny	veiny	固有名詞
vejoz	vejoz	固有名詞
vel	vel	固有名詞
vela	vela	固有名詞
velal	velal	固有名詞
velar	velar	固有名詞
velars	velars	固有名詞
velary	velary	固有名詞
velate	velate	固有名詞
velcro	velcro	固有名詞
veld	veld	固有名詞
velds	velds	固有名詞
veldt	veldt	固有名詞
veldts	veldts	固有名詞
veleta	veleta	固有名詞
velic	velic	固有名詞
velika	velika	固有名詞
vell	vell	固有名詞
vellon	vellon	固有名詞
vellum	vellum	固有名詞
velo	velo	固有名詞
veloce	veloce	固有名詞
velour	velour	固有名詞
velout	velout	固有名詞
velte	velte	固有名詞
velum	velum	固有名詞
velure	velure	固有名詞
velvet	velvet	固有名詞
vena	vena	固有名詞
venada	venada	固有名詞
venae	venae	固有名詞
venal	venal	固有名詞
vend	vend	固有名詞
vended	vended	固有名詞
vendee	vendee	固有名詞
vender	vender	固有名詞
vendis	vendis	固有名詞
vendor	vendor	固有名詞
vends	vends	固有名詞
vendue	vendue	固有名詞
vened	vened	固有名詞
veneer	veneer	固有名詞
venene	venene	固有名詞
venere	venere	固有名詞
venero	venero	固有名詞
venery	venery	固有名詞
veneti	veneti	固有名詞
veneur	veneur	固有名詞
venge	venge	固有名詞
venged	venged	固有名詞
venger	venger	固有名詞
venges	venges	固有名詞
venial	venial	固有名詞
veniam	veniam	固有名詞
venice	venice	固有名詞
venie	venie	固有名詞
venin	venin	固有名詞
venine	venine	固有名詞
venins	venins	固有名詞
venire	venire	固有名詞
venise	venise	固有名詞
venite	venite	固有名詞
venlin	venlin	固有名詞
vennel	vennel	固有名詞
venner	venner	固有名詞
venom	venom	固有名詞
venoms	venoms	固有名詞
venomy	venomy	固有名詞
venose	venose	固有名詞
venous	venous	固有名詞
vent	vent	固有名詞
venta	venta	固有名詞
vented	vented	固有名詞
venter	venter	固有名詞
ventil	ventil	固有名詞
ventin	ventin	固有名詞
ventoy	ventoy	固有名詞
vents	vents	固有名詞
venue	venue	固有名詞
venues	venues	固有名詞
venula	venula	固有名詞
venule	venule	固有名詞
venus	venus	固有名詞
venust	venust	固有名詞
venv	venv	固有名詞
veny	veny	固有名詞
veps	veps	固有名詞
vepse	vepse	固有名詞
ver	ver	固有名詞
vera	vera	固有名詞
veray	veray	固有名詞
verb	verb	固有名詞
verbal	verbal	固有名詞
verbid	verbid	固有名詞
verbs	verbs	固有名詞
verbum	verbum	固有名詞
verby	verby	固有名詞
verd	verd	固有名詞
verde	verde	固有名詞
verdea	verdea	固有名詞
verdet	verdet	固有名詞
verdi	verdi	固有名詞
verdin	verdin	固有名詞
verdoy	verdoy	固有名詞
verdun	verdun	固有名詞
verek	verek	固有名詞
verey	verey	固有名詞
verge	verge	固有名詞
verged	verged	固有名詞
verger	verger	固有名詞
verges	verges	固有名詞
vergi	vergi	固有名詞
veri	veri	固有名詞
verier	verier	固有名詞
verify	verify	固有名詞
verily	verily	固有名詞
verine	verine	固有名詞
verism	verism	固有名詞
verist	verist	固有名詞
verite	verite	固有名詞
verity	verity	固有名詞
vermes	vermes	固有名詞
vermil	vermil	固有名詞
vermin	vermin	固有名詞
vermis	vermis	固有名詞
vermix	vermix	固有名詞
vern	vern	固有名詞
vernal	vernal	固有名詞
vernin	vernin	固有名詞
vernix	vernix	固有名詞
vernon	vernon	固有名詞
verona	verona	固有名詞
verpa	verpa	固有名詞
verray	verray	固有名詞
verre	verre	固有名詞
verrel	verrel	固有名詞
verry	verry	固有名詞
vers	vers	固有名詞
versa	versa	固有名詞
versal	versal	固有名詞
verse	verse	固有名詞
versed	versed	固有名詞
verser	verser	固有名詞
verses	verses	固有名詞
verset	verset	固有名詞
versin	versin	固有名詞
verso	verso	固有名詞
versor	versor	固有名詞
versos	versos	固有名詞
verst	verst	固有名詞
versta	versta	固有名詞
verste	verste	固有名詞
versts	versts	固有名詞
versus	versus	固有名詞
vert	vert	固有名詞
vertep	vertep	固有名詞
vertex	vertex	固有名詞
verts	verts	固有名詞
vertu	vertu	固有名詞
vertus	vertus	固有名詞
verty	verty	固有名詞
verus	verus	固有名詞
veruta	veruta	固有名詞
verve	verve	固有名詞
vervel	vervel	固有名詞
verver	verver	固有名詞
verves	verves	固有名詞
vervet	vervet	固有名詞
very	very	固有名詞
vese	vese	固有名詞
vesica	vesica	固有名詞
veskit	veskit	固有名詞
vesp	vesp	固有名詞
vespa	vespa	固有名詞
vespal	vespal	固有名詞
vesper	vesper	固有名詞
vespid	vespid	固有名詞
vessel	vessel	固有名詞
vesses	vesses	固有名詞
vest	vest	固有名詞
vesta	vesta	固有名詞
vestal	vestal	固有名詞
vestas	vestas	固有名詞
vested	vested	固有名詞
vestee	vestee	固有名詞
vester	vester	固有名詞
vestry	vestry	固有名詞
vests	vests	固有名詞
vet	vet	固有名詞
veta	veta	固有名詞
vetch	vetch	固有名詞
vetchy	vetchy	固有名詞
veter	veter	固有名詞
veto	veto	固有名詞
vetoed	vetoed	固有名詞
vetoer	vetoer	固有名詞
vetoes	vetoes	固有名詞
vets	vets	固有名詞
vetted	vetted	固有名詞
vetus	vetus	固有名詞
vetust	vetust	固有名詞
veuve	veuve	固有名詞
vex	vex	固有名詞
vexed	vexed	固有名詞
vexer	vexer	固有名詞
vexers	vexers	固有名詞
vexes	vexes	固有名詞
vexful	vexful	固有名詞
vexil	vexil	固有名詞
vexils	vexils	固有名詞
vexing	vexing	固有名詞
vext	vext	固有名詞
via	via	固有名詞
viable	viable	固有名詞
viably	viably	固有名詞
viage	viage	固有名詞
vial	vial	固有名詞
vialed	vialed	固有名詞
vials	vials	固有名詞
viand	viand	固有名詞
viande	viande	固有名詞
viands	viands	固有名詞
vias	vias	固有名詞
viasma	viasma	固有名詞
viatic	viatic	固有名詞
viator	viator	固有名詞
vibe	vibe	固有名詞
vibes	vibes	固有名詞
vibex	vibex	固有名詞
vibist	vibist	固有名詞
vibix	vibix	固有名詞
vibrio	vibrio	固有名詞
vic	vic	固有名詞
vica	vica	固有名詞
vicar	vicar	固有名詞
vicara	vicara	固有名詞
vicars	vicars	固有名詞
vicary	vicary	固有名詞
vice	vice	固有名詞
viced	viced	固有名詞
vices	vices	固有名詞
vicety	vicety	固有名詞
vichy	vichy	固有名詞
vicia	vicia	固有名詞
vicine	vicine	固有名詞
vicing	vicing	固有名詞
vick	vick	固有名詞
vicki	vicki	固有名詞
vickie	vickie	固有名詞
vicky	vicky	固有名詞
victal	victal	固有名詞
victim	victim	固有名詞
victor	victor	固有名詞
victus	victus	固有名詞
vicua	vicua	固有名詞
vicuda	vicuda	固有名詞
vicuna	vicuna	固有名詞
vicus	vicus	固有名詞
vidame	vidame	固有名詞
viddui	viddui	固有名詞
vidduy	vidduy	固有名詞
vide	vide	固有名詞
video	video	固有名詞
videos	videos	固有名詞
vidian	vidian	固有名詞
vidkid	vidkid	固有名詞
vidry	vidry	固有名詞
vidua	vidua	固有名詞
vidual	vidual	固有名詞
vidya	vidya	固有名詞
vie	vie	固有名詞
vied	vied	固有名詞
vielle	vielle	固有名詞
vienna	vienna	固有名詞
vier	vier	固有名詞
viers	viers	固有名詞
vies	vies	固有名詞
view	view	固有名詞
viewed	viewed	固有名詞
viewer	viewer	固有名詞
viewly	viewly	固有名詞
views	views	固有名詞
viewy	viewy	固有名詞
vifda	vifda	固有名詞
viga	viga	固有名詞
vigas	vigas	固有名詞
viggle	viggle	固有名詞
vigia	vigia	固有名詞
vigias	vigias	固有名詞
vigil	vigil	固有名詞
vigils	vigils	固有名詞
vignin	vignin	固有名詞
vigone	vigone	固有名詞
vigor	vigor	固有名詞
vigors	vigors	固有名詞
vigour	vigour	固有名詞
vihara	vihara	固有名詞
vii	vii	固有名詞
viii	viii	固有名詞
vijao	vijao	固有名詞
vijay	vijay	固有名詞
viking	viking	固有名詞
vil	vil	固有名詞
vila	vila	固有名詞
vild	vild	固有名詞
vildly	vildly	固有名詞
vile	vile	固有名詞
vilela	vilela	固有名詞
vilely	vilely	固有名詞
viler	viler	固有名詞
vilest	vilest	固有名詞
vili	vili	固有名詞
vilify	vilify	固有名詞
vility	vility	固有名詞
vill	vill	固有名詞
villa	villa	固有名詞
villae	villae	固有名詞
villan	villan	固有名詞
villar	villar	固有名詞
villas	villas	固有名詞
ville	ville	固有名詞
villi	villi	固有名詞
vills	vills	固有名詞
villus	villus	固有名詞
vim	vim	固有名詞
vimana	vimana	固有名詞
vimen	vimen	固有名詞
vimful	vimful	固有名詞
vimina	vimina	固有名詞
vimpa	vimpa	固有名詞
vims	vims	固有名詞
vin	vin	固有名詞
vina	vina	固有名詞
vinage	vinage	固有名詞
vinal	vinal	固有名詞
vinals	vinals	固有名詞
vinas	vinas	固有名詞
vinata	vinata	固有名詞
vinca	vinca	固有名詞
vincas	vincas	固有名詞
vince	vince	固有名詞
vinci	vinci	固有名詞
vindex	vindex	固有名詞
vine	vine	固有名詞
vinea	vinea	固有名詞
vineae	vineae	固有名詞
vineal	vineal	固有名詞
vined	vined	固有名詞
viner	viner	固有名詞
vinery	vinery	固有名詞
vines	vines	固有名詞
vinet	vinet	固有名詞
vinew	vinew	固有名詞
vingt	vingt	固有名詞
vinic	vinic	固有名詞
vinier	vinier	固有名詞
vining	vining	固有名詞
vinny	vinny	固有名詞
vino	vino	固有名詞
vinod	vinod	固有名詞
vinos	vinos	固有名詞
vinose	vinose	固有名詞
vinous	vinous	固有名詞
vins	vins	固有名詞
vint	vint	固有名詞
vinta	vinta	固有名詞
vintem	vintem	固有名詞
vinter	vinter	固有名詞
vintry	vintry	固有名詞
vinum	vinum	固有名詞
viny	viny	固有名詞
vinyl	vinyl	固有名詞
vinyls	vinyls	固有名詞
vinyon	vinyon	固有名詞
viol	viol	固有名詞
viola	viola	固有名詞
violal	violal	固有名詞
violan	violan	固有名詞
violas	violas	固有名詞
violer	violer	固有名詞
violet	violet	固有名詞
violin	violin	固有名詞
violon	violon	固有名詞
viols	viols	固有名詞
vip	vip	固有名詞
viper	viper	固有名詞
vipera	vipera	固有名詞
vipers	vipers	固有名詞
vipery	vipery	固有名詞
vips	vips	固有名詞
vira	vira	固有名詞
virago	virago	固有名詞
viral	viral	固有名詞
vire	vire	固有名詞
virent	virent	固有名詞
vireo	vireo	固有名詞
vireos	vireos	固有名詞
vires	vires	固有名詞
virga	virga	固有名詞
virgal	virgal	固有名詞
virgas	virgas	固有名詞
virge	virge	固有名詞
virger	virger	固有名詞
virgil	virgil	固有名詞
virgin	virgin	固有名詞
virgo	virgo	固有名詞
virgos	virgos	固有名詞
virial	virial	固有名詞
virid	virid	固有名詞
virify	virify	固有名詞
virile	virile	固有名詞
virion	virion	固有名詞
virl	virl	固有名詞
virled	virled	固有名詞
virls	virls	固有名詞
virole	virole	固有名詞
viron	viron	固有名詞
virose	virose	固有名詞
virous	virous	固有名詞
virtu	virtu	固有名詞
virtue	virtue	固有名詞
virtus	virtus	固有名詞
virus	virus	固有名詞
vis	vis	固有名詞
visa	visa	固有名詞
visaed	visaed	固有名詞
visage	visage	固有名詞
visard	visard	固有名詞
visas	visas	固有名詞
visaya	visaya	固有名詞
viscid	viscid	固有名詞
viscin	viscin	固有名詞
viscum	viscum	固有名詞
viscus	viscus	固有名詞
vise	vise	固有名詞
vised	vised	固有名詞
viseed	viseed	固有名詞
vises	vises	固有名詞
vishal	vishal	固有名詞
vishnu	vishnu	固有名詞
visie	visie	固有名詞
visier	visier	固有名詞
visile	visile	固有名詞
vising	vising	固有名詞
vision	vision	固有名詞
visit	visit	固有名詞
visita	visita	固有名詞
visite	visite	固有名詞
visits	visits	固有名詞
visive	visive	固有名詞
visne	visne	固有名詞
visney	visney	固有名詞
vison	vison	固有名詞
visor	visor	固有名詞
visors	visors	固有名詞
visory	visory	固有名詞
viss	viss	固有名詞
vista	vista	固有名詞
vistal	vistal	固有名詞
vistas	vistas	固有名詞
visto	visto	固有名詞
visual	visual	固有名詞
vita	vita	固有名詞
vitae	vitae	固有名詞
vital	vital	固有名詞
vitals	vitals	固有名詞
vite	Vite	固有名詞
vitest	vitest	固有名詞
viti	viti	固有名詞
vitial	vitial	固有名詞
vitis	vitis	固有名詞
vitita	vitita	固有名詞
vitium	vitium	固有名詞
vitra	vitra	固有名詞
vitric	vitric	固有名詞
vitro	vitro	固有名詞
vitrum	vitrum	固有名詞
vitry	vitry	固有名詞
vitta	vitta	固有名詞
vittae	vittae	固有名詞
vittle	vittle	固有名詞
viuva	viuva	固有名詞
viva	viva	固有名詞
vivace	vivace	固有名詞
vivant	vivant	固有名詞
vivary	vivary	固有名詞
vivas	vivas	固有名詞
vivat	vivat	固有名詞
vivax	vivax	固有名詞
vivda	vivda	固有名詞
vive	vive	固有名詞
vivek	vivek	固有名詞
vively	vively	固有名詞
viver	viver	固有名詞
vivers	vivers	固有名詞
vives	vives	固有名詞
viveur	viveur	固有名詞
vivian	vivian	固有名詞
vivid	vivid	固有名詞
vivify	vivify	固有名詞
vivo	vivo	固有名詞
vivos	vivos	固有名詞
vivre	vivre	固有名詞
vivres	vivres	固有名詞
vixen	vixen	固有名詞
vixens	vixens	固有名詞
viz	viz	固有名詞
vizard	vizard	固有名詞
vizier	vizier	固有名詞
vizir	vizir	固有名詞
vizirs	vizirs	固有名詞
vizor	vizor	固有名詞
vizors	vizors	固有名詞
vizsla	vizsla	固有名詞
vizzy	vizzy	固有名詞
vlach	vlach	固有名詞
vlei	vlei	固有名詞
vlsi	vlsi	固有名詞
vm	VM	固有名詞
vmsize	vmsize	固有名詞
voar	voar	固有名詞
vobis	vobis	固有名詞
voc	voc	固有名詞
vocab	vocab	固有名詞
vocal	vocal	固有名詞
vocals	vocals	固有名詞
vocat	vocat	固有名詞
vocate	vocate	固有名詞
voce	voce	固有名詞
voces	voces	固有名詞
vocoid	vocoid	固有名詞
vocule	vocule	固有名詞
vod	vod	固有名詞
voder	voder	固有名詞
vodka	vodka	固有名詞
vodkas	vodkas	固有名詞
vodum	vodum	固有名詞
vodums	vodums	固有名詞
vodun	vodun	固有名詞
voe	voe	固有名詞
voes	voes	固有名詞
voet	voet	固有名詞
voeten	voeten	固有名詞
vog	vog	固有名詞
vogie	vogie	固有名詞
vogt	vogt	固有名詞
vogue	vogue	固有名詞
vogues	vogues	固有名詞
voguey	voguey	固有名詞
vogul	vogul	固有名詞
voice	voice	固有名詞
voiced	voiced	固有名詞
voicer	voicer	固有名詞
voices	voices	固有名詞
void	void	固有名詞
voided	voided	固有名詞
voidee	voidee	固有名詞
voider	voider	固有名詞
voidly	voidly	固有名詞
voids	voids	固有名詞
voila	voila	固有名詞
voile	voile	固有名詞
voiles	voiles	固有名詞
voivod	voivod	固有名詞
vol	vol	固有名詞
volage	volage	固有名詞
volans	volans	固有名詞
volant	volant	固有名詞
volar	volar	固有名詞
volary	volary	固有名詞
volata	volata	固有名詞
volcae	volcae	固有名詞
volcan	volcan	固有名詞
vole	vole	固有名詞
voled	voled	固有名詞
volens	volens	固有名詞
volent	volent	固有名詞
volery	volery	固有名詞
voles	voles	固有名詞
volet	volet	固有名詞
volga	volga	固有名詞
voling	voling	固有名詞
volley	volley	固有名詞
volost	volost	固有名詞
volow	volow	固有名詞
vols	vols	固有名詞
volsci	volsci	固有名詞
volt	volt	固有名詞
volta	volta	固有名詞
volte	volte	固有名詞
voltes	voltes	固有名詞
volti	volti	固有名詞
volto	volto	固有名詞
volts	volts	固有名詞
volume	volume	固有名詞
volupt	volupt	固有名詞
voluta	voluta	固有名詞
volute	volute	固有名詞
volva	volva	固有名詞
volvas	volvas	固有名詞
volvox	volvox	固有名詞
volyer	volyer	固有名詞
vomer	vomer	固有名詞
vomers	vomers	固有名詞
vomica	vomica	固有名詞
vomit	vomit	固有名詞
vomito	vomito	固有名詞
vomits	vomits	固有名詞
vomity	vomity	固有名詞
von	von	固有名詞
voodoo	voodoo	固有名詞
vorage	vorage	固有名詞
vorago	vorago	固有名詞
vorant	vorant	固有名詞
voraz	voraz	固有名詞
vorpal	vorpal	固有名詞
vortex	vortex	固有名詞
vota	vota	固有名詞
votal	votal	固有名詞
votary	votary	固有名詞
vote	vote	固有名詞
voted	voted	固有名詞
voteen	voteen	固有名詞
voter	voter	固有名詞
voters	voters	固有名詞
votes	votes	固有名詞
voting	voting	固有名詞
votish	votish	固有名詞
votist	votist	固有名詞
votive	votive	固有名詞
votyak	votyak	固有名詞
vouch	vouch	固有名詞
vouge	vouge	固有名詞
voulge	voulge	固有名詞
vouli	vouli	固有名詞
voust	voust	固有名詞
vousty	vousty	固有名詞
vow	vow	固有名詞
vowed	vowed	固有名詞
vowel	vowel	固有名詞
vowels	vowels	固有名詞
vowely	vowely	固有名詞
vower	vower	固有名詞
vowers	vowers	固有名詞
vowess	vowess	固有名詞
vowing	vowing	固有名詞
vows	vows	固有名詞
vowson	vowson	固有名詞
vox	vox	固有名詞
voyage	voyage	固有名詞
voyeur	voyeur	固有名詞
vpn	VPN	固有名詞
vraic	vraic	固有名詞
vril	vril	固有名詞
vrille	vrille	固有名詞
vrocht	vrocht	固有名詞
vroom	vroom	固有名詞
vrooms	vrooms	固有名詞
vrouw	vrouw	固有名詞
vrouws	vrouws	固有名詞
vrow	vrow	固有名詞
vrows	vrows	固有名詞
vscode	VSCode	固有名詞
vss	vss	固有名詞
vucom	vucom	固有名詞
vucoms	vucoms	固有名詞
vue	Vue	固有名詞
vug	vug	固有名詞
vugg	vugg	固有名詞
vuggs	vuggs	固有名詞
vuggy	vuggy	固有名詞
vugh	vugh	固有名詞
vughs	vughs	固有名詞
vugs	vugs	固有名詞
vulcan	vulcan	固有名詞
vulg	vulg	固有名詞
vulgar	vulgar	固有名詞
vulgo	vulgo	固有名詞
vulgus	vulgus	固有名詞
vuln	vuln	固有名詞
vulned	vulned	固有名詞
vulpes	vulpes	固有名詞
vulpic	vulpic	固有名詞
vultur	vultur	固有名詞
vulva	vulva	固有名詞
vulvae	vulvae	固有名詞
vulval	vulval	固有名詞
vulvar	vulvar	固有名詞
vulvas	vulvas	固有名詞
vum	vum	固有名詞
vvll	vvll	固有名詞
vyase	vyase	固有名詞
vying	vying	固有名詞
vyrnwy	vyrnwy	固有名詞
waac	waac	固有名詞
waag	waag	固有名詞
waapa	waapa	固有名詞
waar	waar	固有名詞
waasi	waasi	固有名詞
wab	wab	固有名詞
wabayo	wabayo	固有名詞
wabber	wabber	固有名詞
wabble	wabble	固有名詞
wabbly	wabbly	固有名詞
wabby	wabby	固有名詞
wabe	wabe	固有名詞
wabena	wabena	固有名詞
wabeno	wabeno	固有名詞
wabi	wabi	固有名詞
wabron	wabron	固有名詞
wabs	wabs	固有名詞
wabuma	wabuma	固有名詞
wac	wac	固有名詞
wacago	wacago	固有名詞
wace	wace	固有名詞
wachna	wachna	固有名詞
wack	wack	固有名詞
wacke	wacke	固有名詞
wacken	wacken	固有名詞
wacker	wacker	固有名詞
wackes	wackes	固有名詞
wacks	wacks	固有名詞
wacky	wacky	固有名詞
waco	waco	固有名詞
wacs	wacs	固有名詞
wad	wad	固有名詞
wadded	wadded	固有名詞
wadder	wadder	固有名詞
waddie	waddie	固有名詞
waddle	waddle	固有名詞
waddly	waddly	固有名詞
waddy	waddy	固有名詞
wade	wade	固有名詞
waded	waded	固有名詞
wader	wader	固有名詞
waders	waders	固有名詞
wades	wades	固有名詞
wadge	wadge	固有名詞
wadi	wadi	固有名詞
wadies	wadies	固有名詞
wading	wading	固有名詞
wadis	wadis	固有名詞
wadmal	wadmal	固有名詞
wadmel	wadmel	固有名詞
wadmol	wadmol	固有名詞
wadna	wadna	固有名詞
wads	wads	固有名詞
wadset	wadset	固有名詞
wady	wady	固有名詞
wae	wae	固有名詞
waefu	waefu	固有名詞
waeful	waeful	固有名詞
waeg	waeg	固有名詞
waer	waer	固有名詞
waes	waes	固有名詞
waf	waf	固有名詞
wafd	wafd	固有名詞
wafer	wafer	固有名詞
wafers	wafers	固有名詞
wafery	wafery	固有名詞
waff	waff	固有名詞
waffed	waffed	固有名詞
waffie	waffie	固有名詞
waffle	waffle	固有名詞
waffly	waffly	固有名詞
waffs	waffs	固有名詞
waflib	waflib	固有名詞
waft	waft	固有名詞
wafted	wafted	固有名詞
wafter	wafter	固有名詞
wafts	wafts	固有名詞
wafty	wafty	固有名詞
wag	wag	固有名詞
wagang	wagang	固有名詞
wagati	wagati	固有名詞
wagaun	wagaun	固有名詞
wage	wage	固有名詞
waged	waged	固有名詞
wager	wager	固有名詞
wagers	wagers	固有名詞
wages	wages	固有名詞
waget	waget	固有名詞
wagga	wagga	固有名詞
wagged	wagged	固有名詞
waggel	waggel	固有名詞
wagger	wagger	固有名詞
waggie	waggie	固有名詞
waggle	waggle	固有名詞
waggly	waggly	固有名詞
waggon	waggon	固有名詞
waggy	waggy	固有名詞
wagh	wagh	固有名詞
waging	waging	固有名詞
wagner	wagner	固有名詞
wagogo	wagogo	固有名詞
wagoma	wagoma	固有名詞
wagon	wagon	固有名詞
wagons	wagons	固有名詞
wags	wags	固有名詞
waguha	waguha	固有名詞
wagwag	wagwag	固有名詞
wagwit	wagwit	固有名詞
wah	wah	固有名詞
wahabi	wahabi	固有名詞
wahahe	wahahe	固有名詞
wahehe	wahehe	固有名詞
wahima	wahima	固有名詞
wahine	wahine	固有名詞
wahoo	wahoo	固有名詞
wahoos	wahoos	固有名詞
wahwah	wahwah	固有名詞
waiata	waiata	固有名詞
waif	waif	固有名詞
waifed	waifed	固有名詞
waifs	waifs	固有名詞
waik	waik	固有名詞
waikly	waikly	固有名詞
wail	wail	固有名詞
wailed	wailed	固有名詞
wailer	wailer	固有名詞
wails	wails	固有名詞
waily	waily	固有名詞
wain	wain	固有名詞
wainer	wainer	固有名詞
wains	wains	固有名詞
wair	wair	固有名詞
wairch	wairch	固有名詞
waird	waird	固有名詞
waired	waired	固有名詞
wairs	wairs	固有名詞
wairsh	wairsh	固有名詞
waise	waise	固有名詞
waist	waist	固有名詞
waists	waists	固有名詞
wait	wait	固有名詞
waited	waited	固有名詞
waiter	waiter	固有名詞
waits	waits	固有名詞
waive	waive	固有名詞
waived	waived	固有名詞
waiver	waiver	固有名詞
waives	waives	固有名詞
waivod	waivod	固有名詞
waiwai	waiwai	固有名詞
wajang	wajang	固有名詞
waka	waka	固有名詞
wakan	wakan	固有名詞
wakari	wakari	固有名詞
wakas	wakas	固有名詞
wake	wake	固有名詞
waked	waked	固有名詞
wakeel	wakeel	固有名詞
waken	waken	固有名詞
wakens	wakens	固有名詞
waker	waker	固有名詞
wakers	wakers	固有名詞
wakes	wakes	固有名詞
wakeup	wakeup	固有名詞
wakf	wakf	固有名詞
wakhi	wakhi	固有名詞
wakif	wakif	固有名詞
wakiki	wakiki	固有名詞
waking	waking	固有名詞
wakiup	wakiup	固有名詞
wakken	wakken	固有名詞
wakon	wakon	固有名詞
wakore	wakore	固有名詞
waky	waky	固有名詞
walach	walach	固有名詞
wale	wale	固有名詞
waled	waled	固有名詞
waler	waler	固有名詞
walers	walers	固有名詞
wales	wales	固有名詞
wali	wali	固有名詞
walies	walies	固有名詞
waling	waling	固有名詞
walk	walk	固有名詞
walked	walked	固有名詞
walker	walker	固有名詞
walkie	walkie	固有名詞
walks	walks	固有名詞
walkup	walkup	固有名詞
wall	wall	固有名詞
walla	walla	固有名詞
wallah	wallah	固有名詞
wallas	wallas	固有名詞
walled	walled	固有名詞
waller	waller	固有名詞
wallet	wallet	固有名詞
wallie	wallie	固有名詞
wallon	wallon	固有名詞
wallop	wallop	固有名詞
wallow	wallow	固有名詞
walls	walls	固有名詞
wally	wally	固有名詞
walnut	walnut	固有名詞
walrus	walrus	固有名詞
walsh	walsh	固有名詞
walt	walt	固有名詞
walter	walter	固有名詞
walth	walth	固有名詞
walty	walty	固有名詞
waltz	waltz	固有名詞
waly	waly	固有名詞
wamara	wamara	固有名詞
wamble	wamble	固有名詞
wambly	wambly	固有名詞
wame	wame	固有名詞
wamefu	wamefu	固有名詞
wamel	wamel	固有名詞
wames	wames	固有名詞
wamfle	wamfle	固有名詞
wammus	wammus	固有名詞
wamp	wamp	固有名詞
wampee	wampee	固有名詞
wample	wample	固有名詞
wampum	wampum	固有名詞
wampus	wampus	固有名詞
wamus	wamus	固有名詞
wan	wan	固有名詞
wand	wand	固有名詞
wander	wander	固有名詞
wandle	wandle	固有名詞
wandoo	wandoo	固有名詞
wands	wands	固有名詞
wandy	wandy	固有名詞
wane	wane	固有名詞
waned	waned	固有名詞
wanely	wanely	固有名詞
wanes	wanes	固有名詞
waney	waney	固有名詞
wang	wang	固有名詞
wanga	wanga	固有名詞
wangan	wangan	固有名詞
wanger	wanger	固有名詞
wangle	wangle	固有名詞
wangun	wangun	固有名詞
wanhap	wanhap	固有名詞
wanier	wanier	固有名詞
waning	waning	固有名詞
wanion	wanion	固有名詞
wank	wank	固有名詞
wankel	wankel	固有名詞
wanker	wanker	固有名詞
wankle	wankle	固有名詞
wankly	wankly	固有名詞
wanky	wanky	固有名詞
wanlas	wanlas	固有名詞
wanle	wanle	固有名詞
wanly	wanly	固有名詞
wanmol	wanmol	固有名詞
wanna	wanna	固有名詞
wanned	wanned	固有名詞
wanner	wanner	固有名詞
wanny	wanny	固有名詞
wans	wans	固有名詞
want	want	固有名詞
wanted	wanted	固有名詞
wanter	wanter	固有名詞
wanton	wanton	固有名詞
wants	wants	固有名詞
wanty	wanty	固有名詞
wanwit	wanwit	固有名詞
wany	wany	固有名詞
wanze	wanze	固有名詞
wap	wap	固有名詞
wapata	wapata	固有名詞
wapato	wapato	固有名詞
wapiti	wapiti	固有名詞
wapp	wapp	固有名詞
wapped	wapped	固有名詞
wapper	wapper	固有名詞
wappet	wappet	固有名詞
wappo	wappo	固有名詞
waps	waps	固有名詞
war	war	固有名詞
warabi	warabi	固有名詞
waragi	waragi	固有名詞
warb	warb	固有名詞
warble	warble	固有名詞
warbly	warbly	固有名詞
warch	warch	固有名詞
ward	ward	固有名詞
warday	warday	固有名詞
warded	warded	固有名詞
warden	warden	固有名詞
warder	warder	固有名詞
wards	wards	固有名詞
ware	ware	固有名詞
wared	wared	固有名詞
warely	warely	固有名詞
wares	wares	固有名詞
warf	warf	固有名詞
warful	warful	固有名詞
wargus	wargus	固有名詞
waried	waried	固有名詞
warier	warier	固有名詞
warily	warily	固有名詞
warine	warine	固有名詞
waring	waring	固有名詞
warish	warish	固有名詞
wark	wark	固有名詞
warked	warked	固有名詞
warks	warks	固有名詞
warl	warl	固有名詞
warlow	warlow	固有名詞
warly	warly	固有名詞
warm	warm	固有名詞
warman	warman	固有名詞
warmed	warmed	固有名詞
warmen	warmen	固有名詞
warmer	warmer	固有名詞
warmly	warmly	固有名詞
warms	warms	固有名詞
warmth	warmth	固有名詞
warmup	warmup	固有名詞
warmus	warmus	固有名詞
warn	warn	固有名詞
warned	warned	固有名詞
warnel	warnel	固有名詞
warner	warner	固有名詞
warns	warns	固有名詞
warnt	warnt	固有名詞
warori	warori	固有名詞
warp	warp	固有名詞
warped	warped	固有名詞
warper	warper	固有名詞
warple	warple	固有名詞
warps	warps	固有名詞
warran	warran	固有名詞
warrau	warrau	固有名詞
warray	warray	固有名詞
warred	warred	固有名詞
warree	warree	固有名詞
warren	warren	固有名詞
warrer	warrer	固有名詞
warri	warri	固有名詞
warrin	warrin	固有名詞
warrok	warrok	固有名詞
warrty	warrty	固有名詞
warryn	warryn	固有名詞
wars	wars	固有名詞
warsaw	warsaw	固有名詞
warse	warse	固有名詞
warsel	warsel	固有名詞
warsle	warsle	固有名詞
warst	warst	固有名詞
wart	wart	固有名詞
warted	warted	固有名詞
warth	warth	固有名詞
warts	warts	固有名詞
warty	warty	固有名詞
warua	warua	固有名詞
warve	warve	固有名詞
wary	wary	固有名詞
was	was	固有名詞
wasabi	wasabi	固有名詞
wasat	wasat	固有名詞
wasco	wasco	固有名詞
wase	wase	固有名詞
wasel	wasel	固有名詞
wash	wash	固有名詞
washed	washed	固有名詞
washen	washen	固有名詞
washer	washer	固有名詞
washes	washes	固有名詞
washin	washin	固有名詞
washo	washo	固有名詞
washup	washup	固有名詞
washy	washy	固有名詞
wasir	wasir	固有名詞
wasm	WASM	固有名詞
wasn	wasn	固有名詞
wasnt	wasnt	固有名詞
wasoga	wasoga	固有名詞
wasp	wasp	固有名詞
waspen	waspen	固有名詞
wasps	wasps	固有名詞
waspy	waspy	固有名詞
wassie	wassie	固有名詞
wast	wast	固有名詞
waste	waste	固有名詞
wasted	wasted	固有名詞
wastel	wastel	固有名詞
waster	waster	固有名詞
wastes	wastes	固有名詞
wastme	wastme	固有名詞
wastry	wastry	固有名詞
wasts	wasts	固有名詞
wasty	wasty	固有名詞
wat	wat	固有名詞
watala	watala	固有名詞
watap	watap	固有名詞
watape	watape	固有名詞
wataps	wataps	固有名詞
watch	watch	固有名詞
water	water	固有名詞
waters	waters	固有名詞
watery	watery	固有名詞
watfiv	watfiv	固有名詞
wath	wath	固有名詞
wather	wather	固有名詞
wats	wats	固有名詞
watson	watson	固有名詞
watt	watt	固有名詞
watter	watter	固有名詞
wattis	wattis	固有名詞
wattle	wattle	固有名詞
watts	watts	固有名詞
watusi	watusi	固有名詞
wauble	wauble	固有名詞
wauch	wauch	固有名詞
waucht	waucht	固有名詞
wauf	wauf	固有名詞
waufie	waufie	固有名詞
waugh	waugh	固有名詞
waught	waught	固有名詞
waughy	waughy	固有名詞
wauk	wauk	固有名詞
wauked	wauked	固有名詞
wauken	wauken	固有名詞
waukit	waukit	固有名詞
wauks	wauks	固有名詞
waul	waul	固有名詞
wauled	wauled	固有名詞
wauls	wauls	固有名詞
waumle	waumle	固有名詞
wauner	wauner	固有名詞
wauns	wauns	固有名詞
waup	waup	固有名詞
waur	waur	固有名詞
waura	waura	固有名詞
wauve	wauve	固有名詞
wave	wave	固有名詞
waved	waved	固有名詞
waver	waver	固有名詞
wavers	wavers	固有名詞
wavery	wavery	固有名詞
waves	waves	固有名詞
wavey	wavey	固有名詞
waveys	waveys	固有名詞
wavier	wavier	固有名詞
wavies	wavies	固有名詞
wavily	wavily	固有名詞
waving	waving	固有名詞
wavira	wavira	固有名詞
wavy	wavy	固有名詞
waw	waw	固有名詞
wawa	wawa	固有名詞
wawah	wawah	固有名詞
wawl	wawl	固有名詞
wawled	wawled	固有名詞
wawls	wawls	固有名詞
waws	waws	固有名詞
wax	wax	固有名詞
waxand	waxand	固有名詞
waxed	waxed	固有名詞
waxen	waxen	固有名詞
waxer	waxer	固有名詞
waxers	waxers	固有名詞
waxes	waxes	固有名詞
waxhaw	waxhaw	固有名詞
waxier	waxier	固有名詞
waxily	waxily	固有名詞
waxing	waxing	固有名詞
waxman	waxman	固有名詞
waxy	waxy	固有名詞
way	way	固有名詞
wayaka	wayaka	固有名詞
wayang	wayang	固有名詞
wayao	wayao	固有名詞
waying	waying	固有名詞
waylay	waylay	固有名詞
wayman	wayman	固有名詞
waymen	waymen	固有名詞
wayne	wayne	固有名詞
ways	ways	固有名詞
wazir	wazir	固有名詞
wea	wea	固有名詞
weak	weak	固有名詞
weaken	weaken	固有名詞
weaker	weaker	固有名詞
weakly	weakly	固有名詞
weaky	weaky	固有名詞
weal	weal	固有名詞
weald	weald	固有名詞
wealds	wealds	固有名詞
weals	weals	固有名詞
wealth	wealth	固有名詞
weam	weam	固有名詞
wean	wean	固有名詞
weaned	weaned	固有名詞
weanel	weanel	固有名詞
weaner	weaner	固有名詞
weanie	weanie	固有名詞
weanly	weanly	固有名詞
weanoc	weanoc	固有名詞
weans	weans	固有名詞
weapon	weapon	固有名詞
wear	wear	固有名詞
weared	weared	固有名詞
wearer	wearer	固有名詞
wears	wears	固有名詞
weary	weary	固有名詞
weasel	weasel	固有名詞
weaser	weaser	固有名詞
weason	weason	固有名詞
weave	weave	固有名詞
weaved	weaved	固有名詞
weaver	weaver	固有名詞
weaves	weaves	固有名詞
weazen	weazen	固有名詞
web	web	固有名詞
webbed	webbed	固有名詞
webber	webber	固有名詞
webby	webby	固有名詞
weber	weber	固有名詞
webers	webers	固有名詞
webeye	webeye	固有名詞
webfed	webfed	固有名詞
webpack	Webpack	固有名詞
webs	webs	固有名詞
wecche	wecche	固有名詞
wecht	wecht	固有名詞
wechts	wechts	固有名詞
wed	wed	固有名詞
wedana	wedana	固有名詞
wedbed	wedbed	固有名詞
wedded	wedded	固有名詞
wedder	wedder	固有名詞
wede	wede	固有名詞
wedel	wedel	固有名詞
wedeln	wedeln	固有名詞
wedels	wedels	固有名詞
wedfee	wedfee	固有名詞
wedge	wedge	固有名詞
wedged	wedged	固有名詞
wedger	wedger	固有名詞
wedges	wedges	固有名詞
wedgie	wedgie	固有名詞
wedgy	wedgy	固有名詞
weds	weds	固有名詞
wedset	wedset	固有名詞
wee	wee	固有名詞
weeble	weeble	固有名詞
weed	weed	固有名詞
weeda	weeda	固有名詞
weeded	weeded	固有名詞
weeder	weeder	固有名詞
weedow	weedow	固有名詞
weeds	weeds	固有名詞
weedy	weedy	固有名詞
week	week	固有名詞
weekly	weekly	固有名詞
weeks	weeks	固有名詞
weel	weel	固有名詞
weem	weem	固有名詞
weemen	weemen	固有名詞
ween	ween	固有名詞
weened	weened	固有名詞
weenie	weenie	固有名詞
weens	weens	固有名詞
weensy	weensy	固有名詞
weent	weent	固有名詞
weenty	weenty	固有名詞
weeny	weeny	固有名詞
weep	weep	固有名詞
weeped	weeped	固有名詞
weeper	weeper	固有名詞
weeply	weeply	固有名詞
weeps	weeps	固有名詞
weepy	weepy	固有名詞
weer	weer	固有名詞
wees	wees	固有名詞
weesh	weesh	固有名詞
weeshy	weeshy	固有名詞
weest	weest	固有名詞
weet	weet	固有名詞
weeted	weeted	固有名詞
weets	weets	固有名詞
weety	weety	固有名詞
weever	weever	固有名詞
weevil	weevil	固有名詞
weewaw	weewaw	固有名詞
weewee	weewee	固有名詞
weewow	weewow	固有名詞
weeze	weeze	固有名詞
weezle	weezle	固有名詞
wef	wef	固有名詞
weft	weft	固有名詞
wefted	wefted	固有名詞
wefts	wefts	固有名詞
wefty	wefty	固有名詞
wega	wega	固有名詞
wehee	wehee	固有名詞
wehner	wehner	固有名詞
wei	wei	固有名詞
weigh	weigh	固有名詞
weighs	weighs	固有名詞
weight	weight	固有名詞
weiner	weiner	固有名詞
weir	weir	固有名詞
weird	weird	固有名詞
weirdo	weirdo	固有名詞
weirds	weirds	固有名詞
weirdy	weirdy	固有名詞
weirs	weirs	固有名詞
weism	weism	固有名詞
wejack	wejack	固有名詞
weka	weka	固有名詞
wekas	wekas	固有名詞
wekau	wekau	固有名詞
wekeen	wekeen	固有名詞
weki	weki	固有名詞
welch	welch	固有名詞
weld	weld	固有名詞
welded	welded	固有名詞
welder	welder	固有名詞
weldor	weldor	固有名詞
welds	welds	固有名詞
welf	welf	固有名詞
welfic	welfic	固有名詞
weli	weli	固有名詞
welk	welk	固有名詞
welkin	welkin	固有名詞
well	well	固有名詞
wellat	wellat	固有名詞
welled	welled	固有名詞
weller	weller	固有名詞
wells	wells	固有名詞
welly	welly	固有名詞
wels	wels	固有名詞
welsh	welsh	固有名詞
welshy	welshy	固有名詞
welsom	welsom	固有名詞
welt	welt	固有名詞
welted	welted	固有名詞
welter	welter	固有名詞
welts	welts	固有名詞
wem	wem	固有名詞
wemmy	wemmy	固有名詞
wen	wen	固有名詞
wench	wench	固有名詞
wend	wend	固有名詞
wende	wende	固有名詞
wended	wended	固有名詞
wendi	wendi	固有名詞
wendic	wendic	固有名詞
wends	wends	固有名詞
wendy	wendy	固有名詞
wene	wene	固有名詞
weneth	weneth	固有名詞
wenny	wenny	固有名詞
wens	wens	固有名詞
went	went	固有名詞
wentle	wentle	固有名詞
wenzel	wenzel	固有名詞
wepman	wepman	固有名詞
wept	wept	固有名詞
wer	wer	固有名詞
were	were	固有名詞
weren	weren	固有名詞
werent	werent	固有名詞
werf	werf	固有名詞
wergil	wergil	固有名詞
weri	weri	固有名詞
wering	wering	固有名詞
werner	werner	固有名詞
wersh	wersh	固有名詞
werste	werste	固有名詞
wert	wert	固有名詞
wervel	wervel	固有名詞
wes	wes	固有名詞
wese	wese	固有名詞
weskit	weskit	固有名詞
wesley	wesley	固有名詞
wessel	wessel	固有名詞
west	west	固有名詞
weste	weste	固有名詞
wester	wester	固有名詞
westme	westme	固有名詞
wests	wests	固有名詞
westy	westy	固有名詞
wet	wet	固有名詞
weta	weta	固有名詞
wether	wether	固有名詞
wetly	wetly	固有名詞
wets	wets	固有名詞
wetted	wetted	固有名詞
wetter	wetter	固有名詞
weve	weve	固有名詞
wevet	wevet	固有名詞
wey	wey	固有名詞
weys	weys	固有名詞
wezen	wezen	固有名詞
wezn	wezn	固有名詞
wha	wha	固有名詞
whabby	whabby	固有名詞
whack	whack	固有名詞
whacks	whacks	固有名詞
whacky	whacky	固有名詞
whale	whale	固有名詞
whaled	whaled	固有名詞
whaler	whaler	固有名詞
whales	whales	固有名詞
whally	whally	固有名詞
whalm	whalm	固有名詞
whalp	whalp	固有名詞
whaly	whaly	固有名詞
wham	wham	固有名詞
whame	whame	固有名詞
whammo	whammo	固有名詞
whammy	whammy	固有名詞
whamp	whamp	固有名詞
whams	whams	固有名詞
whan	whan	固有名詞
whand	whand	固有名詞
whang	whang	固有名詞
whangs	whangs	固有名詞
whank	whank	固有名詞
whap	whap	固有名詞
whaps	whaps	固有名詞
whar	whar	固有名詞
whare	whare	固有名詞
wharf	wharf	固有名詞
wharfe	wharfe	固有名詞
wharfs	wharfs	固有名詞
wharl	wharl	固有名詞
wharp	wharp	固有名詞
wharry	wharry	固有名詞
whart	whart	固有名詞
wharve	wharve	固有名詞
whase	whase	固有名詞
whasle	whasle	固有名詞
what	what	固有名詞
whata	whata	固有名詞
whatd	whatd	固有名詞
whatna	whatna	固有名詞
whatre	whatre	固有名詞
whats	whats	固有名詞
whatso	whatso	固有名詞
whau	whau	固有名詞
whauk	whauk	固有名詞
whaup	whaup	固有名詞
whaups	whaups	固有名詞
whaur	whaur	固有名詞
whauve	whauve	固有名詞
wheal	wheal	固有名詞
wheals	wheals	固有名詞
whealy	whealy	固有名詞
wheam	wheam	固有名詞
wheat	wheat	固有名詞
wheats	wheats	固有名詞
wheaty	wheaty	固有名詞
whee	whee	固有名詞
wheel	wheel	固有名詞
wheels	wheels	固有名詞
wheely	wheely	固有名詞
wheem	wheem	固有名詞
wheen	wheen	固有名詞
wheens	wheens	固有名詞
wheep	wheep	固有名詞
wheeps	wheeps	固有名詞
wheer	wheer	固有名詞
wheeze	wheeze	固有名詞
wheezy	wheezy	固有名詞
wheft	wheft	固有名詞
whein	whein	固有名詞
whekau	whekau	固有名詞
wheki	wheki	固有名詞
whelk	whelk	固有名詞
whelks	whelks	固有名詞
whelky	whelky	固有名詞
whelm	whelm	固有名詞
whelms	whelms	固有名詞
whelp	whelp	固有名詞
whelps	whelps	固有名詞
whelve	whelve	固有名詞
when	when	固有名詞
whenas	whenas	固有名詞
whence	whence	固有名詞
whens	whens	固有名詞
whenso	whenso	固有名詞
where	where	固有名詞
whered	whered	固有名詞
wheres	wheres	固有名詞
wherry	wherry	固有名詞
wherve	wherve	固有名詞
whet	whet	固有名詞
whets	whets	固有名詞
whew	whew	固有名詞
whewer	whewer	固有名詞
whewl	whewl	固有名詞
whews	whews	固有名詞
whewt	whewt	固有名詞
whey	whey	固有名詞
wheyey	wheyey	固有名詞
wheys	wheys	固有名詞
whf	whf	固有名詞
whiba	whiba	固有名詞
which	which	固有名詞
whick	whick	固有名詞
whid	whid	固有名詞
whidah	whidah	固有名詞
whids	whids	固有名詞
whiff	whiff	固有名詞
whiffs	whiffs	固有名詞
whiffy	whiffy	固有名詞
whift	whift	固有名詞
whig	whig	固有名詞
whigs	whigs	固有名詞
while	while	固有名詞
whiled	whiled	固有名詞
whiles	whiles	固有名詞
whiley	whiley	固有名詞
whilie	whilie	固有名詞
whilk	whilk	固有名詞
whill	whill	固有名詞
whilly	whilly	固有名詞
whilom	whilom	固有名詞
whils	whils	固有名詞
whilst	whilst	固有名詞
whim	whim	固有名詞
whimmy	whimmy	固有名詞
whims	whims	固有名詞
whimsy	whimsy	固有名詞
whin	whin	固有名詞
whine	whine	固有名詞
whined	whined	固有名詞
whiner	whiner	固有名詞
whines	whines	固有名詞
whiney	whiney	固有名詞
whing	whing	固有名詞
whinge	whinge	固有名詞
whinny	whinny	固有名詞
whins	whins	固有名詞
whiny	whiny	固有名詞
whip	whip	固有名詞
whippa	whippa	固有名詞
whippy	whippy	固有名詞
whips	whips	固有名詞
whipt	whipt	固有名詞
whir	whir	固有名詞
whirl	whirl	固有名詞
whirls	whirls	固有名詞
whirly	whirly	固有名詞
whirr	whirr	固有名詞
whirrs	whirrs	固有名詞
whirry	whirry	固有名詞
whirs	whirs	固有名詞
whish	whish	固有名詞
whisht	whisht	固有名詞
whisk	whisk	固有名詞
whisks	whisks	固有名詞
whisky	whisky	固有名詞
whisp	whisp	固有名詞
whiss	whiss	固有名詞
whist	whist	固有名詞
whists	whists	固有名詞
whit	whit	固有名詞
white	white	固有名詞
whited	whited	固有名詞
whiten	whiten	固有名詞
whiter	whiter	固有名詞
whites	whites	固有名詞
whitey	whitey	固有名詞
whitin	whitin	固有名詞
whits	whits	固有名詞
whity	whity	固有名詞
whiz	whiz	固有名詞
whizz	whizz	固有名詞
who	who	固有名詞
whoa	whoa	固有名詞
whod	whod	固有名詞
whole	whole	固有名詞
wholes	wholes	固有名詞
wholl	wholl	固有名詞
wholly	wholly	固有名詞
whom	whom	固有名詞
whomp	whomp	固有名詞
whomps	whomps	固有名詞
whomso	whomso	固有名詞
whone	whone	固有名詞
whoo	whoo	固有名詞
whoof	whoof	固有名詞
whoop	whoop	固有名詞
whoope	whoope	固有名詞
whoops	whoops	固有名詞
whoosh	whoosh	固有名詞
whoosy	whoosy	固有名詞
whoot	whoot	固有名詞
whop	whop	固有名詞
whops	whops	固有名詞
whore	whore	固有名詞
whored	whored	固有名詞
whores	whores	固有名詞
whorl	whorl	固有名詞
whorle	whorle	固有名詞
whorls	whorls	固有名詞
whorly	whorly	固有名詞
whorry	whorry	固有名詞
whort	whort	固有名詞
whorts	whorts	固有名詞
whory	whory	固有名詞
whose	whose	固有名詞
whosen	whosen	固有名詞
whosis	whosis	固有名詞
whoso	whoso	固有名詞
whr	whr	固有名詞
whs	whs	固有名詞
whse	whse	固有名詞
whsle	whsle	固有名詞
whud	whud	固有名詞
whuff	whuff	固有名詞
whulk	whulk	固有名詞
whump	whump	固有名詞
whumps	whumps	固有名詞
whun	whun	固有名詞
whup	whup	固有名詞
whush	whush	固有名詞
whute	whute	固有名詞
whuz	whuz	固有名詞
why	why	固有名詞
whydah	whydah	固有名詞
whyfor	whyfor	固有名詞
whyo	whyo	固有名詞
whys	whys	固有名詞
wibble	wibble	固有名詞
wicca	wicca	固有名詞
wice	wice	固有名詞
wich	wich	固有名詞
wiches	wiches	固有名詞
wicht	wicht	固有名詞
wick	wick	固有名詞
wicked	wicked	固有名詞
wicken	wicken	固有名詞
wicker	wicker	固有名詞
wicket	wicket	固有名詞
wicks	wicks	固有名詞
wickup	wickup	固有名詞
wicky	wicky	固有名詞
wicopy	wicopy	固有名詞
wid	wid	固有名詞
widbin	widbin	固有名詞
widder	widder	固有名詞
widdie	widdie	固有名詞
widdle	widdle	固有名詞
widdy	widdy	固有名詞
wide	wide	固有名詞
widely	widely	固有名詞
widen	widen	固有名詞
widens	widens	固有名詞
wider	wider	固有名詞
wides	wides	固有名詞
widest	widest	固有名詞
widget	widget	固有名詞
widgie	widgie	固有名詞
widish	widish	固有名詞
widow	widow	固有名詞
widows	widows	固有名詞
widowy	widowy	固有名詞
width	width	固有名詞
widths	widths	固有名詞
widu	widu	固有名詞
wied	wied	固有名詞
wield	wield	固有名詞
wields	wields	固有名詞
wieldy	wieldy	固有名詞
wiener	wiener	固有名詞
wienie	wienie	固有名詞
wierd	wierd	固有名詞
wife	wife	固有名詞
wifed	wifed	固有名詞
wifely	wifely	固有名詞
wifes	wifes	固有名詞
wifi	Wi-Fi	固有名詞
wifie	wifie	固有名詞
wifing	wifing	固有名詞
wifish	wifish	固有名詞
wifock	wifock	固有名詞
wig	wig	固有名詞
wigan	wigan	固有名詞
wigans	wigans	固有名詞
wigdom	wigdom	固有名詞
wigeon	wigeon	固有名詞
wigful	wigful	固有名詞
wigged	wigged	固有名詞
wiggen	wiggen	固有名詞
wigger	wigger	固有名詞
wiggle	wiggle	固有名詞
wiggly	wiggly	固有名詞
wiggy	wiggy	固有名詞
wigher	wigher	固有名詞
wight	wight	固有名詞
wights	wights	固有名詞
wiglet	wiglet	固有名詞
wigs	wigs	固有名詞
wigwag	wigwag	固有名詞
wigwam	wigwam	固有名詞
wikeno	wikeno	固有名詞
wiking	wiking	固有名詞
wikiup	wikiup	固有名詞
wilbur	wilbur	固有名詞
wilco	wilco	固有名詞
wild	wild	固有名詞
wilded	wilded	固有名詞
wilder	wilder	固有名詞
wildly	wildly	固有名詞
wilds	wilds	固有名詞
wile	wile	固有名詞
wiled	wiled	固有名詞
wiles	wiles	固有名詞
wilful	wilful	固有名詞
wilga	wilga	固有名詞
wilier	wilier	固有名詞
wilily	wilily	固有名詞
wiling	wiling	固有名詞
wilk	wilk	固有名詞
wilkin	wilkin	固有名詞
will	will	固有名詞
willed	willed	固有名詞
willer	willer	固有名詞
willes	willes	固有名詞
willet	willet	固有名詞
willey	willey	固有名詞
willi	willi	固有名詞
willie	willie	固有名詞
willow	willow	固有名詞
wills	wills	固有名詞
willy	willy	固有名詞
wilmer	wilmer	固有名詞
wilson	wilson	固有名詞
wilt	wilt	固有名詞
wilted	wilted	固有名詞
wilter	wilter	固有名詞
wilton	wilton	固有名詞
wilts	wilts	固有名詞
wily	wily	固有名詞
wim	wim	固有名詞
wimble	wimble	固有名詞
wime	wime	固有名詞
wimick	wimick	固有名詞
wimple	wimple	固有名詞
win	win	固有名詞
winare	winare	固有名詞
wince	wince	固有名詞
winced	winced	固有名詞
wincer	wincer	固有名詞
winces	winces	固有名詞
wincey	wincey	固有名詞
winch	winch	固有名詞
wind	wind	固有名詞
windas	windas	固有名詞
winded	winded	固有名詞
windel	windel	固有名詞
winder	winder	固有名詞
windle	windle	固有名詞
window	window	固有名詞
windows	Windows	固有名詞
winds	winds	固有名詞
windup	windup	固有名詞
windy	windy	固有名詞
windz	windz	固有名詞
wine	wine	固有名詞
wined	wined	固有名詞
winer	winer	固有名詞
winers	winers	固有名詞
winery	winery	固有名詞
wines	wines	固有名詞
winey	winey	固有名詞
winful	winful	固有名詞
wing	wing	固有名詞
winged	winged	固有名詞
winger	winger	固有名詞
wingle	wingle	固有名詞
wings	wings	固有名詞
wingy	wingy	固有名詞
winier	winier	固有名詞
wining	wining	固有名詞
winish	winish	固有名詞
wink	wink	固有名詞
winked	winked	固有名詞
winkel	winkel	固有名詞
winker	winker	固有名詞
winkle	winkle	固有名詞
winks	winks	固有名詞
winly	winly	固有名詞
winna	winna	固有名詞
winned	winned	固有名詞
winnel	winnel	固有名詞
winner	winner	固有名詞
winnie	winnie	固有名詞
winnle	winnle	固有名詞
winnow	winnow	固有名詞
wino	wino	固有名詞
winoes	winoes	固有名詞
winona	winona	固有名詞
winos	winos	固有名詞
winrow	winrow	固有名詞
wins	wins	固有名詞
wint	wint	固有名詞
winter	winter	固有名詞
wintle	wintle	固有名詞
wintry	wintry	固有名詞
wintun	wintun	固有名詞
winy	winy	固有名詞
winze	winze	固有名詞
winzes	winzes	固有名詞
wipe	wipe	固有名詞
wiped	wiped	固有名詞
wiper	wiper	固有名詞
wipers	wipers	固有名詞
wipes	wipes	固有名詞
wiping	wiping	固有名詞
wippen	wippen	固有名詞
wips	wips	固有名詞
wir	wir	固有名詞
wirble	wirble	固有名詞
wird	wird	固有名詞
wire	wire	固有名詞
wired	wired	固有名詞
wirer	wirer	固有名詞
wirers	wirers	固有名詞
wires	wires	固有名詞
wirier	wirier	固有名詞
wirily	wirily	固有名詞
wiring	wiring	固有名詞
wirl	wirl	固有名詞
wiros	wiros	固有名詞
wirr	wirr	固有名詞
wirra	wirra	固有名詞
wirrah	wirrah	固有名詞
wiry	wiry	固有名詞
wis	wis	固有名詞
wisdom	wisdom	固有名詞
wise	wise	固有名詞
wised	wised	固有名詞
wisely	wisely	固有名詞
wisen	wisen	固有名詞
wisent	wisent	固有名詞
wiser	wiser	固有名詞
wises	wises	固有名詞
wisest	wisest	固有名詞
wish	wish	固有名詞
wisha	wisha	固有名詞
wished	wished	固有名詞
wisher	wisher	固有名詞
wishes	wishes	固有名詞
wishly	wishly	固有名詞
wisht	wisht	固有名詞
wishy	wishy	固有名詞
wising	wising	固有名詞
wisket	wisket	固有名詞
wisp	wisp	固有名詞
wisped	wisped	固有名詞
wisps	wisps	固有名詞
wispy	wispy	固有名詞
wiss	wiss	固有名詞
wisse	wisse	固有名詞
wissed	wissed	固有名詞
wissel	wissel	固有名詞
wisses	wisses	固有名詞
wisshe	wisshe	固有名詞
wissle	wissle	固有名詞
wist	wist	固有名詞
wiste	wiste	固有名詞
wisted	wisted	固有名詞
wister	wister	固有名詞
wistit	wistit	固有名詞
wistly	wistly	固有名詞
wists	wists	固有名詞
wisure	wisure	固有名詞
wit	wit	固有名詞
witan	witan	固有名詞
witch	witch	固有名詞
witchy	witchy	固有名詞
wite	wite	固有名詞
wited	wited	固有名詞
witen	witen	固有名詞
wites	wites	固有名詞
witess	witess	固有名詞
witful	witful	固有名詞
with	with	固有名詞
withal	withal	固有名詞
witham	witham	固有名詞
withe	withe	固有名詞
withed	withed	固有名詞
withen	withen	固有名詞
wither	wither	固有名詞
withes	withes	固有名詞
within	within	固有名詞
withy	withy	固有名詞
witing	witing	固有名詞
witjar	witjar	固有名詞
witlet	witlet	固有名詞
witney	witney	固有名詞
witoto	witoto	固有名詞
wits	wits	固有名詞
wittal	wittal	固有名詞
witted	witted	固有名詞
witten	witten	固有名詞
witter	witter	固有名詞
wittol	wittol	固有名詞
witty	witty	固有名詞
wive	wive	固有名詞
wived	wived	固有名詞
wiver	wiver	固有名詞
wivern	wivern	固有名詞
wivers	wivers	固有名詞
wives	wives	固有名詞
wiving	wiving	固有名詞
wiwi	wiwi	固有名詞
wiyat	wiyat	固有名詞
wiyot	wiyot	固有名詞
wiz	wiz	固有名詞
wizard	wizard	固有名詞
wizen	wizen	固有名詞
wizens	wizens	固有名詞
wizes	wizes	固有名詞
wizier	wizier	固有名詞
wizzen	wizzen	固有名詞
wjc	wjc	固有名詞
wkly	wkly	固有名詞
wlench	wlench	固有名詞
wlity	wlity	固有名詞
wloka	wloka	固有名詞
wmk	wmk	固有名詞
woa	woa	固有名詞
woad	woad	固有名詞
woaded	woaded	固有名詞
woader	woader	固有名詞
woads	woads	固有名詞
woady	woady	固有名詞
woak	woak	固有名詞
woald	woald	固有名詞
woalds	woalds	固有名詞
woan	woan	固有名詞
wob	wob	固有名詞
wobble	wobble	固有名詞
wobbly	wobbly	固有名詞
wocas	wocas	固有名詞
wochua	wochua	固有名詞
wod	wod	固有名詞
woddie	woddie	固有名詞
wode	wode	固有名詞
woden	woden	固有名詞
wodge	wodge	固有名詞
wodgy	wodgy	固有名詞
woe	woe	固有名詞
woeful	woeful	固有名詞
woes	woes	固有名詞
woft	woft	固有名詞
woful	woful	固有名詞
wog	wog	固有名詞
woggle	woggle	固有名詞
wogiet	wogiet	固有名詞
wogul	wogul	固有名詞
wohlac	wohlac	固有名詞
woibe	woibe	固有名詞
woidre	woidre	固有名詞
woilie	woilie	固有名詞
wok	wok	固有名詞
wokas	wokas	固有名詞
woke	woke	固有名詞
woken	woken	固有名詞
wokowi	wokowi	固有名詞
woks	woks	固有名詞
wold	wold	固有名詞
woldes	woldes	固有名詞
wolds	wolds	固有名詞
woldy	woldy	固有名詞
woleai	woleai	固有名詞
wolf	wolf	固有名詞
wolfed	wolfed	固有名詞
wolfen	wolfen	固有名詞
wolfer	wolfer	固有名詞
wolfs	wolfs	固有名詞
wollop	wollop	固有名詞
wolly	wolly	固有名詞
wolof	wolof	固有名詞
wolter	wolter	固有名詞
wolve	wolve	固有名詞
wolver	wolver	固有名詞
wolves	wolves	固有名詞
woman	woman	固有名詞
womans	womans	固有名詞
womb	womb	固有名詞
wombat	wombat	固有名詞
wombed	wombed	固有名詞
womble	womble	固有名詞
wombs	wombs	固有名詞
womby	womby	固有名詞
women	women	固有名詞
womera	womera	固有名詞
womp	womp	固有名詞
won	won	固有名詞
wonder	wonder	固有名詞
wondie	wondie	固有名詞
wone	wone	固有名詞
wong	wong	固有名詞
wonga	wonga	固有名詞
wongah	wongah	固有名詞
wongen	wongen	固有名詞
woning	woning	固有名詞
wonk	wonk	固有名詞
wonky	wonky	固有名詞
wonna	wonna	固有名詞
wonned	wonned	固有名詞
wonner	wonner	固有名詞
wonnot	wonnot	固有名詞
wons	wons	固有名詞
wont	wont	固有名詞
wonted	wonted	固有名詞
wonton	wonton	固有名詞
wonts	wonts	固有名詞
woo	woo	固有名詞
wood	wood	固有名詞
wooded	wooded	固有名詞
wooden	wooden	固有名詞
woodie	woodie	固有名詞
woodly	woodly	固有名詞
woodoo	woodoo	固有名詞
woods	woods	固有名詞
woodsy	woodsy	固有名詞
woody	woody	固有名詞
wooed	wooed	固有名詞
wooer	wooer	固有名詞
wooers	wooers	固有名詞
woof	woof	固有名詞
woofed	woofed	固有名詞
woofer	woofer	固有名詞
woofs	woofs	固有名詞
woofy	woofy	固有名詞
woohoo	woohoo	固有名詞
wooing	wooing	固有名詞
wool	wool	固有名詞
woold	woold	固有名詞
wooled	wooled	固有名詞
woolen	woolen	固有名詞
wooler	wooler	固有名詞
woolf	woolf	固有名詞
woolie	woolie	固有名詞
woolly	woolly	固有名詞
wools	wools	固有名詞
woolwa	woolwa	固有名詞
wooly	wooly	固有名詞
woom	woom	固有名詞
woomer	woomer	固有名詞
woomp	woomp	固有名詞
woon	woon	固有名詞
woons	woons	固有名詞
woops	woops	固有名詞
woos	woos	固有名詞
woosh	woosh	固有名詞
wootz	wootz	固有名詞
woozle	woozle	固有名詞
woozy	woozy	固有名詞
wop	wop	固有名詞
wops	wops	固有名詞
wopsy	wopsy	固有名詞
worble	worble	固有名詞
word	word	固有名詞
worded	worded	固有名詞
worden	worden	固有名詞
worder	worder	固有名詞
wordle	wordle	固有名詞
wordpress	WordPress	固有名詞
words	words	固有名詞
wordy	wordy	固有名詞
wore	wore	固有名詞
work	work	固有名詞
worked	worked	固有名詞
worker	worker	固有名詞
works	works	固有名詞
workup	workup	固有名詞
worky	worky	固有名詞
world	world	固有名詞
worlds	worlds	固有名詞
worldy	worldy	固有名詞
worm	worm	固有名詞
wormed	wormed	固有名詞
wormer	wormer	固有名詞
wormil	wormil	固有名詞
worms	worms	固有名詞
wormy	wormy	固有名詞
worn	worn	固有名詞
wornil	wornil	固有名詞
worral	worral	固有名詞
worrel	worrel	固有名詞
worrit	worrit	固有名詞
worry	worry	固有名詞
worse	worse	固有名詞
worsen	worsen	固有名詞
worser	worser	固有名詞
worses	worses	固有名詞
worset	worset	固有名詞
worsle	worsle	固有名詞
worst	worst	固有名詞
worsts	worsts	固有名詞
worsum	worsum	固有名詞
wort	wort	固有名詞
worth	worth	固有名詞
worths	worths	固有名詞
worthy	worthy	固有名詞
wortle	wortle	固有名詞
worts	worts	固有名詞
wos	wos	固有名詞
wosith	wosith	固有名詞
wosome	wosome	固有名詞
wost	wost	固有名詞
wot	wot	固有名詞
wote	wote	固有名詞
wots	wots	固有名詞
wotted	wotted	固有名詞
woubit	woubit	固有名詞
wouch	wouch	固有名詞
wouf	wouf	固有名詞
wough	wough	固有名詞
would	would	固有名詞
wouldn	wouldn	固有名詞
woulfe	woulfe	固有名詞
wound	wound	固有名詞
wounds	wounds	固有名詞
woundy	woundy	固有名詞
wove	wove	固有名詞
woven	woven	固有名詞
wovoka	wovoka	固有名詞
wow	wow	固有名詞
wowed	wowed	固有名詞
wowing	wowing	固有名詞
wows	wows	固有名詞
wowser	wowser	固有名詞
wowt	wowt	固有名詞
woy	woy	固有名詞
wpm	wpm	固有名詞
wrabbe	wrabbe	固有名詞
wrack	wrack	固有名詞
wracks	wracks	固有名詞
wraf	wraf	固有名詞
wrager	wrager	固有名詞
wraist	wraist	固有名詞
wraith	wraith	固有名詞
wraker	wraker	固有名詞
wramp	wramp	固有名詞
wran	wran	固有名詞
wrang	wrang	固有名詞
wrangs	wrangs	固有名詞
wranny	wranny	固有名詞
wrap	wrap	固有名詞
wraple	wraple	固有名詞
wraps	wraps	固有名詞
wrapt	wrapt	固有名詞
wrapup	wrapup	固有名詞
wrasse	wrasse	固有名詞
wrast	wrast	固有名詞
wrath	wrath	固有名詞
wraths	wraths	固有名詞
wrathy	wrathy	固有名詞
wraw	wraw	固有名詞
wrawl	wrawl	固有名詞
wraxle	wraxle	固有名詞
wray	wray	固有名詞
wreak	wreak	固有名詞
wreaks	wreaks	固有名詞
wreat	wreat	固有名詞
wreath	wreath	固有名詞
wreck	wreck	固有名詞
wrecks	wrecks	固有名詞
wrecky	wrecky	固有名詞
wren	wren	固有名詞
wrench	wrench	固有名詞
wrens	wrens	固有名詞
wrest	wrest	固有名詞
wrests	wrests	固有名詞
wretch	wretch	固有名詞
wrible	wrible	固有名詞
wricht	wricht	固有名詞
wrick	wrick	固有名詞
wride	wride	固有名詞
wried	wried	固有名詞
wrier	wrier	固有名詞
wries	wries	固有名詞
wriest	wriest	固有名詞
wrig	wrig	固有名詞
wright	wright	固有名詞
wrihte	wrihte	固有名詞
wring	wring	固有名詞
wrings	wrings	固有名詞
wrist	wrist	固有名詞
wrists	wrists	固有名詞
wristy	wristy	固有名詞
writ	writ	固有名詞
write	write	固有名詞
writee	writee	固有名詞
writer	writer	固有名詞
writes	writes	固有名詞
writh	writh	固有名詞
writhe	writhe	固有名詞
writhy	writhy	固有名詞
writs	writs	固有名詞
wrive	wrive	固有名詞
wrixle	wrixle	固有名詞
wrnt	wrnt	固有名詞
wro	wro	固有名詞
wrocht	wrocht	固有名詞
wroke	wroke	固有名詞
wroken	wroken	固有名詞
wrong	wrong	固有名詞
wrongs	wrongs	固有名詞
wroot	wroot	固有名詞
wrote	wrote	固有名詞
wroth	wroth	固有名詞
wrothe	wrothe	固有名詞
wrothy	wrothy	固有名詞
wrox	wrox	固有名詞
wrung	wrung	固有名詞
wry	wry	固有名詞
wryer	wryer	固有名詞
wryest	wryest	固有名詞
wrying	wrying	固有名詞
wryly	wryly	固有名詞
wsl	WSL	固有名詞
wud	wud	固有名詞
wuddie	wuddie	固有名詞
wudge	wudge	固有名詞
wudu	wudu	固有名詞
wuff	wuff	固有名詞
wugg	wugg	固有名詞
wulder	wulder	固有名詞
wulk	wulk	固有名詞
wull	wull	固有名詞
wullie	wullie	固有名詞
wumble	wumble	固有名詞
wumman	wumman	固有名詞
wummel	wummel	固有名詞
wun	wun	固有名詞
wungee	wungee	固有名詞
wunna	wunna	固有名詞
wunner	wunner	固有名詞
wuntee	wuntee	固有名詞
wup	wup	固有名詞
wur	wur	固有名詞
wurley	wurley	固有名詞
wurly	wurly	固有名詞
wurmal	wurmal	固有名詞
wurrup	wurrup	固有名詞
wurrus	wurrus	固有名詞
wurset	wurset	固有名詞
wurst	wurst	固有名詞
wursts	wursts	固有名詞
wurzel	wurzel	固有名詞
wus	wus	固有名詞
wush	wush	固有名詞
wusp	wusp	固有名詞
wuss	wuss	固有名詞
wusser	wusser	固有名詞
wust	wust	固有名詞
wut	wut	固有名詞
wuther	wuther	固有名詞
wuzu	wuzu	固有名詞
wuzzer	wuzzer	固有名詞
wuzzle	wuzzle	固有名詞
wuzzy	wuzzy	固有名詞
wych	wych	固有名詞
wyches	wyches	固有名詞
wyde	wyde	固有名詞
wye	wye	固有名詞
wyes	wyes	固有名詞
wyke	wyke	固有名詞
wyle	wyle	固有名詞
wyled	wyled	固有名詞
wyles	wyles	固有名詞
wyling	wyling	固有名詞
wymote	wymote	固有名詞
wyn	wyn	固有名詞
wynd	wynd	固有名詞
wynds	wynds	固有名詞
wyne	wyne	固有名詞
wynn	wynn	固有名詞
wynne	wynne	固有名詞
wynns	wynns	固有名詞
wynris	wynris	固有名詞
wype	wype	固有名詞
wyrock	wyrock	固有名詞
wyson	wyson	固有名詞
wyss	wyss	固有名詞
wysty	wysty	固有名詞
wyte	wyte	固有名詞
wyted	wyted	固有名詞
wytes	wytes	固有名詞
wyting	wyting	固有名詞
wyve	wyve	固有名詞
wyver	wyver	固有名詞
wyvern	wyvern	固有名詞
xarque	xarque	固有名詞
xat	xat	固有名詞
xcl	xcl	固有名詞
xcode	Xcode	固有名詞
xctl	xctl	固有名詞
xdiv	xdiv	固有名詞
xebec	xebec	固有名詞
xebecs	xebecs	固有名詞
xed	xed	固有名詞
xema	xema	固有名詞
xeme	xeme	固有名詞
xenia	xenia	固有名詞
xenial	xenial	固有名詞
xenian	xenian	固有名詞
xenias	xenias	固有名詞
xenic	xenic	固有名詞
xenium	xenium	固有名詞
xenomi	xenomi	固有名詞
xenon	xenon	固有名詞
xenons	xenons	固有名詞
xenos	xenos	固有名詞
xenyl	xenyl	固有名詞
xeres	xeres	固有名詞
xeric	xeric	固有名詞
xeriff	xeriff	固有名詞
xeroma	xeroma	固有名詞
xerox	xerox	固有名詞
xerus	xerus	固有名詞
xicak	xicak	固有名詞
xii	xii	固有名詞
xiii	xiii	固有名詞
xina	xina	固有名詞
xinca	xinca	固有名詞
xint	xint	固有名詞
xipe	xipe	固有名詞
xis	xis	固有名詞
xiv	xiv	固有名詞
xix	xix	固有名詞
xmas	xmas	固有名詞
xmases	xmases	固有名詞
xml	XML	固有名詞
xoana	xoana	固有名詞
xoanon	xoanon	固有名詞
xosa	xosa	固有名詞
xray	xray	固有名詞
xref	xref	固有名詞
xurel	xurel	固有名詞
xvi	xvi	固有名詞
xvii	xvii	固有名詞
xviii	xviii	固有名詞
xxi	xxi	固有名詞
xxii	xxii	固有名詞
xxiii	xxiii	固有名詞
xxiv	xxiv	固有名詞
xxv	xxv	固有名詞
xxx	xxx	固有名詞
xyla	xyla	固有名詞
xylan	xylan	固有名詞
xylans	xylans	固有名詞
xylate	xylate	固有名詞
xylem	xylem	固有名詞
xylems	xylems	固有名詞
xylene	xylene	固有名詞
xylia	xylia	固有名詞
xylic	xylic	固有名詞
xylina	xylina	固有名詞
xylite	xylite	固有名詞
xylo	xylo	固有名詞
xyloid	xyloid	固有名詞
xylol	xylol	固有名詞
xylols	xylols	固有名詞
xyloma	xyloma	固有名詞
xylon	xylon	固有名詞
xylose	xylose	固有名詞
xyloyl	xyloyl	固有名詞
xylyl	xylyl	固有名詞
xylyls	xylyls	固有名詞
xyrid	xyrid	固有名詞
xyris	xyris	固有名詞
xyst	xyst	固有名詞
xyster	xyster	固有名詞
xysti	xysti	固有名詞
xystoi	xystoi	固有名詞
xystos	xystos	固有名詞
xysts	xysts	固有名詞
xystum	xystum	固有名詞
xystus	xystus	固有名詞
xyz	xyz	固有名詞
yaba	yaba	固有名詞
yabber	yabber	固有名詞
yabbi	yabbi	固有名詞
yabbie	yabbie	固有名詞
yabble	yabble	固有名詞
yabby	yabby	固有名詞
yaboo	yaboo	固有名詞
yabu	yabu	固有名詞
yacal	yacal	固有名詞
yacare	yacare	固有名詞
yacata	yacata	固有名詞
yacca	yacca	固有名詞
yachan	yachan	固有名詞
yacht	yacht	固有名詞
yachts	yachts	固有名詞
yachty	yachty	固有名詞
yack	yack	固有名詞
yacked	yacked	固有名詞
yacks	yacks	固有名詞
yad	yad	固有名詞
yadava	yadava	固有名詞
yade	yade	固有名詞
yadim	yadim	固有名詞
yaff	yaff	固有名詞
yaffed	yaffed	固有名詞
yaffil	yaffil	固有名詞
yaffle	yaffle	固有名詞
yaffs	yaffs	固有名詞
yager	yager	固有名詞
yagers	yagers	固有名詞
yagger	yagger	固有名詞
yagi	yagi	固有名詞
yagis	yagis	固有名詞
yagnob	yagnob	固有名詞
yagua	yagua	固有名詞
yaguas	yaguas	固有名詞
yah	yah	固有名詞
yahan	yahan	固有名詞
yahgan	yahgan	固有名詞
yahoo	yahoo	固有名詞
yahoos	yahoos	固有名詞
yahuna	yahuna	固有名詞
yahveh	yahveh	固有名詞
yahweh	yahweh	固有名詞
yair	yair	固有名詞
yaird	yaird	固有名詞
yairds	yairds	固有名詞
yaje	yaje	固有名詞
yajein	yajein	固有名詞
yajna	yajna	固有名詞
yak	yak	固有名詞
yaka	yaka	固有名詞
yakala	yakala	固有名詞
yakalo	yakalo	固有名詞
yakan	yakan	固有名詞
yakima	yakima	固有名詞
yakin	yakin	固有名詞
yakka	yakka	固有名詞
yakked	yakked	固有名詞
yakker	yakker	固有名詞
yakmak	yakmak	固有名詞
yakman	yakman	固有名詞
yakona	yakona	固有名詞
yaks	yaks	固有名詞
yaksha	yaksha	固有名詞
yakshi	yakshi	固有名詞
yakut	yakut	固有名詞
yalb	yalb	固有名詞
yald	yald	固有名詞
yale	yale	固有名詞
yali	yali	固有名詞
yalla	yalla	固有名詞
yallow	yallow	固有名詞
yam	yam	固有名詞
yamato	yamato	固有名詞
yamel	yamel	固有名詞
yamen	yamen	固有名詞
yamens	yamens	固有名詞
yameo	yameo	固有名詞
yaml	YAML	固有名詞
yammer	yammer	固有名詞
yamp	yamp	固有名詞
yampa	yampa	固有名詞
yampee	yampee	固有名詞
yamph	yamph	固有名詞
yams	yams	固有名詞
yamun	yamun	固有名詞
yamuns	yamuns	固有名詞
yan	yan	固有名詞
yana	yana	固有名詞
yanan	yanan	固有名詞
yander	yander	固有名詞
yang	yang	固有名詞
yangs	yangs	固有名詞
yank	yank	固有名詞
yanked	yanked	固有名詞
yankee	yankee	固有名詞
yanker	yanker	固有名詞
yanks	yanks	固有名詞
yanky	yanky	固有名詞
yannam	yannam	固有名詞
yanqui	yanqui	固有名詞
yantra	yantra	固有名詞
yao	yao	固有名詞
yaoort	yaoort	固有名詞
yaourt	yaourt	固有名詞
yap	yap	固有名詞
yapa	yapa	固有名詞
yaply	yaply	固有名詞
yapman	yapman	固有名詞
yapock	yapock	固有名詞
yapok	yapok	固有名詞
yapoks	yapoks	固有名詞
yapon	yapon	固有名詞
yapons	yapons	固有名詞
yapp	yapp	固有名詞
yapped	yapped	固有名詞
yapper	yapper	固有名詞
yappy	yappy	固有名詞
yaps	yaps	固有名詞
yaqona	yaqona	固有名詞
yaqui	yaqui	固有名詞
yar	yar	固有名詞
yarak	yarak	固有名詞
yaray	yaray	固有名詞
yarb	yarb	固有名詞
yard	yard	固有名詞
yarded	yarded	固有名詞
yarder	yarder	固有名詞
yards	yards	固有名詞
yare	yare	固有名詞
yarely	yarely	固有名詞
yarer	yarer	固有名詞
yarest	yarest	固有名詞
yareta	yareta	固有名詞
yark	yark	固有名詞
yarke	yarke	固有名詞
yarkee	yarkee	固有名詞
yarl	yarl	固有名詞
yarly	yarly	固有名詞
yarm	yarm	固有名詞
yarn	yarn	固有名詞
yarned	yarned	固有名詞
yarnen	yarnen	固有名詞
yarner	yarner	固有名詞
yarns	yarns	固有名詞
yarpha	yarpha	固有名詞
yarr	yarr	固有名詞
yarran	yarran	固有名詞
yarrow	yarrow	固有名詞
yarry	yarry	固有名詞
yarth	yarth	固有名詞
yaru	yaru	固有名詞
yarura	yarura	固有名詞
yaruro	yaruro	固有名詞
yas	yas	固有名詞
yasht	yasht	固有名詞
yasmak	yasmak	固有名詞
yasna	yasna	固有名詞
yat	yat	固有名詞
yate	yate	固有名詞
yati	yati	固有名詞
yatter	yatter	固有名詞
yaud	yaud	固有名詞
yauds	yauds	固有名詞
yauld	yauld	固有名詞
yaup	yaup	固有名詞
yauped	yauped	固有名詞
yauper	yauper	固有名詞
yaupon	yaupon	固有名詞
yaups	yaups	固有名詞
yautia	yautia	固有名詞
yava	yava	固有名詞
yaw	yaw	固有名詞
yawed	yawed	固有名詞
yawey	yawey	固有名詞
yawing	yawing	固有名詞
yawl	yawl	固有名詞
yawled	yawled	固有名詞
yawler	yawler	固有名詞
yawls	yawls	固有名詞
yawn	yawn	固有名詞
yawned	yawned	固有名詞
yawner	yawner	固有名詞
yawney	yawney	固有名詞
yawns	yawns	固有名詞
yawny	yawny	固有名詞
yawp	yawp	固有名詞
yawped	yawped	固有名詞
yawper	yawper	固有名詞
yawps	yawps	固有名詞
yaws	yaws	固有名詞
yawy	yawy	固有名詞
yaxche	yaxche	固有名詞
yay	yay	固有名詞
yaya	yaya	固有名詞
yazata	yazata	固有名詞
yazoo	yazoo	固有名詞
yblent	yblent	固有名詞
ycie	ycie	固有名詞
yclad	yclad	固有名詞
yclept	yclept	固有名詞
yday	yday	固有名詞
yds	yds	固有名詞
yea	yea	固有名詞
yeah	yeah	固有名詞
yean	yean	固有名詞
yeaned	yeaned	固有名詞
yeans	yeans	固有名詞
year	year	固有名詞
yeara	yeara	固有名詞
yeard	yeard	固有名詞
yeared	yeared	固有名詞
yearly	yearly	固有名詞
yearn	yearn	固有名詞
yearns	yearns	固有名詞
years	years	固有名詞
yearth	yearth	固有名詞
yeas	yeas	固有名詞
yeast	yeast	固有名詞
yeasts	yeasts	固有名詞
yeasty	yeasty	固有名詞
yeat	yeat	固有名詞
yecch	yecch	固有名詞
yecchs	yecchs	固有名詞
yecchy	yecchy	固有名詞
yech	yech	固有名詞
yechs	yechs	固有名詞
yechy	yechy	固有名詞
yed	yed	固有名詞
yede	yede	固有名詞
yee	yee	固有名詞
yeech	yeech	固有名詞
yeel	yeel	固有名詞
yeelin	yeelin	固有名詞
yees	yees	固有名詞
yeeuch	yeeuch	固有名詞
yeeuck	yeeuck	固有名詞
yegg	yegg	固有名詞
yeggs	yeggs	固有名詞
yeh	yeh	固有名詞
yeld	yeld	固有名詞
yelek	yelek	固有名詞
yelk	yelk	固有名詞
yelks	yelks	固有名詞
yell	yell	固有名詞
yelled	yelled	固有名詞
yeller	yeller	固有名詞
yellow	yellow	固有名詞
yells	yells	固有名詞
yelm	yelm	固有名詞
yelmer	yelmer	固有名詞
yelp	yelp	固有名詞
yelped	yelped	固有名詞
yelper	yelper	固有名詞
yelps	yelps	固有名詞
yelt	yelt	固有名詞
yelver	yelver	固有名詞
yemen	yemen	固有名詞
yemeni	yemeni	固有名詞
yeming	yeming	固有名詞
yemsel	yemsel	固有名詞
yen	yen	固有名詞
yender	yender	固有名詞
yengee	yengee	固有名詞
yeni	yeni	固有名詞
yenite	yenite	固有名詞
yenned	yenned	固有名詞
yens	yens	固有名詞
yenta	yenta	固有名詞
yentas	yentas	固有名詞
yente	yente	固有名詞
yentes	yentes	固有名詞
yeo	yeo	固有名詞
yeom	yeom	固有名詞
yeoman	yeoman	固有名詞
yeomen	yeomen	固有名詞
yep	yep	固有名詞
yepely	yepely	固有名詞
yeply	yeply	固有名詞
yer	yer	固有名詞
yerava	yerava	固有名詞
yerb	yerb	固有名詞
yerba	yerba	固有名詞
yerbal	yerbal	固有名詞
yerbas	yerbas	固有名詞
yercum	yercum	固有名詞
yerd	yerd	固有名詞
yere	yere	固有名詞
yerga	yerga	固有名詞
yerk	yerk	固有名詞
yerked	yerked	固有名詞
yerks	yerks	固有名詞
yern	yern	固有名詞
yerth	yerth	固有名詞
yerva	yerva	固有名詞
yes	yes	固有名詞
yese	yese	固有名詞
yeses	yeses	固有名詞
yeso	yeso	固有名詞
yessed	yessed	固有名詞
yesses	yesses	固有名詞
yesso	yesso	固有名詞
yest	yest	固有名詞
yester	yester	固有名詞
yesty	yesty	固有名詞
yet	yet	固有名詞
yeta	yeta	固有名詞
yetapa	yetapa	固有名詞
yeth	yeth	固有名詞
yether	yether	固有名詞
yeti	yeti	固有名詞
yetis	yetis	固有名詞
yetlin	yetlin	固有名詞
yett	yett	固有名詞
yetter	yetter	固有名詞
yetts	yetts	固有名詞
yetzer	yetzer	固有名詞
yeuk	yeuk	固有名詞
yeuked	yeuked	固有名詞
yeuks	yeuks	固有名詞
yeuky	yeuky	固有名詞
yeven	yeven	固有名詞
yew	yew	固有名詞
yews	yews	固有名詞
yex	yex	固有名詞
yez	yez	固有名詞
yezdi	yezdi	固有名詞
yezidi	yezidi	固有名詞
yezzy	yezzy	固有名詞
yfacks	yfacks	固有名詞
yfere	yfere	固有名詞
yferre	yferre	固有名詞
ygapo	ygapo	固有名詞
ygerne	ygerne	固有名詞
yhwh	yhwh	固有名詞
yid	yid	固有名詞
yids	yids	固有名詞
yield	yield	固有名詞
yields	yields	固有名詞
yieldy	yieldy	固有名詞
yigh	yigh	固有名詞
yike	yike	固有名詞
yikes	yikes	固有名詞
yildun	yildun	固有名詞
yill	yill	固有名詞
yills	yills	固有名詞
yilt	yilt	固有名詞
yin	yin	固有名詞
yince	yince	固有名詞
yins	yins	固有名詞
yinst	yinst	固有名詞
yip	yip	固有名詞
yipe	yipe	固有名詞
yipes	yipes	固有名詞
yipped	yipped	固有名詞
yippee	yippee	固有名詞
yippie	yippie	固有名詞
yips	yips	固有名詞
yird	yird	固有名詞
yirds	yirds	固有名詞
yirk	yirk	固有名詞
yirm	yirm	固有名詞
yirn	yirn	固有名詞
yirr	yirr	固有名詞
yirred	yirred	固有名詞
yirrs	yirrs	固有名詞
yirth	yirth	固有名詞
yirths	yirths	固有名詞
yis	yis	固有名詞
yite	yite	固有名詞
yizkor	yizkor	固有名詞
ylem	ylem	固有名詞
ylems	ylems	固有名詞
ymca	ymca	固有名詞
ynambu	ynambu	固有名詞
yob	yob	固有名詞
yobbo	yobbo	固有名詞
yobbos	yobbos	固有名詞
yobi	yobi	固有名詞
yobs	yobs	固有名詞
yocco	yocco	固有名詞
yochel	yochel	固有名詞
yock	yock	固有名詞
yocked	yocked	固有名詞
yockel	yockel	固有名詞
yocks	yocks	固有名詞
yod	yod	固有名詞
yode	yode	固有名詞
yodel	yodel	固有名詞
yodels	yodels	固有名詞
yodh	yodh	固有名詞
yodhs	yodhs	固有名詞
yodle	yodle	固有名詞
yodled	yodled	固有名詞
yodler	yodler	固有名詞
yodles	yodles	固有名詞
yods	yods	固有名詞
yoe	yoe	固有名詞
yoga	yoga	固有名詞
yogas	yogas	固有名詞
yogee	yogee	固有名詞
yogees	yogees	固有名詞
yogh	yogh	固有名詞
yoghs	yoghs	固有名詞
yogi	yogi	固有名詞
yogic	yogic	固有名詞
yogin	yogin	固有名詞
yogini	yogini	固有名詞
yogins	yogins	固有名詞
yogis	yogis	固有名詞
yogism	yogism	固有名詞
yogist	yogist	固有名詞
yogurt	yogurt	固有名詞
yoho	yoho	固有名詞
yoi	yoi	固有名詞
yoick	yoick	固有名詞
yoicks	yoicks	固有名詞
yojan	yojan	固有名詞
yojana	yojana	固有名詞
yok	yok	固有名詞
yokage	yokage	固有名詞
yoke	yoke	固有名詞
yoked	yoked	固有名詞
yokel	yokel	固有名詞
yokels	yokels	固有名詞
yoker	yoker	固有名詞
yokes	yokes	固有名詞
yoking	yoking	固有名詞
yoks	yoks	固有名詞
yokuts	yokuts	固有名詞
yoky	yoky	固有名詞
yolden	yolden	固有名詞
yoldia	yoldia	固有名詞
yolk	yolk	固有名詞
yolked	yolked	固有名詞
yolks	yolks	固有名詞
yolky	yolky	固有名詞
yom	yom	固有名詞
yomer	yomer	固有名詞
yomim	yomim	固有名詞
yomin	yomin	固有名詞
yomud	yomud	固有名詞
yon	yon	固有名詞
yond	yond	固有名詞
yonder	yonder	固有名詞
yoni	yoni	固有名詞
yonic	yonic	固有名詞
yonis	yonis	固有名詞
yonker	yonker	固有名詞
yonner	yonner	固有名詞
yonnie	yonnie	固有名詞
yont	yont	固有名詞
yook	yook	固有名詞
yoop	yoop	固有名詞
yor	yor	固有名詞
yore	yore	固有名詞
yores	yores	固有名詞
york	york	固有名詞
yorker	yorker	固有名詞
yorlin	yorlin	固有名詞
yoruba	yoruba	固有名詞
yot	yot	固有名詞
yote	yote	固有名詞
you	you	固有名詞
youd	youd	固有名詞
youden	youden	固有名詞
youff	youff	固有名詞
youl	youl	固有名詞
young	young	固有名詞
youngs	youngs	固有名詞
youp	youp	固有名詞
youpon	youpon	固有名詞
your	your	固有名詞
youre	youre	固有名詞
yourn	yourn	固有名詞
yours	yours	固有名詞
yourt	yourt	固有名詞
yous	yous	固有名詞
youse	youse	固有名詞
youth	youth	固有名詞
youths	youths	固有名詞
youthy	youthy	固有名詞
youve	youve	固有名詞
youze	youze	固有名詞
yoven	yoven	固有名詞
yow	yow	固有名詞
yowden	yowden	固有名詞
yowe	yowe	固有名詞
yowed	yowed	固有名詞
yowes	yowes	固有名詞
yowie	yowie	固有名詞
yowies	yowies	固有名詞
yowing	yowing	固有名詞
yowl	yowl	固有名詞
yowled	yowled	固有名詞
yowler	yowler	固有名詞
yowley	yowley	固有名詞
yowls	yowls	固有名詞
yows	yows	固有名詞
yowt	yowt	固有名詞
yox	yox	固有名詞
yoy	yoy	固有名詞
yoyo	yoyo	固有名詞
yquem	yquem	固有名詞
yrbk	yrbk	固有名詞
yrs	yrs	固有名詞
ytter	ytter	固有名詞
yttria	yttria	固有名詞
yttric	yttric	固有名詞
yuan	yuan	固有名詞
yuans	yuans	固有名詞
yuapin	yuapin	固有名詞
yuca	yuca	固有名詞
yucca	yucca	固有名詞
yuccas	yuccas	固有名詞
yucch	yucch	固有名詞
yuch	yuch	固有名詞
yuchi	yuchi	固有名詞
yuck	yuck	固有名詞
yucked	yucked	固有名詞
yuckel	yuckel	固有名詞
yucker	yucker	固有名詞
yuckle	yuckle	固有名詞
yucks	yucks	固有名詞
yucky	yucky	固有名詞
yuechi	yuechi	固有名詞
yuft	yuft	固有名詞
yug	yug	固有名詞
yuga	yuga	固有名詞
yugada	yugada	固有名詞
yugas	yugas	固有名詞
yuh	yuh	固有名詞
yuit	yuit	固有名詞
yuk	yuk	固有名詞
yukata	yukata	固有名詞
yuke	yuke	固有名詞
yuki	yuki	固有名詞
yukian	yukian	固有名詞
yukked	yukked	固有名詞
yukkel	yukkel	固有名詞
yukon	yukon	固有名詞
yuks	yuks	固有名詞
yulan	yulan	固有名詞
yulans	yulans	固有名詞
yule	yule	固有名詞
yules	yules	固有名詞
yum	yum	固有名詞
yuma	yuma	固有名詞
yuman	yuman	固有名詞
yummy	yummy	固有名詞
yun	yun	固有名詞
yunca	yunca	固有名詞
yuncan	yuncan	固有名詞
yungan	yungan	固有名詞
yunker	yunker	固有名詞
yup	yup	固有名詞
yupon	yupon	固有名詞
yupons	yupons	固有名詞
yuppie	yuppie	固有名詞
yurak	yurak	固有名詞
yurok	yurok	固有名詞
yurt	yurt	固有名詞
yurta	yurta	固有名詞
yurts	yurts	固有名詞
yuruk	yuruk	固有名詞
yuruna	yuruna	固有名詞
yus	yus	固有名詞
yutu	yutu	固有名詞
yuzlik	yuzlik	固有名詞
yuzluk	yuzluk	固有名詞
yvonne	yvonne	固有名詞
ywca	ywca	固有名詞
ywis	ywis	固有名詞
zabeta	zabeta	固有名詞
zabian	zabian	固有名詞
zabism	zabism	固有名詞
zabra	zabra	固有名詞
zabti	zabti	固有名詞
zabtie	zabtie	固有名詞
zac	zac	固有名詞
zacate	zacate	固有名詞
zach	zach	固有名詞
zachun	zachun	固有名詞
zack	zack	固有名詞
zad	zad	固有名詞
zaddik	zaddik	固有名詞
zaffar	zaffar	固有名詞
zaffer	zaffer	固有名詞
zaffir	zaffir	固有名詞
zaffre	zaffre	固有名詞
zafree	zafree	固有名詞
zaftig	zaftig	固有名詞
zag	zag	固有名詞
zagaie	zagaie	固有名詞
zagged	zagged	固有名詞
zags	zags	固有名詞
zaguan	zaguan	固有名詞
zain	zain	固有名詞
zaire	zaire	固有名詞
zaires	zaires	固有名詞
zaitha	zaitha	固有名詞
zak	zak	固有名詞
zakah	zakah	固有名詞
zakat	zakat	固有名詞
zakkeu	zakkeu	固有名詞
zaman	zaman	固有名詞
zamang	zamang	固有名詞
zambac	zambac	固有名詞
zambal	zambal	固有名詞
zambia	zambia	固有名詞
zambo	zambo	固有名詞
zambra	zambra	固有名詞
zamia	zamia	固有名詞
zamias	zamias	固有名詞
zan	zan	固有名詞
zanana	zanana	固有名詞
zande	zande	固有名詞
zander	zander	固有名詞
zaniah	zaniah	固有名詞
zanier	zanier	固有名詞
zanies	zanies	固有名詞
zanily	zanily	固有名詞
zanjon	zanjon	固有名詞
zant	zant	固有名詞
zante	zante	固有名詞
zany	zany	固有名詞
zanza	zanza	固有名詞
zanzas	zanzas	固有名詞
zanze	zanze	固有名詞
zap	zap	固有名詞
zapara	zapara	固有名詞
zaparo	zaparo	固有名詞
zapas	zapas	固有名詞
zapota	zapota	固有名詞
zapote	zapote	固有名詞
zapped	zapped	固有名詞
zaps	zaps	固有名詞
zapupe	zapupe	固有名詞
zapus	zapus	固有名詞
zaqqum	zaqqum	固有名詞
zaque	zaque	固有名詞
zar	zar	固有名詞
zaramo	zaramo	固有名詞
zareba	zareba	固有名詞
zarema	zarema	固有名詞
zarf	zarf	固有名詞
zarfs	zarfs	固有名詞
zariba	zariba	固有名詞
zarnec	zarnec	固有名詞
zarp	zarp	固有名詞
zat	zat	固有名詞
zati	zati	固有名詞
zaurak	zaurak	固有名詞
zax	zax	固有名詞
zaxes	zaxes	固有名詞
zayat	zayat	固有名詞
zayin	zayin	固有名詞
zayins	zayins	固有名詞
zazen	zazen	固有名詞
zazens	zazens	固有名詞
zea	zea	固有名詞
zeal	zeal	固有名詞
zealed	zealed	固有名詞
zealot	zealot	固有名詞
zeals	zeals	固有名詞
zeatin	zeatin	固有名詞
zebec	zebec	固有名詞
zebeck	zebeck	固有名詞
zebecs	zebecs	固有名詞
zebra	zebra	固有名詞
zebras	zebras	固有名詞
zebu	zebu	固有名詞
zebub	zebub	固有名詞
zebus	zebus	固有名詞
zechin	zechin	固有名詞
zed	zed	固有名詞
zeds	zeds	固有名詞
zee	zee	固有名詞
zeed	zeed	固有名詞
zeekoe	zeekoe	固有名詞
zees	zees	固有名詞
zeguha	zeguha	固有名詞
zehner	zehner	固有名詞
zeidae	zeidae	固有名詞
zein	zein	固有名詞
zeins	zeins	固有名詞
zeism	zeism	固有名詞
zeiss	zeiss	固有名詞
zeist	zeist	固有名詞
zek	zek	固有名詞
zeke	zeke	固有名詞
zeks	zeks	固有名詞
zel	zel	固有名詞
zelant	zelant	固有名詞
zeme	zeme	固有名詞
zemi	zemi	固有名詞
zemmi	zemmi	固有名詞
zemni	zemni	固有名詞
zen	zen	固有名詞
zenaga	zenaga	固有名詞
zenana	zenana	固有名詞
zend	zend	固有名詞
zendic	zendic	固有名詞
zendik	zendik	固有名詞
zendo	zendo	固有名詞
zendos	zendos	固有名詞
zenick	zenick	固有名詞
zenith	zenith	固有名詞
zenu	zenu	固有名詞
zep	zep	固有名詞
zephyr	zephyr	固有名詞
zequin	zequin	固有名詞
zer	zer	固有名詞
zerda	zerda	固有名詞
zereba	zereba	固有名詞
zerma	zerma	固有名詞
zero	zero	固有名詞
zeroed	zeroed	固有名詞
zeroes	zeroes	固有名詞
zeros	zeros	固有名詞
zeroth	zeroth	固有名詞
zest	zest	固有名詞
zested	zested	固有名詞
zests	zests	固有名詞
zesty	zesty	固有名詞
zeta	zeta	固有名詞
zetas	zetas	固有名詞
zeugma	zeugma	固有名詞
zeus	zeus	固有名詞
zhmud	zhmud	固有名詞
zho	zho	固有名詞
ziamet	ziamet	固有名詞
ziara	ziara	固有名詞
ziarat	ziarat	固有名詞
zibet	zibet	固有名詞
zibeth	zibeth	固有名詞
zibets	zibets	固有名詞
ziczac	ziczac	固有名詞
ziega	ziega	固有名詞
zieger	zieger	固有名詞
ziff	ziff	固有名詞
ziffs	ziffs	固有名詞
zig	Zig	固有名詞
zigan	zigan	固有名詞
zigged	zigged	固有名詞
zigger	zigger	固有名詞
zigs	zigs	固有名詞
zigzag	zigzag	固有名詞
zihar	zihar	固有名詞
zila	zila	固有名詞
zilch	zilch	固有名詞
zill	zill	固有名詞
zilla	zilla	固有名詞
zillah	zillah	固有名詞
zills	zills	固有名詞
zilpah	zilpah	固有名詞
zimb	zimb	固有名詞
zimbi	zimbi	固有名詞
zimme	zimme	固有名詞
zimmi	zimmi	固有名詞
zimmis	zimmis	固有名詞
zimmy	zimmy	固有名詞
zinc	zinc	固有名詞
zinced	zinced	固有名詞
zincic	zincic	固有名詞
zincid	zincid	固有名詞
zincke	zincke	固有名詞
zincky	zincky	固有名詞
zinco	zinco	固有名詞
zincs	zincs	固有名詞
zincum	zincum	固有名詞
zincy	zincy	固有名詞
zindiq	zindiq	固有名詞
zineb	zineb	固有名詞
zinebs	zinebs	固有名詞
zing	zing	固有名詞
zinged	zinged	固有名詞
zingel	zingel	固有名詞
zinger	zinger	固有名詞
zings	zings	固有名詞
zingy	zingy	固有名詞
zink	zink	固有名詞
zinke	zinke	固有名詞
zinked	zinked	固有名詞
zinky	zinky	固有名詞
zinnia	zinnia	固有名詞
zinzar	zinzar	固有名詞
zion	zion	固有名詞
zip	zip	固有名詞
zipa	zipa	固有名詞
zipped	zipped	固有名詞
zipper	zipper	固有名詞
zippy	zippy	固有名詞
zips	zips	固有名詞
zira	zira	固有名詞
zirai	zirai	固有名詞
zirak	zirak	固有名詞
ziram	ziram	固有名詞
zirams	zirams	固有名詞
zircon	zircon	固有名詞
zirian	zirian	固有名詞
zit	zit	固有名詞
zither	zither	固有名詞
ziti	ziti	固有名詞
zitis	zitis	固有名詞
zits	zits	固有名詞
zitter	zitter	固有名詞
zitzit	zitzit	固有名詞
zizany	zizany	固有名詞
zizel	zizel	固有名詞
zizia	zizia	固有名詞
zizit	zizit	固有名詞
zizith	zizith	固有名詞
zizz	zizz	固有名詞
zizzle	zizzle	固有名詞
zlote	zlote	固有名詞
zloty	zloty	固有名詞
zlotys	zlotys	固有名詞
zmudz	zmudz	固有名詞
zoa	zoa	固有名詞
zoacum	zoacum	固有名詞
zoaea	zoaea	固有名詞
zoaria	zoaria	固有名詞
zobo	zobo	固有名詞
zocalo	zocalo	固有名詞
zocco	zocco	固有名詞
zod	zod	固有名詞
zodiac	zodiac	固有名詞
zoea	zoea	固有名詞
zoeae	zoeae	固有名詞
zoeal	zoeal	固有名詞
zoeas	zoeas	固有名詞
zoetic	zoetic	固有名詞
zoftig	zoftig	固有名詞
zogan	zogan	固有名詞
zogo	zogo	固有名詞
zohak	zohak	固有名詞
zoic	zoic	固有名詞
zoid	zoid	固有名詞
zoilus	zoilus	固有名詞
zoism	zoism	固有名詞
zoist	zoist	固有名詞
zokor	zokor	固有名詞
zoll	zoll	固有名詞
zolle	zolle	固有名詞
zombi	zombi	固有名詞
zombie	zombie	固有名詞
zombis	zombis	固有名詞
zona	zona	固有名詞
zonal	zonal	固有名詞
zonar	zonar	固有名詞
zonary	zonary	固有名詞
zonate	zonate	固有名詞
zonda	zonda	固有名詞
zone	zone	固有名詞
zoned	zoned	固有名詞
zoner	zoner	固有名詞
zoners	zoners	固有名詞
zones	zones	固有名詞
zonic	zonic	固有名詞
zoning	zoning	固有名詞
zonite	zonite	固有名詞
zonked	zonked	固有名詞
zonnar	zonnar	固有名詞
zonoid	zonoid	固有名詞
zonta	zonta	固有名詞
zonula	zonula	固有名詞
zonule	zonule	固有名詞
zonure	zonure	固有名詞
zoo	zoo	固有名詞
zooid	zooid	固有名詞
zooids	zooids	固有名詞
zooks	zooks	固有名詞
zool	zool	固有名詞
zoom	zoom	固有名詞
zoomed	zoomed	固有名詞
zooms	zooms	固有名詞
zoon	zoon	固有名詞
zoona	zoona	固有名詞
zoonal	zoonal	固有名詞
zoonic	zoonic	固有名詞
zoons	zoons	固有名詞
zoos	zoos	固有名詞
zoosis	zoosis	固有名詞
zooter	zooter	固有名詞
zootic	zootic	固有名詞
zooty	zooty	固有名詞
zoozoo	zoozoo	固有名詞
zoque	zoque	固有名詞
zori	zori	固有名詞
zoril	zoril	固有名詞
zorils	zorils	固有名詞
zoris	zoris	固有名詞
zorro	zorro	固有名詞
zosma	zosma	固有名詞
zoster	zoster	固有名詞
zouave	zouave	固有名詞
zounds	zounds	固有名詞
zowie	zowie	固有名詞
zoysia	zoysia	固有名詞
zubr	zubr	固有名詞
zucco	zucco	固有名詞
zudda	zudda	固有名詞
zufolo	zufolo	固有名詞
zuisin	zuisin	固有名詞
zulu	zulu	固有名詞
zulus	zulus	固有名詞
zuni	zuni	固有名詞
zunian	zunian	固有名詞
zunis	zunis	固有名詞
zurich	zurich	固有名詞
zuza	zuza	固有名詞
zydeco	zydeco	固有名詞
zyga	zyga	固有名詞
zygal	zygal	固有名詞
zygion	zygion	固有名詞
zygite	zygite	固有名詞
zygoid	zygoid	固有名詞
zygoma	zygoma	固有名詞
zygon	zygon	固有名詞
zygose	zygose	固有名詞
zygote	zygote	固有名詞
zygous	zygous	固有名詞
zymase	zymase	固有名詞
zyme	zyme	固有名詞
zymes	zymes	固有名詞
zymic	zymic	固有名詞
zymin	zymin	固有名詞
zymite	zymite	固有名詞
zymoid	zymoid	固有名詞
zymome	zymome	固有名詞
zyrian	zyrian	固有名詞
zyryan	zyryan	固有名詞
zythem	zythem	固有名詞
zythia	zythia	固有名詞
zythum	zythum	固有名詞
